{"min_auc": 0.6951601505279541, "macro_avg_auc": 0.7279833257198334, "micro_avg_auc": 0.7297173738479614, "minority_auc": 0.7488657832145691, "accuracy": 0.6734693646430969}