{"min_auc": 0.8187415599822998, "macro_avg_auc": 0.8306562900543213, "micro_avg_auc": 0.839152991771698, "minority_auc": 0.8336895108222961, "accuracy": 0.8669344782829285}