{"min_auc": 0.8079551458358765, "macro_avg_auc": 0.8235692232847214, "micro_avg_auc": 0.8281387090682983, "minority_auc": 0.8386752605438232, "accuracy": 0.8622897267341614}