{"min_auc": 0.6950331926345825, "macro_avg_auc": 0.7315241247415543, "micro_avg_auc": 0.7325575947761536, "minority_auc": 0.7432445883750916, "accuracy": 0.6762523055076599}