{"min_auc": 0.7978340983390808, "macro_avg_auc": 0.815632089972496, "micro_avg_auc": 0.817774772644043, "minority_auc": 0.8231837749481201, "accuracy": 0.8526236414909363}