{"min_auc": 0.8836185932159424, "macro_avg_auc": 0.9183688014745712, "micro_avg_auc": 0.9079307317733765, "minority_auc": 0.9443439841270447, "accuracy": 0.8492721319198608}