{"min_auc": 0.6954640746116638, "macro_avg_auc": 0.7219254970550537, "micro_avg_auc": 0.7258292436599731, "minority_auc": 0.7431952357292175, "accuracy": 0.6725417375564575}