{"min_auc": 0.8829437494277954, "macro_avg_auc": 0.9181061089038849, "micro_avg_auc": 0.9085226655006409, "minority_auc": 0.9425020813941956, "accuracy": 0.848965048789978}