{"min_auc": 0.8819133043289185, "macro_avg_auc": 0.9144533723592758, "micro_avg_auc": 0.9075168371200562, "minority_auc": 0.9304132461547852, "accuracy": 0.8541858792304993}