{"min_auc": 0.880899965763092, "macro_avg_auc": 0.9166213274002075, "micro_avg_auc": 0.9065651893615723, "minority_auc": 0.9434064030647278, "accuracy": 0.8449726700782776}