{"min_auc": 0.686828076839447, "macro_avg_auc": 0.7195119112730026, "micro_avg_auc": 0.7206677794456482, "minority_auc": 0.7487672567367554, "accuracy": 0.6187384128570557}