{"min_auc": 0.9221087098121643, "macro_avg_auc": 0.9403962194919586, "micro_avg_auc": 0.9472100734710693, "minority_auc": 0.9221087098121643, "accuracy": 0.8758807182312012}