{"min_auc": 0.6943687200546265, "macro_avg_auc": 0.7309757471084595, "micro_avg_auc": 0.7309229373931885, "minority_auc": 0.7533034086227417, "accuracy": 0.671150267124176}