{"min_auc": 0.6999651789665222, "macro_avg_auc": 0.7320743054151535, "micro_avg_auc": 0.7337419390678406, "minority_auc": 0.7557691931724548, "accuracy": 0.6558441519737244}