{"min_auc": 0.6939126253128052, "macro_avg_auc": 0.7332080453634262, "micro_avg_auc": 0.7334820032119751, "minority_auc": 0.7526134252548218, "accuracy": 0.6725417375564575}