{"min_auc": 0.6887210607528687, "macro_avg_auc": 0.7216222435235977, "micro_avg_auc": 0.7237865328788757, "minority_auc": 0.7422583699226379, "accuracy": 0.6679035425186157}