{"min_auc": 0.9057168960571289, "macro_avg_auc": 0.9288811981678009, "micro_avg_auc": 0.9378017783164978, "minority_auc": 0.9057168960571289, "accuracy": 0.8618025779724121}