{"min_auc": 0.8591721057891846, "macro_avg_auc": 0.9150445461273193, "micro_avg_auc": 0.9637348055839539, "minority_auc": 0.8591721057891846, "accuracy": 0.8996173143386841}