{"min_auc": 0.818261444568634, "macro_avg_auc": 0.831452488899231, "micro_avg_auc": 0.8393418788909912, "minority_auc": 0.8383190631866455, "accuracy": 0.8664323091506958}