{"min_auc": 0.7204921245574951, "macro_avg_auc": 0.7459199279546738, "micro_avg_auc": 0.7440268397331238, "minority_auc": 0.7534721493721008, "accuracy": 0.8302786946296692}