{"min_auc": 0.8463878035545349, "macro_avg_auc": 0.9033524692058563, "micro_avg_auc": 0.9523161053657532, "minority_auc": 0.9603171348571777, "accuracy": 0.8811696767807007}