{"min_auc": 0.8854789137840271, "macro_avg_auc": 0.9216009080410004, "micro_avg_auc": 0.910879373550415, "minority_auc": 0.9504387378692627, "accuracy": 0.8543087244033813}