{"min_auc": 0.8818045854568481, "macro_avg_auc": 0.9193773716688156, "micro_avg_auc": 0.9071943163871765, "minority_auc": 0.9470564126968384, "accuracy": 0.8414716720581055}