{"min_auc": 0.8213816285133362, "macro_avg_auc": 0.8305179178714752, "micro_avg_auc": 0.842822253704071, "minority_auc": 0.8279914259910583, "accuracy": 0.868189811706543}