{"min_auc": 0.8936589956283569, "macro_avg_auc": 0.920805037021637, "micro_avg_auc": 0.9312993884086609, "minority_auc": 0.8936589956283569, "accuracy": 0.8545779585838318}