{"min_auc": 0.8098466396331787, "macro_avg_auc": 0.8304633349180222, "micro_avg_auc": 0.830035924911499, "minority_auc": 0.8482905626296997, "accuracy": 0.8611599206924438}