{"min_auc": 0.804277241230011, "macro_avg_auc": 0.8160559087991714, "micro_avg_auc": 0.8246296644210815, "minority_auc": 0.8139244318008423, "accuracy": 0.8459703922271729}