{"min_auc": 0.9261176586151123, "macro_avg_auc": 0.9443182945251465, "micro_avg_auc": 0.9513950347900391, "minority_auc": 0.9261176586151123, "accuracy": 0.8783004879951477}