{"min_auc": 0.8423442244529724, "macro_avg_auc": 0.9031125903129578, "micro_avg_auc": 0.9556697010993958, "minority_auc": 0.8423442244529724, "accuracy": 0.8892159461975098}