{"min_auc": 0.8178413510322571, "macro_avg_auc": 0.8338314145803452, "micro_avg_auc": 0.8387988805770874, "minority_auc": 0.8384971022605896, "accuracy": 0.8203615546226501}