{"min_auc": 0.8154163360595703, "macro_avg_auc": 0.8347122371196747, "micro_avg_auc": 0.8390642404556274, "minority_auc": 0.8477563261985779, "accuracy": 0.8478533625602722}