{"min_auc": 0.8427014946937561, "macro_avg_auc": 0.9022563397884369, "micro_avg_auc": 0.9533804655075073, "minority_auc": 0.8427014946937561, "accuracy": 0.8850947022438049}