{"min_auc": 0.8858179450035095, "macro_avg_auc": 0.9163537174463272, "micro_avg_auc": 0.9105555415153503, "minority_auc": 0.9308820366859436, "accuracy": 0.8578097224235535}