{"min_auc": 0.8858171701431274, "macro_avg_auc": 0.9173470437526703, "micro_avg_auc": 0.9101740121841431, "minority_auc": 0.9355367422103882, "accuracy": 0.8570112586021423}