{"min_auc": 0.6983253955841064, "macro_avg_auc": 0.7293735146522522, "micro_avg_auc": 0.7319017648696899, "minority_auc": 0.7471893429756165, "accuracy": 0.6748608350753784}