{"min_auc": 0.7057012319564819, "macro_avg_auc": 0.733878955245018, "micro_avg_auc": 0.7386385202407837, "minority_auc": 0.7440332770347595, "accuracy": 0.6781076192855835}