{"min_auc": 0.8834355473518372, "macro_avg_auc": 0.9172160923480988, "micro_avg_auc": 0.908814013004303, "minority_auc": 0.9366754293441772, "accuracy": 0.8519132733345032}