{"min_auc": 0.8159922957420349, "macro_avg_auc": 0.8324711471796036, "micro_avg_auc": 0.8396905064582825, "minority_auc": 0.8396545648574829, "accuracy": 0.8664323091506958}