{"min_auc": 0.5970720052719116, "macro_avg_auc": 0.720969945192337, "micro_avg_auc": 0.8246236443519592, "minority_auc": 0.5970720052719116, "accuracy": 0.745952308177948}