{"min_auc": 0.8854960203170776, "macro_avg_auc": 0.9183730930089951, "micro_avg_auc": 0.9098371863365173, "minority_auc": 0.9393877983093262, "accuracy": 0.8530802726745605}