{"min_auc": 0.7008832097053528, "macro_avg_auc": 0.736928716301918, "micro_avg_auc": 0.7375810742378235, "minority_auc": 0.7431459426879883, "accuracy": 0.6776437759399414}