{"min_auc": {"mean": 0.8113998353481293, "std": 0.006300105373385838}, "macro_avg_auc": {"mean": 0.8276454329490661, "std": 0.00465874237816984}, "micro_avg_auc": {"mean": 0.8327626585960388, "std": 0.004930450423071126}, "minority_auc": {"mean": 0.8364583253860474, "std": 0.003913205060166464}, "accuracy": {"mean": 0.8616118490695953, "std": 0.004654639429356116}}