{"min_auc": 0.8068066835403442, "macro_avg_auc": 0.829547792673111, "micro_avg_auc": 0.8325648307800293, "minority_auc": 0.8411680459976196, "accuracy": 0.8664323091506958}