{"min_auc": 0.8805647492408752, "macro_avg_auc": 0.913803368806839, "micro_avg_auc": 0.9053812026977539, "minority_auc": 0.9378474354743958, "accuracy": 0.855844259262085}