{"min_auc": 0.885249674320221, "macro_avg_auc": 0.920826181769371, "micro_avg_auc": 0.9106428623199463, "minority_auc": 0.9457839727401733, "accuracy": 0.761378288269043}