{"min_auc": 0.8860175013542175, "macro_avg_auc": 0.9219956994056702, "micro_avg_auc": 0.9115827083587646, "minority_auc": 0.9468890428543091, "accuracy": 0.7540077567100525}