{"min_auc": 0.7837194204330444, "macro_avg_auc": 0.8081202954053879, "micro_avg_auc": 0.8120096325874329, "minority_auc": 0.8312855958938599, "accuracy": 0.7666332125663757}