{"min_auc": 0.7173677086830139, "macro_avg_auc": 0.7582697123289108, "micro_avg_auc": 0.746748149394989, "minority_auc": 0.7798255681991577, "accuracy": 0.8347979187965393}