{"min_auc": 0.7836494445800781, "macro_avg_auc": 0.8083342015743256, "micro_avg_auc": 0.8091802597045898, "minority_auc": 0.8242521286010742, "accuracy": 0.8432086110115051}