{"min_auc": 0.8607102632522583, "macro_avg_auc": 0.9153450429439545, "micro_avg_auc": 0.9627522230148315, "minority_auc": 0.8607102632522583, "accuracy": 0.9005985856056213}