{"min_auc": 0.8099992275238037, "macro_avg_auc": 0.826231986284256, "micro_avg_auc": 0.8287047147750854, "minority_auc": 0.8361823558807373, "accuracy": 0.8594024777412415}