{"min_auc": 0.8010835647583008, "macro_avg_auc": 0.8217307031154633, "micro_avg_auc": 0.8226349353790283, "minority_auc": 0.8363603949546814, "accuracy": 0.8625407814979553}