{"min_auc": 0.7173701524734497, "macro_avg_auc": 0.7458640336990356, "micro_avg_auc": 0.7430714964866638, "minority_auc": 0.7620192766189575, "accuracy": 0.8305297493934631}