{"min_auc": 0.8850322961807251, "macro_avg_auc": 0.917933002114296, "micro_avg_auc": 0.910229504108429, "minority_auc": 0.9388519525527954, "accuracy": 0.8459554314613342}