{"min_auc": 0.7411859035491943, "macro_avg_auc": 0.758675754070282, "micro_avg_auc": 0.776198148727417, "minority_auc": 0.7411859035491943, "accuracy": 0.8332914710044861}