{"min_auc": 0.701548159122467, "macro_avg_auc": 0.7317424863576889, "micro_avg_auc": 0.733761727809906, "minority_auc": 0.7473863959312439, "accuracy": 0.6743970513343811}