{"min_auc": 0.8826763033866882, "macro_avg_auc": 0.9196607619524002, "micro_avg_auc": 0.908229410648346, "minority_auc": 0.9460184574127197, "accuracy": 0.8486579656600952}