{"min_auc": 0.7812949419021606, "macro_avg_auc": 0.8018386960029602, "micro_avg_auc": 0.8112351894378662, "minority_auc": 0.825409471988678, "accuracy": 0.7686417102813721}