{"min_auc": 0.7028648257255554, "macro_avg_auc": 0.7373723089694977, "micro_avg_auc": 0.7394290566444397, "minority_auc": 0.7546844482421875, "accuracy": 0.6762523055076599}