{"min_auc": 0.8184369206428528, "macro_avg_auc": 0.834341824054718, "micro_avg_auc": 0.8384221792221069, "minority_auc": 0.8417022228240967, "accuracy": 0.8665578961372375}