{"min_auc": 0.7100702524185181, "macro_avg_auc": 0.7443602681159973, "micro_avg_auc": 0.733963131904602, "minority_auc": 0.7792912721633911, "accuracy": 0.8272658586502075}