{"min_auc": 0.721729040145874, "macro_avg_auc": 0.7455083429813385, "micro_avg_auc": 0.7449697852134705, "minority_auc": 0.7544515132904053, "accuracy": 0.8292744159698486}