{"min_auc": 0.6983698010444641, "macro_avg_auc": 0.7329185456037521, "micro_avg_auc": 0.7332941293716431, "minority_auc": 0.7422584295272827, "accuracy": 0.6725417375564575}