{"min_auc": 0.6935392618179321, "macro_avg_auc": 0.7255849242210388, "micro_avg_auc": 0.7287982702255249, "minority_auc": 0.7465976476669312, "accuracy": 0.673933207988739}