{"min_auc": 0.7957315444946289, "macro_avg_auc": 0.8192988783121109, "micro_avg_auc": 0.8207488059997559, "minority_auc": 0.8418803215026855, "accuracy": 0.7141602039337158}