{"min_auc": 0.8786709308624268, "macro_avg_auc": 0.9146444499492645, "micro_avg_auc": 0.904315173625946, "minority_auc": 0.9390864372253418, "accuracy": 0.8515447378158569}