{"min_auc": 0.8831002712249756, "macro_avg_auc": 0.9187933951616287, "micro_avg_auc": 0.9092810750007629, "minority_auc": 0.937813937664032, "accuracy": 0.8402432203292847}