{"min_auc": 0.9216506481170654, "macro_avg_auc": 0.9406607747077942, "micro_avg_auc": 0.9480753540992737, "minority_auc": 0.9216506481170654, "accuracy": 0.8756795525550842}