{"min_auc": 0.9257624745368958, "macro_avg_auc": 0.9418939352035522, "micro_avg_auc": 0.9478323459625244, "minority_auc": 0.9257624745368958, "accuracy": 0.8765212297439575}