{"min_auc": 0.9282405972480774, "macro_avg_auc": 0.9474427402019501, "micro_avg_auc": 0.9549479484558105, "minority_auc": 0.9282405972480774, "accuracy": 0.8839055895805359}