{"min_auc": 0.7013644576072693, "macro_avg_auc": 0.7328278869390488, "micro_avg_auc": 0.7381570339202881, "minority_auc": 0.7430471777915955, "accuracy": 0.6628015041351318}