{"min_auc": 0.7041501998901367, "macro_avg_auc": 0.7388018816709518, "micro_avg_auc": 0.7402269840240479, "minority_auc": 0.7501477599143982, "accuracy": 0.6665120720863342}