{"min_auc": 0.6999905109405518, "macro_avg_auc": 0.7390497773885727, "micro_avg_auc": 0.7390796542167664, "minority_auc": 0.7590237259864807, "accuracy": 0.6841372847557068}