{"min_auc": 0.785406768321991, "macro_avg_auc": 0.810155376791954, "micro_avg_auc": 0.8110828399658203, "minority_auc": 0.8266559839248657, "accuracy": 0.7521968483924866}