{"min_auc": 0.6927099227905273, "macro_avg_auc": 0.7288911193609238, "micro_avg_auc": 0.7293011546134949, "minority_auc": 0.7525144219398499, "accuracy": 0.6488867998123169}