{"min_auc": 0.721842885017395, "macro_avg_auc": 0.7486896067857742, "micro_avg_auc": 0.7470964789390564, "minority_auc": 0.7687856554985046, "accuracy": 0.8334169983863831}