{"min_auc": {"mean": 0.6967137098312378, "std": 0.003813373393806003}, "macro_avg_auc": {"mean": 0.7289692014455795, "std": 0.004413045386715304}, "micro_avg_auc": {"mean": 0.7316139757633209, "std": 0.003567934345933161}, "minority_auc": {"mean": 0.7487375497817993, "std": 0.003110200910890682}, "accuracy": {"mean": 0.6753246784210205, "std": 0.005181530425323265}}