{"min_auc": {"mean": 0.699827927350998, "std": 0.0028995276483842775}, "macro_avg_auc": {"mean": 0.7346159726381302, "std": 0.00309280325179338}, "micro_avg_auc": {"mean": 0.7361835479736328, "std": 0.002917692421203801}, "minority_auc": {"mean": 0.7526033699512482, "std": 0.004296978311754475}, "accuracy": {"mean": 0.673283851146698, "std": 0.009643041770321048}}