{"min_auc": 0.7217378616333008, "macro_avg_auc": 0.7475361973047256, "micro_avg_auc": 0.7433941960334778, "minority_auc": 0.7647792100906372, "accuracy": 0.8329148888587952}