{"min_auc": 0.8123946785926819, "macro_avg_auc": 0.8314429223537445, "micro_avg_auc": 0.8367503881454468, "minority_auc": 0.844106137752533, "accuracy": 0.8336681127548218}