{"min_auc": 0.8188469409942627, "macro_avg_auc": 0.8325805217027664, "micro_avg_auc": 0.8391676545143127, "minority_auc": 0.8420583605766296, "accuracy": 0.8440873622894287}