{"min_auc": 0.8841962218284607, "macro_avg_auc": 0.9192290306091309, "micro_avg_auc": 0.9091849327087402, "minority_auc": 0.9421338438987732, "accuracy": 0.8404889106750488}