{"min_auc": 0.7836927771568298, "macro_avg_auc": 0.8010607212781906, "micro_avg_auc": 0.8062270283699036, "minority_auc": 0.8134793043136597, "accuracy": 0.8450916409492493}