{"min_auc": 0.9314628839492798, "macro_avg_auc": 0.9479815363883972, "micro_avg_auc": 0.9544192552566528, "minority_auc": 0.9314628839492798, "accuracy": 0.8838340640068054}