{"min_auc": 0.8892256021499634, "macro_avg_auc": 0.915719211101532, "micro_avg_auc": 0.9259719252586365, "minority_auc": 0.8892256021499634, "accuracy": 0.852217435836792}