{"min_auc": 0.7851524949073792, "macro_avg_auc": 0.8071411103010178, "micro_avg_auc": 0.8110417127609253, "minority_auc": 0.84464031457901, "accuracy": 0.7916143536567688}