{"min_auc": 0.885532557964325, "macro_avg_auc": 0.9189802706241608, "micro_avg_auc": 0.910335898399353, "minority_auc": 0.9430714249610901, "accuracy": 0.8476138114929199}