{"min_auc": 0.919100284576416, "macro_avg_auc": 0.9390529096126556, "micro_avg_auc": 0.9466226100921631, "minority_auc": 0.919100284576416, "accuracy": 0.871816873550415}