{"min_auc": 0.7003895044326782, "macro_avg_auc": 0.7393235862255096, "micro_avg_auc": 0.7393550276756287, "minority_auc": 0.7367355823516846, "accuracy": 0.6846011281013489}