{"min_auc": 0.8852567672729492, "macro_avg_auc": 0.9209472835063934, "micro_avg_auc": 0.910186767578125, "minority_auc": 0.9490657448768616, "accuracy": 0.8524660468101501}