{"min_auc": 0.8564314246177673, "macro_avg_auc": 0.91364386677742, "micro_avg_auc": 0.9632703065872192, "minority_auc": 0.8564314246177673, "accuracy": 0.8995192050933838}