{"min_auc": 0.7015067934989929, "macro_avg_auc": 0.73161980509758, "micro_avg_auc": 0.7328326106071472, "minority_auc": 0.7499998807907104, "accuracy": 0.6632652878761292}