{"min_auc": 0.910146176815033, "macro_avg_auc": 0.931281179189682, "micro_avg_auc": 0.9390723705291748, "minority_auc": 0.910146176815033, "accuracy": 0.8638769388198853}