{"min_auc": 0.6981420516967773, "macro_avg_auc": 0.7350268959999084, "micro_avg_auc": 0.7347240447998047, "minority_auc": 0.7478795647621155, "accuracy": 0.6776437759399414}