{"min_auc": 0.8499956130981445, "macro_avg_auc": 0.910033792257309, "micro_avg_auc": 0.9620762467384338, "minority_auc": 0.8499956130981445, "accuracy": 0.8989304304122925}