{"min_auc": 0.6993067860603333, "macro_avg_auc": 0.733047679066658, "micro_avg_auc": 0.7345723509788513, "minority_auc": 0.7507396340370178, "accuracy": 0.6762523055076599}