{"min_auc": 0.7023268342018127, "macro_avg_auc": 0.7356260865926743, "micro_avg_auc": 0.7377990484237671, "minority_auc": 0.762573778629303, "accuracy": 0.6730055809020996}