{"min_auc": 0.7006806135177612, "macro_avg_auc": 0.7316838204860687, "micro_avg_auc": 0.7355398535728455, "minority_auc": 0.7522189021110535, "accuracy": 0.679499089717865}