{"min_auc": 0.7013391852378845, "macro_avg_auc": 0.7384608238935471, "micro_avg_auc": 0.739184558391571, "minority_auc": 0.7595167756080627, "accuracy": 0.6785714030265808}