{"min_auc": 0.7000603675842285, "macro_avg_auc": 0.7323085069656372, "micro_avg_auc": 0.7353881597518921, "minority_auc": 0.7496547102928162, "accuracy": 0.6776437759399414}