{"min_auc": 0.8887419700622559, "macro_avg_auc": 0.9143451154232025, "micro_avg_auc": 0.9239689707756042, "minority_auc": 0.8887419700622559, "accuracy": 0.8441344499588013}