{"min_auc": 0.8480915427207947, "macro_avg_auc": 0.9083998501300812, "micro_avg_auc": 0.9605885744094849, "minority_auc": 0.8480915427207947, "accuracy": 0.8978510499000549}