{"min_auc": 0.7032320499420166, "macro_avg_auc": 0.7347093224525452, "micro_avg_auc": 0.7373221516609192, "minority_auc": 0.7413708567619324, "accuracy": 0.6716141104698181}