{"min_auc": 0.8853320479393005, "macro_avg_auc": 0.9198790937662125, "micro_avg_auc": 0.9099900722503662, "minority_auc": 0.9436742067337036, "accuracy": 0.8489036560058594}