{"min_auc": 0.8825603723526001, "macro_avg_auc": 0.9177789688110352, "micro_avg_auc": 0.9084451794624329, "minority_auc": 0.9439421892166138, "accuracy": 0.8568884134292603}