{"min_auc": 0.6963058710098267, "macro_avg_auc": 0.7346183508634567, "micro_avg_auc": 0.7329618334770203, "minority_auc": 0.7450196743011475, "accuracy": 0.6818181872367859}