{"min_auc": 0.6926466822624207, "macro_avg_auc": 0.7332471460103989, "micro_avg_auc": 0.7322647571563721, "minority_auc": 0.7465974688529968, "accuracy": 0.6771799921989441}