{"min_auc": 0.8825031518936157, "macro_avg_auc": 0.9182112067937851, "micro_avg_auc": 0.9083489775657654, "minority_auc": 0.9448463320732117, "accuracy": 0.8540015816688538}