{"min_auc": 0.8860130906105042, "macro_avg_auc": 0.9212290346622467, "micro_avg_auc": 0.9109474420547485, "minority_auc": 0.9477261900901794, "accuracy": 0.8543701171875}