{"min_auc": 0.8057479858398438, "macro_avg_auc": 0.8218570947647095, "micro_avg_auc": 0.8253723978996277, "minority_auc": 0.8360043168067932, "accuracy": 0.8542555570602417}