{"min_auc": 0.7913709878921509, "macro_avg_auc": 0.8121395260095596, "micro_avg_auc": 0.8176019787788391, "minority_auc": 0.8202456831932068, "accuracy": 0.8508661985397339}