{"min_auc": 0.7019215822219849, "macro_avg_auc": 0.7334724217653275, "micro_avg_auc": 0.7349910736083984, "minority_auc": 0.7496547698974609, "accuracy": 0.6655844449996948}