{"min_auc": 0.8170702457427979, "macro_avg_auc": 0.833052933216095, "micro_avg_auc": 0.8354975581169128, "minority_auc": 0.8434829711914062, "accuracy": 0.8644238114356995}