{"min_auc": 0.8579477071762085, "macro_avg_auc": 0.9125545918941498, "micro_avg_auc": 0.9597553610801697, "minority_auc": 0.8579477071762085, "accuracy": 0.8967716693878174}