{"min_auc": 0.7014657855033875, "macro_avg_auc": 0.7351848483085632, "micro_avg_auc": 0.73744136095047, "minority_auc": 0.7509368062019348, "accuracy": 0.6771799921989441}