{"min_auc": 0.8851782083511353, "macro_avg_auc": 0.9150105267763138, "micro_avg_auc": 0.9097762107849121, "minority_auc": 0.9288057684898376, "accuracy": 0.8578097224235535}