{"min_auc": 0.8838073015213013, "macro_avg_auc": 0.9181039929389954, "micro_avg_auc": 0.9095473289489746, "minority_auc": 0.93674236536026, "accuracy": 0.85099196434021}