{"min_auc": 0.8805920481681824, "macro_avg_auc": 0.9153956323862076, "micro_avg_auc": 0.9065607786178589, "minority_auc": 0.935034453868866, "accuracy": 0.8442355990409851}