{"min_auc": 0.8176729679107666, "macro_avg_auc": 0.8322985172271729, "micro_avg_auc": 0.840924859046936, "minority_auc": 0.8364494442939758, "accuracy": 0.8443384170532227}