{"min_auc": 0.7565946578979492, "macro_avg_auc": 0.7789880186319351, "micro_avg_auc": 0.7843310832977295, "minority_auc": 0.794426679611206, "accuracy": 0.8219934701919556}