{"min_auc": 0.8852546215057373, "macro_avg_auc": 0.9183991700410843, "micro_avg_auc": 0.910275399684906, "minority_auc": 0.9394212961196899, "accuracy": 0.8576868772506714}