{"min_auc": 0.7013139724731445, "macro_avg_auc": 0.7386632710695267, "micro_avg_auc": 0.7397036552429199, "minority_auc": 0.7568046450614929, "accuracy": 0.6757885217666626}