{"min_auc": 0.6947641372680664, "macro_avg_auc": 0.7264407724142075, "micro_avg_auc": 0.7313879728317261, "minority_auc": 0.7498520612716675, "accuracy": 0.6020408272743225}