{"min_auc": 0.6938809752464294, "macro_avg_auc": 0.7332367599010468, "micro_avg_auc": 0.7329946160316467, "minority_auc": 0.7480769157409668, "accuracy": 0.6702226400375366}