{"accuracy": 0.8474218845367432, "accuracy race group 0": 0.8397685289382935, "accuracy race group 1": 0.9198691844940186, "accuracy sex group 0": 0.810318648815155, "accuracy sex group 1": 0.9225136041641235, "accuracy subgroup 0": 0.8044819235801697, "accuracy subgroup 1": 0.9168959856033325, "auc": 0.8835471868515015, "auc race group 0": 0.8797082304954529, "auc race group 1": 0.912311851978302, "auc sex group 0": 0.8649700284004211, "auc sex group 1": 0.8846005201339722, "auc subgroup 0": 0.8614969849586487, "auc subgroup 1": 0.8822022080421448, "aucpr": 0.7427490949630737, "fn": 1432.0, "fn race group 0": 1360.0, "fn race group 1": 72.0, "fn sex group 0": 1171.0, "fn sex group 1": 261.0, "fn subgroup 0": 1117.0, "fn subgroup 1": 243.0, "fn_th": [0.0, 189.0, 422.0, 784.0, 1133.0, 1432.0, 1786.0, 2221.0, 2630.0, 2905.0], "fn_th race group 0": [0.0, 181.0, 401.0, 735.0, 1070.0, 1360.0, 1698.0, 2113.0, 2511.0, 2770.0], "fn_th race group 1": [0.0, 8.0, 21.0, 49.0, 63.0, 72.0, 88.0, 108.0, 119.0, 135.0], "fn_th sex group 0": [0.0, 126.0, 316.0, 617.0, 914.0, 1171.0, 1483.0, 1865.0, 2213.0, 2454.0], "fn_th sex group 1": [0.0, 63.0, 106.0, 167.0, 219.0, 261.0, 303.0, 356.0, 417.0, 451.0], "fn_th subgroup 0": [0.0, 122.0, 303.0, 581.0, 867.0, 1117.0, 1416.0, 1779.0, 2122.0, 2351.0], "fn_th subgroup 1": [0.0, 59.0, 98.0, 154.0, 203.0, 243.0, 282.0, 334.0, 389.0, 419.0], "fnr": 0.47781115770339966, "fnr race group 0": 0.4758572280406952, "fnr race group 1": 0.5179855823516846, "fnr sex group 0": 0.4628458619117737, "fnr sex group 1": 0.5588865280151367, "fnr subgroup 0": 0.4604286849498749, "fnr subgroup 1": 0.5625, "fp": 521.0, "fp race group 0": 495.0, "fp race group 1": 26.0, "fp sex group 0": 454.0, "fp sex group 1": 67.0, "fp subgroup 0": 436.0, "fp subgroup 1": 59.0, "fp_th": [9803.0, 3480.0, 2163.0, 1356.0, 822.0, 521.0, 278.0, 97.0, 18.0, 3.0], "fp_th race group 0": [8719.0, 3224.0, 2028.0, 1275.0, 778.0, 495.0, 263.0, 93.0, 18.0, 3.0], "fp_th race group 1": [1084.0, 256.0, 135.0, 81.0, 44.0, 26.0, 15.0, 4.0, 0.0, 0.0], "fp_th sex group 0": [6037.0, 2712.0, 1791.0, 1145.0, 711.0, 454.0, 242.0, 83.0, 16.0, 3.0], "fp_th sex group 1": [3766.0, 768.0, 372.0, 211.0, 111.0, 67.0, 36.0, 14.0, 2.0, 0.0], "fp_th subgroup 0": [5517.0, 2550.0, 1697.0, 1092.0, 682.0, 436.0, 232.0, 80.0, 16.0, 3.0], "fp_th subgroup 1": [3202.0, 674.0, 331.0, 183.0, 96.0, 59.0, 31.0, 13.0, 2.0, 0.0], "fpr": 0.05314699560403824, "fpr race group 0": 0.056772567331790924, "fpr race group 1": 0.02398524060845375, "fpr sex group 0": 0.07520291209220886, "fpr sex group 1": 0.01779075898230076, "fpr subgroup 0": 0.07902845740318298, "fpr subgroup 1": 0.01842598430812359, "loss": 0.3304692506790161, "precision": 0.7502396702766418, "precision race group 0": 0.7516307234764099, "precision race group 1": 0.7204301357269287, "precision sex group 0": 0.7495863437652588, "precision sex group 1": 0.7545787692070007, "precision subgroup 0": 0.75014328956604, "precision subgroup 1": 0.7620967626571655, "precision_th": [0.23414061963558197, 0.4465648829936981, 0.54347825050354, 0.6200616359710693, 0.6939687132835388, 0.7502396702766418, 0.8132975101470947, 0.8888888955116272, 0.9532467722892761, 0.9684210419654846], "precision_th race group 0": [0.2468687891960144, 0.45365193486213684, 0.5478261113166809, 0.6247792840003967, 0.6968043446540833, 0.7516307234764099, 0.815179169178009, 0.8890214562416077, 0.9506849050521851, 0.9670329689979553], "precision_th race group 1": [0.11365494877099991, 0.33850130438804626, 0.46640315651893616, 0.5263158082962036, 0.6333333253860474, 0.7204301357269287, 0.7727272510528564, 0.8857142925262451, 1.0, 1.0], "precision_th sex group 0": [0.29531925916671753, 0.46989837288856506, 0.5528090000152588, 0.6255722641944885, 0.6944563984870911, 0.7495863437652588, 0.8122575879096985, 0.8890374302864075, 0.9519519805908203, 0.9620253443717957], "precision_th sex group 1": [0.11032364517450333, 0.3447099030017853, 0.4924965798854828, 0.587084174156189, 0.6908078193664551, 0.7545787692070007, 0.8199999928474426, 0.8880000114440918, 0.9615384340286255, 1.0], "precision_th subgroup 0": [0.30542615056037903, 0.47466006875038147, 0.5557591915130615, 0.6281920075416565, 0.695671558380127, 0.75014328956604, 0.8132045269012451, 0.8899587392807007, 0.949999988079071, 0.9615384340286255], "precision_th subgroup 1": [0.11887726932764053, 0.35625597834587097, 0.5022556185722351, 0.6030368804931641, 0.7046154141426086, 0.7620967626571655, 0.8287292718887329, 0.8828828930854797, 0.9555555582046509, 1.0], "recall": 0.5221888422966003, "recall race group 0": 0.5241427421569824, "recall race group 1": 0.48201438784599304, "recall sex group 0": 0.5371541380882263, "recall sex group 1": 0.44111350178718567, "recall subgroup 0": 0.5395712852478027, "recall subgroup 1": 0.4375, "recall_th": [1.0, 0.9369369149208069, 0.8591925501823425, 0.7384050488471985, 0.6219552755355835, 0.5221888422966003, 0.40407073497772217, 0.25892558693885803, 0.12245579063892365, 0.03069736436009407], "recall_th race group 0": [1.0, 0.9366689920425415, 0.8596920967102051, 0.7428271770477295, 0.6256123185157776, 0.5241427421569824, 0.4058782458305359, 0.26067179441452026, 0.12141357362270355, 0.03079076297581196], "recall_th race group 1": [1.0, 0.9424460530281067, 0.8489208817481995, 0.6474820375442505, 0.5467625856399536, 0.48201438784599304, 0.36690646409988403, 0.22302158176898956, 0.14388489723205566, 0.028776979073882103], "recall_th sex group 0": [1.0, 0.9501976370811462, 0.8750988245010376, 0.7561264634132385, 0.6387351751327515, 0.5371541380882263, 0.41383400559425354, 0.26284584403038025, 0.1252964437007904, 0.030039526522159576], "recall_th sex group 1": [1.0, 0.8650963306427002, 0.7730192542076111, 0.6423982977867126, 0.5310492515563965, 0.44111350178718567, 0.35117772221565247, 0.2376873642206192, 0.10706637799739838, 0.03426124155521393], "recall_th subgroup 0": [1.0, 0.9497114419937134, 0.8751030564308167, 0.7605111002922058, 0.6426215767860413, 0.5395712852478027, 0.41632315516471863, 0.26669415831565857, 0.12530915439128876, 0.030915087088942528], "recall_th subgroup 1": [1.0, 0.8634259104728699, 0.7731481194496155, 0.6435185074806213, 0.5300925970077515, 0.4375, 0.3472222089767456, 0.22685185074806213, 0.09953703731298447, 0.030092593282461166], "tn": 9282.0, "tn race group 0": 8224.0, "tn race group 1": 1058.0, "tn sex group 0": 5583.0, "tn sex group 1": 3699.0, "tn subgroup 0": 5081.0, "tn subgroup 1": 3143.0, "tn_th": [0.0, 6323.0, 7640.0, 8447.0, 8981.0, 9282.0, 9525.0, 9706.0, 9785.0, 9800.0], "tn_th race group 0": [0.0, 5495.0, 6691.0, 7444.0, 7941.0, 8224.0, 8456.0, 8626.0, 8701.0, 8716.0], "tn_th race group 1": [0.0, 828.0, 949.0, 1003.0, 1040.0, 1058.0, 1069.0, 1080.0, 1084.0, 1084.0], "tn_th sex group 0": [0.0, 3325.0, 4246.0, 4892.0, 5326.0, 5583.0, 5795.0, 5954.0, 6021.0, 6034.0], "tn_th sex group 1": [0.0, 2998.0, 3394.0, 3555.0, 3655.0, 3699.0, 3730.0, 3752.0, 3764.0, 3766.0], "tn_th subgroup 0": [0.0, 2967.0, 3820.0, 4425.0, 4835.0, 5081.0, 5285.0, 5437.0, 5501.0, 5514.0], "tn_th subgroup 1": [0.0, 2528.0, 2871.0, 3019.0, 3106.0, 3143.0, 3171.0, 3189.0, 3200.0, 3202.0], "tp": 1565.0, "tp race group 0": 1498.0, "tp race group 1": 67.0, "tp sex group 0": 1359.0, "tp sex group 1": 206.0, "tp subgroup 0": 1309.0, "tp subgroup 1": 189.0, "tp_th": [2997.0, 2808.0, 2575.0, 2213.0, 1864.0, 1565.0, 1211.0, 776.0, 367.0, 92.0], "tp_th race group 0": [2858.0, 2677.0, 2457.0, 2123.0, 1788.0, 1498.0, 1160.0, 745.0, 347.0, 88.0], "tp_th race group 1": [139.0, 131.0, 118.0, 90.0, 76.0, 67.0, 51.0, 31.0, 20.0, 4.0], "tp_th sex group 0": [2530.0, 2404.0, 2214.0, 1913.0, 1616.0, 1359.0, 1047.0, 665.0, 317.0, 76.0], "tp_th sex group 1": [467.0, 404.0, 361.0, 300.0, 248.0, 206.0, 164.0, 111.0, 50.0, 16.0], "tp_th subgroup 0": [2426.0, 2304.0, 2123.0, 1845.0, 1559.0, 1309.0, 1010.0, 647.0, 304.0, 75.0], "tp_th subgroup 1": [432.0, 373.0, 334.0, 278.0, 229.0, 189.0, 150.0, 98.0, 43.0, 13.0],