{"accuracy": 0.8420800566673279, "accuracy race group 0": 0.8358460664749146, "accuracy race group 1": 0.9008616209030151, "accuracy sex group 0": 0.8040939569473267, "accuracy sex group 1": 0.9181503653526306, "accuracy subgroup 0": 0.7996671795845032, "accuracy subgroup 1": 0.9137212634086609, "accuracy subgroup 2": 0.8591554760932922, "accuracy subgroup 3": 0.9456127285957336, "auc": 0.9046212434768677, "auc race group 0": 0.900795578956604, "auc race group 1": 0.9335348010063171, "auc sex group 0": 0.8815575838088989, "auc sex group 1": 0.9293368458747864, "auc subgroup 0": 0.8782349824905396, "auc subgroup 1": 0.9268555045127869, "auc subgroup 2": 0.9142449498176575, "auc subgroup 3": 0.9466295838356018, "aucpr": 0.7730996608734131, "fn": 30792.0, "fn race group 0": 29224.0, "fn race group 1": 1568.0, "fn sex group 0": 24841.0, "fn sex group 1": 5951.0, "fn subgroup 0": 23774.0, "fn subgroup 1": 5450.0, "fn subgroup 2": 1067.0, "fn subgroup 3": 501.0, "fn_th": [0.0, 946.0, 4061.0, 8866.0, 15850.0, 30792.0, 50703.0, 70482.0, 89655.0, 104318.0], "fn_th race group 0": [0.0, 883.0, 3841.0, 8395.0, 15160.0, 29224.0, 47971.0, 67028.0, 85322.0, 99479.0], "fn_th race group 1": [0.0, 63.0, 220.0, 471.0, 690.0, 1568.0, 2732.0, 3454.0, 4333.0, 4839.0], "fn_th sex group 0": [0.0, 693.0, 2549.0, 5906.0, 11759.0, 24841.0, 41948.0, 58646.0, 75306.0, 88023.0], "fn_th sex group 1": [0.0, 253.0, 1512.0, 2960.0, 4091.0, 5951.0, 8755.0, 11836.0, 14349.0, 16295.0], "fn_th subgroup 0": [0.0, 630.0, 2423.0, 5717.0, 11382.0, 23774.0, 39875.0, 56009.0, 71945.0, 84315.0], "fn_th subgroup 1": [0.0, 253.0, 1418.0, 2678.0, 3778.0, 5450.0, 8096.0, 11019.0, 13377.0, 15164.0], "fn_th subgroup 2": [0.0, 63.0, 126.0, 189.0, 377.0, 1067.0, 2073.0, 2637.0, 3361.0, 3708.0], "fn_th subgroup 3": [0.0, 0.0, 94.0, 282.0, 313.0, 501.0, 659.0, 817.0, 972.0, 1131.0], "fnr": 0.2546287477016449, "fnr race group 0": 0.25345394015312195, "fnr race group 1": 0.27870601415634155, "fnr sex group 0": 0.24266846477985382, "fnr sex group 1": 0.3205839693546295, "fnr subgroup 0": 0.24244339764118195, "fnr subgroup 1": 0.3160702884197235, "fnr subgroup 2": 0.2477937787771225, "fnr subgroup 3": 0.3795454502105713, "fp": 50063.0, "fp race group 0": 46764.0, "fp race group 1": 3299.0, "fp sex group 0": 42057.0, "fp sex group 1": 8006.0, "fp subgroup 0": 39545.0, "fp subgroup 1": 7219.0, "fp subgroup 2": 2512.0, "fp subgroup 3": 787.0, "fp_th": [391071.0, 220214.0, 161756.0, 120536.0, 84381.0, 50063.0, 23424.0, 9659.0, 2145.0, 160.0], "fp_th race group 0": [347604.0, 200224.0, 149161.0, 112064.0, 78953.0, 46764.0, 21919.0, 8999.0, 1926.0, 160.0], "fp_th race group 1": [43467.0, 19990.0, 12595.0, 8472.0, 5428.0, 3299.0, 1505.0, 660.0, 219.0, 0.0], "fp_th sex group 0": [239114.0, 155112.0, 124262.0, 96899.0, 70348.0, 42057.0, 19907.0, 8496.0, 1766.0, 160.0], "fp_th sex group 1": [151957.0, 65102.0, 37494.0, 23637.0, 14033.0, 8006.0, 3517.0, 1163.0, 379.0, 0.0], "fp_th subgroup 0": [218009.0, 143482.0, 116251.0, 90999.0, 66299.0, 39545.0, 18778.0, 7929.0, 1578.0, 160.0], "fp_th subgroup 1": [129595.0, 56742.0, 32910.0, 21065.0, 12654.0, 7219.0, 3141.0, 1070.0, 348.0, 0.0], "fp_th subgroup 2": [21105.0, 11630.0, 8011.0, 5900.0, 4049.0, 2512.0, 1129.0, 567.0, 188.0, 0.0], "fp_th subgroup 3": [22362.0, 8360.0, 4584.0, 2572.0, 1379.0, 787.0, 376.0, 93.0, 31.0, 0.0], "fpr": 0.12801511585712433, "fpr race group 0": 0.1345323920249939, "fpr race group 1": 0.07589665800333023, "fpr sex group 0": 0.17588680982589722, "fpr sex group 1": 0.05268595740199089, "fpr subgroup 0": 0.18139159679412842, "fpr subgroup 1": 0.05570431053638458, "fpr subgroup 2": 0.11902392655611038, "fpr subgroup 3": 0.035193633288145065, "loss": 0.9855586886405945, "precision": 0.642917275428772, "precision race group 0": 0.6479754447937012, "precision race group 1": 0.5515835285186768, "precision sex group 0": 0.6482999324798584, "precision sex group 1": 0.6116985082626343, "precision subgroup 0": 0.652599036693573, "precision subgroup 1": 0.6202924251556396, "precision subgroup 2": 0.5632063746452332, "precision subgroup 3": 0.5099626183509827, "precision_th": [0.23618945479393005, 0.3526868224143982, 0.41944700479507446, 0.48178625106811523, 0.5546236634254456, 0.642917275428772, 0.7498772144317627, 0.8393005728721619, 0.9358149766921997, 0.9904597401618958], "precision_th race group 0": [0.24908459186553955, 0.36364907026290894, 0.4276752173900604, 0.4882268011569977, 0.559158205986023, 0.6479754447937012, 0.7544116973876953, 0.8428781032562256, 0.9396370649337769, 0.9899899959564209], "precision_th race group 1": [0.1145988255739212, 0.2177043855190277, 0.3003166615962982, 0.37829309701919556, 0.47626399993896484, 0.5515835285186768, 0.6578767895698547, 0.7669491767883301, 0.8551587462425232, 1.0], "precision_th sex group 0": [0.29977157711982727, 0.39594602584838867, 0.44545450806617737, 0.4988647997379303, 0.5629337430000305, 0.6482999324798584, 0.7521693110466003, 0.8372912406921387, 0.938735842704773, 0.988967776298523], "precision_th sex group 1": [0.10886113345623016, 0.21951277554035187, 0.31260427832603455, 0.397629976272583, 0.5077003836631775, 0.6116985082626343, 0.7360600233078003, 0.852598249912262, 0.9174831509590149, 1.0], "precision_th subgroup 0": [0.3102487027645111, 0.40442153811454773, 0.4513563811779022, 0.5036652684211731, 0.5666080713272095, 0.652599036693573, 0.7560126185417175, 0.8413565158843994, 0.9430180788040161, 0.9884933233261108], "precision_th subgroup 1": [0.1174287274479866, 0.23042912781238556, 0.3247152864933014, 0.4087847173213959, 0.5155251026153564, 0.6202924251556396, 0.744384765625, 0.8533040881156921, 0.9174181222915649, 1.0], "precision_th subgroup 2": [0.1694541722536087, 0.2673092782497406, 0.3428758978843689, 0.4110012948513031, 0.4924793243408203, 0.5632063746452332, 0.6641879677772522, 0.7464221715927124, 0.8340688347816467, 1.0], "precision_th subgroup 3": [0.05573853477835655, 0.13636364042758942, 0.2110154926776886, 0.28753462433815, 0.4220452606678009, 0.5099626183509827, 0.6374156475067139, 0.8439597487449646, 0.9182057976722717, 1.0], "recall": 0.7453712224960327, "recall race group 0": 0.7465460300445557, "recall race group 1": 0.7212939858436584, "recall sex group 0": 0.7573315501213074, "recall sex group 1": 0.6794160604476929, "recall subgroup 0": 0.7575566172599792, "recall subgroup 1": 0.6839296817779541, "recall subgroup 2": 0.7522062063217163, "recall subgroup 3": 0.6204545497894287, "recall_th": [1.0, 0.9921772480010986, 0.9664183259010315, 0.9266842603683472, 0.8689313530921936, 0.7453712224960327, 0.5807209014892578, 0.417162150144577, 0.25861456990242004, 0.1373615860939026], "recall_th race group 0": [1.0, 0.992341935634613, 0.966687798500061, 0.9271918535232544, 0.8685203194618225, 0.7465460300445557, 0.5839570760726929, 0.41867947578430176, 0.2600192427635193, 0.13723841309547424], "recall_th race group 1": [1.0, 0.9888020157814026, 0.960895836353302, 0.916281521320343, 0.87735515832901, 0.7212939858436584, 0.5143974423408508, 0.38606470823287964, 0.22982580959796906, 0.13988624513149261], "recall_th sex group 0": [1.0, 0.9932301640510559, 0.9750991463661194, 0.9423050880432129, 0.8851279020309448, 0.7573315501213074, 0.5902155041694641, 0.4270949363708496, 0.26434558629989624, 0.140114888548851], "recall_th sex group 1": [1.0, 0.9863707423210144, 0.9185476303100586, 0.8405430316925049, 0.7796153426170349, 0.6794160604476929, 0.5283628702163696, 0.3623875379562378, 0.22701072692871094, 0.12217852473258972], "recall_th subgroup 0": [1.0, 0.9935753345489502, 0.9752906560897827, 0.9416989684104919, 0.8839281797409058, 0.7575566172599792, 0.5933611989021301, 0.42882928252220154, 0.2663165330886841, 0.14016927778720856], "recall_th subgroup 1": [1.0, 0.9853273630142212, 0.9177637100219727, 0.8446906208992004, 0.7808966040611267, 0.6839296817779541, 0.5304761528968811, 0.360958069562912, 0.22420692443847656, 0.12057066708803177],