{"accuracy": 0.8419784903526306, "accuracy race group 0": 0.8352671265602112, "accuracy race group 1": 0.9052614569664001, "accuracy sex group 0": 0.8049666285514832, "accuracy sex group 1": 0.9160978198051453, "accuracy subgroup 0": 0.799531102180481, "accuracy subgroup 1": 0.9121889472007751, "accuracy subgroup 2": 0.8725748658180237, "accuracy subgroup 3": 0.9403344392776489, "auc": 0.9033128619194031, "auc race group 0": 0.8993390798568726, "auc race group 1": 0.9346812963485718, "auc sex group 0": 0.880623459815979, "auc sex group 1": 0.9255161285400391, "auc subgroup 0": 0.8771852850914001, "auc subgroup 1": 0.9226114153862, "auc subgroup 2": 0.915508508682251, "auc subgroup 3": 0.9490413665771484, "aucpr": 0.7719904780387878, "fn": 31421.0, "fn race group 0": 29879.0, "fn race group 1": 1542.0, "fn sex group 0": 25434.0, "fn sex group 1": 5987.0, "fn subgroup 0": 24395.0, "fn subgroup 1": 5484.0, "fn subgroup 2": 1039.0, "fn subgroup 3": 503.0, "fn_th": [0.0, 912.0, 4057.0, 9369.0, 17600.0, 31421.0, 50528.0, 69891.0, 88778.0, 104604.0], "fn_th race group 0": [0.0, 849.0, 3837.0, 8961.0, 16847.0, 29879.0, 47795.0, 66406.0, 84570.0, 99640.0], "fn_th race group 1": [0.0, 63.0, 220.0, 408.0, 753.0, 1542.0, 2733.0, 3485.0, 4208.0, 4964.0], "fn_th sex group 0": [0.0, 535.0, 2486.0, 6413.0, 13381.0, 25434.0, 42187.0, 58434.0, 74745.0, 88341.0], "fn_th sex group 1": [0.0, 377.0, 1571.0, 2956.0, 4219.0, 5987.0, 8341.0, 11457.0, 14033.0, 16263.0], "fn_th subgroup 0": [0.0, 472.0, 2360.0, 6223.0, 12910.0, 24395.0, 40082.0, 55734.0, 71447.0, 84508.0], "fn_th subgroup 1": [0.0, 377.0, 1477.0, 2738.0, 3937.0, 5484.0, 7713.0, 10672.0, 13123.0, 15132.0], "fn_th subgroup 2": [0.0, 63.0, 126.0, 190.0, 471.0, 1039.0, 2105.0, 2700.0, 3298.0, 3833.0], "fn_th subgroup 3": [0.0, 0.0, 94.0, 218.0, 282.0, 503.0, 628.0, 785.0, 910.0, 1131.0], "fnr": 0.25983014702796936, "fnr race group 0": 0.2591346204280853, "fnr race group 1": 0.27408459782600403, "fnr sex group 0": 0.24846141040325165, "fnr sex group 1": 0.322523295879364, "fnr subgroup 0": 0.24877625703811646, "fnr subgroup 1": 0.3180420994758606, "fnr subgroup 2": 0.24129122495651245, "fnr subgroup 3": 0.3810606002807617, "fp": 49486.0, "fp race group 0": 46377.0, "fp race group 1": 3109.0, "fp sex group 0": 41166.0, "fp sex group 1": 8320.0, "fp subgroup 0": 38967.0, "fp subgroup 1": 7410.0, "fp subgroup 2": 2199.0, "fp subgroup 3": 910.0, "fp_th": [391071.0, 223204.0, 160608.0, 116005.0, 81717.0, 49486.0, 23270.0, 9757.0, 2584.0, 255.0], "fp_th race group 0": [347604.0, 202586.0, 147917.0, 108099.0, 76289.0, 46377.0, 21797.0, 9098.0, 2397.0, 255.0], "fp_th race group 1": [43467.0, 20618.0, 12691.0, 7906.0, 5428.0, 3109.0, 1473.0, 659.0, 187.0, 0.0], "fp_th sex group 0": [239114.0, 155904.0, 123162.0, 93630.0, 67423.0, 41166.0, 19539.0, 8435.0, 2175.0, 223.0], "fp_th sex group 1": [151957.0, 67300.0, 37446.0, 22375.0, 14294.0, 8320.0, 3731.0, 1322.0, 409.0, 32.0], "fp_th subgroup 0": [218009.0, 144339.0, 115246.0, 88077.0, 63469.0, 38967.0, 18504.0, 7964.0, 2019.0, 223.0], "fp_th subgroup 1": [129595.0, 58247.0, 32671.0, 20022.0, 12820.0, 7410.0, 3293.0, 1134.0, 378.0, 32.0], "fp_th subgroup 2": [21105.0, 11565.0, 7916.0, 5553.0, 3954.0, 2199.0, 1035.0, 471.0, 156.0, 0.0], "fp_th subgroup 3": [22362.0, 9053.0, 4775.0, 2353.0, 1474.0, 910.0, 438.0, 188.0, 31.0, 0.0], "fpr": 0.1265396773815155, "fpr race group 0": 0.13341906666755676, "fpr race group 1": 0.07152552157640457, "fpr sex group 0": 0.1721605658531189, "fpr sex group 1": 0.05475233122706413, "fpr subgroup 0": 0.17874032258987427, "fpr subgroup 1": 0.057178132236003876, "fpr subgroup 2": 0.1041933223605156, "fpr subgroup 3": 0.04069403558969498, "loss": 0.989712119102478, "precision": 0.643970251083374, "precision race group 0": 0.6481286287307739, "precision race group 1": 0.56777423620224, "precision sex group 0": 0.6514250636100769, "precision sex group 1": 0.601837694644928, "precision subgroup 0": 0.6540325880050659, "precision subgroup 1": 0.6134383678436279, "precision subgroup 2": 0.5976948142051697, "precision subgroup 3": 0.47307470440864563, "precision_th": [0.23618945479393005, 0.34967848658561707, 0.42119070887565613, 0.49023357033729553, 0.5583962798118591, 0.643970251083374, 0.7515773177146912, 0.8395098447799683, 0.9256081581115723, 0.9846200346946716], "precision_th race group 0": [0.24908459186553955, 0.36100807785987854, 0.4297351837158203, 0.4959033131599426, 0.5634267330169678, 0.6481286287307739, 0.7559263110160828, 0.8431243896484375, 0.927648663520813, 0.9839804172515869], "precision_th race group 1": [0.1145988255739212, 0.21248233318328857, 0.2987235486507416, 0.3975921869277954, 0.47306087613105774, 0.56777423620224, 0.6626202464103699, 0.7646428346633911, 0.8834890723228455, 1.0], "precision_th sex group 0": [0.29977157711982727, 0.39509961009025574, 0.44780802726745605, 0.5061265826225281, 0.5689287185668945, 0.6514250636100769, 0.7548984885215759, 0.838925302028656, 0.9270036220550537, 0.9843486547470093], "precision_th sex group 1": [0.10886113345623016, 0.2127365916967392, 0.31213489174842834, 0.4109051525592804, 0.5008729696273804, 0.601837694644928, 0.7326022982597351, 0.8431419134140015, 0.9171897172927856, 0.9862778782844543], "precision_th subgroup 0": [0.3102487027645111, 0.403377890586853, 0.4536706209182739, 0.5104494094848633, 0.5729415416717529, 0.6540325880050659, 0.7580606937408447, 0.8416385054588318, 0.929484486579895, 0.9838112592697144], "precision_th subgroup 1": [0.1174287274479866, 0.22454169392585754, 0.3254949748516083, 0.4201059937477112, 0.5093010663986206, 0.6134383678436279, 0.7431958317756653, 0.8528228402137756, 0.9159626364707947, 0.9850676655769348], "precision_th subgroup 2": [0.1694541722536087, 0.2684083878993988, 0.34556877613067627, 0.42569035291671753, 0.49236100912094116, 0.5976948142051697, 0.6801607012748718, 0.7732306122779846, 0.8659793734550476, 1.0], "precision_th subgroup 3": [0.05573853477835655, 0.1272534430027008, 0.20429928600788116, 0.318958044052124, 0.41321656107902527, 0.47307470440864563, 0.6123893857002258, 0.7399723529815674, 0.9297052025794983, 1.0], "recall": 0.7401698231697083, "recall race group 0": 0.7408653497695923, "recall race group 1": 0.7259153723716736, "recall sex group 0": 0.7515385746955872, "recall sex group 1": 0.677476704120636, "recall subgroup 0": 0.7512237429618835, "recall subgroup 1": 0.6819579005241394, "recall subgroup 2": 0.7587087750434875, "recall subgroup 3": 0.6189393997192383, "recall_th": [1.0, 0.9924584031105042, 0.9664514064788818, 0.9225248098373413, 0.8544600605964661, 0.7401698231697083, 0.5821680426597595, 0.42204931378364563, 0.265866756439209, 0.13499656319618225], "recall_th race group 0": [1.0, 0.9926367998123169, 0.9667224884033203, 0.9222830533981323, 0.8538893461227417, 0.7408653497695923, 0.5854834914207458, 0.4240739643573761, 0.2665412127971649, 0.13584208488464355], "recall_th race group 1": [1.0, 0.9888020157814026, 0.960895836353302, 0.9274795651435852, 0.8661571145057678, 0.7259153723716736, 0.5142197012901306, 0.38055455684661865, 0.25204408168792725, 0.11766797304153442], "recall_th sex group 0": [1.0, 0.9947736263275146, 0.9757145643234253, 0.9373522400856018, 0.8692827820777893, 0.7515385746955872, 0.5878807306289673, 0.42916592955589294, 0.26982590556144714, 0.13700838387012482], "recall_th sex group 1": [1.0, 0.9796907901763916, 0.9153692722320557, 0.8407585024833679, 0.7727199196815491, 0.677476704120636, 0.5506653189659119, 0.3828045129776001, 0.2440338283777237, 0.12390238791704178], "recall_th subgroup 0": [1.0, 0.9951866269111633, 0.9759330749511719, 0.9365388751029968, 0.8683459162712097, 0.7512237429618835, 0.5912502408027649, 0.43163368105888367, 0.2713950574398041, 0.13820110261440277], "recall_th subgroup 1": [1.0, 0.9781360626220703, 0.9143420457839966, 0.8412109017372131, 0.7716754674911499, 0.6819579005241394, 0.5526880621910095, 0.3810821771621704, 0.23893754184246063, 0.12242649495601654],