{"accuracy": 0.8431249856948853, "accuracy race group 0": 0.8351041078567505, "accuracy race group 1": 0.9190515279769897, "accuracy sex group 0": 0.806933581829071, "accuracy sex group 1": 0.9163713455200195, "accuracy subgroup 0": 0.8009568452835083, "accuracy subgroup 1": 0.9097413420677185, "auc": 0.8808863759040833, "auc race group 0": 0.8769516944885254, "auc race group 1": 0.9090598821640015, "auc sex group 0": 0.8624458909034729, "auc sex group 1": 0.8816993236541748, "auc subgroup 0": 0.8585807681083679, "auc subgroup 1": 0.8812693357467651, "aucpr": 0.7317047119140625, "fn": 1493.0, "fn race group 0": 1418.0, "fn race group 1": 75.0, "fn sex group 0": 1183.0, "fn sex group 1": 310.0, "fn subgroup 0": 1128.0, "fn subgroup 1": 290.0, "fn_th": [0.0, 160.0, 421.0, 765.0, 1161.0, 1493.0, 1767.0, 2206.0, 2654.0, 2910.0], "fn_th race group 0": [0.0, 150.0, 401.0, 725.0, 1098.0, 1418.0, 1675.0, 2095.0, 2530.0, 2774.0], "fn_th race group 1": [0.0, 10.0, 20.0, 40.0, 63.0, 75.0, 92.0, 111.0, 124.0, 136.0], "fn_th sex group 0": [0.0, 108.0, 293.0, 567.0, 908.0, 1183.0, 1413.0, 1807.0, 2221.0, 2454.0], "fn_th sex group 1": [0.0, 52.0, 128.0, 198.0, 253.0, 310.0, 354.0, 399.0, 433.0, 456.0], "fn_th subgroup 0": [0.0, 103.0, 281.0, 542.0, 863.0, 1128.0, 1346.0, 1723.0, 2127.0, 2351.0], "fn_th subgroup 1": [0.0, 47.0, 120.0, 183.0, 235.0, 290.0, 329.0, 372.0, 403.0, 423.0], "fnr": 0.4981648325920105, "fnr race group 0": 0.4961511492729187, "fnr race group 1": 0.5395683646202087, "fnr sex group 0": 0.4675889313220978, "fnr sex group 1": 0.6638115644454956, "fnr subgroup 0": 0.464962899684906, "fnr subgroup 1": 0.6712962985038757, "fp": 515.0, "fp race group 0": 491.0, "fp race group 1": 24.0, "fp sex group 0": 471.0, "fp sex group 1": 44.0, "fp subgroup 0": 453.0, "fp subgroup 1": 38.0, "fp_th": [9803.0, 3666.0, 2269.0, 1387.0, 833.0, 515.0, 321.0, 120.0, 17.0, 3.0], "fp_th race group 0": [8719.0, 3372.0, 2115.0, 1301.0, 787.0, 491.0, 308.0, 115.0, 17.0, 3.0], "fp_th race group 1": [1084.0, 294.0, 154.0, 86.0, 46.0, 24.0, 13.0, 5.0, 0.0, 0.0], "fp_th sex group 0": [6037.0, 2853.0, 1903.0, 1215.0, 746.0, 471.0, 301.0, 115.0, 17.0, 3.0], "fp_th sex group 1": [3766.0, 813.0, 366.0, 172.0, 87.0, 44.0, 20.0, 5.0, 0.0, 0.0], "fp_th subgroup 0": [5517.0, 2674.0, 1798.0, 1150.0, 713.0, 453.0, 289.0, 110.0, 17.0, 3.0], "fp_th subgroup 1": [3202.0, 698.0, 317.0, 151.0, 74.0, 38.0, 19.0, 5.0, 0.0, 0.0], "fpr": 0.05253493785858154, "fpr race group 0": 0.05631379783153534, "fpr race group 1": 0.022140221670269966, "fpr sex group 0": 0.07801888138055801, "fpr sex group 1": 0.011683483608067036, "fpr subgroup 0": 0.08210983872413635, "fpr subgroup 1": 0.01186758279800415, "loss": 0.33549895882606506, "precision": 0.7449232339859009, "precision race group 0": 0.7457275986671448, "precision race group 1": 0.7272727489471436, "precision sex group 0": 0.7409241199493408, "precision sex group 1": 0.7810945510864258, "precision subgroup 0": 0.7412906885147095, "precision subgroup 1": 0.7888888716697693, "precision_th": [0.23414061963558197, 0.4362601935863495, 0.5316821336746216, 0.6167449355125427, 0.6878980994224548, 0.7449232339859009, 0.7930367588996887, 0.8682765960693359, 0.9527778029441833, 0.9666666388511658], "precision_th race group 0": [0.2468687891960144, 0.44539472460746765, 0.537401556968689, 0.6211415529251099, 0.6910090446472168, 0.7457275986671448, 0.7934272289276123, 0.8690205216407776, 0.9507246613502502, 0.9655172228813171], "precision_th race group 1": [0.11365494877099991, 0.304964542388916, 0.43589743971824646, 0.5351351499557495, 0.6229507923126221, 0.7272727489471436, 0.7833333611488342, 0.8484848737716675, 1.0, 1.0], "precision_th sex group 0": [0.29531925916671753, 0.4591469168663025, 0.5403381586074829, 0.6176840662956238, 0.6849662065505981, 0.7409241199493408, 0.7877292037010193, 0.8627684712409973, 0.9478527903556824, 0.9620253443717957], "precision_th sex group 1": [0.11032364517450333, 0.33794787526130676, 0.48085105419158936, 0.6099773049354553, 0.7109634280204773, 0.7810945510864258, 0.8496240377426147, 0.931506872177124, 1.0, 1.0], "precision_th subgroup 0": [0.30542615056037903, 0.4648789167404175, 0.5440020561218262, 0.6209624409675598, 0.6867311000823975, 0.7412906885147095, 0.7888969779014587, 0.8646986484527588, 0.9462025165557861, 0.9615384340286255], "precision_th subgroup 1": [0.11887726932764053, 0.3554939925670624, 0.4960254430770874, 0.6225000023841858, 0.7269372940063477, 0.7888888716697693, 0.8442623019218445, 0.9230769276618958, 1.0, 1.0], "recall": 0.5018351674079895, "recall race group 0": 0.5038488507270813, "recall race group 1": 0.46043166518211365, "recall sex group 0": 0.5324110388755798, "recall sex group 1": 0.3361884355545044, "recall subgroup 0": 0.535037100315094, "recall subgroup 1": 0.32870370149612427, "recall_th": [1.0, 0.9466132521629333, 0.8595262169837952, 0.7447447180747986, 0.6126126050949097, 0.5018351674079895, 0.41041040420532227, 0.2639305889606476, 0.11444777995347977, 0.029029028490185738], "recall_th race group 0": [1.0, 0.9475157260894775, 0.8596920967102051, 0.7463260889053345, 0.615815281867981, 0.5038488507270813, 0.41392582654953003, 0.2669699192047119, 0.11476556956768036, 0.029391182586550713], "recall_th race group 1": [1.0, 0.9280575513839722, 0.8561151027679443, 0.7122302055358887, 0.5467625856399536, 0.46043166518211365, 0.3381294906139374, 0.20143884420394897, 0.10791366547346115, 0.02158273383975029], "recall_th sex group 0": [1.0, 0.9573122262954712, 0.8841897249221802, 0.7758893370628357, 0.6411067247390747, 0.5324110388755798, 0.4415019750595093, 0.2857707440853119, 0.12213438749313354, 0.030039526522159576], "recall_th sex group 1": [1.0, 0.8886509537696838, 0.7259100675582886, 0.5760171413421631, 0.45824411511421204, 0.3361884355545044, 0.2419700175523758, 0.1456102728843689, 0.07280513644218445, 0.02355460450053215], "recall_th subgroup 0": [1.0, 0.9575432538986206, 0.8841714859008789, 0.7765869498252869, 0.6442704200744629, 0.535037100315094, 0.44517725706100464, 0.28977739810943604, 0.1232481449842453, 0.030915087088942528], "recall_th subgroup 1": [1.0, 0.8912037014961243, 0.7222222089767456, 0.5763888955116272, 0.45601850748062134, 0.32870370149612427, 0.23842592537403107, 0.1388888955116272, 0.06712962687015533, 0.02083333395421505], "tn": 9288.0, "tn race group 0": 8228.0, "tn race group 1": 1060.0, "tn sex group 0": 5566.0, "tn sex group 1": 3722.0, "tn subgroup 0": 5064.0, "tn subgroup 1": 3164.0, "tn_th": [0.0, 6137.0, 7534.0, 8416.0, 8970.0, 9288.0, 9482.0, 9683.0, 9786.0, 9800.0], "tn_th race group 0": [0.0, 5347.0, 6604.0, 7418.0, 7932.0, 8228.0, 8411.0, 8604.0, 8702.0, 8716.0], "tn_th race group 1": [0.0, 790.0, 930.0, 998.0, 1038.0, 1060.0, 1071.0, 1079.0, 1084.0, 1084.0], "tn_th sex group 0": [0.0, 3184.0, 4134.0, 4822.0, 5291.0, 5566.0, 5736.0, 5922.0, 6020.0, 6034.0], "tn_th sex group 1": [0.0, 2953.0, 3400.0, 3594.0, 3679.0, 3722.0, 3746.0, 3761.0, 3766.0, 3766.0], "tn_th subgroup 0": [0.0, 2843.0, 3719.0, 4367.0, 4804.0, 5064.0, 5228.0, 5407.0, 5500.0, 5514.0], "tn_th subgroup 1": [0.0, 2504.0, 2885.0, 3051.0, 3128.0, 3164.0, 3183.0, 3197.0, 3202.0, 3202.0], "tp": 1504.0, "tp race group 0": 1440.0, "tp race group 1": 64.0, "tp sex group 0": 1347.0, "tp sex group 1": 157.0, "tp subgroup 0": 1298.0, "tp subgroup 1": 142.0, "tp_th": [2997.0, 2837.0, 2576.0, 2232.0, 1836.0, 1504.0, 1230.0, 791.0, 343.0, 87.0], "tp_th race group 0": [2858.0, 2708.0, 2457.0, 2133.0, 1760.0, 1440.0, 1183.0, 763.0, 328.0, 84.0], "tp_th race group 1": [139.0, 129.0, 119.0, 99.0, 76.0, 64.0, 47.0, 28.0, 15.0, 3.0], "tp_th sex group 0": [2530.0, 2422.0, 2237.0, 1963.0, 1622.0, 1347.0, 1117.0, 723.0, 309.0, 76.0], "tp_th sex group 1": [467.0, 415.0, 339.0, 269.0, 214.0, 157.0, 113.0, 68.0, 34.0, 11.0], "tp_th subgroup 0": [2426.0, 2323.0, 2145.0, 1884.0, 1563.0, 1298.0, 1080.0, 703.0, 299.0, 75.0], "tp_th subgroup 1": [432.0, 385.0, 312.0, 249.0, 197.0, 142.0, 103.0, 60.0, 29.0, 9.0],