{"accuracy": 0.8418769240379333, "accuracy race group 0": 0.8350770473480225, "accuracy race group 1": 0.9059947729110718, "accuracy sex group 0": 0.80315101146698, "accuracy sex group 1": 0.919428825378418, "accuracy subgroup 0": 0.7978510856628418, "accuracy subgroup 1": 0.9152058959007263, "accuracy subgroup 2": 0.869072437286377, "accuracy subgroup 3": 0.9456127285957336, "auc": 0.9044485688209534, "auc race group 0": 0.9005683660507202, "auc race group 1": 0.9346402883529663, "auc sex group 0": 0.8825286626815796, "auc sex group 1": 0.9242294430732727, "auc subgroup 0": 0.8792795538902283, "auc subgroup 1": 0.9210811853408813, "auc subgroup 2": 0.9145299196243286, "auc subgroup 3": 0.9497009515762329, "aucpr": 0.773556113243103, "fn": 31196.0, "fn race group 0": 29628.0, "fn race group 1": 1568.0, "fn sex group 0": 25119.0, "fn sex group 1": 6077.0, "fn subgroup 0": 23990.0, "fn subgroup 1": 5638.0, "fn subgroup 2": 1129.0, "fn subgroup 3": 439.0, "fn_th": [0.0, 1135.0, 3964.0, 8992.0, 16757.0, 31196.0, 50500.0, 70681.0, 91479.0, 105135.0], "fn_th race group 0": [0.0, 1072.0, 3744.0, 8585.0, 15910.0, 29628.0, 47801.0, 67194.0, 87270.0, 100264.0], "fn_th race group 1": [0.0, 63.0, 220.0, 407.0, 847.0, 1568.0, 2699.0, 3487.0, 4209.0, 4871.0], "fn_th sex group 0": [0.0, 820.0, 2361.0, 6160.0, 12726.0, 25119.0, 41999.0, 59287.0, 77004.0, 88839.0], "fn_th sex group 1": [0.0, 315.0, 1603.0, 2832.0, 4031.0, 6077.0, 8501.0, 11394.0, 14475.0, 16296.0], "fn_th subgroup 0": [0.0, 757.0, 2235.0, 5972.0, 12192.0, 23990.0, 39927.0, 56585.0, 73737.0, 85099.0], "fn_th subgroup 1": [0.0, 315.0, 1509.0, 2613.0, 3718.0, 5638.0, 7874.0, 10609.0, 13533.0, 15165.0], "fn_th subgroup 2": [0.0, 63.0, 126.0, 188.0, 534.0, 1129.0, 2072.0, 2702.0, 3267.0, 3740.0], "fn_th subgroup 3": [0.0, 0.0, 94.0, 219.0, 313.0, 439.0, 627.0, 785.0, 942.0, 1131.0], "fnr": 0.25796955823898315, "fnr race group 0": 0.2569577693939209, "fnr race group 1": 0.27870601415634155, "fnr sex group 0": 0.24538421630859375, "fnr sex group 1": 0.32737165689468384, "fnr subgroup 0": 0.2446461319923401, "fnr subgroup 1": 0.3269732594490051, "fnr subgroup 2": 0.2621922791004181, "fnr subgroup 3": 0.3325757682323456, "fp": 49763.0, "fp race group 0": 46716.0, "fp race group 1": 3047.0, "fp sex group 0": 42101.0, "fp sex group 1": 7662.0, "fp subgroup 0": 39903.0, "fp subgroup 1": 6813.0, "fp subgroup 2": 2198.0, "fp subgroup 3": 849.0, "fp_th": [391071.0, 221657.0, 159774.0, 119079.0, 83855.0, 49763.0, 24054.0, 9279.0, 2015.0, 192.0], "fp_th race group 0": [347604.0, 201011.0, 147302.0, 110800.0, 78362.0, 46716.0, 22579.0, 8715.0, 1828.0, 192.0], "fp_th race group 1": [43467.0, 20646.0, 12472.0, 8279.0, 5493.0, 3047.0, 1475.0, 564.0, 187.0, 0.0], "fp_th sex group 0": [239114.0, 155208.0, 122710.0, 95731.0, 69630.0, 42101.0, 20129.0, 7989.0, 1702.0, 160.0], "fp_th sex group 1": [151957.0, 66449.0, 37064.0, 23348.0, 14225.0, 7662.0, 3925.0, 1290.0, 313.0, 32.0], "fp_th subgroup 0": [218009.0, 143424.0, 114762.0, 89929.0, 65580.0, 39903.0, 19063.0, 7550.0, 1546.0, 160.0], "fp_th subgroup 1": [129595.0, 57587.0, 32540.0, 20871.0, 12782.0, 6813.0, 3516.0, 1165.0, 282.0, 32.0], "fp_th subgroup 2": [21105.0, 11784.0, 7948.0, 5802.0, 4050.0, 2198.0, 1066.0, 439.0, 156.0, 0.0], "fp_th subgroup 3": [22362.0, 8862.0, 4524.0, 2477.0, 1443.0, 849.0, 409.0, 125.0, 31.0, 0.0], "fpr": 0.12724798917770386, "fpr race group 0": 0.1343943178653717, "fpr race group 1": 0.07009915262460709, "fpr sex group 0": 0.17607082426548004, "fpr sex group 1": 0.05042215809226036, "fpr subgroup 0": 0.18303373456001282, "fpr subgroup 1": 0.05257147178053856, "fpr subgroup 2": 0.10414593666791916, "fpr subgroup 3": 0.03796619176864624, "loss": 0.9900479316711426, "precision": 0.6432657837867737, "precision race group 0": 0.6471361517906189, "precision race group 1": 0.571147084236145, "precision sex group 0": 0.6472416520118713, "precision sex group 1": 0.6197141408920288, "precision subgroup 0": 0.6498907804489136, "precision subgroup 1": 0.6300901174545288, "precision subgroup 2": 0.591069757938385, "precision subgroup 3": 0.5092485547065735, "precision_th": [0.23618945479393005, 0.3508380353450775, 0.42265456914901733, 0.48454219102859497, 0.5540268421173096, 0.6432657837867737, 0.7454144954681396, 0.8441211581230164, 0.935960590839386, 0.9879894852638245], "precision_th race group 0": [0.24908459186553955, 0.3623597025871277, 0.430961012840271, 0.4906168580055237, 0.5591572523117065, 0.6471361517906189, 0.7493478059768677, 0.8466317057609558, 0.9387830495834351, 0.9873941540718079], "precision_th race group 1": [0.1145988255739212, 0.2122553288936615, 0.30238282680511475, 0.38664987683296204, 0.4652453362941742, 0.571147084236145, 0.6649250388145447, 0.7913429737091064, 0.883416473865509, 1.0], "precision_th sex group 0": [0.29977157711982727, 0.39549919962882996, 0.44902679324150085, 0.5012373924255371, 0.5628178715705872, 0.6472416520118713, 0.749937891960144, 0.8435615301132202, 0.937112033367157, 0.9883100986480713], "precision_th sex group 1": [0.10886113345623016, 0.21545037627220154, 0.3139345347881317, 0.4025435745716095, 0.5053378343582153, 0.6197141408920288, 0.7193822860717773, 0.8474997282028198, 0.9288797974586487, 0.9860808849334717], "precision_th subgroup 0": [0.3102487027645111, 0.40420475602149963, 0.45503759384155273, 0.5059307813644409, 0.5669800639152527, 0.6498907804489136, 0.7530571818351746, 0.8459969162940979, 0.9402373433113098, 0.9878057837486267], "precision_th subgroup 1": [0.1174287274479866, 0.2271757423877716, 0.3259311318397522, 0.41210106015205383, 0.5141217112541199, 0.6300901174545288, 0.7271245718002319, 0.8506218791007996, 0.929358720779419, 0.9848341345787048], "precision_th subgroup 2": [0.1694541722536087, 0.2647407352924347, 0.3446570038795471, 0.4151209592819214, 0.482229620218277, 0.591069757938385, 0.6769697070121765, 0.7851199507713318, 0.8694560527801514, 1.0], "precision_th subgroup 3": [0.05573853477835655, 0.12964054942131042, 0.21321739256381989, 0.3077138066291809, 0.4110203981399536, 0.5092485547065735, 0.6288565993309021, 0.810606062412262, 0.9242053627967834, 1.0], "recall": 0.7420304417610168, "recall race group 0": 0.7430422306060791, "recall race group 1": 0.7212939858436584, "recall sex group 0": 0.7546157836914062, "recall sex group 1": 0.6726283431053162, "recall subgroup 0": 0.7553538680076599, "recall subgroup 1": 0.6730267405509949, "recall subgroup 2": 0.7378076910972595, "recall subgroup 3": 0.6674242615699768, "recall_th": [1.0, 0.9906143546104431, 0.9672204256057739, 0.9256423115730286, 0.8614310622215271, 0.7420304417610168, 0.5823996067047119, 0.41551655530929565, 0.24353133141994476, 0.1306055635213852], "recall_th race group 0": [1.0, 0.990702748298645, 0.9675290584564209, 0.925544023513794, 0.8620157241821289, 0.7430422306060791, 0.5854314565658569, 0.417239785194397, 0.24312463402748108, 0.13043025135993958], "recall_th race group 1": [1.0, 0.9888020157814026, 0.960895836353302, 0.9276573061943054, 0.8494489789009094, 0.7212939858436584, 0.5202630758285522, 0.3801990747451782, 0.25186634063720703, 0.1341983675956726], "recall_th sex group 0": [1.0, 0.9919895529747009, 0.9769356846809387, 0.9398237466812134, 0.8756814002990723, 0.7546157836914062, 0.5897172689437866, 0.4208330810070038, 0.24775804579257965, 0.13214348256587982], "recall_th sex group 1": [1.0, 0.9830307364463806, 0.9136454463005066, 0.8474384546279907, 0.7828475832939148, 0.6726283431053162, 0.5420460104942322, 0.38619834184646606, 0.22022302448749542, 0.12212465703487396], "recall_th subgroup 0": [1.0, 0.9922802448272705, 0.9772078394889832, 0.9390985369682312, 0.875667929649353, 0.7553538680076599, 0.5928308963775635, 0.42295533418655396, 0.2480420172214508, 0.13217417895793915], "recall_th subgroup 1": [1.0, 0.9817317128181458, 0.9124862551689148, 0.8484602570533752, 0.7843762636184692, 0.6730267405509949, 0.5433509349822998, 0.3847358226776123, 0.21515977382659912, 0.12051267176866531],