{"accuracy": 0.841796875, "accuracy race group 0": 0.8343266844749451, "accuracy race group 1": 0.9125102162361145, "accuracy sex group 0": 0.8030815720558167, "accuracy sex group 1": 0.9201511740684509, "accuracy subgroup 0": 0.797809362411499, "accuracy subgroup 1": 0.9141442179679871, "auc": 0.8768420815467834, "auc race group 0": 0.8727332949638367, "auc race group 1": 0.9055688977241516, "auc sex group 0": 0.8590108752250671, "auc sex group 1": 0.8779841065406799, "auc subgroup 0": 0.8546143174171448, "auc subgroup 1": 0.8782297372817993, "aucpr": 0.727260172367096, "fn": 1435.0, "fn race group 0": 1359.0, "fn race group 1": 76.0, "fn sex group 0": 1150.0, "fn sex group 1": 285.0, "fn subgroup 0": 1093.0, "fn subgroup 1": 266.0, "fn_th": [0.0, 180.0, 455.0, 769.0, 1103.0, 1435.0, 1754.0, 2251.0, 2691.0, 2917.0], "fn_th race group 0": [0.0, 171.0, 430.0, 728.0, 1048.0, 1359.0, 1667.0, 2141.0, 2568.0, 2781.0], "fn_th race group 1": [0.0, 9.0, 25.0, 41.0, 55.0, 76.0, 87.0, 110.0, 123.0, 136.0], "fn_th sex group 0": [0.0, 125.0, 340.0, 596.0, 870.0, 1150.0, 1414.0, 1862.0, 2256.0, 2463.0], "fn_th sex group 1": [0.0, 55.0, 115.0, 173.0, 233.0, 285.0, 340.0, 389.0, 435.0, 454.0], "fn_th subgroup 0": [0.0, 121.0, 325.0, 568.0, 831.0, 1093.0, 1347.0, 1780.0, 2162.0, 2360.0], "fn_th subgroup 1": [0.0, 50.0, 105.0, 160.0, 217.0, 266.0, 320.0, 361.0, 406.0, 421.0], "fnr": 0.47881215810775757, "fnr race group 0": 0.47550734877586365, "fnr race group 1": 0.5467625856399536, "fnr sex group 0": 0.4545454680919647, "fnr sex group 1": 0.6102783679962158, "fnr subgroup 0": 0.4505358636379242, "fnr subgroup 1": 0.6157407164573669, "fp": 590.0, "fp race group 0": 559.0, "fp race group 1": 31.0, "fp sex group 0": 537.0, "fp sex group 1": 53.0, "fp subgroup 0": 513.0, "fp subgroup 1": 46.0, "fp_th": [9803.0, 3534.0, 2292.0, 1464.0, 934.0, 590.0, 327.0, 108.0, 19.0, 2.0], "fp_th race group 0": [8719.0, 3267.0, 2132.0, 1372.0, 884.0, 559.0, 314.0, 106.0, 19.0, 2.0], "fp_th race group 1": [1084.0, 267.0, 160.0, 92.0, 50.0, 31.0, 13.0, 2.0, 0.0, 0.0], "fp_th sex group 0": [6037.0, 2667.0, 1836.0, 1211.0, 816.0, 537.0, 302.0, 101.0, 19.0, 2.0], "fp_th sex group 1": [3766.0, 867.0, 456.0, 253.0, 118.0, 53.0, 25.0, 7.0, 0.0, 0.0], "fp_th subgroup 0": [5517.0, 2516.0, 1739.0, 1154.0, 782.0, 513.0, 292.0, 99.0, 19.0, 2.0], "fp_th subgroup 1": [3202.0, 751.0, 393.0, 218.0, 102.0, 46.0, 22.0, 7.0, 0.0, 0.0], "fpr": 0.06018565595149994, "fpr race group 0": 0.06411285698413849, "fpr race group 1": 0.028597785159945488, "fpr sex group 0": 0.0889514684677124, "fpr sex group 1": 0.014073287136852741, "fpr subgroup 0": 0.09298531711101532, "fpr subgroup 1": 0.014366021379828453, "loss": 0.3384714126586914, "precision": 0.725836455821991, "precision race group 0": 0.7283770442008972, "precision race group 1": 0.6702127456665039, "precision sex group 0": 0.7198747992515564, "precision sex group 1": 0.7744680643081665, "precision subgroup 0": 0.7221018671989441, "precision subgroup 1": 0.7830188870429993, "precision_th": [0.23414061963558197, 0.4435521960258484, 0.5258585214614868, 0.6034669280052185, 0.6697312593460083, 0.725836455821991, 0.7917197346687317, 0.8735362887382507, 0.9415384531021118, 0.9756097793579102], "precision_th race group 0": [0.2468687891960144, 0.4512932598590851, 0.5324561595916748, 0.6082238554954529, 0.6718633770942688, 0.7283770442008972, 0.7913621068000793, 0.8712029457092285, 0.938511312007904, 0.9746835231781006], "precision_th race group 1": [0.11365494877099991, 0.32745590806007385, 0.41605839133262634, 0.5157894492149353, 0.6268656849861145, 0.6702127456665039, 0.800000011920929, 0.9354838728904724, 1.0, 1.0], "precision_th sex group 0": [0.29531925916671753, 0.4741719365119934, 0.5439642071723938, 0.614944338798523, 0.6704362034797668, 0.7198747992515564, 0.7870239615440369, 0.868660569190979, 0.935153603553772, 0.9710144996643066], "precision_th sex group 1": [0.11032364517450333, 0.3221266567707062, 0.4356435537338257, 0.5374771356582642, 0.6647727489471436, 0.7744680643081665, 0.8355262875556946, 0.9176470637321472, 1.0, 1.0], "precision_th subgroup 0": [0.30542615056037903, 0.47811657190322876, 0.5471354126930237, 0.616865873336792, 0.6710138916969299, 0.7221018671989441, 0.787016749382019, 0.8671140670776367, 0.9328621625900269, 0.970588207244873], "precision_th subgroup 1": [0.11887726932764053, 0.3371579945087433, 0.4541666805744171, 0.5551020503044128, 0.6782334446907043, 0.7830188870429993, 0.8358209133148193, 0.9102563858032227, 1.0, 1.0], "recall": 0.5211878418922424, "recall race group 0": 0.5244926810264587, "recall race group 1": 0.4532374143600464, "recall sex group 0": 0.5454545617103577, "recall sex group 1": 0.3897216320037842, "recall subgroup 0": 0.5494641661643982, "recall subgroup 1": 0.38425925374031067, "recall_th": [1.0, 0.9399399161338806, 0.8481814861297607, 0.743410050868988, 0.6319652795791626, 0.5211878418922424, 0.41474807262420654, 0.24891558289527893, 0.10210210084915161, 0.02669336088001728], "recall_th race group 0": [1.0, 0.9401679635047913, 0.8495451211929321, 0.7452763915061951, 0.6333100199699402, 0.5244926810264587, 0.4167249798774719, 0.25087472796440125, 0.10146956145763397, 0.026941917836666107], "recall_th race group 1": [1.0, 0.935251772403717, 0.8201438784599304, 0.7050359845161438, 0.6043165326118469, 0.4532374143600464, 0.3741007149219513, 0.20863309502601624, 0.11510791629552841, 0.02158273383975029], "recall_th sex group 0": [1.0, 0.9505928754806519, 0.8656126260757446, 0.7644268870353699, 0.6561264991760254, 0.5454545617103577, 0.4411067068576813, 0.26403161883354187, 0.10830039530992508, 0.02648221328854561], "recall_th sex group 1": [1.0, 0.8822270035743713, 0.7537473440170288, 0.6295503377914429, 0.5010706782341003, 0.3897216320037842, 0.27194860577583313, 0.16702355444431305, 0.06852248311042786, 0.02783725969493389], "recall_th subgroup 0": [1.0, 0.95012366771698, 0.8660346269607544, 0.7658697366714478, 0.6574608683586121, 0.5494641661643982, 0.44476503133773804, 0.26628193259239197, 0.10882110148668289, 0.027205275371670723], "recall_th subgroup 1": [1.0, 0.8842592835426331, 0.7569444179534912, 0.6296296119689941, 0.49768519401550293, 0.38425925374031067, 0.25925925374031067, 0.16435185074806213, 0.06018518656492233, 0.025462962687015533], "tn": 9213.0, "tn race group 0": 8160.0, "tn race group 1": 1053.0, "tn sex group 0": 5500.0, "tn sex group 1": 3713.0, "tn subgroup 0": 5004.0, "tn subgroup 1": 3156.0, "tn_th": [0.0, 6269.0, 7511.0, 8339.0, 8869.0, 9213.0, 9476.0, 9695.0, 9784.0, 9801.0], "tn_th race group 0": [0.0, 5452.0, 6587.0, 7347.0, 7835.0, 8160.0, 8405.0, 8613.0, 8700.0, 8717.0], "tn_th race group 1": [0.0, 817.0, 924.0, 992.0, 1034.0, 1053.0, 1071.0, 1082.0, 1084.0, 1084.0], "tn_th sex group 0": [0.0, 3370.0, 4201.0, 4826.0, 5221.0, 5500.0, 5735.0, 5936.0, 6018.0, 6035.0], "tn_th sex group 1": [0.0, 2899.0, 3310.0, 3513.0, 3648.0, 3713.0, 3741.0, 3759.0, 3766.0, 3766.0], "tn_th subgroup 0": [0.0, 3001.0, 3778.0, 4363.0, 4735.0, 5004.0, 5225.0, 5418.0, 5498.0, 5515.0], "tn_th subgroup 1": [0.0, 2451.0, 2809.0, 2984.0, 3100.0, 3156.0, 3180.0, 3195.0, 3202.0, 3202.0], "tp": 1562.0, "tp race group 0": 1499.0, "tp race group 1": 63.0, "tp sex group 0": 1380.0, "tp sex group 1": 182.0, "tp subgroup 0": 1333.0, "tp subgroup 1": 166.0, "tp_th": [2997.0, 2817.0, 2542.0, 2228.0, 1894.0, 1562.0, 1243.0, 746.0, 306.0, 80.0], "tp_th race group 0": [2858.0, 2687.0, 2428.0, 2130.0, 1810.0, 1499.0, 1191.0, 717.0, 290.0, 77.0], "tp_th race group 1": [139.0, 130.0, 114.0, 98.0, 84.0, 63.0, 52.0, 29.0, 16.0, 3.0], "tp_th sex group 0": [2530.0, 2405.0, 2190.0, 1934.0, 1660.0, 1380.0, 1116.0, 668.0, 274.0, 67.0], "tp_th sex group 1": [467.0, 412.0, 352.0, 294.0, 234.0, 182.0, 127.0, 78.0, 32.0, 13.0], "tp_th subgroup 0": [2426.0, 2305.0, 2101.0, 1858.0, 1595.0, 1333.0, 1079.0, 646.0, 264.0, 66.0], "tp_th subgroup 1": [432.0, 382.0, 327.0, 272.0, 215.0, 166.0, 112.0, 71.0, 26.0, 11.0],