{"accuracy": 0.8388281464576721, "accuracy race group 0": 0.8301805257797241, "accuracy race group 1": 0.9206868410110474, "accuracy sex group 0": 0.7998132109642029, "accuracy sex group 1": 0.9177888035774231, "accuracy subgroup 0": 0.7934029698371887, "accuracy subgroup 1": 0.9105668663978577, "auc": 0.8801320791244507, "auc race group 0": 0.8757005333900452, "auc race group 1": 0.9128892421722412, "auc sex group 0": 0.8599517345428467, "auc sex group 1": 0.8828018307685852, "auc subgroup 0": 0.8558957576751709, "auc subgroup 1": 0.8813849091529846, "aucpr": 0.7229382395744324, "fn": 1454.0, "fn race group 0": 1380.0, "fn race group 1": 74.0, "fn sex group 0": 1146.0, "fn sex group 1": 308.0, "fn subgroup 0": 1091.0, "fn subgroup 1": 289.0, "fn_th": [0.0, 148.0, 418.0, 767.0, 1138.0, 1454.0, 1796.0, 2333.0, 2745.0, 2927.0], "fn_th race group 0": [0.0, 141.0, 393.0, 726.0, 1072.0, 1380.0, 1702.0, 2217.0, 2615.0, 2791.0], "fn_th race group 1": [0.0, 7.0, 25.0, 41.0, 66.0, 74.0, 94.0, 116.0, 130.0, 136.0], "fn_th sex group 0": [0.0, 91.0, 291.0, 574.0, 883.0, 1146.0, 1431.0, 1920.0, 2300.0, 2471.0], "fn_th sex group 1": [0.0, 57.0, 127.0, 193.0, 255.0, 308.0, 365.0, 413.0, 445.0, 456.0], "fn_th subgroup 0": [0.0, 89.0, 277.0, 546.0, 833.0, 1091.0, 1361.0, 1833.0, 2201.0, 2368.0], "fn_th subgroup 1": [0.0, 52.0, 116.0, 180.0, 239.0, 289.0, 341.0, 384.0, 414.0, 423.0], "fnr": 0.48515182733535767, "fnr race group 0": 0.4828551411628723, "fnr race group 1": 0.5323740839958191, "fnr sex group 0": 0.4529644250869751, "fnr sex group 1": 0.659528911113739, "fnr subgroup 0": 0.44971147179603577, "fnr subgroup 1": 0.6689814925193787, "fp": 609.0, "fp race group 0": 586.0, "fp race group 1": 23.0, "fp sex group 0": 569.0, "fp sex group 1": 40.0, "fp subgroup 0": 550.0, "fp subgroup 1": 36.0, "fp_th": [9803.0, 3736.0, 2324.0, 1455.0, 918.0, 609.0, 320.0, 88.0, 11.0, 1.0], "fp_th race group 0": [8719.0, 3457.0, 2171.0, 1377.0, 875.0, 586.0, 309.0, 86.0, 11.0, 1.0], "fp_th race group 1": [1084.0, 279.0, 153.0, 78.0, 43.0, 23.0, 11.0, 2.0, 0.0, 0.0], "fp_th sex group 0": [6037.0, 2917.0, 1951.0, 1278.0, 830.0, 569.0, 305.0, 87.0, 11.0, 1.0], "fp_th sex group 1": [3766.0, 819.0, 373.0, 177.0, 88.0, 40.0, 15.0, 1.0, 0.0, 0.0], "fp_th subgroup 0": [5517.0, 2737.0, 1850.0, 1220.0, 795.0, 550.0, 295.0, 85.0, 11.0, 1.0], "fp_th subgroup 1": [3202.0, 720.0, 321.0, 157.0, 80.0, 36.0, 14.0, 1.0, 0.0, 0.0], "fpr": 0.06212383881211281, "fpr race group 0": 0.06720954179763794, "fpr race group 1": 0.0212177112698555, "fpr sex group 0": 0.09425210952758789, "fpr sex group 1": 0.010621349327266216, "fpr subgroup 0": 0.09969186037778854, "fpr subgroup 1": 0.011242972686886787, "loss": 0.33947643637657166, "precision": 0.7170074582099915, "precision race group 0": 0.7160852551460266, "precision race group 1": 0.7386363744735718, "precision sex group 0": 0.7086533308029175, "precision sex group 1": 0.7989949584007263, "precision subgroup 0": 0.7082228064537048, "precision subgroup 1": 0.7988826632499695, "precision_th": [0.23414061963558197, 0.43264997005462646, 0.5260044932365417, 0.6051560640335083, 0.6694274544715881, 0.7170074582099915, 0.7896121144294739, 0.8829787373542786, 0.9581748843193054, 0.98591548204422], "precision_th race group 0": [0.2468687891960144, 0.4400712549686432, 0.5317083597183228, 0.6075804829597473, 0.6711762547492981, 0.7160852551460266, 0.7890784740447998, 0.881705641746521, 0.9566929340362549, 0.9852941036224365], "precision_th race group 1": [0.11365494877099991, 0.32116788625717163, 0.42696627974510193, 0.5568181872367859, 0.6293103694915771, 0.7386363744735718, 0.8035714030265808, 0.9200000166893005, 1.0, 1.0], "precision_th sex group 0": [0.29531925916671753, 0.45537716150283813, 0.534367561340332, 0.6048237681388855, 0.6649172306060791, 0.7086533308029175, 0.7827635407447815, 0.8751793503761292, 0.954356849193573, 0.9833333492279053], "precision_th sex group 1": [0.11032364517450333, 0.3336045444011688, 0.47685834765434265, 0.6075388193130493, 0.7066666483879089, 0.7989949584007263, 0.8717948794364929, 0.9818181991577148, 1.0, 1.0], "precision_th subgroup 0": [0.30542615056037903, 0.460583359003067, 0.5373843312263489, 0.6064516305923462, 0.6670854091644287, 0.7082228064537048, 0.783088207244873, 0.8746312856674194, 0.9533898234367371, 0.9830508232116699], "precision_th subgroup 1": [0.11887726932764053, 0.34545454382896423, 0.4960753619670868, 0.616136908531189, 0.7069597244262695, 0.7988826632499695, 0.8666666746139526, 0.9795918464660645, 1.0, 1.0], "recall": 0.5148481726646423, "recall race group 0": 0.5171448588371277, "recall race group 1": 0.4676258862018585, "recall sex group 0": 0.5470355749130249, "recall sex group 1": 0.340471088886261, "recall subgroup 0": 0.5502885580062866, "recall subgroup 1": 0.33101850748062134, "recall_th": [1.0, 0.9506173133850098, 0.8605272173881531, 0.7440773844718933, 0.6202869415283203, 0.5148481726646423, 0.4007340669631958, 0.22155489027500153, 0.08408408612012863, 0.023356689140200615], "recall_th race group 0": [1.0, 0.9506648182868958, 0.862491250038147, 0.7459762096405029, 0.6249125003814697, 0.5171448588371277, 0.40447866916656494, 0.22428271174430847, 0.08502449095249176, 0.023442966863512993], "recall_th race group 1": [1.0, 0.9496402740478516, 0.8201438784599304, 0.7050359845161438, 0.5251798629760742, 0.4676258862018585, 0.32374101877212524, 0.16546761989593506, 0.06474819779396057, 0.02158273383975029], "recall_th sex group 0": [1.0, 0.9640316367149353, 0.8849802613258362, 0.7731225490570068, 0.6509881615638733, 0.5470355749130249, 0.43438735604286194, 0.24110671877861023, 0.09090909361839294, 0.023320158943533897], "recall_th sex group 1": [1.0, 0.8779443502426147, 0.7280513644218445, 0.5867237448692322, 0.45396146178245544, 0.340471088886261, 0.21841542422771454, 0.11563169211149216, 0.0471092090010643, 0.02355460450053215], "recall_th subgroup 0": [1.0, 0.9633141160011292, 0.8858202695846558, 0.77493816614151, 0.6566364169120789, 0.5502885580062866, 0.43899422883987427, 0.24443528056144714, 0.09274525940418243, 0.02390766702592373], "recall_th subgroup 1": [1.0, 0.8796296119689941, 0.7314814925193787, 0.5833333134651184, 0.44675925374031067, 0.33101850748062134, 0.21064814925193787, 0.1111111119389534, 0.0416666679084301, 0.02083333395421505], "tn": 9194.0, "tn race group 0": 8133.0, "tn race group 1": 1061.0, "tn sex group 0": 5468.0, "tn sex group 1": 3726.0, "tn subgroup 0": 4967.0, "tn subgroup 1": 3166.0, "tn_th": [0.0, 6067.0, 7479.0, 8348.0, 8885.0, 9194.0, 9483.0, 9715.0, 9792.0, 9802.0], "tn_th race group 0": [0.0, 5262.0, 6548.0, 7342.0, 7844.0, 8133.0, 8410.0, 8633.0, 8708.0, 8718.0], "tn_th race group 1": [0.0, 805.0, 931.0, 1006.0, 1041.0, 1061.0, 1073.0, 1082.0, 1084.0, 1084.0], "tn_th sex group 0": [0.0, 3120.0, 4086.0, 4759.0, 5207.0, 5468.0, 5732.0, 5950.0, 6026.0, 6036.0], "tn_th sex group 1": [0.0, 2947.0, 3393.0, 3589.0, 3678.0, 3726.0, 3751.0, 3765.0, 3766.0, 3766.0], "tn_th subgroup 0": [0.0, 2780.0, 3667.0, 4297.0, 4722.0, 4967.0, 5222.0, 5432.0, 5506.0, 5516.0], "tn_th subgroup 1": [0.0, 2482.0, 2881.0, 3045.0, 3122.0, 3166.0, 3188.0, 3201.0, 3202.0, 3202.0], "tp": 1543.0, "tp race group 0": 1478.0, "tp race group 1": 65.0, "tp sex group 0": 1384.0, "tp sex group 1": 159.0, "tp subgroup 0": 1335.0, "tp subgroup 1": 143.0, "tp_th": [2997.0, 2849.0, 2579.0, 2230.0, 1859.0, 1543.0, 1201.0, 664.0, 252.0, 70.0], "tp_th race group 0": [2858.0, 2717.0, 2465.0, 2132.0, 1786.0, 1478.0, 1156.0, 641.0, 243.0, 67.0], "tp_th race group 1": [139.0, 132.0, 114.0, 98.0, 73.0, 65.0, 45.0, 23.0, 9.0, 3.0], "tp_th sex group 0": [2530.0, 2439.0, 2239.0, 1956.0, 1647.0, 1384.0, 1099.0, 610.0, 230.0, 59.0], "tp_th sex group 1": [467.0, 410.0, 340.0, 274.0, 212.0, 159.0, 102.0, 54.0, 22.0, 11.0], "tp_th subgroup 0": [2426.0, 2337.0, 2149.0, 1880.0, 1593.0, 1335.0, 1065.0, 593.0, 225.0, 58.0], "tp_th subgroup 1": [432.0, 380.0, 316.0, 252.0, 193.0, 143.0, 91.0, 48.0, 18.0, 9.0],