{"accuracy": 0.8380253911018372, "accuracy race group 0": 0.8319057822227478, "accuracy race group 1": 0.8957285284996033, "accuracy sex group 0": 0.7991214990615845, "accuracy sex group 1": 0.9159336090087891, "accuracy subgroup 0": 0.7944942116737366, "accuracy subgroup 1": 0.9124341011047363, "accuracy subgroup 2": 0.8566762208938599, "accuracy subgroup 3": 0.9376319646835327, "auc": 0.9046361446380615, "auc race group 0": 0.900680422782898, "auc race group 1": 0.9339521527290344, "auc sex group 0": 0.8812362551689148, "auc sex group 1": 0.9291766881942749, "auc subgroup 0": 0.8777834177017212, "auc subgroup 1": 0.9267632961273193, "auc subgroup 2": 0.9148716330528259, "auc subgroup 3": 0.9456263780593872, "aucpr": 0.7724897861480713, "fn": 29570.0, "fn race group 0": 27970.0, "fn race group 1": 1600.0, "fn sex group 0": 23677.0, "fn sex group 1": 5893.0, "fn subgroup 0": 22548.0, "fn subgroup 1": 5422.0, "fn subgroup 2": 1129.0, "fn subgroup 3": 471.0, "fn_th": [0.0, 882.0, 3588.0, 8554.0, 16196.0, 29570.0, 48409.0, 68796.0, 88875.0, 104100.0], "fn_th race group 0": [0.0, 819.0, 3368.0, 8052.0, 15444.0, 27970.0, 45770.0, 65246.0, 84729.0, 99355.0], "fn_th race group 1": [0.0, 63.0, 220.0, 502.0, 752.0, 1600.0, 2639.0, 3550.0, 4146.0, 4745.0], "fn_th sex group 0": [0.0, 599.0, 2173.0, 5660.0, 12103.0, 23677.0, 40315.0, 57966.0, 75185.0, 87931.0], "fn_th sex group 1": [0.0, 283.0, 1415.0, 2894.0, 4093.0, 5893.0, 8094.0, 10830.0, 13690.0, 16169.0], "fn_th subgroup 0": [0.0, 536.0, 2047.0, 5408.0, 11664.0, 22548.0, 38241.0, 55169.0, 71887.0, 84285.0], "fn_th subgroup 1": [0.0, 283.0, 1321.0, 2644.0, 3780.0, 5422.0, 7529.0, 10077.0, 12842.0, 15070.0], "fn_th subgroup 2": [0.0, 63.0, 126.0, 252.0, 439.0, 1129.0, 2074.0, 2797.0, 3298.0, 3646.0], "fn_th subgroup 3": [0.0, 0.0, 94.0, 250.0, 313.0, 471.0, 565.0, 753.0, 848.0, 1099.0], "fnr": 0.24452364444732666, "fnr race group 0": 0.24257825314998627, "fnr race group 1": 0.28439387679100037, "fnr sex group 0": 0.23129750788211823, "fnr sex group 1": 0.31745946407318115, "fnr subgroup 0": 0.22994084656238556, "fnr subgroup 1": 0.31444644927978516, "fnr subgroup 2": 0.2621922791004181, "fnr subgroup 3": 0.35681816935539246, "fp": 53361.0, "fp race group 0": 49842.0, "fp race group 1": 3519.0, "fp sex group 0": 44919.0, "fp sex group 1": 8442.0, "fp subgroup 0": 42406.0, "fp subgroup 1": 7436.0, "fp subgroup 2": 2513.0, "fp subgroup 3": 1006.0, "fp_th": [391071.0, 223640.0, 163456.0, 121107.0, 86781.0, 53361.0, 26195.0, 10345.0, 2461.0, 254.0], "fp_th race group 0": [347604.0, 203271.0, 150607.0, 112949.0, 81255.0, 49842.0, 24625.0, 9623.0, 2274.0, 254.0], "fp_th race group 1": [43467.0, 20369.0, 12849.0, 8158.0, 5526.0, 3519.0, 1570.0, 722.0, 187.0, 0.0], "fp_th sex group 0": [239114.0, 156781.0, 125295.0, 97348.0, 72458.0, 44919.0, 22013.0, 8867.0, 2146.0, 254.0], "fp_th sex group 1": [151957.0, 66859.0, 38161.0, 23759.0, 14323.0, 8442.0, 4182.0, 1478.0, 315.0, 0.0], "fp_th subgroup 0": [218009.0, 145213.0, 117187.0, 91637.0, 68469.0, 42406.0, 20885.0, 8302.0, 1990.0, 254.0], "fp_th subgroup 1": [129595.0, 58058.0, 33420.0, 21312.0, 12786.0, 7436.0, 3740.0, 1321.0, 284.0, 0.0], "fp_th subgroup 2": [21105.0, 11568.0, 8108.0, 5711.0, 3989.0, 2513.0, 1128.0, 565.0, 156.0, 0.0], "fp_th subgroup 3": [22362.0, 8801.0, 4741.0, 2447.0, 1537.0, 1006.0, 442.0, 157.0, 31.0, 0.0], "fpr": 0.13644836843013763, "fpr race group 0": 0.1433873027563095, "fpr race group 1": 0.08095797151327133, "fpr sex group 0": 0.18785600364208221, "fpr sex group 1": 0.05555519089102745, "fpr subgroup 0": 0.1945149004459381, "fpr subgroup 1": 0.05737875774502754, "fpr subgroup 2": 0.11907131224870682, "fpr subgroup 3": 0.0449870303273201, "loss": 0.9899002909660339, "precision": 0.6312810778617859, "precision race group 0": 0.6366539001464844, "precision race group 1": 0.5335984230041504, "precision sex group 0": 0.6366012096405029, "precision sex group 1": 0.6001326441764832, "precision subgroup 0": 0.6403772234916687, "precision subgroup 1": 0.613854706287384, "precision subgroup 2": 0.5583480000495911, "precision subgroup 3": 0.45768195390701294, "precision_th": [0.23618945479393005, 0.3492916524410248, 0.41788551211357117, 0.4813004732131958, 0.546868622303009, 0.6312810778617859, 0.7346401214599609, 0.834421694278717, 0.9286976456642151, 0.9851314425468445], "precision_th race group 0": [0.24908459186553955, 0.36029016971588135, 0.42635083198547363, 0.4870617687702179, 0.5513598918914795, 0.6366539001464844, 0.738471508026123, 0.8387566804885864, 0.930772066116333, 0.9843229055404663], "precision_th race group 1": [0.1145988255739212, 0.2145226001739502, 0.29613804817199707, 0.3857852816581726, 0.4686538577079773, 0.5335984230041504, 0.6554750800132751, 0.7419585585594177, 0.8878224492073059, 1.0], "precision_th sex group 0": [0.29977157711982727, 0.3936097025871277, 0.44433850049972534, 0.49834582209587097, 0.5547102093696594, 0.6366012096405029, 0.7381399869918823, 0.833536684513092, 0.9268251061439514, 0.9827081561088562], "precision_th sex group 1": [0.10886113345623016, 0.21470771729946136, 0.3100399672985077, 0.3974079191684723, 0.5025526881217957, 0.6001326441764832, 0.7145587205886841, 0.8395397067070007, 0.9392829537391663, 1.0], "precision_th subgroup 0": [0.3102487027645111, 0.40176817774772644, 0.4503423869609833, 0.5027538537979126, 0.5578794479370117, 0.6403772234916687, 0.7412148118019104, 0.8378294110298157, 0.9293398857116699, 0.9818946719169617], "precision_th subgroup 1": [0.1174287274479866, 0.2260790765285492, 0.3226865530014038, 0.40653282403945923, 0.5128957033157349, 0.613854706287384, 0.7220157384872437, 0.8443501591682434, 0.9393810033798218, 1.0], "precision_th subgroup 2": [0.1694541722536087, 0.2683574855327606, 0.3401692807674408, 0.41515615582466125, 0.4922352433204651, 0.5583480000495911, 0.6642857193946838, 0.7275795340538025, 0.8659793734550476, 1.0], "precision_th subgroup 3": [0.05573853477835655, 0.13042189180850983, 0.20546337962150574, 0.3042365610599518, 0.3958333432674408, 0.45768195390701294, 0.6307435035705566, 0.7831491827964783, 0.9383698105812073, 1.0], "recall": 0.7554763555526733, "recall race group 0": 0.7574217319488525, "recall race group 1": 0.7156060934066772, "recall sex group 0": 0.768702507019043, "recall sex group 1": 0.6825405359268188, "recall subgroup 0": 0.7700591683387756, "recall subgroup 1": 0.6855535507202148, "recall subgroup 2": 0.7378076910972595, "recall subgroup 3": 0.6431818008422852, "recall_th": [1.0, 0.9927064776420593, 0.9703297019004822, 0.9292643070220947, 0.8660701513290405, 0.7554763555526733, 0.5996907353401184, 0.43110421299934387, 0.26506462693214417, 0.1391642987728119], "recall_th race group 0": [1.0, 0.9928969740867615, 0.9707900285720825, 0.9301666021347046, 0.866057276725769, 0.7574217319488525, 0.6030458807945251, 0.43413442373275757, 0.26516222953796387, 0.13831382989883423], "recall_th race group 1": [1.0, 0.9888020157814026, 0.960895836353302, 0.9107714295387268, 0.866334855556488, 0.7156060934066772, 0.530927836894989, 0.3690010607242584, 0.26306435465812683, 0.156594380736351], "recall_th sex group 0": [1.0, 0.9941484332084656, 0.9787722229957581, 0.9447082281112671, 0.8817673921585083, 0.768702507019043, 0.6061680912971497, 0.43373775482177734, 0.265527606010437, 0.14101362228393555], "recall_th sex group 1": [1.0, 0.9847546219825745, 0.9237731099128723, 0.8440984487533569, 0.7795076370239258, 0.6825405359268188, 0.5639713406562805, 0.4165813624858856, 0.2625114619731903, 0.12896622717380524], "recall_th subgroup 0": [1.0, 0.9945339560508728, 0.9791250228881836, 0.9448500871658325, 0.8810524344444275, 0.7700591683387756, 0.6100244522094727, 0.43739548325538635, 0.26690801978111267, 0.14047521352767944], "recall_th subgroup 1": [1.0, 0.9835875630378723, 0.923389196395874, 0.8466624021530151, 0.7807806134223938, 0.6855535507202148, 0.5633590221405029, 0.41558894515037537, 0.2552340030670166, 0.12602216005325317],