{"accuracy": 0.8443750143051147, "accuracy race group 0": 0.836572527885437, "accuracy race group 1": 0.9182338714599609, "accuracy sex group 0": 0.8065834045410156, "accuracy sex group 1": 0.9208599328994751, "accuracy subgroup 0": 0.8008309006690979, "accuracy subgroup 1": 0.9146945476531982, "auc": 0.8833152055740356, "auc race group 0": 0.8789584040641785, "auc race group 1": 0.9157065153121948, "auc sex group 0": 0.8645666837692261, "auc sex group 1": 0.887418270111084, "auc subgroup 0": 0.860227108001709, "auc subgroup 1": 0.8864825963973999, "aucpr": 0.7375775575637817, "fn": 1481.0, "fn race group 0": 1405.0, "fn race group 1": 76.0, "fn sex group 0": 1195.0, "fn sex group 1": 286.0, "fn subgroup 0": 1138.0, "fn subgroup 1": 267.0, "fn_th": [0.0, 156.0, 424.0, 791.0, 1143.0, 1481.0, 1806.0, 2190.0, 2571.0, 2864.0], "fn_th race group 0": [0.0, 148.0, 401.0, 742.0, 1083.0, 1405.0, 1718.0, 2083.0, 2451.0, 2729.0], "fn_th race group 1": [0.0, 8.0, 23.0, 49.0, 60.0, 76.0, 88.0, 107.0, 120.0, 135.0], "fn_th sex group 0": [0.0, 104.0, 320.0, 613.0, 907.0, 1195.0, 1469.0, 1800.0, 2139.0, 2412.0], "fn_th sex group 1": [0.0, 52.0, 104.0, 178.0, 236.0, 286.0, 337.0, 390.0, 432.0, 452.0], "fn_th subgroup 0": [0.0, 101.0, 306.0, 578.0, 863.0, 1138.0, 1403.0, 1719.0, 2049.0, 2310.0], "fn_th subgroup 1": [0.0, 47.0, 95.0, 164.0, 220.0, 267.0, 315.0, 364.0, 402.0, 419.0], "fnr": 0.49416083097457886, "fnr race group 0": 0.49160251021385193, "fnr race group 1": 0.5467625856399536, "fnr sex group 0": 0.47233203053474426, "fnr sex group 1": 0.6124197244644165, "fnr subgroup 0": 0.4690849184989929, "fnr subgroup 1": 0.6180555820465088, "fp": 511.0, "fp race group 0": 487.0, "fp race group 1": 24.0, "fp sex group 0": 462.0, "fp sex group 1": 49.0, "fp subgroup 0": 444.0, "fp subgroup 1": 43.0, "fp_th": [9803.0, 3657.0, 2246.0, 1391.0, 801.0, 511.0, 292.0, 124.0, 27.0, 3.0], "fp_th race group 0": [8719.0, 3384.0, 2107.0, 1308.0, 755.0, 487.0, 281.0, 119.0, 26.0, 3.0], "fp_th race group 1": [1084.0, 273.0, 139.0, 83.0, 46.0, 24.0, 11.0, 5.0, 1.0, 0.0], "fp_th sex group 0": [6037.0, 2814.0, 1830.0, 1179.0, 704.0, 462.0, 271.0, 117.0, 27.0, 3.0], "fp_th sex group 1": [3766.0, 843.0, 416.0, 212.0, 97.0, 49.0, 21.0, 7.0, 0.0, 0.0], "fp_th subgroup 0": [5517.0, 2654.0, 1743.0, 1123.0, 672.0, 444.0, 262.0, 113.0, 26.0, 3.0], "fp_th subgroup 1": [3202.0, 730.0, 364.0, 185.0, 83.0, 43.0, 19.0, 6.0, 0.0, 0.0], "fpr": 0.05212689936161041, "fpr race group 0": 0.055855028331279755, "fpr race group 1": 0.022140221670269966, "fpr sex group 0": 0.07652807980775833, "fpr sex group 1": 0.013011152856051922, "fpr subgroup 0": 0.08047851920127869, "fpr subgroup 1": 0.013429107144474983, "loss": 0.3326500952243805, "precision": 0.7479032874107361, "precision race group 0": 0.7489690780639648, "precision race group 1": 0.7241379022598267, "precision sex group 0": 0.7429048418998718, "precision sex group 1": 0.7869565486907959, "precision subgroup 0": 0.7436489462852478, "precision subgroup 1": 0.7932692170143127, "precision_th": [0.23414061963558197, 0.43721145391464233, 0.5339282155036926, 0.6132888793945312, 0.698305070400238, 0.7479032874107361, 0.8031018376350403, 0.8668099045753479, 0.940397322177887, 0.9779411554336548], "precision_th race group 0": [0.2468687891960144, 0.4446997046470642, 0.5383435487747192, 0.6179906725883484, 0.7015810012817383, 0.7489690780639648, 0.802251935005188, 0.8668903708457947, 0.9399538040161133, 0.9772727489471436], "precision_th race group 1": [0.11365494877099991, 0.32425743341445923, 0.45490196347236633, 0.5202311873435974, 0.6320000290870667, 0.7241379022598267, 0.8225806355476379, 0.8648648858070374, 0.949999988079071, 1.0], "precision_th sex group 0": [0.29531925916671753, 0.4629771113395691, 0.5470296740531921, 0.6191860437393188, 0.6974645256996155, 0.7429048418998718, 0.7965465188026428, 0.8618654012680054, 0.9354066848754883, 0.9752066135406494], "precision_th sex group 1": [0.11032364517450333, 0.3298887014389038, 0.46598201990127563, 0.5768463015556335, 0.7042682766914368, 0.7869565486907959, 0.860927164554596, 0.9166666865348816, 1.0, 1.0], "precision_th subgroup 0": [0.30542615056037903, 0.46696123480796814, 0.5487962961196899, 0.6220127940177917, 0.6993288397789001, 0.7436489462852478, 0.7961089611053467, 0.8621951341629028, 0.9354838728904724, 0.9747899174690247], "precision_th subgroup 1": [0.11887726932764053, 0.34529146552085876, 0.48074179887771606, 0.5916115045547485, 0.7186440825462341, 0.7932692170143127, 0.8602941036224365, 0.9189189076423645, 1.0, 1.0], "recall": 0.5058391690254211, "recall race group 0": 0.5083974599838257, "recall race group 1": 0.4532374143600464, "recall sex group 0": 0.5276679992675781, "recall sex group 1": 0.3875803053379059, "recall subgroup 0": 0.5309150815010071, "recall subgroup 1": 0.3819444477558136, "recall_th": [1.0, 0.9479479193687439, 0.8585252165794373, 0.73606938123703, 0.6186186075210571, 0.5058391690254211, 0.39739739894866943, 0.26926925778388977, 0.1421421468257904, 0.04437771067023277], "recall_th race group 0": [1.0, 0.9482155442237854, 0.8596920967102051, 0.7403779029846191, 0.6210637092590332, 0.5083974599838257, 0.39888033270835876, 0.27116864919662476, 0.14240728318691254, 0.045136459171772], "recall_th race group 1": [1.0, 0.9424460530281067, 0.8345323801040649, 0.6474820375442505, 0.568345308303833, 0.4532374143600464, 0.36690646409988403, 0.23021583259105682, 0.1366906464099884, 0.028776979073882103], "recall_th sex group 0": [1.0, 0.9588932991027832, 0.8735178112983704, 0.7577075362205505, 0.6415019631385803, 0.5276679992675781, 0.41936758160591125, 0.28853756189346313, 0.15454545617103577, 0.046640317887067795], "recall_th sex group 1": [1.0, 0.8886509537696838, 0.7773019075393677, 0.618843674659729, 0.49464666843414307, 0.3875803053379059, 0.278372585773468, 0.16488222777843475, 0.07494646310806274, 0.03211991488933563], "recall_th subgroup 0": [1.0, 0.9583677053451538, 0.8738664388656616, 0.7617477178573608, 0.6442704200744629, 0.5309150815010071, 0.42168179154396057, 0.2914262115955353, 0.15539982914924622, 0.04781533405184746], "recall_th subgroup 1": [1.0, 0.8912037014961243, 0.7800925970077515, 0.6203703880310059, 0.49074074625968933, 0.3819444477558136, 0.2708333432674408, 0.15740740299224854, 0.0694444477558136, 0.030092593282461166], "tn": 9292.0, "tn race group 0": 8232.0, "tn race group 1": 1060.0, "tn sex group 0": 5575.0, "tn sex group 1": 3717.0, "tn subgroup 0": 5073.0, "tn subgroup 1": 3159.0, "tn_th": [0.0, 6146.0, 7557.0, 8412.0, 9002.0, 9292.0, 9511.0, 9679.0, 9776.0, 9800.0], "tn_th race group 0": [0.0, 5335.0, 6612.0, 7411.0, 7964.0, 8232.0, 8438.0, 8600.0, 8693.0, 8716.0], "tn_th race group 1": [0.0, 811.0, 945.0, 1001.0, 1038.0, 1060.0, 1073.0, 1079.0, 1083.0, 1084.0], "tn_th sex group 0": [0.0, 3223.0, 4207.0, 4858.0, 5333.0, 5575.0, 5766.0, 5920.0, 6010.0, 6034.0], "tn_th sex group 1": [0.0, 2923.0, 3350.0, 3554.0, 3669.0, 3717.0, 3745.0, 3759.0, 3766.0, 3766.0], "tn_th subgroup 0": [0.0, 2863.0, 3774.0, 4394.0, 4845.0, 5073.0, 5255.0, 5404.0, 5491.0, 5514.0], "tn_th subgroup 1": [0.0, 2472.0, 2838.0, 3017.0, 3119.0, 3159.0, 3183.0, 3196.0, 3202.0, 3202.0], "tp": 1516.0, "tp race group 0": 1453.0, "tp race group 1": 63.0, "tp sex group 0": 1335.0, "tp sex group 1": 181.0, "tp subgroup 0": 1288.0, "tp subgroup 1": 165.0, "tp_th": [2997.0, 2841.0, 2573.0, 2206.0, 1854.0, 1516.0, 1191.0, 807.0, 426.0, 133.0], "tp_th race group 0": [2858.0, 2710.0, 2457.0, 2116.0, 1775.0, 1453.0, 1140.0, 775.0, 407.0, 129.0], "tp_th race group 1": [139.0, 131.0, 116.0, 90.0, 79.0, 63.0, 51.0, 32.0, 19.0, 4.0], "tp_th sex group 0": [2530.0, 2426.0, 2210.0, 1917.0, 1623.0, 1335.0, 1061.0, 730.0, 391.0, 118.0], "tp_th sex group 1": [467.0, 415.0, 363.0, 289.0, 231.0, 181.0, 130.0, 77.0, 35.0, 15.0], "tp_th subgroup 0": [2426.0, 2325.0, 2120.0, 1848.0, 1563.0, 1288.0, 1023.0, 707.0, 377.0, 116.0],