{"accuracy": 0.8429160118103027, "accuracy race group 0": 0.8364293575286865, "accuracy race group 1": 0.9040800333023071, "accuracy sex group 0": 0.8055552244186401, "accuracy sex group 1": 0.9177339673042297, "accuracy subgroup 0": 0.800350546836853, "accuracy subgroup 1": 0.914089024066925, "accuracy subgroup 2": 0.8702923655509949, "accuracy subgroup 3": 0.9403344392776489, "auc": 0.9051288962364197, "auc race group 0": 0.9012670516967773, "auc race group 1": 0.9345468282699585, "auc sex group 0": 0.8827193975448608, "auc sex group 1": 0.9274406433105469, "auc subgroup 0": 0.8793714046478271, "auc subgroup 1": 0.9247633814811707, "auc subgroup 2": 0.9159537553787231, "auc subgroup 3": 0.9475233554840088, "aucpr": 0.7743349075317383, "fn": 31575.0, "fn race group 0": 30006.0, "fn race group 1": 1569.0, "fn sex group 0": 25463.0, "fn sex group 1": 6112.0, "fn subgroup 0": 24396.0, "fn subgroup 1": 5610.0, "fn subgroup 2": 1067.0, "fn subgroup 3": 502.0, "fn_th": [0.0, 851.0, 3777.0, 9146.0, 17132.0, 31575.0, 50599.0, 70892.0, 91506.0, 105047.0], "fn_th race group 0": [0.0, 788.0, 3557.0, 8675.0, 16410.0, 30006.0, 47962.0, 67375.0, 87267.0, 100176.0], "fn_th race group 1": [0.0, 63.0, 220.0, 471.0, 722.0, 1569.0, 2637.0, 3517.0, 4239.0, 4871.0], "fn_th sex group 0": [0.0, 662.0, 2328.0, 6188.0, 13068.0, 25463.0, 42163.0, 59590.0, 77096.0, 88720.0], "fn_th sex group 1": [0.0, 189.0, 1449.0, 2958.0, 4064.0, 6112.0, 8436.0, 11302.0, 14410.0, 16327.0], "fn_th subgroup 0": [0.0, 599.0, 2202.0, 5999.0, 12659.0, 24396.0, 40122.0, 56858.0, 73830.0, 84948.0], "fn_th subgroup 1": [0.0, 189.0, 1355.0, 2676.0, 3751.0, 5610.0, 7840.0, 10517.0, 13437.0, 15228.0], "fn_th subgroup 2": [0.0, 63.0, 126.0, 189.0, 409.0, 1067.0, 2041.0, 2732.0, 3266.0, 3772.0], "fn_th subgroup 3": [0.0, 0.0, 94.0, 282.0, 313.0, 502.0, 596.0, 785.0, 973.0, 1099.0], "fnr": 0.26110363006591797, "fnr race group 0": 0.26023608446121216, "fnr race group 1": 0.27888375520706177, "fnr sex group 0": 0.24874469637870789, "fnr sex group 1": 0.32925713062286377, "fnr subgroup 0": 0.24878646433353424, "fnr subgroup 1": 0.3253494203090668, "fnr subgroup 2": 0.2477937787771225, "fnr subgroup 3": 0.3803030252456665, "fp": 48852.0, "fp race group 0": 45712.0, "fp race group 1": 3140.0, "fp sex group 0": 40936.0, "fp sex group 1": 7916.0, "fp subgroup 0": 38707.0, "fp subgroup 1": 7005.0, "fp subgroup 2": 2229.0, "fp subgroup 3": 911.0, "fp_th": [391071.0, 222519.0, 160976.0, 117863.0, 83018.0, 48852.0, 22892.0, 9060.0, 2016.0, 223.0], "fp_th race group 0": [347604.0, 202218.0, 148472.0, 109612.0, 77555.0, 45712.0, 21479.0, 8466.0, 1891.0, 223.0], "fp_th race group 1": [43467.0, 20301.0, 12504.0, 8251.0, 5463.0, 3140.0, 1413.0, 594.0, 125.0, 0.0], "fp_th sex group 0": [239114.0, 155423.0, 123629.0, 94482.0, 69008.0, 40936.0, 19340.0, 7741.0, 1641.0, 191.0], "fp_th sex group 1": [151957.0, 67096.0, 37347.0, 23381.0, 14010.0, 7916.0, 3552.0, 1319.0, 375.0, 32.0], "fp_th subgroup 0": [218009.0, 144076.0, 115650.0, 88678.0, 65052.0, 38707.0, 18336.0, 7240.0, 1547.0, 191.0], "fp_th subgroup 1": [129595.0, 58142.0, 32822.0, 20934.0, 12503.0, 7005.0, 3143.0, 1226.0, 344.0, 32.0], "fp_th subgroup 2": [21105.0, 11347.0, 7979.0, 5804.0, 3956.0, 2229.0, 1004.0, 501.0, 94.0, 0.0], "fp_th subgroup 3": [22362.0, 8954.0, 4525.0, 2447.0, 1507.0, 911.0, 409.0, 93.0, 31.0, 0.0], "fpr": 0.12491849064826965, "fpr race group 0": 0.13150596618652344, "fpr race group 1": 0.07223871350288391, "fpr sex group 0": 0.17119868099689484, "fpr sex group 1": 0.052093684673309326, "fpr subgroup 0": 0.17754772305488586, "fpr subgroup 1": 0.054053012281656265, "fpr subgroup 2": 0.10561478137969971, "fpr subgroup 3": 0.040738753974437714, "loss": 0.9922319650650024, "precision": 0.6465276479721069, "precision race group 0": 0.651077389717102, "precision race group 1": 0.5637071132659912, "precision sex group 0": 0.6526107788085938, "precision sex group 1": 0.6113320589065552, "precision subgroup 0": 0.65554279088974, "precision subgroup 1": 0.6241549253463745, "precision subgroup 2": 0.5923555493354797, "precision subgroup 3": 0.47310584783554077, "precision_th": [0.23618945479393005, 0.3504934310913086, 0.42121613025665283, 0.48676222562789917, 0.5556138157844543, 0.6465276479721069, 0.754435658454895, 0.8466927409172058, 0.9358758330345154, 0.9861533641815186], "precision_th race group 0": [0.24908459186553955, 0.36155056953430176, 0.4294322431087494, 0.49310025572776794, 0.560465395450592, 0.651077389717102, 0.7581738233566284, 0.849877655506134, 0.9368129372596741, 0.9854723215103149], "precision_th race group 1": [0.1145988255739212, 0.21508660912513733, 0.3018425405025482, 0.38452932238578796, 0.473039448261261, 0.5637071132659912, 0.6790095567703247, 0.7802441716194153, 0.9173280596733093, 1.0], "precision_th sex group 0": [0.29977157711982727, 0.39553993940353394, 0.44726312160491943, 0.5044476985931396, 0.5640847682952881, 0.6526107788085938, 0.7568610906600952, 0.8467644453048706, 0.9390212297439575, 0.9861964583396912], "precision_th sex group 1": [0.10886113345623016, 0.2149760127067566, 0.31424322724342346, 0.4002718925476074, 0.5085762143135071, 0.6113320589065552, 0.7403318881988525, 0.8462703824043274, 0.9171819686889648, 0.9858906269073486], "precision_th subgroup 0": [0.3102487027645111, 0.4035033881664276, 0.453212171792984, 0.509358823299408, 0.5676257610321045, 0.65554279088974, 0.7596035599708557, 0.8505429029464722, 0.9399852752685547, 0.9856423139572144], "precision_th subgroup 1": [0.1174287274479866, 0.22679397463798523, 0.326175332069397, 0.4103264808654785, 0.5190228819847107, 0.6241549253463745, 0.7494819164276123, 0.8458249568939209, 0.917108416557312, 0.9843673706054688], "precision_th subgroup 2": [0.1694541722536087, 0.2721616327762604, 0.3437782824039459, 0.4149783253669739, 0.4962434768676758, 0.5923555493354797, 0.6928724646568298, 0.758554220199585, 0.9171075820922852, 1.0], "precision_th subgroup 3": [0.05573853477835655, 0.12847965955734253, 0.2131803184747696, 0.2978479266166687, 0.40055689215660095, 0.47310584783554077, 0.6390115022659302, 0.8519108295440674, 0.9179894328117371, 1.0], "recall": 0.738896369934082, "recall race group 0": 0.7397639155387878, "recall race group 1": 0.7211162447929382, "recall sex group 0": 0.7512552738189697, "recall sex group 1": 0.6707428693771362, "recall subgroup 0": 0.751213550567627, "recall subgroup 1": 0.6746506094932556, "recall subgroup 2": 0.7522062063217163, "recall subgroup 3": 0.6196969747543335, "recall_th": [1.0, 0.9929628372192383, 0.9687668085098267, 0.9243688583374023, 0.8583300709724426, 0.738896369934082, 0.5815809369087219, 0.41377171874046326, 0.24330805242061615, 0.13133326172828674], "recall_th race group 0": [1.0, 0.9931658506393433, 0.9691508412361145, 0.9247634410858154, 0.8576793074607849, 0.7397639155387878, 0.5840350985527039, 0.4156700074672699, 0.24315065145492554, 0.13119345903396606], "recall_th race group 1": [1.0, 0.9888020157814026, 0.960895836353302, 0.916281521320343, 0.8716672658920288, 0.7211162447929382, 0.5312833189964294, 0.37486669421195984, 0.24653394520282745, 0.1341983675956726], "recall_th sex group 0": [1.0, 0.9935330152511597, 0.9772580862045288, 0.9395502209663391, 0.8723404407501221, 0.7512552738189697, 0.5881152153015137, 0.4178731143474579, 0.24685931205749512, 0.13330598175525665], "recall_th sex group 1": [1.0, 0.9898184537887573, 0.9219415187835693, 0.840650737285614, 0.7810698747634888, 0.6707428693771362, 0.545547604560852, 0.3911544382572174, 0.2237246185541153, 0.12045466899871826], "recall_th subgroup 0": [1.0, 0.9938914775848389, 0.977544367313385, 0.9388231635093689, 0.8709055781364441, 0.751213550567627, 0.5908423662185669, 0.420171320438385, 0.24709361791610718, 0.13371405005455017], "recall_th subgroup 1": [1.0, 0.9890390038490295, 0.9214174151420593, 0.8448066115379333, 0.782462477684021, 0.6746506094932556, 0.5453227162361145, 0.3900713324546814, 0.22072724997997284, 0.11685901880264282],