{"accuracy": 0.8416249752044678, "accuracy race group 0": 0.8350057601928711, "accuracy race group 1": 0.9040392637252808, "accuracy sex group 0": 0.8042579293251038, "accuracy sex group 1": 0.9164555668830872, "accuracy subgroup 0": 0.798762321472168, "accuracy subgroup 1": 0.9130197763442993, "accuracy subgroup 2": 0.8726142048835754, "accuracy subgroup 3": 0.9377586245536804, "auc": 0.9029347896575928, "auc race group 0": 0.8990153670310974, "auc race group 1": 0.9338810443878174, "auc sex group 0": 0.8801304697990417, "auc sex group 1": 0.9259882569313049, "auc subgroup 0": 0.8768049478530884, "auc subgroup 1": 0.9229763150215149, "auc subgroup 2": 0.9140162467956543, "auc subgroup 3": 0.9497736096382141, "aucpr": 0.7692025899887085, "fn": 32648.0, "fn race group 0": 31170.0, "fn race group 1": 1478.0, "fn sex group 0": 26788.0, "fn sex group 1": 5860.0, "fn subgroup 0": 25813.0, "fn subgroup 1": 5357.0, "fn subgroup 2": 975.0, "fn subgroup 3": 503.0, "fn_th": [0.0, 1195.0, 3995.0, 9240.0, 17354.0, 32648.0, 52074.0, 71082.0, 88741.0, 102278.0], "fn_th race group 0": [0.0, 1132.0, 3775.0, 8768.0, 16602.0, 31170.0, 49343.0, 67598.0, 84501.0, 97629.0], "fn_th race group 1": [0.0, 63.0, 220.0, 472.0, 752.0, 1478.0, 2731.0, 3484.0, 4240.0, 4649.0], "fn_th sex group 0": [0.0, 787.0, 2643.0, 6315.0, 13355.0, 26788.0, 43514.0, 59593.0, 74866.0, 86484.0], "fn_th sex group 1": [0.0, 408.0, 1352.0, 2925.0, 3999.0, 5860.0, 8560.0, 11489.0, 13875.0, 15794.0], "fn_th subgroup 0": [0.0, 724.0, 2517.0, 6094.0, 12916.0, 25813.0, 41379.0, 56893.0, 71599.0, 82903.0], "fn_th subgroup 1": [0.0, 408.0, 1258.0, 2674.0, 3686.0, 5357.0, 7964.0, 10705.0, 12902.0, 14726.0], "fn_th subgroup 2": [0.0, 63.0, 126.0, 221.0, 439.0, 975.0, 2135.0, 2700.0, 3267.0, 3581.0], "fn_th subgroup 3": [0.0, 0.0, 94.0, 251.0, 313.0, 503.0, 596.0, 784.0, 973.0, 1068.0], "fnr": 0.26997658610343933, "fnr race group 0": 0.2703312039375305, "fnr race group 1": 0.262708842754364, "fnr sex group 0": 0.2616884410381317, "fnr sex group 1": 0.31568172574043274, "fnr subgroup 0": 0.26323679089546204, "fnr subgroup 1": 0.31067678332328796, "fnr subgroup 2": 0.22642824053764343, "fnr subgroup 3": 0.3810606002807617, "fp": 48440.0, "fp race group 0": 45207.0, "fp race group 1": 3233.0, "fp sex group 0": 40054.0, "fp sex group 1": 8386.0, "fp subgroup 0": 37792.0, "fp subgroup 1": 7415.0, "fp subgroup 2": 2262.0, "fp subgroup 3": 971.0, "fp_th": [391071.0, 216649.0, 161071.0, 120742.0, 82980.0, 48440.0, 22447.0, 9719.0, 2932.0, 351.0], "fp_th race group 0": [347604.0, 197317.0, 148727.0, 112427.0, 77673.0, 45207.0, 20783.0, 8999.0, 2618.0, 319.0], "fp_th race group 1": [43467.0, 19332.0, 12344.0, 8315.0, 5307.0, 3233.0, 1664.0, 720.0, 314.0, 32.0], "fp_th sex group 0": [239114.0, 153921.0, 123502.0, 96915.0, 68591.0, 40054.0, 18651.0, 8305.0, 2428.0, 319.0], "fp_th sex group 1": [151957.0, 62728.0, 37569.0, 23827.0, 14389.0, 8386.0, 3796.0, 1414.0, 504.0, 32.0], "fp_th subgroup 0": [218009.0, 142665.0, 115647.0, 90918.0, 64728.0, 37792.0, 17394.0, 7678.0, 2114.0, 287.0], "fp_th subgroup 1": [129595.0, 54652.0, 33080.0, 21509.0, 12945.0, 7415.0, 3389.0, 1321.0, 504.0, 32.0], "fp_th subgroup 2": [21105.0, 11256.0, 7855.0, 5997.0, 3863.0, 2262.0, 1257.0, 627.0, 314.0, 32.0], "fp_th subgroup 3": [22362.0, 8076.0, 4489.0, 2318.0, 1444.0, 971.0, 407.0, 93.0, 0.0, 0.0], "fpr": 0.12386497855186462, "fpr race group 0": 0.13005316257476807, "fpr race group 1": 0.07437826693058014, "fpr sex group 0": 0.16751006245613098, "fpr sex group 1": 0.05518666282296181, "fpr subgroup 0": 0.17335064709186554, "fpr subgroup 1": 0.057216715067625046, "fpr subgroup 2": 0.10717839002609253, "fpr subgroup 3": 0.043421875685453415, "loss": 0.9812173247337341, "precision": 0.6457018256187439, "precision race group 0": 0.6504793763160706, "precision race group 1": 0.5619834661483765, "precision sex group 0": 0.6536080241203308, "precision sex group 1": 0.60235196352005, "precision subgroup 0": 0.6565581560134888, "precision subgroup 1": 0.6158230304718018, "precision subgroup 2": 0.595565915107727, "precision subgroup 3": 0.4569351375102997, "precision_th": [0.23618945479393005, 0.3559454679489136, 0.42061832547187805, 0.480525404214859, 0.5551981925964355, 0.6457018256187439, 0.7541455626487732, 0.8368364572525024, 0.9165148138999939, 0.9815282821655273], "precision_th race group 0": [0.24908459186553955, 0.36653417348861694, 0.42853355407714844, 0.4865456223487854, 0.559611976146698, 0.6504793763160706, 0.7604072093963623, 0.8412986993789673, 0.9216637015342712, 0.9822708964347839], "precision_th race group 1": [0.1145988255739212, 0.22345852851867676, 0.30456337332725525, 0.3826564848423004, 0.47873491048812866, 0.5619834661483765, 0.6350076794624329, 0.74842768907547, 0.8152941465377808, 0.9682854413986206], "precision_th sex group 0": [0.29977157711982727, 0.397569477558136, 0.4467375874519348, 0.49776124954223633, 0.5647834539413452, 0.6536080241203308, 0.7593512535095215, 0.8374055624008179, 0.9188719391822815, 0.9803098440170288], "precision_th sex group 1": [0.10886113345623016, 0.22446002066135406, 0.3141840100288391, 0.39624983072280884, 0.5030221343040466, 0.60235196352005, 0.7249075770378113, 0.8334118723869324, 0.902927577495575, 0.9885755181312561], "precision_th subgroup 0": [0.3102487027645111, 0.40556496381759644, 0.4524030387401581, 0.502865195274353, 0.5681114792823792, 0.6565581560134888, 0.7651839256286621, 0.8428089022636414, 0.9260192513465881, 0.9814167022705078], "precision_th subgroup 1": [0.1174287274479866, 0.2354973703622818, 0.3257923126220703, 0.4038195013999939, 0.5115463137626648, 0.6158230304718018, 0.7324755191802979, 0.8319124579429626, 0.8959752321243286, 0.9874460697174072], "precision_th subgroup 2": [0.1694541722536087, 0.2737596035003662, 0.3473203182220459, 0.4051775336265564, 0.50025874376297, 0.595565915107727, 0.6333138942718506, 0.7192118167877197, 0.76792311668396, 0.95772784948349], "precision_th subgroup 3": [0.05573853477835655, 0.14048531651496887, 0.21452318131923676, 0.3156185448169708, 0.41085270047187805, 0.4569351375102997, 0.640141487121582, 0.8521462678909302, 1.0, 1.0], "recall": 0.7300233840942383, "recall race group 0": 0.7296687960624695, "recall race group 1": 0.737291157245636, "recall sex group 0": 0.7383115291595459, "recall sex group 1": 0.6843182444572449, "recall subgroup 0": 0.7367631793022156, "recall subgroup 1": 0.6893231868743896, "recall subgroup 2": 0.773571789264679, "recall subgroup 3": 0.6189393997192383, "recall_th": [1.0, 0.990118145942688, 0.966964066028595, 0.9235915541648865, 0.8564943075180054, 0.7300233840942383, 0.5693836808204651, 0.41220054030418396, 0.26617270708084106, 0.154230996966362], "recall_th race group 0": [1.0, 0.9901823997497559, 0.9672601819038391, 0.9239568710327148, 0.8560141324996948, 0.7296687960624695, 0.5720579624176025, 0.4137359857559204, 0.26713961362838745, 0.15328308939933777], "recall_th race group 1": [1.0, 0.9888020157814026, 0.960895836353302, 0.9161037802696228, 0.866334855556488, 0.737291157245636, 0.514575183391571, 0.38073232769966125, 0.24635620415210724, 0.17365801334381104], "recall_th sex group 0": [1.0, 0.9923118948936462, 0.9741808772087097, 0.9383096098899841, 0.8695367574691772, 0.7383115291595459, 0.5749174356460571, 0.4178438186645508, 0.26864388585090637, 0.1551491767168045], "recall_th sex group 1": [1.0, 0.9780207872390747, 0.9271669387817383, 0.8424285054206848, 0.7845714688301086, 0.6843182444572449, 0.5388676524162292, 0.38108065724372864, 0.25254538655281067, 0.14916770160198212], "recall_th subgroup 0": [1.0, 0.9926167726516724, 0.9743320345878601, 0.9378543496131897, 0.8682847023010254, 0.7367631793022156, 0.5780236721038818, 0.41981440782546997, 0.26984497904777527, 0.1545686274766922],