{"accuracy": 0.8432031273841858, "accuracy race group 0": 0.8357951045036316, "accuracy race group 1": 0.9133278727531433, "accuracy sex group 0": 0.8047157526016235, "accuracy sex group 1": 0.92109614610672, "accuracy subgroup 0": 0.7991942763328552, "accuracy subgroup 1": 0.9157952666282654, "auc": 0.8798160552978516, "auc race group 0": 0.8760133385658264, "auc race group 1": 0.9040325284004211, "auc sex group 0": 0.8597975373268127, "auc sex group 1": 0.8831403851509094, "auc subgroup 0": 0.8560846447944641, "auc subgroup 1": 0.8824103474617004, "aucpr": 0.7312798500061035, "fn": 1476.0, "fn race group 0": 1399.0, "fn race group 1": 77.0, "fn sex group 0": 1183.0, "fn sex group 1": 293.0, "fn subgroup 0": 1126.0, "fn subgroup 1": 273.0, "fn_th": [0.0, 168.0, 461.0, 829.0, 1178.0, 1476.0, 1821.0, 2248.0, 2668.0, 2906.0], "fn_th race group 0": [0.0, 160.0, 437.0, 780.0, 1114.0, 1399.0, 1729.0, 2136.0, 2542.0, 2771.0], "fn_th race group 1": [0.0, 8.0, 24.0, 49.0, 64.0, 77.0, 92.0, 112.0, 126.0, 135.0], "fn_th sex group 0": [0.0, 111.0, 331.0, 636.0, 935.0, 1183.0, 1468.0, 1851.0, 2230.0, 2450.0], "fn_th sex group 1": [0.0, 57.0, 130.0, 193.0, 243.0, 293.0, 353.0, 397.0, 438.0, 456.0], "fn_th subgroup 0": [0.0, 108.0, 318.0, 602.0, 890.0, 1126.0, 1398.0, 1766.0, 2136.0, 2348.0], "fn_th subgroup 1": [0.0, 52.0, 119.0, 178.0, 224.0, 273.0, 331.0, 370.0, 406.0, 423.0], "fnr": 0.4924924969673157, "fnr race group 0": 0.4895031452178955, "fnr race group 1": 0.5539568066596985, "fnr sex group 0": 0.4675889313220978, "fnr sex group 1": 0.6274089813232422, "fnr subgroup 0": 0.4641385078430176, "fnr subgroup 1": 0.6319444179534912, "fp": 531.0, "fp race group 0": 502.0, "fp race group 1": 29.0, "fp sex group 0": 490.0, "fp sex group 1": 41.0, "fp subgroup 0": 469.0, "fp subgroup 1": 33.0, "fp_th": [9803.0, 3515.0, 2177.0, 1367.0, 851.0, 531.0, 284.0, 98.0, 18.0, 4.0], "fp_th race group 0": [8719.0, 3263.0, 2039.0, 1289.0, 802.0, 502.0, 271.0, 96.0, 17.0, 4.0], "fp_th race group 1": [1084.0, 252.0, 138.0, 78.0, 49.0, 29.0, 13.0, 2.0, 1.0, 0.0], "fp_th sex group 0": [6037.0, 2784.0, 1826.0, 1192.0, 766.0, 490.0, 264.0, 92.0, 18.0, 4.0], "fp_th sex group 1": [3766.0, 731.0, 351.0, 175.0, 85.0, 41.0, 20.0, 6.0, 0.0, 0.0], "fp_th subgroup 0": [5517.0, 2627.0, 1729.0, 1139.0, 731.0, 469.0, 255.0, 91.0, 17.0, 4.0], "fp_th subgroup 1": [3202.0, 636.0, 310.0, 150.0, 71.0, 33.0, 16.0, 5.0, 0.0, 0.0], "fpr": 0.054167091846466064, "fpr race group 0": 0.05757540836930275, "fpr race group 1": 0.026752768084406853, "fpr sex group 0": 0.08116614073514938, "fpr sex group 1": 0.010886882431805134, "fpr subgroup 0": 0.08500996977090836, "fpr subgroup 1": 0.010306058451533318, "loss": 0.3356775939464569, "precision": 0.7412280440330505, "precision race group 0": 0.7440081834793091, "precision race group 1": 0.6813187003135681, "precision sex group 0": 0.7332607507705688, "precision sex group 1": 0.8093023300170898, "precision subgroup 0": 0.7348784804344177, "precision subgroup 1": 0.828125, "precision_th": [0.23414061963558197, 0.44593316316604614, 0.5380861163139343, 0.6132956147193909, 0.6812734007835388, 0.7412280440330505, 0.8054794669151306, 0.8842975497245789, 0.9481267929077148, 0.9578947424888611], "precision_th race group 0": [0.2468687891960144, 0.4526086151599884, 0.5428251028060913, 0.6171666383743286, 0.6849960684776306, 0.7440081834793091, 0.8064285516738892, 0.8826406002044678, 0.9489489197731018, 0.9560439586639404], "precision_th race group 1": [0.11365494877099991, 0.34203654527664185, 0.4545454680919647, 0.5357142686843872, 0.6048387289047241, 0.6813187003135681, 0.7833333611488342, 0.931034505367279, 0.9285714030265808, 1.0], "precision_th sex group 0": [0.29531925916671753, 0.4649240970611572, 0.5463353991508484, 0.6137394905090332, 0.6755611896514893, 0.7332607507705688, 0.8009049892425537, 0.880674421787262, 0.9433962106704712, 0.9523809552192688], "precision_th sex group 1": [0.11032364517450333, 0.35933393239974976, 0.489825576543808, 0.6102449893951416, 0.7249190807342529, 0.8093023300170898, 0.8507462739944458, 0.9210526347160339, 1.0, 1.0], "precision_th subgroup 0": [0.30542615056037903, 0.4687563180923462, 0.549387514591217, 0.6155923008918762, 0.6775473952293396, 0.7348784804344177, 0.8012470602989197, 0.878828227519989, 0.9446253776550293, 0.9512194991111755], "precision_th subgroup 1": [0.11887726932764053, 0.374015748500824, 0.5024077296257019, 0.6287128925323486, 0.7455196976661682, 0.828125, 0.8632478713989258, 0.9253731369972229, 1.0, 1.0], "recall": 0.5075075030326843, "recall race group 0": 0.5104968547821045, "recall race group 1": 0.4460431635379791, "recall sex group 0": 0.5324110388755798, "recall sex group 1": 0.3725910186767578, "recall subgroup 0": 0.5358614921569824, "recall subgroup 1": 0.3680555522441864, "recall_th": [1.0, 0.9439439177513123, 0.8461794853210449, 0.7233900427818298, 0.6069402694702148, 0.5075075030326843, 0.3923923969268799, 0.24991658329963684, 0.10977644473314285, 0.030363697558641434], "recall_th race group 0": [1.0, 0.9440168142318726, 0.8470958471298218, 0.7270818948745728, 0.6102169156074524, 0.5104968547821045, 0.39503148198127747, 0.2526242136955261, 0.11056683212518692, 0.030440866947174072], "recall_th race group 1": [1.0, 0.9424460530281067, 0.8273381590843201, 0.6474820375442505, 0.5395683646202087, 0.4460431635379791, 0.3381294906139374, 0.1942446082830429, 0.09352517873048782, 0.028776979073882103], "recall_th sex group 0": [1.0, 0.9561265110969543, 0.8691699504852295, 0.7486165761947632, 0.6304348111152649, 0.5324110388755798, 0.41976284980773926, 0.26837944984436035, 0.11857707798480988, 0.03162055462598801], "recall_th sex group 1": [1.0, 0.8779443502426147, 0.721627414226532, 0.5867237448692322, 0.479657381772995, 0.3725910186767578, 0.2441113442182541, 0.1498929262161255, 0.06209849938750267, 0.02355460450053215], "recall_th subgroup 0": [1.0, 0.9554823040962219, 0.8689200282096863, 0.7518548965454102, 0.6331409811973572, 0.5358614921569824, 0.42374280095100403, 0.2720527648925781, 0.1195383369922638, 0.03215169161558151], "recall_th subgroup 1": [1.0, 0.8796296119689941, 0.7245370149612427, 0.5879629850387573, 0.48148149251937866, 0.3680555522441864, 0.23379629850387573, 0.14351852238178253, 0.06018518656492233, 0.02083333395421505], "tn": 9272.0, "tn race group 0": 8217.0, "tn race group 1": 1055.0, "tn sex group 0": 5547.0, "tn sex group 1": 3725.0, "tn subgroup 0": 5048.0, "tn subgroup 1": 3169.0, "tn_th": [0.0, 6288.0, 7626.0, 8436.0, 8952.0, 9272.0, 9519.0, 9705.0, 9785.0, 9799.0], "tn_th race group 0": [0.0, 5456.0, 6680.0, 7430.0, 7917.0, 8217.0, 8448.0, 8623.0, 8702.0, 8715.0], "tn_th race group 1": [0.0, 832.0, 946.0, 1006.0, 1035.0, 1055.0, 1071.0, 1082.0, 1083.0, 1084.0], "tn_th sex group 0": [0.0, 3253.0, 4211.0, 4845.0, 5271.0, 5547.0, 5773.0, 5945.0, 6019.0, 6033.0], "tn_th sex group 1": [0.0, 3035.0, 3415.0, 3591.0, 3681.0, 3725.0, 3746.0, 3760.0, 3766.0, 3766.0], "tn_th subgroup 0": [0.0, 2890.0, 3788.0, 4378.0, 4786.0, 5048.0, 5262.0, 5426.0, 5500.0, 5513.0], "tn_th subgroup 1": [0.0, 2566.0, 2892.0, 3052.0, 3131.0, 3169.0, 3186.0, 3197.0, 3202.0, 3202.0], "tp": 1521.0, "tp race group 0": 1459.0, "tp race group 1": 62.0, "tp sex group 0": 1347.0, "tp sex group 1": 174.0, "tp subgroup 0": 1300.0, "tp subgroup 1": 159.0, "tp_th": [2997.0, 2829.0, 2536.0, 2168.0, 1819.0, 1521.0, 1176.0, 749.0, 329.0, 91.0], "tp_th race group 0": [2858.0, 2698.0, 2421.0, 2078.0, 1744.0, 1459.0, 1129.0, 722.0, 316.0, 87.0], "tp_th race group 1": [139.0, 131.0, 115.0, 90.0, 75.0, 62.0, 47.0, 27.0, 13.0, 4.0], "tp_th sex group 0": [2530.0, 2419.0, 2199.0, 1894.0, 1595.0, 1347.0, 1062.0, 679.0, 300.0, 80.0], "tp_th sex group 1": [467.0, 410.0, 337.0, 274.0, 224.0, 174.0, 114.0, 70.0, 29.0, 11.0], "tp_th subgroup 0": [2426.0, 2318.0, 2108.0, 1824.0, 1536.0, 1300.0, 1028.0, 660.0, 290.0, 78.0], "tp_th subgroup 1": [432.0, 380.0, 313.0, 254.0, 208.0, 159.0, 101.0, 62.0, 26.0, 9.0], "global_step": 102.0}