{"accuracy": 0.8411718606948853, "accuracy race group 0": 0.8330309987068176, "accuracy race group 1": 0.9182338714599609, "accuracy sex group 0": 0.8056495785713196, "accuracy sex group 1": 0.9130640029907227, "accuracy subgroup 0": 0.7998237609863281, "accuracy subgroup 1": 0.9056136608123779, "auc": 0.8783314228057861, "auc race group 0": 0.8739067912101746, "auc race group 1": 0.9108152389526367, "auc sex group 0": 0.8611192107200623, "auc sex group 1": 0.875636100769043, "auc subgroup 0": 0.856941282749176, "auc subgroup 1": 0.874453067779541, "aucpr": 0.7296721935272217, "fn": 1518.0, "fn race group 0": 1440.0, "fn race group 1": 78.0, "fn sex group 0": 1177.0, "fn sex group 1": 341.0, "fn subgroup 0": 1121.0, "fn subgroup 1": 319.0, "fn_th": [0.0, 165.0, 469.0, 847.0, 1225.0, 1518.0, 1815.0, 2236.0, 2648.0, 2888.0], "fn_th race group 0": [0.0, 156.0, 442.0, 801.0, 1159.0, 1440.0, 1719.0, 2129.0, 2525.0, 2753.0], "fn_th race group 1": [0.0, 9.0, 27.0, 46.0, 66.0, 78.0, 96.0, 107.0, 123.0, 135.0], "fn_th sex group 0": [0.0, 111.0, 328.0, 622.0, 940.0, 1177.0, 1433.0, 1812.0, 2205.0, 2433.0], "fn_th sex group 1": [0.0, 54.0, 141.0, 225.0, 285.0, 341.0, 382.0, 424.0, 443.0, 455.0], "fn_th subgroup 0": [0.0, 107.0, 312.0, 592.0, 893.0, 1121.0, 1363.0, 1731.0, 2113.0, 2331.0], "fn_th subgroup 1": [0.0, 49.0, 130.0, 209.0, 266.0, 319.0, 356.0, 398.0, 412.0, 422.0], "fnr": 0.5065065026283264, "fnr race group 0": 0.5038488507270813, "fnr race group 1": 0.5611510872840881, "fnr sex group 0": 0.46521738171577454, "fnr sex group 1": 0.7301927208900452, "fnr subgroup 0": 0.4620774984359741, "fnr subgroup 1": 0.7384259104728699, "fp": 515.0, "fp race group 0": 493.0, "fp race group 1": 22.0, "fp sex group 0": 488.0, "fp sex group 1": 27.0, "fp subgroup 0": 469.0, "fp subgroup 1": 24.0, "fp_th": [9803.0, 3706.0, 2202.0, 1340.0, 792.0, 515.0, 304.0, 102.0, 16.0, 2.0], "fp_th race group 0": [8719.0, 3427.0, 2063.0, 1266.0, 755.0, 493.0, 294.0, 100.0, 16.0, 2.0], "fp_th race group 1": [1084.0, 279.0, 139.0, 74.0, 37.0, 22.0, 10.0, 2.0, 0.0, 0.0], "fp_th sex group 0": [6037.0, 2860.0, 1841.0, 1182.0, 730.0, 488.0, 296.0, 101.0, 16.0, 2.0], "fp_th sex group 1": [3766.0, 846.0, 361.0, 158.0, 62.0, 27.0, 8.0, 1.0, 0.0, 0.0], "fp_th subgroup 0": [5517.0, 2691.0, 1748.0, 1130.0, 700.0, 469.0, 286.0, 99.0, 16.0, 2.0], "fp_th subgroup 1": [3202.0, 736.0, 315.0, 136.0, 55.0, 24.0, 8.0, 1.0, 0.0, 0.0], "fpr": 0.05253493785858154, "fpr race group 0": 0.05654318258166313, "fpr race group 1": 0.02029520273208618, "fpr sex group 0": 0.08083485066890717, "fpr sex group 1": 0.007169410586357117, "fpr subgroup 0": 0.08500996977090836, "fpr subgroup 1": 0.007495315279811621, "loss": 0.3398238718509674, "precision": 0.7417251467704773, "precision race group 0": 0.7420198917388916, "precision race group 1": 0.7349397540092468, "precision sex group 0": 0.7349266409873962, "precision sex group 1": 0.8235294222831726, "precision subgroup 0": 0.735625684261322, "precision subgroup 1": 0.8248175382614136, "precision_th": [0.23414061963558197, 0.4331599771976471, 0.5344609022140503, 0.6160458326339722, 0.6911076307296753, 0.7417251467704773, 0.7954239845275879, 0.8818076252937317, 0.9561643600463867, 0.9819819927215576], "precision_th race group 0": [0.2468687891960144, 0.4408549666404724, 0.5394061207771301, 0.6190189719200134, 0.6923390626907349, 0.7420198917388916, 0.7948359847068787, 0.8793727159500122, 0.9541547298431396, 0.9813084006309509], "precision_th race group 1": [0.11365494877099991, 0.31784841418266296, 0.4462151527404785, 0.5568862557411194, 0.6636363863945007, 0.7349397540092468, 0.8113207817077637, 0.9411764740943909, 1.0, 1.0], "precision_th sex group 0": [0.29531925916671753, 0.45823073387145996, 0.5446450710296631, 0.6174757480621338, 0.6853448152542114, 0.7349266409873962, 0.7875089645385742, 0.8766788840293884, 0.9530791640281677, 0.9797979593276978], "precision_th sex group 1": [0.11032364517450333, 0.32803812623023987, 0.47452694177627563, 0.6050000190734863, 0.7459016442298889, 0.8235294222831726, 0.9139785170555115, 0.9772727489471436, 1.0, 1.0], "precision_th subgroup 0": [0.30542615056037903, 0.46287426352500916, 0.5473847985267639, 0.6187584400177002, 0.6865203976631165, 0.735625684261322, 0.7879911065101624, 0.8753148317337036, 0.9513677954673767, 0.9793814420700073], "precision_th subgroup 1": [0.11887726932764053, 0.3422698974609375, 0.4894651472568512, 0.621169924736023, 0.7511312365531921, 0.8248175382614136, 0.9047619104385376, 0.9714285731315613, 1.0, 1.0], "recall": 0.4934934973716736, "recall race group 0": 0.4961511492729187, "recall race group 1": 0.43884891271591187, "recall sex group 0": 0.5347825884819031, "recall sex group 1": 0.26980727910995483, "recall subgroup 0": 0.5379225015640259, "recall subgroup 1": 0.26157405972480774, "recall_th": [1.0, 0.9449449181556702, 0.8435101509094238, 0.7173840403556824, 0.5912579298019409, 0.4934934973716736, 0.3943943977355957, 0.2539205849170685, 0.11644978076219559, 0.03636970371007919], "recall_th race group 0": [1.0, 0.9454163908958435, 0.8453463912010193, 0.7197340726852417, 0.5944716334342957, 0.4961511492729187, 0.3985304534435272, 0.2550734877586365, 0.11651504784822464, 0.03673897683620453], "recall_th race group 1": [1.0, 0.935251772403717, 0.8057553768157959, 0.6690647602081299, 0.5251798629760742, 0.43884891271591187, 0.3093525171279907, 0.23021583259105682, 0.11510791629552841, 0.028776979073882103], "recall_th sex group 0": [1.0, 0.9561265110969543, 0.8703557252883911, 0.7541502118110657, 0.6284584999084473, 0.5347825884819031, 0.4335968494415283, 0.28379446268081665, 0.12845849990844727, 0.038339920341968536], "recall_th sex group 1": [1.0, 0.8843683004379272, 0.6980727910995483, 0.5182012915611267, 0.3897216320037842, 0.26980727910995483, 0.18201284110546112, 0.0920770913362503, 0.05139186233282089, 0.025695931166410446], "recall_th subgroup 0": [1.0, 0.9558944702148438, 0.8713932633399963, 0.7559769153594971, 0.6319043636322021, 0.5379225015640259, 0.43816983699798584, 0.28647980093955994, 0.12901896238327026, 0.03915910795331001], "recall_th subgroup 1": [1.0, 0.8865740895271301, 0.6990740895271301, 0.5162037014961243, 0.38425925374031067, 0.26157405972480774, 0.17592592537403107, 0.07870370149612427, 0.046296294778585434, 0.023148147389292717], "tn": 9288.0, "tn race group 0": 8226.0, "tn race group 1": 1062.0, "tn sex group 0": 5549.0, "tn sex group 1": 3739.0, "tn subgroup 0": 5048.0, "tn subgroup 1": 3178.0, "tn_th": [0.0, 6097.0, 7601.0, 8463.0, 9011.0, 9288.0, 9499.0, 9701.0, 9787.0, 9801.0], "tn_th race group 0": [0.0, 5292.0, 6656.0, 7453.0, 7964.0, 8226.0, 8425.0, 8619.0, 8703.0, 8717.0], "tn_th race group 1": [0.0, 805.0, 945.0, 1010.0, 1047.0, 1062.0, 1074.0, 1082.0, 1084.0, 1084.0], "tn_th sex group 0": [0.0, 3177.0, 4196.0, 4855.0, 5307.0, 5549.0, 5741.0, 5936.0, 6021.0, 6035.0], "tn_th sex group 1": [0.0, 2920.0, 3405.0, 3608.0, 3704.0, 3739.0, 3758.0, 3765.0, 3766.0, 3766.0], "tn_th subgroup 0": [0.0, 2826.0, 3769.0, 4387.0, 4817.0, 5048.0, 5231.0, 5418.0, 5501.0, 5515.0], "tn_th subgroup 1": [0.0, 2466.0, 2887.0, 3066.0, 3147.0, 3178.0, 3194.0, 3201.0, 3202.0, 3202.0], "tp": 1479.0, "tp race group 0": 1418.0, "tp race group 1": 61.0, "tp sex group 0": 1353.0, "tp sex group 1": 126.0, "tp subgroup 0": 1305.0, "tp subgroup 1": 113.0, "tp_th": [2997.0, 2832.0, 2528.0, 2150.0, 1772.0, 1479.0, 1182.0, 761.0, 349.0, 109.0], "tp_th race group 0": [2858.0, 2702.0, 2416.0, 2057.0, 1699.0, 1418.0, 1139.0, 729.0, 333.0, 105.0], "tp_th race group 1": [139.0, 130.0, 112.0, 93.0, 73.0, 61.0, 43.0, 32.0, 16.0, 4.0], "tp_th sex group 0": [2530.0, 2419.0, 2202.0, 1908.0, 1590.0, 1353.0, 1097.0, 718.0, 325.0, 97.0], "tp_th sex group 1": [467.0, 413.0, 326.0, 242.0, 182.0, 126.0, 85.0, 43.0, 24.0, 12.0], "tp_th subgroup 0": [2426.0, 2319.0, 2114.0, 1834.0, 1533.0, 1305.0, 1063.0, 695.0, 313.0, 95.0], "tp_th subgroup 1": [432.0, 383.0, 302.0, 223.0, 166.0, 113.0, 76.0, 34.0, 20.0, 10.0],