{"accuracy": 0.8430976271629333, "accuracy race group 0": 0.8366972208023071, "accuracy race group 1": 0.9034485816955566, "accuracy sex group 0": 0.8048875331878662, "accuracy sex group 1": 0.9196164608001709, "accuracy subgroup 0": 0.7997304201126099, "accuracy subgroup 1": 0.9162682890892029, "accuracy subgroup 2": 0.8690330982208252, "accuracy subgroup 3": 0.9403766393661499, "auc": 0.9035398960113525, "auc race group 0": 0.899785041809082, "auc race group 1": 0.932424008846283, "auc sex group 0": 0.88063645362854, "auc sex group 1": 0.9266793727874756, "auc subgroup 0": 0.8775001168251038, "auc subgroup 1": 0.9240644574165344, "auc subgroup 2": 0.912731409072876, "auc subgroup 3": 0.9452059864997864, "aucpr": 0.770205020904541, "fn": 31445.0, "fn race group 0": 29969.0, "fn race group 1": 1476.0, "fn sex group 0": 25465.0, "fn sex group 1": 5980.0, "fn subgroup 0": 24522.0, "fn subgroup 1": 5447.0, "fn subgroup 2": 943.0, "fn subgroup 3": 533.0, "fn_th": [0.0, 1040.0, 3993.0, 8707.0, 16977.0, 31445.0, 51037.0, 71143.0, 88146.0, 100047.0], "fn_th race group 0": [0.0, 977.0, 3773.0, 8268.0, 16287.0, 29969.0, 48368.0, 67594.0, 83969.0, 95524.0], "fn_th race group 1": [0.0, 63.0, 220.0, 439.0, 690.0, 1476.0, 2669.0, 3549.0, 4177.0, 4523.0], "fn_th sex group 0": [0.0, 757.0, 2548.0, 5846.0, 13074.0, 25465.0, 42665.0, 59751.0, 74205.0, 84599.0], "fn_th sex group 1": [0.0, 283.0, 1445.0, 2861.0, 3903.0, 5980.0, 8372.0, 11392.0, 13941.0, 15448.0], "fn_th subgroup 0": [0.0, 694.0, 2422.0, 5688.0, 12697.0, 24522.0, 40686.0, 56987.0, 71001.0, 81143.0], "fn_th subgroup 1": [0.0, 283.0, 1351.0, 2580.0, 3590.0, 5447.0, 7682.0, 10607.0, 12968.0, 14381.0], "fn_th subgroup 2": [0.0, 63.0, 126.0, 158.0, 377.0, 943.0, 1979.0, 2764.0, 3204.0, 3456.0], "fn_th subgroup 3": [0.0, 0.0, 94.0, 281.0, 313.0, 533.0, 690.0, 785.0, 973.0, 1067.0], "fnr": 0.260028600692749, "fnr race group 0": 0.25991517305374146, "fnr race group 1": 0.2623533606529236, "fnr sex group 0": 0.24876423180103302, "fnr sex group 1": 0.3221462070941925, "fnr subgroup 0": 0.25007137656211853, "fnr subgroup 1": 0.31589630246162415, "fnr subgroup 2": 0.21899674832820892, "fnr subgroup 3": 0.40378788113594055, "fp": 48889.0, "fp race group 0": 45625.0, "fp race group 1": 3264.0, "fp sex group 0": 41162.0, "fp sex group 1": 7727.0, "fp subgroup 0": 38777.0, "fp subgroup 1": 6848.0, "fp subgroup 2": 2385.0, "fp subgroup 3": 879.0, "fp_th": [391071.0, 220931.0, 159438.0, 118494.0, 83138.0, 48889.0, 22648.0, 9911.0, 3117.0, 413.0], "fp_th race group 0": [347604.0, 201007.0, 147440.0, 110211.0, 77488.0, 45625.0, 21234.0, 9254.0, 2835.0, 381.0], "fp_th race group 1": [43467.0, 19924.0, 11998.0, 8283.0, 5650.0, 3264.0, 1414.0, 657.0, 282.0, 32.0], "fp_th sex group 0": [239114.0, 154571.0, 123158.0, 95079.0, 68593.0, 41162.0, 19159.0, 8558.0, 2614.0, 381.0], "fp_th sex group 1": [151957.0, 66360.0, 36280.0, 23415.0, 14545.0, 7727.0, 3489.0, 1353.0, 503.0, 32.0], "fp_th subgroup 0": [218009.0, 143320.0, 115399.0, 89244.0, 64355.0, 38777.0, 18029.0, 7994.0, 2332.0, 349.0], "fp_th subgroup 1": [129595.0, 57687.0, 32041.0, 20967.0, 13133.0, 6848.0, 3205.0, 1260.0, 503.0, 32.0], "fp_th subgroup 2": [21105.0, 11251.0, 7759.0, 5835.0, 4238.0, 2385.0, 1130.0, 564.0, 282.0, 32.0], "fp_th subgroup 3": [22362.0, 8673.0, 4239.0, 2448.0, 1412.0, 879.0, 284.0, 93.0, 0.0, 0.0], "fpr": 0.1250130981206894, "fpr race group 0": 0.13125568628311157, "fpr race group 1": 0.07509145140647888, "fpr sex group 0": 0.1721438318490982, "fpr sex group 1": 0.05084991082549095, "fpr subgroup 0": 0.1778687983751297, "fpr subgroup 1": 0.05284154415130615, "fpr subgroup 2": 0.11300639808177948, "fpr subgroup 3": 0.03930775448679924, "loss": 0.9782893061637878, "precision": 0.646686851978302, "precision race group 0": 0.6516085267066956, "precision race group 1": 0.5597518086433411, "precision sex group 0": 0.6513556241989136, "precision sex group 1": 0.6195470094680786, "precision subgroup 0": 0.6547477841377258, "precision subgroup 1": 0.6326968669891357, "precision subgroup 2": 0.5850730538368225, "precision subgroup 3": 0.47238895297050476, "precision_th": [0.23618945479393005, 0.35176631808280945, 0.4231078028678894, 0.4864075183868408, 0.5556256175041199, 0.646686851978302, 0.7552626132965088, 0.8339782357215881, 0.9131754636764526, 0.9806057810783386], "precision_th race group 0": [0.24908459186553955, 0.3625563979148865, 0.4306676387786865, 0.4926903247833252, 0.5609844326972961, 0.6516085267066956, 0.7591670751571655, 0.8375436663627625, 0.9170300364494324, 0.9811012148857117], "precision_th race group 1": [0.1145988255739212, 0.21826814115047455, 0.31061825156211853, 0.38507795333862305, 0.46627622842788696, 0.5597518086433411, 0.6765042543411255, 0.7596927285194397, 0.837088406085968, 0.9718061685562134], "precision_th sex group 0": [0.29977157711982727, 0.39663127064704895, 0.4476625323295593, 0.5037604570388794, 0.5655508637428284, 0.6513556241989136, 0.7570504546165466, 0.8327633738517761, 0.9150609374046326, 0.9790059328079224], "precision_th sex group 1": [0.10886113345623016, 0.21597354114055634, 0.3205738067626953, 0.40141114592552185, 0.5019688606262207, 0.6195470094680786, 0.7449561357498169, 0.841271698474884, 0.9018536806106567, 0.9898315668106079], "precision_th subgroup 0": [0.3102487027645111, 0.4045353829860687, 0.4531812071800232, 0.5086115598678589, 0.5701585412025452, 0.6547477841377258, 0.7608981132507324, 0.8370798826217651, 0.9206559658050537, 0.9797868728637695], "precision_th subgroup 1": [0.1174287274479866, 0.22720269858837128, 0.3315461277961731, 0.41153523325920105, 0.5097065567970276, 0.6326968669891357, 0.748942494392395, 0.8404255509376526, 0.8947257995605469, 0.9889426231384277], "precision_th subgroup 2": [0.1694541722536087, 0.27384793758392334, 0.35011306405067444, 0.41550636291503906, 0.48108240962028503, 0.5850730538368225, 0.6731269955635071, 0.7321937084197998, 0.7962427735328674, 0.963718831539154], "precision_th subgroup 3": [0.05573853477835655, 0.1320924609899521, 0.2243366837501526, 0.29796385765075684, 0.41628772020339966, 0.47238895297050476, 0.6892778873443604, 0.8519108295440674, 1.0, 1.0], "recall": 0.739971399307251, "recall race group 0": 0.7400848269462585, "recall race group 1": 0.7376466393470764, "recall sex group 0": 0.7512357831001282, "recall sex group 1": 0.6778538227081299, "recall subgroup 0": 0.7499285936355591, "recall subgroup 1": 0.6841036677360535, "recall subgroup 2": 0.7810032367706299, "recall subgroup 3": 0.5962121486663818, "recall_th": [1.0, 0.991399884223938, 0.9669806361198425, 0.9279990792274475, 0.8596118092536926, 0.739971399307251, 0.5779589414596558, 0.41169610619544983, 0.27109295129776, 0.1726798415184021], "recall_th race group 0": [1.0, 0.9915266633033752, 0.9672775268554688, 0.9282932877540588, 0.8587461113929749, 0.7400848269462585, 0.5805139541625977, 0.4137706756591797, 0.27175354957580566, 0.1715393364429474], "recall_th race group 1": [1.0, 0.9888020157814026, 0.960895836353302, 0.9219694137573242, 0.87735515832901, 0.7376466393470764, 0.5255954265594482, 0.36917880177497864, 0.25755420327186584, 0.19605404138565063], "recall_th sex group 0": [1.0, 0.9926049709320068, 0.9751089215278625, 0.9428911805152893, 0.8722817897796631, 0.7512357831001282, 0.5832112431526184, 0.41630032658576965, 0.27510109543800354, 0.17356349527835846], "recall_th sex group 1": [1.0, 0.9847546219825745, 0.9221569895744324, 0.8458762168884277, 0.7897430658340454, 0.6778538227081299, 0.548995316028595, 0.38630610704421997, 0.24898992478847504, 0.16780692338943481], "recall_th subgroup 0": [1.0, 0.9929227232933044, 0.9753008484840393, 0.9419947266578674, 0.8705180287361145, 0.7499285936355591, 0.5850907564163208, 0.41885581612586975, 0.2759433090686798, 0.1725168228149414],