{"accuracy": 0.842968761920929, "accuracy race group 0": 0.8352768421173096, "accuracy race group 1": 0.9157808423042297, "accuracy sex group 0": 0.8071670532226562, "accuracy sex group 1": 0.9154264330863953, "accuracy subgroup 0": 0.8013345003128052, "accuracy subgroup 1": 0.9094661474227905, "auc": 0.8801776766777039, "auc race group 0": 0.8757945895195007, "auc race group 1": 0.9140141606330872, "auc sex group 0": 0.8628088235855103, "auc sex group 1": 0.8711675405502319, "auc subgroup 0": 0.8588064908981323, "auc subgroup 1": 0.8687687516212463, "aucpr": 0.731864333152771, "fn": 1422.0, "fn race group 0": 1349.0, "fn race group 1": 73.0, "fn sex group 0": 1116.0, "fn sex group 1": 306.0, "fn subgroup 0": 1063.0, "fn subgroup 1": 286.0, "fn_th": [0.0, 166.0, 452.0, 781.0, 1108.0, 1422.0, 1796.0, 2300.0, 2660.0, 2896.0], "fn_th race group 0": [0.0, 157.0, 426.0, 740.0, 1045.0, 1349.0, 1705.0, 2188.0, 2539.0, 2760.0], "fn_th race group 1": [0.0, 9.0, 26.0, 41.0, 63.0, 73.0, 91.0, 112.0, 121.0, 136.0], "fn_th sex group 0": [0.0, 105.0, 321.0, 583.0, 856.0, 1116.0, 1432.0, 1894.0, 2226.0, 2444.0], "fn_th sex group 1": [0.0, 61.0, 131.0, 198.0, 252.0, 306.0, 364.0, 406.0, 434.0, 452.0], "fn_th subgroup 0": [0.0, 101.0, 306.0, 556.0, 811.0, 1063.0, 1365.0, 1809.0, 2134.0, 2341.0], "fn_th subgroup 1": [0.0, 56.0, 120.0, 184.0, 234.0, 286.0, 340.0, 379.0, 405.0, 419.0], "fnr": 0.4744744598865509, "fnr race group 0": 0.4720084071159363, "fnr race group 1": 0.5251798629760742, "fnr sex group 0": 0.4411067068576813, "fnr sex group 1": 0.6552462577819824, "fnr subgroup 0": 0.43816983699798584, "fnr subgroup 1": 0.6620370149612427, "fp": 588.0, "fp race group 0": 558.0, "fp race group 1": 30.0, "fp sex group 0": 536.0, "fp sex group 1": 52.0, "fp subgroup 0": 515.0, "fp subgroup 1": 43.0, "fp_th": [9803.0, 3557.0, 2255.0, 1417.0, 895.0, 588.0, 316.0, 84.0, 13.0, 2.0], "fp_th race group 0": [8719.0, 3303.0, 2115.0, 1335.0, 851.0, 558.0, 304.0, 81.0, 13.0, 2.0], "fp_th race group 1": [1084.0, 254.0, 140.0, 82.0, 44.0, 30.0, 12.0, 3.0, 0.0, 0.0], "fp_th sex group 0": [6037.0, 2786.0, 1895.0, 1249.0, 808.0, 536.0, 297.0, 81.0, 13.0, 2.0], "fp_th sex group 1": [3766.0, 771.0, 360.0, 168.0, 87.0, 52.0, 19.0, 3.0, 0.0, 0.0], "fp_th subgroup 0": [5517.0, 2625.0, 1798.0, 1188.0, 776.0, 515.0, 286.0, 78.0, 13.0, 2.0], "fp_th subgroup 1": [3202.0, 678.0, 317.0, 147.0, 75.0, 43.0, 18.0, 3.0, 0.0, 0.0], "fpr": 0.059981636703014374, "fpr race group 0": 0.06399816274642944, "fpr race group 1": 0.02767527662217617, "fpr sex group 0": 0.088785819709301, "fpr sex group 1": 0.013807754032313824, "fpr subgroup 0": 0.09334783256053925, "fpr subgroup 1": 0.013429107144474983, "loss": 0.3354419469833374, "precision": 0.7281553149223328, "precision race group 0": 0.7300435304641724, "precision race group 1": 0.6875, "precision sex group 0": 0.7251282334327698, "precision sex group 1": 0.7558685541152954, "precision subgroup 0": 0.7257720828056335, "precision subgroup 1": 0.7724867463111877, "precision_th": [0.23414061963558197, 0.44317469000816345, 0.5302083492279053, 0.6099641919136047, 0.678520143032074, 0.7281553149223328, 0.7916941046714783, 0.8924455642700195, 0.9628571271896362, 0.9805825352668762], "precision_th race group 0": [0.2468687891960144, 0.44986674189567566, 0.5348581671714783, 0.6133796572685242, 0.6805555820465088, 0.7300435304641724, 0.7913520932197571, 0.8921437859535217, 0.9608433842658997, 0.9800000190734863], "precision_th race group 1": [0.11365494877099991, 0.3385416567325592, 0.4466403126716614, 0.5444444417953491, 0.6333333253860474, 0.6875, 0.800000011920929, 0.8999999761581421, 1.0, 1.0], "precision_th sex group 0": [0.29531925916671753, 0.46536174416542053, 0.5382553339004517, 0.6091989874839783, 0.6744560599327087, 0.7251282334327698, 0.7870967984199524, 0.8870292901992798, 0.9589905142784119, 0.9772727489471436], "precision_th sex group 1": [0.11032364517450333, 0.3449447751045227, 0.48275861144065857, 0.6155606508255005, 0.7119205594062805, 0.7558685541152954, 0.8442623019218445, 0.953125, 1.0, 1.0], "precision_th subgroup 0": [0.30542615056037903, 0.469696968793869, 0.5410923957824707, 0.6115108132362366, 0.6754496097564697, 0.7257720828056335, 0.7876763343811035, 0.8877697587013245, 0.9573770761489868, 0.977011501789093], "precision_th subgroup 1": [0.11887726932764053, 0.3567362427711487, 0.4960254430770874, 0.6278480887413025, 0.7252747416496277, 0.7724867463111877, 0.8363636136054993, 0.9464285969734192, 1.0, 1.0], "recall": 0.5255255103111267, "recall race group 0": 0.5279915928840637, "recall race group 1": 0.4748201370239258, "recall sex group 0": 0.5588932633399963, "recall sex group 1": 0.3447537422180176, "recall subgroup 0": 0.5618301630020142, "recall subgroup 1": 0.33796295523643494, "recall_th": [1.0, 0.9446112513542175, 0.8491824865341187, 0.7394060492515564, 0.6302969455718994, 0.5255255103111267, 0.4007340669631958, 0.23256589472293854, 0.11244577914476395, 0.0337003655731678], "recall_th race group 0": [1.0, 0.9450664520263672, 0.8509446978569031, 0.7410776615142822, 0.6343597173690796, 0.5279915928840637, 0.40342897176742554, 0.23442967236042023, 0.11161651462316513, 0.03428971394896507], "recall_th race group 1": [1.0, 0.935251772403717, 0.8129496574401855, 0.7050359845161438, 0.5467625856399536, 0.4748201370239258, 0.34532374143600464, 0.1942446082830429, 0.12949639558792114, 0.02158273383975029], "recall_th sex group 0": [1.0, 0.9584980010986328, 0.87312251329422, 0.769565224647522, 0.6616600751876831, 0.5588932633399963, 0.43399208784103394, 0.25138339400291443, 0.1201581060886383, 0.03399209305644035], "recall_th sex group 1": [1.0, 0.8693790435791016, 0.7194860577583313, 0.5760171413421631, 0.46038544178009033, 0.3447537422180176, 0.22055675089359283, 0.13062098622322083, 0.07066380977630615, 0.03211991488933563], "recall_th subgroup 0": [1.0, 0.9583677053451538, 0.8738664388656616, 0.7708161473274231, 0.6657048463821411, 0.5618301630020142, 0.437345415353775, 0.2543281018733978, 0.12036273628473282, 0.035037096589803696], "recall_th subgroup 1": [1.0, 0.8703703880310059, 0.7222222089767456, 0.5740740895271301, 0.4583333432674408, 0.33796295523643494, 0.21296297013759613, 0.12268518656492233, 0.0625, 0.030092593282461166], "tn": 9215.0, "tn race group 0": 8161.0, "tn race group 1": 1054.0, "tn sex group 0": 5501.0, "tn sex group 1": 3714.0, "tn subgroup 0": 5002.0, "tn subgroup 1": 3159.0, "tn_th": [0.0, 6246.0, 7548.0, 8386.0, 8908.0, 9215.0, 9487.0, 9719.0, 9790.0, 9801.0], "tn_th race group 0": [0.0, 5416.0, 6604.0, 7384.0, 7868.0, 8161.0, 8415.0, 8638.0, 8706.0, 8717.0], "tn_th race group 1": [0.0, 830.0, 944.0, 1002.0, 1040.0, 1054.0, 1072.0, 1081.0, 1084.0, 1084.0], "tn_th sex group 0": [0.0, 3251.0, 4142.0, 4788.0, 5229.0, 5501.0, 5740.0, 5956.0, 6024.0, 6035.0], "tn_th sex group 1": [0.0, 2995.0, 3406.0, 3598.0, 3679.0, 3714.0, 3747.0, 3763.0, 3766.0, 3766.0], "tn_th subgroup 0": [0.0, 2892.0, 3719.0, 4329.0, 4741.0, 5002.0, 5231.0, 5439.0, 5504.0, 5515.0], "tn_th subgroup 1": [0.0, 2524.0, 2885.0, 3055.0, 3127.0, 3159.0, 3184.0, 3199.0, 3202.0, 3202.0], "tp": 1575.0, "tp race group 0": 1509.0, "tp race group 1": 66.0, "tp sex group 0": 1414.0, "tp sex group 1": 161.0, "tp subgroup 0": 1363.0, "tp subgroup 1": 146.0, "tp_th": [2997.0, 2831.0, 2545.0, 2216.0, 1889.0, 1575.0, 1201.0, 697.0, 337.0, 101.0], "tp_th race group 0": [2858.0, 2701.0, 2432.0, 2118.0, 1813.0, 1509.0, 1153.0, 670.0, 319.0, 98.0], "tp_th race group 1": [139.0, 130.0, 113.0, 98.0, 76.0, 66.0, 48.0, 27.0, 18.0, 3.0], "tp_th sex group 0": [2530.0, 2425.0, 2209.0, 1947.0, 1674.0, 1414.0, 1098.0, 636.0, 304.0, 86.0], "tp_th sex group 1": [467.0, 406.0, 336.0, 269.0, 215.0, 161.0, 103.0, 61.0, 33.0, 15.0], "tp_th subgroup 0": [2426.0, 2325.0, 2120.0, 1870.0, 1615.0, 1363.0, 1061.0, 617.0, 292.0, 85.0], "tp_th subgroup 1": [432.0, 376.0, 312.0, 248.0, 198.0, 146.0, 92.0, 53.0, 27.0, 13.0], "global_step": 102.0}