{"accuracy": 0.834478497505188, "accuracy race group 0": 0.8278444409370422, "accuracy race group 1": 0.8970321416854858, "accuracy sex group 0": 0.794438898563385, "accuracy sex group 1": 0.9146610498428345, "accuracy subgroup 0": 0.7895427942276001, "accuracy subgroup 1": 0.9102888703346252, "accuracy subgroup 2": 0.8553382158279419, "accuracy subgroup 3": 0.9417701363563538, "auc": 0.9025859832763672, "auc race group 0": 0.8987676501274109, "auc race group 1": 0.9296166896820068, "auc sex group 0": 0.8799352645874023, "auc sex group 1": 0.9243087768554688, "auc subgroup 0": 0.8763958215713501, "auc subgroup 1": 0.9230268001556396, "auc subgroup 2": 0.916263222694397, "auc subgroup 3": 0.9253675937652588, "aucpr": 0.7705991864204407, "fn": 28438.0, "fn race group 0": 27151.0, "fn race group 1": 1287.0, "fn sex group 0": 23052.0, "fn sex group 1": 5386.0, "fn subgroup 0": 22172.0, "fn subgroup 1": 4979.0, "fn subgroup 2": 880.0, "fn subgroup 3": 407.0, "fn_th": [0.0, 1104.0, 3646.0, 7862.0, 14555.0, 28438.0, 48838.0, 70209.0, 89906.0, 104447.0], "fn_th race group 0": [0.0, 1041.0, 3426.0, 7454.0, 13866.0, 27151.0, 46138.0, 66660.0, 85572.0, 99608.0], "fn_th race group 1": [0.0, 63.0, 220.0, 408.0, 689.0, 1287.0, 2700.0, 3549.0, 4334.0, 4839.0], "fn_th sex group 0": [0.0, 726.0, 2264.0, 5314.0, 10873.0, 23052.0, 40617.0, 58780.0, 75214.0, 87995.0], "fn_th sex group 1": [0.0, 378.0, 1382.0, 2548.0, 3682.0, 5386.0, 8221.0, 11429.0, 14692.0, 16452.0], "fn_th subgroup 0": [0.0, 663.0, 2138.0, 5156.0, 10497.0, 22172.0, 38545.0, 56016.0, 71884.0, 84255.0], "fn_th subgroup 1": [0.0, 378.0, 1288.0, 2298.0, 3369.0, 4979.0, 7593.0, 10644.0, 13688.0, 15353.0], "fn_th subgroup 2": [0.0, 63.0, 126.0, 158.0, 376.0, 880.0, 2072.0, 2764.0, 3330.0, 3740.0], "fn_th subgroup 3": [0.0, 0.0, 94.0, 250.0, 313.0, 407.0, 628.0, 785.0, 1004.0, 1099.0], "fnr": 0.23516277968883514, "fnr race group 0": 0.23547522723674774, "fnr race group 1": 0.22875933349132538, "fnr sex group 0": 0.22519196569919586, "fnr sex group 1": 0.290147066116333, "fnr subgroup 0": 0.2261064648628235, "fnr subgroup 1": 0.2887548506259918, "fnr subgroup 2": 0.20436599850654602, "fnr subgroup 3": 0.3083333373069763, "fp": 56309.0, "fp race group 0": 52541.0, "fp race group 1": 3768.0, "fp sex group 0": 47143.0, "fp sex group 1": 9166.0, "fp subgroup 0": 44347.0, "fp subgroup 1": 8194.0, "fp subgroup 2": 2796.0, "fp subgroup 3": 972.0, "fp_th": [391071.0, 220519.0, 167045.0, 127397.0, 90754.0, 56309.0, 24898.0, 9787.0, 2329.0, 255.0], "fp_th race group 0": [347604.0, 200470.0, 154261.0, 118361.0, 84324.0, 52541.0, 23393.0, 9191.0, 2111.0, 255.0], "fp_th race group 1": [43467.0, 20049.0, 12784.0, 9036.0, 6430.0, 3768.0, 1505.0, 596.0, 218.0, 0.0], "fp_th sex group 0": [239114.0, 154923.0, 126484.0, 101018.0, 74666.0, 47143.0, 20787.0, 8434.0, 2140.0, 223.0], "fp_th sex group 1": [151957.0, 65596.0, 40561.0, 26379.0, 16088.0, 9166.0, 4111.0, 1353.0, 189.0, 32.0], "fp_th subgroup 0": [218009.0, 143547.0, 118602.0, 94900.0, 69931.0, 44347.0, 19689.0, 7963.0, 1922.0, 223.0], "fp_th subgroup 1": [129595.0, 56923.0, 35659.0, 23461.0, 14393.0, 8194.0, 3704.0, 1228.0, 189.0, 32.0], "fp_th subgroup 2": [21105.0, 11376.0, 7882.0, 6118.0, 4735.0, 2796.0, 1098.0, 471.0, 218.0, 0.0], "fp_th subgroup 3": [22362.0, 8673.0, 4902.0, 2918.0, 1695.0, 972.0, 407.0, 125.0, 0.0, 0.0], "fpr": 0.14398664236068726, "fpr race group 0": 0.1511518806219101, "fpr race group 1": 0.08668645471334457, "fpr sex group 0": 0.19715701043605804, "fpr sex group 1": 0.0603196956217289, "fpr subgroup 0": 0.20341821014881134, "fpr subgroup 1": 0.06322775036096573, "fpr subgroup 2": 0.1324804574251175, "fpr subgroup 3": 0.04346659407019615, "loss": 1.044355034828186, "precision": 0.6215792894363403, "precision race group 0": 0.6265556812286377, "precision race group 1": 0.5352164506912231, "precision sex group 0": 0.6272013187408447, "precision sex group 1": 0.5897596478462219, "precision subgroup 0": 0.6311639547348022, "precision subgroup 1": 0.5994721055030823, "precision subgroup 2": 0.550626814365387, "precision subgroup 3": 0.48435014486312866, "precision_th": [0.23618945479393005, 0.35207027196884155, 0.41249191761016846, 0.4702034294605255, 0.5396189093589783, 0.6215792894363403, 0.7432904839515686, 0.8382501006126404, 0.9301691055297852, 0.9847642779350281], "precision_th race group 0": [0.24908459186553955, 0.3630453944206238, 0.4203721284866333, 0.4767649471759796, 0.5460618734359741, 0.6265556812286377, 0.7472611665725708, 0.8410796523094177, 0.9337038993835449, 0.9840125441551208], "precision_th race group 1": [0.1145988255739212, 0.21720287203788757, 0.29719626903533936, 0.3660726845264435, 0.43432745337486267, 0.5352164506912231, 0.660347580909729, 0.7770295739173889, 0.8556291460990906, 1.0], "precision_th sex group 0": [0.29977157711982727, 0.3961600065231323, 0.44178369641304016, 0.48998838663101196, 0.5506352186203003, 0.6272013187408447, 0.7481462359428406, 0.8378700613975525, 0.9269425272941589, 0.9847197532653809], "precision_th sex group 1": [0.10886113345623016, 0.21705397963523865, 0.29754769802093506, 0.3777657151222229, 0.4805127680301666, 0.5897596478462219, 0.715560793876648, 0.8405796885490417, 0.9534482955932617, 0.9850676655769348], "precision_th subgroup 0": [0.3102487027645111, 0.40423086285591125, 0.44713878631591797, 0.49468594789505005, 0.5559767484664917, 0.6311639547348022, 0.7514140605926514, 0.8407623171806335, 0.931596577167511, 0.9841032028198242], "precision_th subgroup 1": [0.1174287274479866, 0.2285601943731308, 0.3091215491294861, 0.38913190364837646, 0.49081969261169434, 0.5994721055030823, 0.7226299047470093, 0.8431071639060974, 0.9495192170143127, 0.9833506941795349], "precision_th subgroup 2": [0.1694541722536087, 0.2716563045978546, 0.3465428650379181, 0.404052197933197, 0.45354875922203064, 0.550626814365387, 0.6704682111740112, 0.7660208940505981, 0.8174204230308533, 1.0], "precision_th subgroup 3": [0.05573853477835655, 0.1320924609899521, 0.2000652700662613, 0.2683049142360687, 0.37268689274787903, 0.48435014486312866, 0.629663348197937, 0.810606062412262, 1.0, 1.0], "recall": 0.7648372054100037, "recall race group 0": 0.7645247578620911, "recall race group 1": 0.7712406516075134, "recall sex group 0": 0.7748080492019653, "recall sex group 1": 0.709852933883667, "recall subgroup 0": 0.7738935351371765, "recall subgroup 1": 0.7112451195716858, "recall subgroup 2": 0.7956339716911316, "recall subgroup 3": 0.6916666626930237, "recall_th": [1.0, 0.9908706545829773, 0.9698500633239746, 0.9349866509437561, 0.8796401023864746, 0.7648372054100037, 0.5961431860923767, 0.41941964626312256, 0.2565389573574066, 0.13629485666751862], "recall_th race group 0": [1.0, 0.9909716248512268, 0.9702869653701782, 0.9353529214859009, 0.8797429203987122, 0.7645247578620911, 0.5998542904853821, 0.4218710660934448, 0.2578510642051697, 0.13611961901187897], "recall_th race group 1": [1.0, 0.9888020157814026, 0.960895836353302, 0.9274795651435852, 0.8775328993797302, 0.7712406516075134, 0.520085334777832, 0.36917880177497864, 0.22964806854724884, 0.13988624513149261], "recall_th sex group 0": [1.0, 0.9929078221321106, 0.9778832793235779, 0.9480882287025452, 0.8937830924987793, 0.7748080492019653, 0.6032178401947021, 0.4257858991622925, 0.2652443051338196, 0.14038841426372528], "recall_th sex group 1": [1.0, 0.9796369075775146, 0.9255508184432983, 0.8627377152442932, 0.8016484379768372, 0.709852933883667, 0.5571298003196716, 0.38431286811828613, 0.20853310823440552, 0.1137208417057991], "recall_th subgroup 0": [1.0, 0.9932388067245483, 0.9781970381736755, 0.9474199414253235, 0.8929532766342163, 0.7738935351371765, 0.6069243550300598, 0.428757905960083, 0.26693859696388245, 0.14078114926815033], "recall_th subgroup 1": [1.0, 0.9780780673027039, 0.925303041934967, 0.8667285442352295, 0.804616391658783, 0.7112451195716858, 0.5596473813056946, 0.38270601630210876, 0.20617061853408813, 0.1096096932888031],