{"accuracy": 0.8467968702316284, "accuracy race group 0": 0.8395957350730896, "accuracy race group 1": 0.9149631857872009, "accuracy sex group 0": 0.8106688261032104, "accuracy sex group 1": 0.919914960861206, "accuracy subgroup 0": 0.8056150078773499, "accuracy subgroup 1": 0.9138690233230591, "auc": 0.8850797414779663, "auc race group 0": 0.8813565373420715, "auc race group 1": 0.9115186929702759, "auc sex group 0": 0.8671953082084656, "auc sex group 1": 0.88474041223526, "auc subgroup 0": 0.8633460402488708, "auc subgroup 1": 0.8846641182899475, "aucpr": 0.7391846179962158, "fn": 1423.0, "fn race group 0": 1353.0, "fn race group 1": 70.0, "fn sex group 0": 1143.0, "fn sex group 1": 280.0, "fn subgroup 0": 1090.0, "fn subgroup 1": 263.0, "fn_th": [0.0, 160.0, 414.0, 755.0, 1107.0, 1423.0, 1772.0, 2116.0, 2495.0, 2863.0], "fn_th race group 0": [0.0, 151.0, 390.0, 714.0, 1049.0, 1353.0, 1685.0, 2008.0, 2374.0, 2729.0], "fn_th race group 1": [0.0, 9.0, 24.0, 41.0, 58.0, 70.0, 87.0, 108.0, 121.0, 134.0], "fn_th sex group 0": [0.0, 109.0, 303.0, 588.0, 890.0, 1143.0, 1434.0, 1737.0, 2075.0, 2412.0], "fn_th sex group 1": [0.0, 51.0, 111.0, 167.0, 217.0, 280.0, 338.0, 379.0, 420.0, 451.0], "fn_th subgroup 0": [0.0, 105.0, 289.0, 561.0, 847.0, 1090.0, 1368.0, 1655.0, 1985.0, 2310.0], "fn_th subgroup 1": [0.0, 46.0, 101.0, 153.0, 202.0, 263.0, 317.0, 353.0, 389.0, 419.0], "fnr": 0.47480812668800354, "fnr race group 0": 0.4734079837799072, "fnr race group 1": 0.5035971403121948, "fnr sex group 0": 0.4517786502838135, "fnr sex group 1": 0.599571704864502, "fnr subgroup 0": 0.44929924607276917, "fnr subgroup 1": 0.6087962985038757, "fp": 538.0, "fp race group 0": 504.0, "fp race group 1": 34.0, "fp sex group 0": 479.0, "fp sex group 1": 59.0, "fp subgroup 0": 454.0, "fp subgroup 1": 50.0, "fp_th": [9803.0, 3651.0, 2260.0, 1398.0, 824.0, 538.0, 312.0, 137.0, 42.0, 5.0], "fp_th race group 0": [8719.0, 3362.0, 2113.0, 1313.0, 776.0, 504.0, 299.0, 133.0, 41.0, 5.0], "fp_th race group 1": [1084.0, 289.0, 147.0, 85.0, 48.0, 34.0, 13.0, 4.0, 1.0, 0.0], "fp_th sex group 0": [6037.0, 2807.0, 1860.0, 1198.0, 730.0, 479.0, 286.0, 127.0, 42.0, 5.0], "fp_th sex group 1": [3766.0, 844.0, 400.0, 200.0, 94.0, 59.0, 26.0, 10.0, 0.0, 0.0], "fp_th subgroup 0": [5517.0, 2639.0, 1765.0, 1144.0, 696.0, 454.0, 276.0, 124.0, 41.0, 5.0], "fp_th subgroup 1": [3202.0, 723.0, 348.0, 169.0, 80.0, 50.0, 23.0, 9.0, 0.0, 0.0], "fpr": 0.05488115921616554, "fpr race group 0": 0.05780479311943054, "fpr race group 1": 0.03136531263589859, "fpr sex group 0": 0.07934404164552689, "fpr sex group 1": 0.01566649042069912, "fpr subgroup 0": 0.08229110389947891, "fpr subgroup 1": 0.015615240670740604, "loss": 0.33023780584335327, "precision": 0.7452651262283325, "precision race group 0": 0.7491289377212524, "precision race group 1": 0.6699029207229614, "precision sex group 0": 0.7433011531829834, "precision sex group 1": 0.7601625919342041, "precision subgroup 0": 0.7463687062263489, "precision subgroup 1": 0.7716894745826721, "precision_th": [0.23414061963558197, 0.43726879358291626, 0.5333470702171326, 0.6159340739250183, 0.6963890790939331, 0.7452651262283325, 0.797007143497467, 0.8654223680496216, 0.9227941036224365, 0.9640287756919861], "precision_th race group 0": [0.2468687891960144, 0.446037232875824, 0.5387470126152039, 0.6201909184455872, 0.6998065710067749, 0.7491289377212524, 0.796875, 0.8646999001502991, 0.9219047427177429, 0.9626865386962891], "precision_th race group 1": [0.11365494877099991, 0.310262531042099, 0.43893128633499146, 0.5355191230773926, 0.6279069781303406, 0.6699029207229614, 0.800000011920929, 0.8857142925262451, 0.9473684430122375, 1.0], "precision_th sex group 0": [0.29531925916671753, 0.4630833864212036, 0.5448984503746033, 0.6184713244438171, 0.6919831037521362, 0.7433011531829834, 0.7930535674095154, 0.8619565367698669, 0.9154929518699646, 0.9593495726585388], "precision_th sex group 1": [0.11032364517450333, 0.3301587402820587, 0.47089946269989014, 0.6000000238418579, 0.7267441749572754, 0.7601625919342041, 0.8322580456733704, 0.8979591727256775, 1.0, 1.0], "precision_th subgroup 0": [0.30542615056037903, 0.46794354915618896, 0.5476678609848022, 0.619807243347168, 0.6940659284591675, 0.7463687062263489, 0.7931034564971924, 0.8614525198936462, 0.9149377346038818, 0.9586777091026306], "precision_th subgroup 1": [0.11887726932764053, 0.34806132316589355, 0.48748159408569336, 0.6227678656578064, 0.7419354915618896, 0.7716894745826721, 0.8333333134651184, 0.8977272510528564, 1.0, 1.0], "recall": 0.5251918435096741, "recall race group 0": 0.5265920162200928, "recall race group 1": 0.49640288949012756, "recall sex group 0": 0.5482213497161865, "recall sex group 1": 0.40042826533317566, "recall subgroup 0": 0.5507007241249084, "recall subgroup 1": 0.39120370149612427, "recall_th": [1.0, 0.9466132521629333, 0.8618618845939636, 0.748081386089325, 0.630630612373352, 0.5251918435096741, 0.4087420701980591, 0.2939606308937073, 0.167500838637352, 0.04471137747168541], "recall_th race group 0": [1.0, 0.947165846824646, 0.8635409474372864, 0.7501749396324158, 0.6329601407051086, 0.5265920162200928, 0.41042688488960266, 0.297410786151886, 0.16934919357299805, 0.045136459171772], "recall_th race group 1": [1.0, 0.935251772403717, 0.8273381590843201, 0.7050359845161438, 0.5827338099479675, 0.49640288949012756, 0.3741007149219513, 0.22302158176898956, 0.12949639558792114, 0.035971224308013916], "recall_th sex group 0": [1.0, 0.9569169878959656, 0.8802371621131897, 0.7675889134407043, 0.6482213735580444, 0.5482213497161865, 0.4332015812397003, 0.31343874335289, 0.17984189093112946, 0.046640317887067795], "recall_th sex group 1": [1.0, 0.8907923102378845, 0.762312650680542, 0.6423982977867126, 0.5353319048881531, 0.40042826533317566, 0.2762312591075897, 0.1884368360042572, 0.10064239799976349, 0.03426124155521393], "recall_th subgroup 0": [1.0, 0.9567188620567322, 0.8808738589286804, 0.7687551379203796, 0.6508656144142151, 0.5507007241249084, 0.4361088275909424, 0.31780707836151123, 0.18178071081638336, 0.04781533405184746], "recall_th subgroup 1": [1.0, 0.8935185074806213, 0.7662037014961243, 0.6458333134651184, 0.5324074029922485, 0.39120370149612427, 0.26620370149612427, 0.18287037312984467, 0.09953703731298447, 0.030092593282461166], "tn": 9265.0, "tn race group 0": 8215.0, "tn race group 1": 1050.0, "tn sex group 0": 5558.0, "tn sex group 1": 3707.0, "tn subgroup 0": 5063.0, "tn subgroup 1": 3152.0, "tn_th": [0.0, 6152.0, 7543.0, 8405.0, 8979.0, 9265.0, 9491.0, 9666.0, 9761.0, 9798.0], "tn_th race group 0": [0.0, 5357.0, 6606.0, 7406.0, 7943.0, 8215.0, 8420.0, 8586.0, 8678.0, 8714.0], "tn_th race group 1": [0.0, 795.0, 937.0, 999.0, 1036.0, 1050.0, 1071.0, 1080.0, 1083.0, 1084.0], "tn_th sex group 0": [0.0, 3230.0, 4177.0, 4839.0, 5307.0, 5558.0, 5751.0, 5910.0, 5995.0, 6032.0], "tn_th sex group 1": [0.0, 2922.0, 3366.0, 3566.0, 3672.0, 3707.0, 3740.0, 3756.0, 3766.0, 3766.0], "tn_th subgroup 0": [0.0, 2878.0, 3752.0, 4373.0, 4821.0, 5063.0, 5241.0, 5393.0, 5476.0, 5512.0], "tn_th subgroup 1": [0.0, 2479.0, 2854.0, 3033.0, 3122.0, 3152.0, 3179.0, 3193.0, 3202.0, 3202.0], "tp": 1574.0, "tp race group 0": 1505.0, "tp race group 1": 69.0, "tp sex group 0": 1387.0, "tp sex group 1": 187.0, "tp subgroup 0": 1336.0, "tp subgroup 1": 169.0, "tp_th": [2997.0, 2837.0, 2583.0, 2242.0, 1890.0, 1574.0, 1225.0, 881.0, 502.0, 134.0], "tp_th race group 0": [2858.0, 2707.0, 2468.0, 2144.0, 1809.0, 1505.0, 1173.0, 850.0, 484.0, 129.0], "tp_th race group 1": [139.0, 130.0, 115.0, 98.0, 81.0, 69.0, 52.0, 31.0, 18.0, 5.0], "tp_th sex group 0": [2530.0, 2421.0, 2227.0, 1942.0, 1640.0, 1387.0, 1096.0, 793.0, 455.0, 118.0], "tp_th sex group 1": [467.0, 416.0, 356.0, 300.0, 250.0, 187.0, 129.0, 88.0, 47.0, 16.0], "tp_th subgroup 0": [2426.0, 2321.0, 2137.0, 1865.0, 1579.0, 1336.0, 1058.0, 771.0, 441.0, 116.0], "tp_th subgroup 1": [432.0, 386.0, 331.0, 279.0, 230.0, 169.0, 115.0, 79.0, 43.0, 13.0],