{"accuracy": 0.8366386890411377, "accuracy race group 0": 0.8299636840820312, "accuracy race group 1": 0.899578332901001, "accuracy sex group 0": 0.7969544529914856, "accuracy sex group 1": 0.916109561920166, "accuracy subgroup 0": 0.7920548915863037, "accuracy subgroup 1": 0.9115623831748962, "accuracy subgroup 2": 0.8578962087631226, "accuracy subgroup 3": 0.9443036913871765, "auc": 0.9045658111572266, "auc race group 0": 0.9007136225700378, "auc race group 1": 0.9328679442405701, "auc sex group 0": 0.8825349807739258, "auc sex group 1": 0.9251835942268372, "auc subgroup 0": 0.8790672421455383, "auc subgroup 1": 0.9231309294700623, "auc subgroup 2": 0.9185237884521484, "auc subgroup 3": 0.9355361461639404, "aucpr": 0.7726097702980042, "fn": 28148.0, "fn race group 0": 26799.0, "fn race group 1": 1349.0, "fn sex group 0": 22729.0, "fn sex group 1": 5419.0, "fn subgroup 0": 21787.0, "fn subgroup 1": 5012.0, "fn subgroup 2": 942.0, "fn subgroup 3": 407.0, "fn_th": [0.0, 948.0, 3556.0, 7295.0, 14201.0, 28148.0, 48737.0, 70144.0, 89868.0, 105395.0], "fn_th race group 0": [0.0, 853.0, 3336.0, 6918.0, 13636.0, 26799.0, 46100.0, 66721.0, 85660.0, 100619.0], "fn_th race group 1": [0.0, 95.0, 220.0, 377.0, 565.0, 1349.0, 2637.0, 3423.0, 4208.0, 4776.0], "fn_th sex group 0": [0.0, 632.0, 2109.0, 4841.0, 10457.0, 22729.0, 40769.0, 59093.0, 75866.0, 89163.0], "fn_th sex group 1": [0.0, 316.0, 1447.0, 2454.0, 3744.0, 5419.0, 7968.0, 11051.0, 14002.0, 16232.0], "fn_th subgroup 0": [0.0, 569.0, 1983.0, 4652.0, 10205.0, 21787.0, 38697.0, 56360.0, 72568.0, 85454.0], "fn_th subgroup 1": [0.0, 284.0, 1353.0, 2266.0, 3431.0, 5012.0, 7403.0, 10361.0, 13092.0, 15165.0], "fn_th subgroup 2": [0.0, 63.0, 126.0, 189.0, 252.0, 942.0, 2072.0, 2733.0, 3298.0, 3709.0], "fn_th subgroup 3": [0.0, 32.0, 94.0, 188.0, 313.0, 407.0, 565.0, 690.0, 910.0, 1067.0], "fnr": 0.23276467621326447, "fnr race group 0": 0.23242239654064178, "fnr race group 1": 0.23977959156036377, "fnr sex group 0": 0.22203661501407623, "fnr sex group 1": 0.2919248044490814, "fnr subgroup 0": 0.2221802920103073, "fnr subgroup 1": 0.29066866636276245, "fnr subgroup 2": 0.2187645137310028, "fnr subgroup 3": 0.3083333373069763, "fp": 55493.0, "fp race group 0": 51912.0, "fp race group 1": 3581.0, "fp sex group 0": 46607.0, "fp sex group 1": 8886.0, "fp subgroup 0": 43938.0, "fp subgroup 1": 7974.0, "fp subgroup 2": 2669.0, "fp subgroup 3": 912.0, "fp_th": [391071.0, 224322.0, 168455.0, 129168.0, 91465.0, 55493.0, 25317.0, 9629.0, 2301.0, 287.0], "fp_th race group 0": [347604.0, 203986.0, 155609.0, 120033.0, 85375.0, 51912.0, 23778.0, 8908.0, 2114.0, 255.0], "fp_th race group 1": [43467.0, 20336.0, 12846.0, 9135.0, 6090.0, 3581.0, 1539.0, 721.0, 187.0, 32.0], "fp_th sex group 0": [239114.0, 156805.0, 128690.0, 103330.0, 75448.0, 46607.0, 20916.0, 8183.0, 1829.0, 255.0], "fp_th sex group 1": [151957.0, 67517.0, 39765.0, 25838.0, 16017.0, 8886.0, 4401.0, 1446.0, 472.0, 32.0], "fp_th subgroup 0": [218009.0, 145173.0, 120492.0, 96986.0, 71084.0, 43938.0, 19787.0, 7587.0, 1642.0, 223.0], "fp_th subgroup 1": [129595.0, 58813.0, 35117.0, 23047.0, 14291.0, 7974.0, 3991.0, 1321.0, 472.0, 32.0], "fp_th subgroup 2": [21105.0, 11632.0, 8198.0, 6344.0, 4364.0, 2669.0, 1129.0, 596.0, 187.0, 32.0], "fp_th subgroup 3": [22362.0, 8704.0, 4648.0, 2791.0, 1726.0, 912.0, 410.0, 125.0, 0.0, 0.0], "fpr": 0.14190006256103516, "fpr race group 0": 0.1493423581123352, "fpr race group 1": 0.08238434046506882, "fpr sex group 0": 0.19491539895534515, "fpr sex group 1": 0.058477070182561874, "fpr subgroup 0": 0.20154213905334473, "fpr subgroup 1": 0.06153015047311783, "fpr subgroup 2": 0.126462921500206, "fpr subgroup 3": 0.04078347235918045, "loss": 0.9979792833328247, "precision": 0.6257401704788208, "precision race group 0": 0.6302985548973083, "precision race group 1": 0.5442860722541809, "precision sex group 0": 0.6308180689811707, "precision sex group 1": 0.596640944480896, "precision subgroup 0": 0.6344926953315735, "precision subgroup 1": 0.6053451895713806, "precision subgroup 2": 0.5575998425483704, "precision subgroup 3": 0.5002739429473877, "precision_th": [0.23618945479393005, 0.34847503900527954, 0.4106420576572418, 0.46801096200942993, 0.5385053753852844, 0.6257401704788208, 0.7403624057769775, 0.8406164050102234, 0.9310293197631836, 0.981859564781189], "precision_th race group 0": [0.24908459186553955, 0.35941287875175476, 0.418449342250824, 0.47450289130210876, 0.5435517430305481, 0.6302985548973083, 0.7442703247070312, 0.8450512886047363, 0.9334319829940796, 0.982930600643158], "precision_th race group 1": [0.1145988255739212, 0.2138245701789856, 0.2961867153644562, 0.36491936445236206, 0.45386064052581787, 0.5442860722541809, 0.6601148247718811, 0.7534199953079224, 0.8834890723228455, 0.963718831539154], "precision_th sex group 0": [0.29977157711982727, 0.3934957683086395, 0.43790483474731445, 0.48554927110671997, 0.5491793155670166, 0.6308180689811707, 0.7465126514434814, 0.8409709334373474, 0.9354372024536133, 0.9810521602630615], "precision_th sex group 1": [0.10886113345623016, 0.21275827288627625, 0.3009089231491089, 0.3840322196483612, 0.48057466745376587, 0.596640944480896, 0.70652174949646, 0.8385800123214722, 0.906218945980072, 0.986457884311676], "precision_th subgroup 0": [0.3102487027645111, 0.4017530381679535, 0.4436322748661041, 0.4906036853790283, 0.5527592301368713, 0.6344926953315735, 0.7500063180923462, 0.8460648655891418, 0.939485490322113, 0.9826174974441528], "precision_th subgroup 1": [0.1174287274479866, 0.2238161861896515, 0.3115258812904358, 0.3938828110694885, 0.4914777874946594, 0.6053451895713806, 0.7114453315734863, 0.8389613628387451, 0.8979017734527588, 0.9848341345787048], "precision_th subgroup 2": [0.1694541722536087, 0.2672756016254425, 0.3376959264278412, 0.39355701208114624, 0.48158708214759827, 0.5575998425483704, 0.6642878651618958, 0.7252190113067627, 0.843514621257782, 0.9491255879402161], "precision_th subgroup 3": [0.05573853477835655, 0.1289031207561493, 0.20871637761592865, 0.28855466842651367, 0.3684595823287964, 0.5002739429473877, 0.6480686664581299, 0.8344370722770691, 1.0, 1.0], "recall": 0.7672353386878967, "recall race group 0": 0.767577588558197, "recall race group 1": 0.7602204084396362, "recall sex group 0": 0.777963399887085, "recall sex group 1": 0.708075225353241, "recall subgroup 0": 0.7778196930885315, "recall subgroup 1": 0.7093313336372375, "recall subgroup 2": 0.7812354564666748, "recall subgroup 3": 0.6916666626930237, "recall_th": [1.0, 0.9921606779098511, 0.9705942869186401, 0.9396753311157227, 0.8825674653053284, 0.7672353386878967, 0.5969783663749695, 0.41995716094970703, 0.2568531930446625, 0.1284555345773697], "recall_th race group 0": [1.0, 0.9926021099090576, 0.9710675477981567, 0.9400015473365784, 0.8817377090454102, 0.767577588558197, 0.6001838445663452, 0.42134201526641846, 0.2570878565311432, 0.12735141813755035], "recall_th race group 1": [1.0, 0.9831141233444214, 0.960895836353302, 0.9329897165298462, 0.8995733857154846, 0.7602204084396362, 0.5312833189964294, 0.39157482981681824, 0.25204408168792725, 0.15108424425125122], "recall_th sex group 0": [1.0, 0.9938260912895203, 0.9793974757194519, 0.952708899974823, 0.8978469371795654, 0.777963399887085, 0.6017329692840576, 0.4227282404899597, 0.2588750123977661, 0.12897837162017822], "recall_th sex group 1": [1.0, 0.9829769134521484, 0.9220492243766785, 0.8678015470504761, 0.7983084917068481, 0.708075225353241, 0.5707590579986572, 0.4046759605407715, 0.2457038164138794, 0.12557236850261688], "recall_th subgroup 0": [1.0, 0.994197428226471, 0.9797776937484741, 0.9525596499443054, 0.89593106508255, 0.7778196930885315, 0.605374276638031, 0.425249844789505, 0.2599632740020752, 0.12855394184589386],