{"accuracy": 0.842779278755188, "accuracy race group 0": 0.8366172909736633, "accuracy race group 1": 0.9008820056915283, "accuracy sex group 0": 0.8041554689407349, "accuracy sex group 1": 0.9201266765594482, "accuracy subgroup 0": 0.7994298934936523, "accuracy subgroup 1": 0.9166632890701294, "accuracy subgroup 2": 0.8629333972930908, "accuracy subgroup 3": 0.9416012167930603, "auc": 0.9048855304718018, "auc race group 0": 0.9013007283210754, "auc race group 1": 0.9306270480155945, "auc sex group 0": 0.882023811340332, "auc sex group 1": 0.9277896285057068, "auc subgroup 0": 0.879050076007843, "auc subgroup 1": 0.9253139495849609, "auc subgroup 2": 0.9100697636604309, "auc subgroup 3": 0.945492148399353, "aucpr": 0.773776650428772, "fn": 31512.0, "fn race group 0": 29944.0, "fn race group 1": 1568.0, "fn sex group 0": 25433.0, "fn sex group 1": 6079.0, "fn subgroup 0": 24398.0, "fn subgroup 1": 5546.0, "fn subgroup 2": 1035.0, "fn subgroup 3": 533.0, "fn_th": [0.0, 1009.0, 3742.0, 8393.0, 16633.0, 31512.0, 51104.0, 71588.0, 90289.0, 104097.0], "fn_th race group 0": [0.0, 946.0, 3522.0, 7985.0, 15911.0, 29944.0, 48467.0, 67944.0, 86017.0, 99257.0], "fn_th race group 1": [0.0, 63.0, 220.0, 408.0, 722.0, 1568.0, 2637.0, 3644.0, 4272.0, 4840.0], "fn_th sex group 0": [0.0, 662.0, 2327.0, 5627.0, 12506.0, 25433.0, 42694.0, 60255.0, 76190.0, 87867.0], "fn_th sex group 1": [0.0, 347.0, 1415.0, 2766.0, 4127.0, 6079.0, 8410.0, 11333.0, 14099.0, 16230.0], "fn_th subgroup 0": [0.0, 599.0, 2201.0, 5438.0, 12097.0, 24398.0, 40653.0, 57428.0, 72829.0, 84126.0], "fn_th subgroup 1": [0.0, 347.0, 1321.0, 2547.0, 3814.0, 5546.0, 7814.0, 10516.0, 13188.0, 15131.0], "fn_th subgroup 2": [0.0, 63.0, 126.0, 189.0, 409.0, 1035.0, 2041.0, 2827.0, 3361.0, 3741.0], "fn_th subgroup 3": [0.0, 0.0, 94.0, 219.0, 313.0, 533.0, 596.0, 817.0, 911.0, 1099.0], "fnr": 0.26058265566825867, "fnr race group 0": 0.25969836115837097, "fnr race group 1": 0.27870601415634155, "fnr sex group 0": 0.24845163524150848, "fnr sex group 1": 0.32747939229011536, "fnr subgroup 0": 0.24880684912204742, "fnr subgroup 1": 0.3216377794742584, "fnr subgroup 2": 0.240362286567688, "fnr subgroup 3": 0.40378788113594055, "fp": 48985.0, "fp race group 0": 45687.0, "fp race group 1": 3298.0, "fp sex group 0": 41444.0, "fp sex group 1": 7541.0, "fp subgroup 0": 38996.0, "fp subgroup 1": 6691.0, "fp subgroup 2": 2448.0, "fp subgroup 3": 850.0, "fp_th": [391071.0, 221373.0, 163142.0, 120857.0, 83675.0, 48985.0, 22957.0, 9034.0, 2205.0, 224.0], "fp_th race group 0": [347604.0, 201352.0, 150608.0, 112038.0, 77897.0, 45687.0, 21356.0, 8344.0, 2049.0, 224.0], "fp_th race group 1": [43467.0, 20021.0, 12534.0, 8819.0, 5778.0, 3298.0, 1601.0, 690.0, 156.0, 0.0], "fp_th sex group 0": [239114.0, 154578.0, 124600.0, 97005.0, 69696.0, 41444.0, 19029.0, 7840.0, 1796.0, 224.0], "fp_th sex group 1": [151957.0, 66795.0, 38542.0, 23852.0, 13979.0, 7541.0, 3928.0, 1194.0, 409.0, 0.0], "fp_th subgroup 0": [218009.0, 143326.0, 116715.0, 90885.0, 65550.0, 38996.0, 17900.0, 7275.0, 1671.0, 224.0], "fp_th subgroup 1": [129595.0, 58026.0, 33893.0, 21153.0, 12347.0, 6691.0, 3456.0, 1069.0, 378.0, 0.0], "fp_th subgroup 2": [21105.0, 11252.0, 7885.0, 6120.0, 4146.0, 2448.0, 1129.0, 565.0, 125.0, 0.0], "fp_th subgroup 3": [22362.0, 8769.0, 4649.0, 2699.0, 1632.0, 850.0, 472.0, 125.0, 31.0, 0.0], "fpr": 0.12525857985019684, "fpr race group 0": 0.13143403828144073, "fpr race group 1": 0.07587365061044693, "fpr sex group 0": 0.17332318425178528, "fpr sex group 1": 0.049625881016254425, "fpr subgroup 0": 0.17887334525585175, "fpr subgroup 1": 0.05163007974624634, "fpr subgroup 2": 0.11599147319793701, "fpr subgroup 3": 0.03801091015338898, "loss": 0.9849910140037537, "precision": 0.6460672616958618, "precision race group 0": 0.6513667106628418, "precision race group 1": 0.5516585111618042, "precision sex group 0": 0.6498982310295105, "precision sex group 1": 0.6234207153320312, "precision subgroup 0": 0.65385502576828, "precision subgroup 1": 0.636121392250061, "precision subgroup 2": 0.5719531178474426, "precision subgroup 3": 0.480757474899292, "precision_th": [0.23618945479393005, 0.3513696491718292, 0.41803380846977234, 0.4821738302707672, 0.5548515319824219, 0.6460672616958618, 0.7525705695152283, 0.8452419638633728, 0.9328665137290955, 0.9868667721748352], "precision_th race group 0": [0.24908459186553955, 0.362222820520401, 0.4260125160217285, 0.48924124240875244, 0.5606213808059692, 0.6513667106628418, 0.7578465342521667, 0.8502055406570435, 0.9346098899841309, 0.986232340335846], "precision_th race group 1": [0.1145988255739212, 0.21744059026241302, 0.3013377785682678, 0.37173184752464294, 0.45909005403518677, 0.5516585111618042, 0.6511982679367065, 0.7417664527893066, 0.8966887593269348, 1.0], "precision_th sex group 0": [0.29977157711982727, 0.3968440890312195, 0.44533228874206543, 0.4993135333061218, 0.563187837600708, 0.6498982310295105, 0.7582114338874817, 0.8430461883544922, 0.9357929229736328, 0.9847857356071472], "precision_th sex group 1": [0.10886113345623016, 0.21427814662456512, 0.30791884660720825, 0.39842113852500916, 0.508041501045227, 0.6234207153320312, 0.7210425138473511, 0.8582621216773987, 0.9160681366920471, 1.0], "precision_th subgroup 0": [0.3102487027645111, 0.4047602117061615, 0.4509441554546356, 0.5047327876091003, 0.5673638582229614, 0.65385502576828, 0.762306272983551, 0.8481432795524597, 0.9378856420516968, 0.9841785430908203], "precision_th subgroup 1": [0.1174287274479866, 0.22551453113555908, 0.31962260603904724, 0.409941703081131, 0.5209885239601135, 0.636121392250061, 0.7317811250686646, 0.8628783822059631, 0.914730429649353, 1.0], "precision_th subgroup 2": [0.1694541722536087, 0.27383026480674744, 0.34645670652389526, 0.4021686017513275, 0.48452070355415344, 0.5719531178474426, 0.667354166507721, 0.7235811948776245, 0.8831775784492493, 1.0], "precision_th subgroup 3": [0.05573853477835655, 0.13083556294441223, 0.20868085324764252, 0.2897368371486664, 0.38158392906188965, 0.480757474899292, 0.6053511500358582, 0.8009554147720337, 0.9295454621315002, 1.0], "recall": 0.739417314529419, "recall race group 0": 0.7403016686439514, "recall race group 1": 0.7212939858436584, "recall sex group 0": 0.7515483498573303, "recall sex group 1": 0.6725205779075623, "recall subgroup 0": 0.7511931657791138, "recall subgroup 1": 0.678362250328064, "recall subgroup 2": 0.759637713432312, "recall subgroup 3": 0.5962121486663818, "recall_th": [1.0, 0.9916562438011169, 0.969056248664856, 0.9305956363677979, 0.8624565005302429, 0.739417314529419, 0.5774049162864685, 0.40801626443862915, 0.25337180495262146, 0.13918910920619965], "recall_th race group 0": [1.0, 0.991795539855957, 0.9694544076919556, 0.9307476878166199, 0.8620070815086365, 0.7403016686439514, 0.5796553492546082, 0.41073518991470337, 0.25399166345596313, 0.1391637623310089], "recall_th race group 1": [1.0, 0.9888020157814026, 0.960895836353302, 0.9274795651435852, 0.8716672658920288, 0.7212939858436584, 0.5312833189964294, 0.3522929251194, 0.24066832661628723, 0.1397084891796112], "recall_th sex group 0": [1.0, 0.9935330152511597, 0.977267861366272, 0.9450305700302124, 0.8778305053710938, 0.7515483498573303, 0.582927942276001, 0.41137683391571045, 0.2557099163532257, 0.1416388303041458], "recall_th sex group 1": [1.0, 0.9813069105148315, 0.9237731099128723, 0.8509939312934875, 0.7776760458946228, 0.6725205779075623, 0.546948254108429, 0.3894844651222229, 0.24047836661338806, 0.1256801187992096], "recall_th subgroup 0": [1.0, 0.9938914775848389, 0.9775545597076416, 0.9445441365242004, 0.8766367435455322, 0.7511931657791138, 0.5854272842407227, 0.41435855627059937, 0.2573016583919525, 0.14209666848182678], "recall_th subgroup 1": [1.0, 0.9798758625984192, 0.923389196395874, 0.8522878885269165, 0.7788087725639343, 0.678362250328064, 0.5468305945396423, 0.39012932777404785, 0.23516789078712463, 0.1224844828248024],