{"accuracy": 0.8421875238418579, "accuracy race group 0": 0.834153950214386, "accuracy race group 1": 0.9182338714599609, "accuracy sex group 0": 0.8028481602668762, "accuracy sex group 1": 0.9218048453330994, "accuracy subgroup 0": 0.7968022227287292, "accuracy subgroup 1": 0.9157952666282654, "auc": 0.8795143961906433, "auc race group 0": 0.8758230209350586, "auc race group 1": 0.9000837206840515, "auc sex group 0": 0.8584553599357605, "auc sex group 1": 0.8936486840248108, "auc subgroup 0": 0.8547260165214539, "auc subgroup 1": 0.8944828510284424, "aucpr": 0.730147659778595, "fn": 1452.0, "fn race group 0": 1379.0, "fn race group 1": 73.0, "fn sex group 0": 1173.0, "fn sex group 1": 279.0, "fn subgroup 0": 1118.0, "fn subgroup 1": 261.0, "fn_th": [0.0, 158.0, 466.0, 762.0, 1118.0, 1452.0, 1828.0, 2331.0, 2741.0, 2928.0], "fn_th race group 0": [0.0, 149.0, 439.0, 718.0, 1059.0, 1379.0, 1740.0, 2216.0, 2613.0, 2792.0], "fn_th race group 1": [0.0, 9.0, 27.0, 44.0, 59.0, 73.0, 88.0, 115.0, 128.0, 136.0], "fn_th sex group 0": [0.0, 114.0, 352.0, 601.0, 890.0, 1173.0, 1499.0, 1934.0, 2303.0, 2472.0], "fn_th sex group 1": [0.0, 44.0, 114.0, 161.0, 228.0, 279.0, 329.0, 397.0, 438.0, 456.0], "fn_th subgroup 0": [0.0, 111.0, 334.0, 568.0, 847.0, 1118.0, 1431.0, 1848.0, 2207.0, 2369.0], "fn_th subgroup 1": [0.0, 38.0, 105.0, 150.0, 212.0, 261.0, 309.0, 368.0, 406.0, 423.0], "fnr": 0.4844844937324524, "fnr race group 0": 0.48250526189804077, "fnr race group 1": 0.5251798629760742, "fnr sex group 0": 0.4636363685131073, "fnr sex group 1": 0.597430408000946, "fnr subgroup 0": 0.4608408808708191, "fnr subgroup 1": 0.6041666865348816, "fp": 568.0, "fp race group 0": 541.0, "fp race group 1": 27.0, "fp sex group 0": 516.0, "fp sex group 1": 52.0, "fp subgroup 0": 496.0, "fp subgroup 1": 45.0, "fp_th": [9803.0, 3597.0, 2206.0, 1446.0, 920.0, 568.0, 281.0, 78.0, 13.0, 1.0], "fp_th race group 0": [8719.0, 3331.0, 2067.0, 1360.0, 869.0, 541.0, 269.0, 75.0, 13.0, 1.0], "fp_th race group 1": [1084.0, 266.0, 139.0, 86.0, 51.0, 27.0, 12.0, 3.0, 0.0, 0.0], "fp_th sex group 0": [6037.0, 2747.0, 1800.0, 1222.0, 808.0, 516.0, 259.0, 74.0, 13.0, 1.0], "fp_th sex group 1": [3766.0, 850.0, 406.0, 224.0, 112.0, 52.0, 22.0, 4.0, 0.0, 0.0], "fp_th subgroup 0": [5517.0, 2591.0, 1709.0, 1170.0, 773.0, 496.0, 249.0, 71.0, 13.0, 1.0], "fp_th subgroup 1": [3202.0, 740.0, 358.0, 190.0, 96.0, 45.0, 20.0, 4.0, 0.0, 0.0], "fpr": 0.05794144794344902, "fpr race group 0": 0.062048401683568954, "fpr race group 1": 0.024907749146223068, "fpr sex group 0": 0.08547291904687881, "fpr sex group 1": 0.013807754032313824, "fpr subgroup 0": 0.08990393579006195, "fpr subgroup 1": 0.014053716324269772, "loss": 0.33732983469963074, "precision": 0.7311878800392151, "precision race group 0": 0.7321782112121582, "precision race group 1": 0.7096773982048035, "precision sex group 0": 0.724506139755249, "precision sex group 1": 0.7833333611488342, "precision subgroup 0": 0.725055456161499, "precision subgroup 1": 0.7916666865348816, "precision_th": [0.23414061963558197, 0.4411124885082245, 0.5343044400215149, 0.6071719527244568, 0.6713111996650696, 0.7311878800392151, 0.8062068819999695, 0.8951612710952759, 0.9516728520393372, 0.9857142567634583], "precision_th race group 0": [0.2468687891960144, 0.44850993156433105, 0.5392331480979919, 0.6114285588264465, 0.6742878556251526, 0.7321782112121582, 0.8060562610626221, 0.8953974843025208, 0.9496123790740967, 0.9850746393203735], "precision_th race group 1": [0.11365494877099991, 0.32828283309936523, 0.4462151527404785, 0.5248618721961975, 0.6106870174407959, 0.7096773982048035, 0.8095238208770752, 0.8888888955116272, 1.0, 1.0], "precision_th sex group 0": [0.29531925916671753, 0.4679449796676636, 0.5475113391876221, 0.6121866106987, 0.6699346303939819, 0.724506139755249, 0.7992247939109802, 0.8895522356033325, 0.9458333253860474, 0.9830508232116699], "precision_th sex group 1": [0.11032364517450333, 0.33228594064712524, 0.46508562564849854, 0.5773584842681885, 0.680911660194397, 0.7833333611488342, 0.862500011920929, 0.9459459185600281, 1.0, 1.0], "precision_th subgroup 0": [0.30542615056037903, 0.47187116742134094, 0.5503814816474915, 0.613606333732605, 0.6713435649871826, 0.725055456161499, 0.799839198589325, 0.8906009197235107, 0.943965494632721, 0.982758641242981], "precision_th subgroup 1": [0.11887726932764053, 0.3474426865577698, 0.47737225890159607, 0.5974576473236084, 0.6962025165557861, 0.7916666865348816, 0.8601398468017578, 0.9411764740943909, 1.0, 1.0], "recall": 0.5155155062675476, "recall race group 0": 0.5174947381019592, "recall race group 1": 0.4748201370239258, "recall sex group 0": 0.5363636612892151, "recall sex group 1": 0.40256959199905396, "recall subgroup 0": 0.5391591191291809, "recall subgroup 1": 0.3958333432674408, "recall_th": [1.0, 0.9472805857658386, 0.8445111513137817, 0.7457457184791565, 0.626960277557373, 0.5155155062675476, 0.3900567293167114, 0.2222222238779068, 0.08541875332593918, 0.023023022338747978], "recall_th race group 0": [1.0, 0.9478656649589539, 0.8463960886001587, 0.7487753629684448, 0.6294611692428589, 0.5174947381019592, 0.39118263125419617, 0.2246326059103012, 0.08572427928447723, 0.023093072697520256], "recall_th race group 1": [1.0, 0.935251772403717, 0.8057553768157959, 0.6834532618522644, 0.5755395889282227, 0.4748201370239258, 0.36690646409988403, 0.17266187071800232, 0.0791366919875145, 0.02158273383975029], "recall_th sex group 0": [1.0, 0.9549407362937927, 0.8608695864677429, 0.7624505758285522, 0.6482213735580444, 0.5363636612892151, 0.4075098931789398, 0.23557312786579132, 0.08972331881523132, 0.02292490191757679], "recall_th sex group 1": [1.0, 0.9057815670967102, 0.7558886408805847, 0.6552462577819824, 0.5117772817611694, 0.40256959199905396, 0.2955031991004944, 0.1498929262161255, 0.06209849938750267, 0.02355460450053215], "recall_th subgroup 0": [1.0, 0.9542456865310669, 0.8623248338699341, 0.7658697366714478, 0.6508656144142151, 0.5391591191291809, 0.41014015674591064, 0.23825226724147797, 0.09027205407619476, 0.023495465517044067], "recall_th subgroup 1": [1.0, 0.9120370149612427, 0.7569444179534912, 0.6527777910232544, 0.5092592835426331, 0.3958333432674408, 0.2847222089767456, 0.14814814925193787, 0.06018518656492233, 0.02083333395421505], "tn": 9235.0, "tn race group 0": 8178.0, "tn race group 1": 1057.0, "tn sex group 0": 5521.0, "tn sex group 1": 3714.0, "tn subgroup 0": 5021.0, "tn subgroup 1": 3157.0, "tn_th": [0.0, 6206.0, 7597.0, 8357.0, 8883.0, 9235.0, 9522.0, 9725.0, 9790.0, 9802.0], "tn_th race group 0": [0.0, 5388.0, 6652.0, 7359.0, 7850.0, 8178.0, 8450.0, 8644.0, 8706.0, 8718.0], "tn_th race group 1": [0.0, 818.0, 945.0, 998.0, 1033.0, 1057.0, 1072.0, 1081.0, 1084.0, 1084.0], "tn_th sex group 0": [0.0, 3290.0, 4237.0, 4815.0, 5229.0, 5521.0, 5778.0, 5963.0, 6024.0, 6036.0], "tn_th sex group 1": [0.0, 2916.0, 3360.0, 3542.0, 3654.0, 3714.0, 3744.0, 3762.0, 3766.0, 3766.0], "tn_th subgroup 0": [0.0, 2926.0, 3808.0, 4347.0, 4744.0, 5021.0, 5268.0, 5446.0, 5504.0, 5516.0], "tn_th subgroup 1": [0.0, 2462.0, 2844.0, 3012.0, 3106.0, 3157.0, 3182.0, 3198.0, 3202.0, 3202.0], "tp": 1545.0, "tp race group 0": 1479.0, "tp race group 1": 66.0, "tp sex group 0": 1357.0, "tp sex group 1": 188.0, "tp subgroup 0": 1308.0, "tp subgroup 1": 171.0, "tp_th": [2997.0, 2839.0, 2531.0, 2235.0, 1879.0, 1545.0, 1169.0, 666.0, 256.0, 69.0], "tp_th race group 0": [2858.0, 2709.0, 2419.0, 2140.0, 1799.0, 1479.0, 1118.0, 642.0, 245.0, 66.0], "tp_th race group 1": [139.0, 130.0, 112.0, 95.0, 80.0, 66.0, 51.0, 24.0, 11.0, 3.0], "tp_th sex group 0": [2530.0, 2416.0, 2178.0, 1929.0, 1640.0, 1357.0, 1031.0, 596.0, 227.0, 58.0], "tp_th sex group 1": [467.0, 423.0, 353.0, 306.0, 239.0, 188.0, 138.0, 70.0, 29.0, 11.0], "tp_th subgroup 0": [2426.0, 2315.0, 2092.0, 1858.0, 1579.0, 1308.0, 995.0, 578.0, 219.0, 57.0], "tp_th subgroup 1": [432.0, 394.0, 327.0, 282.0, 220.0, 171.0, 123.0, 64.0, 26.0, 9.0],