{
    "accuracy": {
        "mean": 0.8431875050067902,
        "std": 0.0024170293755372595
    },
    "micro_avg_auc": {
        "mean": 0.8807642221450805,
        "std": 0.002395776759921909
    },
    "minority_auc": {
        "mean": 0.8814347922801972,
        "std": 0.0065358752249048465
    }
}