{
    "accuracy": {
        "mean": 0.8405495941638946,
        "std": 0.002879083211799858
    },
    "micro_avg_auc": {
        "mean": 0.9040659725666046,
        "std": 0.0008452808784638926
    },
    "minority_auc": {
        "mean": 0.9439897119998932,
        "std": 0.007319206790424289
    },
    "macro_avg_auc": {
        "mean": 0.9151967599987983,
        "std": 0.0018349614613895212
    },
    "min_auc": {
        "mean": 0.878067284822464,
        "std": 0.0010359395788660528
    }
}