{"min_auc": 0.8586797714233398, "macro_avg_auc": 0.9147966802120209, "micro_avg_auc": 0.963528037071228, "minority_auc": 0.8586797714233398, "accuracy": 0.9021685719490051}