{"min_auc": 0.8829651474952698, "macro_avg_auc": 0.9174354523420334, "micro_avg_auc": 0.9087439179420471, "minority_auc": 0.9407944083213806, "accuracy": 0.8575026392936707}