{"min_auc": 0.6990283727645874, "macro_avg_auc": 0.7336424738168716, "micro_avg_auc": 0.7346687912940979, "minority_auc": 0.7500492334365845, "accuracy": 0.6688311696052551}