{"min_auc": 0.9040143489837646, "macro_avg_auc": 0.9279500842094421, "micro_avg_auc": 0.9372190833091736, "minority_auc": 0.9040143489837646, "accuracy": 0.8638769388198853}