{"min_auc": 0.7447400093078613, "macro_avg_auc": 0.7623523622751236, "micro_avg_auc": 0.7712024450302124, "minority_auc": 0.7720797657966614, "accuracy": 0.8039166331291199}