{"min_auc": 0.9245402812957764, "macro_avg_auc": 0.9422869980335236, "micro_avg_auc": 0.9489476680755615, "minority_auc": 0.9245402812957764, "accuracy": 0.8779446482658386}