{"min_auc": 0.8165410757064819, "macro_avg_auc": 0.8325462341308594, "micro_avg_auc": 0.8378121852874756, "minority_auc": 0.8444622755050659, "accuracy": 0.8640472292900085}