{"min_auc": 0.817165195941925, "macro_avg_auc": 0.8325550407171249, "micro_avg_auc": 0.8377573490142822, "minority_auc": 0.8325320482254028, "accuracy": 0.8621641993522644}