{"min_auc": 0.8851447701454163, "macro_avg_auc": 0.919160321354866, "micro_avg_auc": 0.9102445244789124, "minority_auc": 0.9409617185592651, "accuracy": 0.857072651386261}