{"min_auc": 0.8851966857910156, "macro_avg_auc": 0.9203703999519348, "micro_avg_auc": 0.9101119041442871, "minority_auc": 0.9475922584533691, "accuracy": 0.8579939603805542}