{"min_auc": 0.908739447593689, "macro_avg_auc": 0.9296668767929077, "micro_avg_auc": 0.9377358555793762, "minority_auc": 0.908739447593689, "accuracy": 0.8641631007194519}