{"min_auc": 0.8559956550598145, "macro_avg_auc": 0.9111898243427277, "micro_avg_auc": 0.959046483039856, "minority_auc": 0.8559956550598145, "accuracy": 0.8945147395133972}