{"min_auc": 0.8647233247756958, "macro_avg_auc": 0.9184528589248657, "micro_avg_auc": 0.9649521112442017, "minority_auc": 0.8647233247756958, "accuracy": 0.9005985856056213}