{"min_auc": 0.699161171913147, "macro_avg_auc": 0.73216512799263, "micro_avg_auc": 0.7344942688941956, "minority_auc": 0.7535995841026306, "accuracy": 0.6660482287406921}