{"min_auc": 0.7039919495582581, "macro_avg_auc": 0.7386100441217422, "micro_avg_auc": 0.7396047115325928, "minority_auc": 0.7552760243415833, "accuracy": 0.6651206016540527}