{"min_auc": 0.7986336350440979, "macro_avg_auc": 0.8179145604372025, "micro_avg_auc": 0.8182615041732788, "minority_auc": 0.8367164731025696, "accuracy": 0.8557620048522949}