{"min_auc": 0.8002176284790039, "macro_avg_auc": 0.820618063211441, "micro_avg_auc": 0.8224081993103027, "minority_auc": 0.8297721147537231, "accuracy": 0.8624152541160583}