{"min_auc": 0.7102569341659546, "macro_avg_auc": 0.7428200095891953, "micro_avg_auc": 0.7407474517822266, "minority_auc": 0.7579237818717957, "accuracy": 0.8314085006713867}