{"min_auc": 0.8471502661705017, "macro_avg_auc": 0.9062201678752899, "micro_avg_auc": 0.9571346044540405, "minority_auc": 0.8471502661705017, "accuracy": 0.8892159461975098}