{"min_auc": 0.8836511373519897, "macro_avg_auc": 0.916121318936348, "micro_avg_auc": 0.9089734554290771, "minority_auc": 0.9343312382698059, "accuracy": 0.8554757237434387}