{"min_auc": 0.7506468892097473, "macro_avg_auc": 0.767006516456604, "micro_avg_auc": 0.7749406695365906, "minority_auc": 0.7752848863601685, "accuracy": 0.813582718372345}