{"min_auc": 0.6914877891540527, "macro_avg_auc": 0.7335599511861801, "micro_avg_auc": 0.7299210429191589, "minority_auc": 0.740680456161499, "accuracy": 0.668367326259613}