{"min_auc": 0.8823778033256531, "macro_avg_auc": 0.9173487424850464, "micro_avg_auc": 0.9083843231201172, "minority_auc": 0.942870557308197, "accuracy": 0.8542472720146179}