{"min_auc": 0.881669819355011, "macro_avg_auc": 0.9168080985546112, "micro_avg_auc": 0.9078790545463562, "minority_auc": 0.9410287141799927, "accuracy": 0.8547386527061462}