{"min_auc": 0.867050290107727, "macro_avg_auc": 0.9175923764705658, "micro_avg_auc": 0.9613548517227173, "minority_auc": 0.867050290107727, "accuracy": 0.8973604440689087}