{"min_auc": 0.8539477586746216, "macro_avg_auc": 0.9103567600250244, "micro_avg_auc": 0.9591850638389587, "minority_auc": 0.8539477586746216, "accuracy": 0.8928466439247131}