{"min_auc": 0.7039729356765747, "macro_avg_auc": 0.7338829040527344, "micro_avg_auc": 0.7371926307678223, "minority_auc": 0.7486684918403625, "accuracy": 0.6734693646430969}