{"min_auc": 0.9080008268356323, "macro_avg_auc": 0.9325443804264069, "micro_avg_auc": 0.9422064423561096, "minority_auc": 0.9080008268356323, "accuracy": 0.8653790950775146}