{"min_auc": 0.8103093504905701, "macro_avg_auc": 0.883137434720993, "micro_avg_auc": 0.9458263516426086, "minority_auc": 0.8103093504905701, "accuracy": 0.87449711561203}