{"min_auc": 0.7933329343795776, "macro_avg_auc": 0.809288814663887, "micro_avg_auc": 0.8143365383148193, "minority_auc": 0.8226495981216431, "accuracy": 0.8467235565185547}