{"age": [38.58164675532078, 13.640432553581146], "fnlwgt": [189778.36651208502, 105549.97769702233], "education-num": [10.0806793403151, 2.5727203320673406], "capital-gain": [1077.6488437087312, 7385.292084839299], "capital-loss": [87.303829734959, 402.960218649059], "hours-per-week": [40.437455852092995, 12.34742868173081]}