{"min_auc": 0.8856296539306641, "macro_avg_auc": 0.9182206392288208, "micro_avg_auc": 0.9104187488555908, "minority_auc": 0.9371442198753357, "accuracy": 0.8398132920265198}