{"min_auc": 0.809116780757904, "macro_avg_auc": 0.8175126910209656, "micro_avg_auc": 0.832363486289978, "minority_auc": 0.809116780757904, "accuracy": 0.8595280051231384}