{"min_auc": 0.7974814772605896, "macro_avg_auc": 0.8150362968444824, "micro_avg_auc": 0.8197242021560669, "minority_auc": 0.8237179517745972, "accuracy": 0.8587747812271118}