{"min_auc": 0.8841384649276733, "macro_avg_auc": 0.9189926981925964, "micro_avg_auc": 0.9083760380744934, "minority_auc": 0.9441430568695068, "accuracy": 0.8430685997009277}