{"min_auc": 0.8841556906700134, "macro_avg_auc": 0.9200805574655533, "micro_avg_auc": 0.909624457359314, "minority_auc": 0.9493000507354736, "accuracy": 0.855844259262085}