{"min_auc": 0.9194355607032776, "macro_avg_auc": 0.9370364248752594, "micro_avg_auc": 0.9436574578285217, "minority_auc": 0.9194355607032776, "accuracy": 0.871173083782196}