{"min_auc": 0.6997942328453064, "macro_avg_auc": 0.7393202185630798, "micro_avg_auc": 0.7383401393890381, "minority_auc": 0.7575443387031555, "accuracy": 0.6799628734588623}