{"min_auc": 0.698844850063324, "macro_avg_auc": 0.7341781407594681, "micro_avg_auc": 0.7358957529067993, "minority_auc": 0.7473865747451782, "accuracy": 0.6790352463722229}