{"min_auc": 0.7177165150642395, "macro_avg_auc": 0.7392188608646393, "micro_avg_auc": 0.7418309450149536, "minority_auc": 0.7514244914054871, "accuracy": 0.828521192073822}