{"min_auc": 0.7167671918869019, "macro_avg_auc": 0.7426719814538956, "micro_avg_auc": 0.7439988851547241, "minority_auc": 0.7529380917549133, "accuracy": 0.8271403312683105}