{"min_auc": 0.5684183239936829, "macro_avg_auc": 0.6775781214237213, "micro_avg_auc": 0.7675454616546631, "minority_auc": 0.5684183239936829, "accuracy": 0.694436252117157}