{"min_auc": 0.6933491230010986, "macro_avg_auc": 0.7242902368307114, "micro_avg_auc": 0.7286946177482605, "minority_auc": 0.747287929058075, "accuracy": 0.6716141104698181}