{"min_auc": 0.693152904510498, "macro_avg_auc": 0.7321853339672089, "micro_avg_auc": 0.7322249412536621, "minority_auc": 0.7337771654129028, "accuracy": 0.6762523055076599}