{"min_auc": 0.9272657632827759, "macro_avg_auc": 0.9456248879432678, "micro_avg_auc": 0.952839195728302, "minority_auc": 0.9272657632827759, "accuracy": 0.8803290128707886}