{"min_auc": 0.812932014465332, "macro_avg_auc": 0.8343462198972702, "micro_avg_auc": 0.8357821702957153, "minority_auc": 0.8510505557060242, "accuracy": 0.8440873622894287}