{"min_auc": 0.8201960325241089, "macro_avg_auc": 0.8285764157772064, "micro_avg_auc": 0.8385949730873108, "minority_auc": 0.8277243971824646, "accuracy": 0.8363043069839478}