{"min_auc": 0.8064343333244324, "macro_avg_auc": 0.8228248953819275, "micro_avg_auc": 0.8278430700302124, "minority_auc": 0.8295050263404846, "accuracy": 0.8548832535743713}