{"min_auc": 0.8098027110099792, "macro_avg_auc": 0.8278134316205978, "micro_avg_auc": 0.8312134742736816, "minority_auc": 0.8358261585235596, "accuracy": 0.8660557270050049}