{"min_auc": 0.8849290609359741, "macro_avg_auc": 0.9173105806112289, "micro_avg_auc": 0.9095625877380371, "minority_auc": 0.9367088079452515, "accuracy": 0.8509305119514465}