{"min_auc": 0.9063599705696106, "macro_avg_auc": 0.9278077781200409, "micro_avg_auc": 0.9358940124511719, "minority_auc": 0.9492555856704712, "accuracy": 0.8561516404151917}