{"accuracy": 0.6655468940734863, "accuracy race group 0": 0.6506781578063965, "accuracy race group 1": 0.6788569688796997, "accuracy sex group 0": 0.6606066226959229, "accuracy sex group 1": 0.6857597231864929, "accuracy subgroup 0": 0.645107090473175, "accuracy subgroup 1": 0.6713395714759827, "auc": 0.7227309346199036, "auc race group 0": 0.6932095885276794, "auc race group 1": 0.7375509738922119, "auc sex group 0": 0.7172521948814392, "auc sex group 1": 0.723940372467041, "auc subgroup 0": 0.68374103307724, "auc subgroup 1": 0.7225698232650757, "aucpr": 0.696195662021637, "fn": 2769.0, "fn race group 0": 1553.0, "fn race group 1": 1216.0, "fn sex group 0": 2247.0, "fn sex group 1": 522.0, "fn subgroup 0": 1219.0, "fn subgroup 1": 334.0, "fn_th": [0.0, 0.0, 78.0, 762.0, 1598.0, 2769.0, 3832.0, 4765.0, 5544.0, 6014.0], "fn_th race group 0": [0.0, 0.0, 66.0, 502.0, 974.0, 1553.0, 1946.0, 2196.0, 2423.0, 2542.0], "fn_th race group 1": [0.0, 0.0, 12.0, 260.0, 624.0, 1216.0, 1886.0, 2569.0, 3121.0, 3472.0], "fn_th sex group 0": [0.0, 0.0, 60.0, 616.0, 1301.0, 2247.0, 3092.0, 3941.0, 4654.0, 5076.0], "fn_th sex group 1": [0.0, 0.0, 18.0, 146.0, 297.0, 522.0, 740.0, 824.0, 890.0, 938.0], "fn_th subgroup 0": [0.0, 0.0, 48.0, 392.0, 770.0, 1219.0, 1529.0, 1761.0, 1958.0, 2059.0], "fn_th subgroup 1": [0.0, 0.0, 18.0, 110.0, 204.0, 334.0, 417.0, 435.0, 465.0, 483.0], "fnr": 0.45105066895484924, "fnr race group 0": 0.6052221059799194, "fnr race group 1": 0.34033024311065674, "fnr sex group 0": 0.4325312674045563, "fnr sex group 1": 0.5529661178588867, "fnr subgroup 0": 0.5852136611938477, "fnr subgroup 1": 0.6915113925933838, "fp": 1512.0, "fp race group 0": 559.0, "fp race group 1": 953.0, "fp sex group 0": 1244.0, "fp sex group 1": 268.0, "fp subgroup 0": 471.0, "fp subgroup 1": 88.0, "fp_th": [6661.0, 6661.0, 6180.0, 4416.0, 2654.0, 1512.0, 827.0, 335.0, 132.0, 24.0], "fp_th race group 0": [3480.0, 3480.0, 3106.0, 1937.0, 1074.0, 559.0, 280.0, 102.0, 36.0, 6.0], "fp_th race group 1": [3181.0, 3181.0, 3074.0, 2479.0, 1580.0, 953.0, 547.0, 233.0, 96.0, 18.0], "fp_th sex group 0": [5091.0, 5091.0, 4727.0, 3468.0, 2133.0, 1244.0, 715.0, 312.0, 126.0, 24.0], "fp_th sex group 1": [1570.0, 1570.0, 1453.0, 948.0, 521.0, 268.0, 112.0, 23.0, 6.0, 0.0], "fp_th subgroup 0": [2679.0, 2679.0, 2399.0, 1573.0, 894.0, 471.0, 244.0, 102.0, 36.0, 6.0], "fp_th subgroup 1": [801.0, 801.0, 707.0, 364.0, 180.0, 88.0, 36.0, 0.0, 0.0, 0.0], "fpr": 0.22699294984340668, "fpr race group 0": 0.1606321781873703, "fpr race group 1": 0.2995913326740265, "fpr sex group 0": 0.2443527728319168, "fpr sex group 1": 0.17070063948631287, "fpr subgroup 0": 0.17581187188625336, "fpr subgroup 1": 0.10986267030239105, "loss": 0.6142659187316895, "precision": 0.6902908682823181, "precision race group 0": 0.644402027130127, "precision race group 1": 0.7120845913887024, "precision sex group 0": 0.7032442688941956, "precision sex group 1": 0.6115942001342773, "precision subgroup 0": 0.6471909880638123, "precision subgroup 1": 0.6286919713020325, "precision_th": [0.4796093702316284, 0.4796093702316284, 0.49513930082321167, 0.5490656495094299, 0.6311327219009399, 0.6902908682823181, 0.7361199855804443, 0.8039789199829102, 0.8184319138526917, 0.8389261960983276], "precision_th race group 0": [0.4244128465652466, 0.4244128465652466, 0.44595077633857727, 0.5158710479736328, 0.5971493124961853, 0.644402027130127, 0.6888889074325562, 0.7838982939720154, 0.7988826632499695, 0.800000011920929], "precision_th race group 1": [0.529019832611084, 0.529019832611084, 0.5366992950439453, 0.5719958543777466, 0.651137113571167, 0.7120845913887024, 0.7551476955413818, 0.8116410374641418, 0.8248175382614136, 0.848739504814148], "precision_th sex group 0": [0.5050554275512695, 0.5050554275512695, 0.5206854343414307, 0.5690319538116455, 0.6460925936698914, 0.7032442688941956, 0.746273934841156, 0.8007662892341614, 0.8110944628715515, 0.8321678042411804], "precision_th sex group 1": [0.3754972219467163, 0.3754972219467163, 0.3892391622066498, 0.45704466104507446, 0.5539383292198181, 0.6115942001342773, 0.6455696225166321, 0.8391608595848083, 0.8999999761581421, 1.0], "precision_th subgroup 0": [0.4374212622642517, 0.4374212622642517, 0.45895352959632874, 0.5180760025978088, 0.5949252247810364, 0.6471909880638123, 0.6942355632781982, 0.7594339847564697, 0.7763975262641907, 0.800000011920929], "precision_th subgroup 1": [0.37616822123527527, 0.37616822123527527, 0.39675769209861755, 0.5061058402061462, 0.6078431606292725, 0.6286919713020325, 0.6470588445663452, 1.0, 1.0, 0.0], "recall": 0.5489493608474731, "recall race group 0": 0.3947778642177582, "recall race group 1": 0.6596697568893433, "recall sex group 0": 0.5674687027931213, "recall sex group 1": 0.44703391194343567, "recall subgroup 0": 0.41478636860847473, "recall subgroup 1": 0.3084886074066162, "recall_th": [1.0, 1.0, 0.9872943758964539, 0.8758755326271057, 0.7396970391273499, 0.5489493608474731, 0.37579411268234253, 0.2238149493932724, 0.09692132472991943, 0.02036162279546261], "recall_th race group 0": [1.0, 1.0, 0.9742790460586548, 0.8043647408485413, 0.6204208731651306, 0.3947778642177582, 0.241621196269989, 0.14419329166412354, 0.05572875961661339, 0.00935307890176773], "recall_th race group 1": [1.0, 1.0, 0.9966414570808411, 0.927232027053833, 0.8253568410873413, 0.6596697568893433, 0.4721522629261017, 0.2809963524341583, 0.1265043318271637, 0.02826756238937378], "recall_th sex group 0": [1.0, 1.0, 0.9884504079818726, 0.8814244270324707, 0.749566912651062, 0.5674687027931213, 0.4048123061656952, 0.24138595163822174, 0.10413859784603119, 0.02290664054453373], "recall_th sex group 1": [1.0, 1.0, 0.9809321761131287, 0.8453390002250671, 0.6853813529014587, 0.44703391194343567, 0.21610169112682343, 0.12711864709854126, 0.05720338970422745, 0.006355931982398033], "recall_th subgroup 0": [1.0, 1.0, 0.976956307888031, 0.8118098974227905, 0.6303408741950989, 0.41478636860847473, 0.26596254110336304, 0.15458473563194275, 0.06000960245728493, 0.011521843262016773], "recall_th subgroup 1": [1.0, 1.0, 0.9627329111099243, 0.7722567319869995, 0.5776397585868835, 0.3084886074066162, 0.13664595782756805, 0.09937888383865356, 0.03726708143949509, 0.0], "tn": 5149.0, "tn race group 0": 2921.0, "tn race group 1": 2228.0, "tn sex group 0": 3847.0, "tn sex group 1": 1302.0, "tn subgroup 0": 2208.0, "tn subgroup 1": 713.0, "tn_th": [0.0, 0.0, 481.0, 2245.0, 4007.0, 5149.0, 5834.0, 6326.0, 6529.0, 6637.0], "tn_th race group 0": [0.0, 0.0, 374.0, 1543.0, 2406.0, 2921.0, 3200.0, 3378.0, 3444.0, 3474.0], "tn_th race group 1": [0.0, 0.0, 107.0, 702.0, 1601.0, 2228.0, 2634.0, 2948.0, 3085.0, 3163.0], "tn_th sex group 0": [0.0, 0.0, 364.0, 1623.0, 2958.0, 3847.0, 4376.0, 4779.0, 4965.0, 5067.0], "tn_th sex group 1": [0.0, 0.0, 117.0, 622.0, 1049.0, 1302.0, 1458.0, 1547.0, 1564.0, 1570.0], "tn_th subgroup 0": [0.0, 0.0, 280.0, 1106.0, 1785.0, 2208.0, 2435.0, 2577.0, 2643.0, 2673.0], "tn_th subgroup 1": [0.0, 0.0, 94.0, 437.0, 621.0, 713.0, 765.0, 801.0, 801.0, 801.0], "tp": 3370.0, "tp race group 0": 1013.0, "tp race group 1": 2357.0, "tp sex group 0": 2948.0, "tp sex group 1": 422.0, "tp subgroup 0": 864.0, "tp subgroup 1": 149.0, "tp_th": [6139.0, 6139.0, 6061.0, 5377.0, 4541.0, 3370.0, 2307.0, 1374.0, 595.0, 125.0], "tp_th race group 0": [2566.0, 2566.0, 2500.0, 2064.0, 1592.0, 1013.0, 620.0, 370.0, 143.0, 24.0], "tp_th race group 1": [3573.0, 3573.0, 3561.0, 3313.0, 2949.0, 2357.0, 1687.0, 1004.0, 452.0, 101.0], "tp_th sex group 0": [5195.0, 5195.0, 5135.0, 4579.0, 3894.0, 2948.0, 2103.0, 1254.0, 541.0, 119.0], "tp_th sex group 1": [944.0, 944.0, 926.0, 798.0, 647.0, 422.0, 204.0, 120.0, 54.0, 6.0], "tp_th subgroup 0": [2083.0, 2083.0, 2035.0, 1691.0, 1313.0, 864.0, 554.0, 322.0, 125.0, 24.0], "tp_th subgroup 1": [483.0, 483.0, 465.0, 373.0, 279.0, 149.0, 66.0, 48.0, 18.0, 0.0], "global_step": 102.0}