{"accuracy": 0.6776367425918579, "accuracy race group 0": 0.6574830412864685, "accuracy race group 1": 0.6956987380981445, "accuracy sex group 0": 0.6664533019065857, "accuracy sex group 1": 0.723056972026825, "accuracy subgroup 0": 0.6441619992256165, "accuracy subgroup 1": 0.706439197063446, "accuracy subgroup 2": 0.6856741309165955, "accuracy subgroup 3": 0.7404700517654419, "auc": 0.7329615950584412, "auc race group 0": 0.7099565863609314, "auc race group 1": 0.7425295114517212, "auc sex group 0": 0.7271924018859863, "auc sex group 1": 0.7364266514778137, "auc subgroup 0": 0.695597767829895, "auc subgroup 1": 0.7596606016159058, "auc subgroup 2": 0.737159252166748, "auc subgroup 3": 0.7293567657470703, "aucpr": 0.7157779335975647, "fn": 91661.0, "fn race group 0": 52481.0, "fn race group 1": 39180.0, "fn sex group 0": 74330.0, "fn sex group 1": 17331.0, "fn subgroup 0": 40848.0, "fn subgroup 1": 11633.0, "fn subgroup 2": 33482.0, "fn subgroup 3": 5698.0, "fn_th": [0.0, 0.0, 3801.0, 32293.0, 52950.0, 91661.0, 126326.0, 158628.0, 202803.0, 235811.0], "fn_th race group 0": [0.0, 0.0, 3563.0, 21847.0, 32295.0, 52481.0, 66725.0, 77414.0, 91664.0, 100212.0], "fn_th race group 1": [0.0, 0.0, 238.0, 10446.0, 20655.0, 39180.0, 59601.0, 81214.0, 111139.0, 135599.0], "fn_th sex group 0": [0.0, 0.0, 3327.0, 25409.0, 43458.0, 74330.0, 101873.0, 128237.0, 168373.0, 198294.0], "fn_th sex group 1": [0.0, 0.0, 474.0, 6884.0, 9492.0, 17331.0, 24453.0, 30391.0, 34430.0, 37517.0], "fn_th subgroup 0": [0.0, 0.0, 3089.0, 16863.0, 26125.0, 40848.0, 52245.0, 60797.0, 73383.0, 80745.0], "fn_th subgroup 1": [0.0, 0.0, 474.0, 4984.0, 6170.0, 11633.0, 14480.0, 16617.0, 18281.0, 19467.0], "fn_th subgroup 2": [0.0, 0.0, 238.0, 8546.0, 17333.0, 33482.0, 49628.0, 67440.0, 94990.0, 117549.0], "fn_th subgroup 3": [0.0, 0.0, 0.0, 1900.0, 3322.0, 5698.0, 9973.0, 13774.0, 16149.0, 18050.0], "fnr": 0.37293919920921326, "fnr race group 0": 0.5104113221168518, "fnr race group 1": 0.2740646004676819, "fnr sex group 0": 0.35772037506103516, "fnr sex group 1": 0.45617496967315674, "fnr subgroup 0": 0.4900544583797455, "fnr subgroup 1": 0.5975753664970398, "fnr subgroup 2": 0.26907438039779663, "fnr subgroup 3": 0.30758434534072876, "fp": 73389.0, "fp race group 0": 30404.0, "fp race group 1": 42985.0, "fp sex group 0": 62705.0, "fp sex group 1": 10684.0, "fp subgroup 0": 26842.0, "fp subgroup 1": 3562.0, "fp subgroup 2": 35863.0, "fp subgroup 3": 7122.0, "fp_th": [266220.0, 266220.0, 237486.0, 166937.0, 118024.0, 73389.0, 46310.0, 23984.0, 8785.0, 1662.0], "fp_th race group 0": [139167.0, 139167.0, 117080.0, 72430.0, 48926.0, 30404.0, 18290.0, 8077.0, 3325.0, 238.0], "fp_th race group 1": [127053.0, 127053.0, 120406.0, 94507.0, 69098.0, 42985.0, 28020.0, 15907.0, 5460.0, 1424.0], "fp_th sex group 0": [203054.0, 203054.0, 182867.0, 132033.0, 94521.0, 62705.0, 39899.0, 21135.0, 8310.0, 1662.0], "fp_th sex group 1": [63166.0, 63166.0, 54619.0, 34904.0, 23503.0, 10684.0, 6411.0, 2849.0, 475.0, 0.0], "fp_th subgroup 0": [106873.0, 106873.0, 91909.0, 59132.0, 40378.0, 26842.0, 16153.0, 7602.0, 3325.0, 238.0], "fp_th subgroup 1": [32294.0, 32294.0, 25171.0, 13298.0, 8548.0, 3562.0, 2137.0, 475.0, 0.0, 0.0], "fp_th subgroup 2": [96181.0, 96181.0, 90958.0, 72901.0, 54143.0, 35863.0, 23746.0, 13533.0, 4985.0, 1424.0], "fp_th subgroup 3": [30872.0, 30872.0, 29448.0, 21606.0, 14955.0, 7122.0, 4274.0, 2374.0, 475.0, 0.0], "fpr": 0.27567049860954285, "fpr race group 0": 0.21847133338451385, "fpr race group 1": 0.3383233845233917, "fpr sex group 0": 0.3088094890117645, "fpr sex group 1": 0.16914162039756775, "fpr subgroup 0": 0.2511579096317291, "fpr subgroup 1": 0.11029912531375885, "fpr subgroup 2": 0.37286990880966187, "fpr subgroup 3": 0.2306944876909256, "loss": 1.2096757888793945, "precision": 0.6774223446846008, "precision race group 0": 0.6234518885612488, "precision race group 1": 0.7071148157119751, "precision sex group 0": 0.6803423762321472, "precision sex group 1": 0.6591482162475586, "precision subgroup 0": 0.6129376292228699, "precision subgroup 1": 0.687434196472168, "precision subgroup 2": 0.7172022461891174, "precision subgroup 3": 0.6429896354675293, "precision_th": [0.4800390601158142, 0.4800390601158142, 0.5046854019165039, 0.5611817240715027, 0.6203233599662781, 0.6774223446846008, 0.7206268906593323, 0.7841923236846924, 0.8302809000015259, 0.8571060299873352], "precision_th race group 0": [0.42490124702453613, 0.42490124702453613, 0.45880982279777527, 0.5278480648994446, 0.5904129147529602, 0.6234518885612488, 0.6637002229690552, 0.758780300617218, 0.7704046368598938, 0.9164032340049744], "precision_th race group 1": [0.529454231262207, 0.529454231262207, 0.5424034595489502, 0.583706259727478, 0.6389901638031006, 0.7071148157119751, 0.7484242916107178, 0.7951501607894897, 0.8535407781600952, 0.8378870487213135], "precision_th sex group 0": [0.5057613253593445, 0.5057613253593445, 0.5278756022453308, 0.5800637602806091, 0.6348440051078796, 0.6803423762321472, 0.7263705730438232, 0.7900899648666382, 0.8258774280548096, 0.8510218858718872], "precision_th sex group 1": [0.3755708932876587, 0.3755708932876587, 0.4071979820728302, 0.4712476432323456, 0.54804527759552, 0.6591482162475586, 0.6786466240882874, 0.7273684144020081, 0.8823383450508118, 1.0], "precision_th subgroup 0": [0.4381817579269409, 0.4381817579269409, 0.4661853611469269, 0.5292900204658508, 0.5863206386566162, 0.6129376292228699, 0.65822434425354, 0.747935950756073, 0.7499247789382935, 0.9164032340049744], "precision_th subgroup 1": [0.3760939836502075, 0.3760939836502075, 0.4300561547279358, 0.521327555179596, 0.6086976528167725, 0.687434196472168, 0.7000280618667603, 0.8571428656578064, 1.0, 0.0], "precision_th subgroup 2": [0.5640323758125305, 0.5640323758125305, 0.577242374420166, 0.6138493418693542, 0.664216935634613, 0.7172022461891174, 0.7590510845184326, 0.8081160187721252, 0.8552092909812927, 0.8286195397377014], "precision_th subgroup 3": [0.3750227689743042, 0.3750227689743042, 0.3861547112464905, 0.4348565340042114, 0.5041117072105408, 0.6429896354675293, 0.6667706370353699, 0.6668069958686829, 0.8333917856216431, 1.0], "recall": 0.6270607709884644, "recall race group 0": 0.4895887076854706, "recall race group 1": 0.7259353995323181, "recall sex group 0": 0.6422796249389648, "recall sex group 1": 0.5438250303268433, "recall subgroup 0": 0.5099455118179321, "recall subgroup 1": 0.4024246037006378, "recall subgroup 2": 0.7309256196022034, "recall subgroup 3": 0.6924156546592712, "recall_th": [1.0, 1.0, 0.9845349788665771, 0.868610143661499, 0.784563422203064, 0.6270607709884644, 0.486020028591156, 0.35459354519844055, 0.17485962808132172, 0.04056066274642944], "recall_th race group 0": [1.0, 1.0, 0.9653475284576416, 0.7875239253044128, 0.6859104633331299, 0.4895887076854706, 0.35105669498443604, 0.24709932506084442, 0.10850895941257477, 0.025374194607138634], "recall_th race group 1": [1.0, 1.0, 0.9983351826667786, 0.9269300699234009, 0.8555180430412292, 0.7259353995323181, 0.5830902457237244, 0.431907057762146, 0.22258129715919495, 0.05148329213261604], "recall_th sex group 0": [1.0, 1.0, 0.9839884638786316, 0.8777167201042175, 0.7908541560173035, 0.6422796249389648, 0.5097262859344482, 0.3828469514846802, 0.1896885335445404, 0.04569080099463463], "recall_th sex group 1": [1.0, 1.0, 0.9875236749649048, 0.8188039660453796, 0.7501579523086548, 0.5438250303268433, 0.35636448860168457, 0.2000684291124344, 0.09375657886266708, 0.012502632103860378], "recall_th subgroup 0": [1.0, 1.0, 0.9629411697387695, 0.7976941466331482, 0.6865777373313904, 0.5099455118179321, 0.3732154369354248, 0.27061688899993896, 0.11962233483791351, 0.03130023926496506], "recall_th subgroup 1": [1.0, 1.0, 0.9756510853767395, 0.7439770102500916, 0.6830533742904663, 0.4024246037006378, 0.2561771273612976, 0.14640159904956818, 0.06092361360788345, 0.0],