{"accuracy": 0.6742187738418579, "accuracy race group 0": 0.6592788696289062, "accuracy race group 1": 0.6875925660133362, "accuracy sex group 0": 0.6667314767837524, "accuracy sex group 1": 0.704852819442749, "accuracy subgroup 0": 0.6497269868850708, "accuracy subgroup 1": 0.6947040557861328, "auc": 0.7243707180023193, "auc race group 0": 0.700390100479126, "auc race group 1": 0.7337085604667664, "auc sex group 0": 0.7173619866371155, "auc sex group 1": 0.7327843308448792, "auc subgroup 0": 0.6902148127555847, "auc subgroup 1": 0.7320339679718018, "aucpr": 0.6972909569740295, "fn": 2573.0, "fn race group 0": 1448.0, "fn race group 1": 1125.0, "fn sex group 0": 2099.0, "fn sex group 1": 474.0, "fn subgroup 0": 1150.0, "fn subgroup 1": 298.0, "fn_th": [0.0, 0.0, 146.0, 801.0, 1563.0, 2573.0, 3693.0, 4687.0, 5544.0, 6008.0], "fn_th race group 0": [0.0, 0.0, 129.0, 524.0, 956.0, 1448.0, 1910.0, 2201.0, 2429.0, 2542.0], "fn_th race group 1": [0.0, 0.0, 17.0, 277.0, 607.0, 1125.0, 1783.0, 2486.0, 3115.0, 3466.0], "fn_th sex group 0": [0.0, 0.0, 111.0, 646.0, 1260.0, 2099.0, 2989.0, 3881.0, 4654.0, 5076.0], "fn_th sex group 1": [0.0, 0.0, 35.0, 155.0, 303.0, 474.0, 704.0, 806.0, 890.0, 932.0], "fn_th subgroup 0": [0.0, 0.0, 94.0, 410.0, 764.0, 1150.0, 1505.0, 1772.0, 1964.0, 2059.0], "fn_th subgroup 1": [0.0, 0.0, 35.0, 114.0, 192.0, 298.0, 405.0, 429.0, 465.0, 483.0], "fnr": 0.41912364959716797, "fnr race group 0": 0.5643024444580078, "fnr race group 1": 0.3148614466190338, "fnr sex group 0": 0.4040423631668091, "fnr sex group 1": 0.5021186470985413, "fnr subgroup 0": 0.5520883202552795, "fnr subgroup 1": 0.6169772148132324, "fp": 1597.0, "fp race group 0": 612.0, "fp race group 1": 985.0, "fp sex group 0": 1329.0, "fp sex group 1": 268.0, "fp subgroup 0": 518.0, "fp subgroup 1": 94.0, "fp_th": [6661.0, 6655.0, 5947.0, 4134.0, 2726.0, 1597.0, 839.0, 377.0, 144.0, 24.0], "fp_th race group 0": [3480.0, 3474.0, 2939.0, 1800.0, 1116.0, 612.0, 268.0, 102.0, 36.0, 6.0], "fp_th race group 1": [3181.0, 3181.0, 3008.0, 2334.0, 1610.0, 985.0, 571.0, 275.0, 108.0, 18.0], "fp_th sex group 0": [5091.0, 5085.0, 4584.0, 3252.0, 2181.0, 1329.0, 709.0, 342.0, 144.0, 24.0], "fp_th sex group 1": [1570.0, 1570.0, 1363.0, 882.0, 545.0, 268.0, 130.0, 35.0, 0.0, 0.0], "fp_th subgroup 0": [2679.0, 2673.0, 2298.0, 1454.0, 924.0, 518.0, 232.0, 96.0, 36.0, 6.0], "fp_th subgroup 1": [801.0, 801.0, 641.0, 346.0, 192.0, 94.0, 36.0, 6.0, 0.0, 0.0], "fpr": 0.23975379765033722, "fpr race group 0": 0.17586207389831543, "fpr race group 1": 0.30965104699134827, "fpr sex group 0": 0.26104891300201416, "fpr sex group 1": 0.17070063948631287, "fpr subgroup 0": 0.1933557242155075, "fpr subgroup 1": 0.11735330522060394, "loss": 0.6132887005805969, "precision": 0.6906837224960327, "precision race group 0": 0.6462427973747253, "precision race group 1": 0.7130789160728455, "precision sex group 0": 0.6996610164642334, "precision sex group 1": 0.6368563771247864, "precision subgroup 0": 0.643004834651947, "precision subgroup 1": 0.6630824208259583, "precision_th": [0.4796093702316284, 0.47983428835868835, 0.5019263029098511, 0.5635557174682617, 0.6266776323318481, 0.6906837224960327, 0.7445966601371765, 0.7938764095306396, 0.8051421046257019, 0.8451613187789917], "precision_th race group 0": [0.4244128465652466, 0.4248344302177429, 0.453311026096344, 0.5314940214157104, 0.5906089544296265, 0.6462427973747253, 0.709956705570221, 0.7815845608711243, 0.7919074892997742, 0.800000011920929], "precision_th race group 1": [0.529019832611084, 0.529019832611084, 0.5417428612709045, 0.585435152053833, 0.6481643319129944, 0.7130789160728455, 0.7581533193588257, 0.7980910539627075, 0.8091872930526733, 0.8560000061988831], "precision_th sex group 0": [0.5050554275512695, 0.5053501725196838, 0.5258585214614868, 0.5831303596496582, 0.6433943510055542, 0.6996610164642334, 0.7567753195762634, 0.79347825050354, 0.7897810339927673, 0.8321678042411804], "precision_th sex group 1": [0.3754972219467163, 0.3754972219467163, 0.40008804202079773, 0.472172349691391, 0.540472149848938, 0.6368563771247864, 0.6486486196517944, 0.7976878881454468, 1.0, 1.0], "precision_th subgroup 0": [0.4374212622642517, 0.4379730820655823, 0.46396082639694214, 0.5350176095962524, 0.5880517363548279, 0.643004834651947, 0.7135802507400513, 0.764127790927887, 0.7677419185638428, 0.800000011920929], "precision_th subgroup 1": [0.37616822123527527, 0.37616822123527527, 0.4113865792751312, 0.5160838961601257, 0.6024844646453857, 0.6630824208259583, 0.6842105388641357, 0.8999999761581421, 1.0, 0.0], "recall": 0.580876350402832, "recall race group 0": 0.4356975853443146, "recall race group 1": 0.6851385235786438, "recall sex group 0": 0.5959576368331909, "recall sex group 1": 0.49788135290145874, "recall subgroup 0": 0.44791167974472046, "recall subgroup 1": 0.3830227851867676, "recall_th": [1.0, 1.0, 0.9762176275253296, 0.869522750377655, 0.7453982830047607, 0.580876350402832, 0.39843621850013733, 0.23652060329914093, 0.09692132472991943, 0.02133898064494133], "recall_th race group 0": [1.0, 1.0, 0.9497271776199341, 0.7957910895347595, 0.6274356842041016, 0.4356975853443146, 0.2556508183479309, 0.14224474132061005, 0.053390491753816605, 0.00935307890176773], "recall_th race group 1": [1.0, 1.0, 0.9952421188354492, 0.9224740862846375, 0.8301147222518921, 0.6851385235786438, 0.5009795427322388, 0.3042261302471161, 0.12818360328674316, 0.02994682267308235], "recall_th sex group 0": [1.0, 1.0, 0.9786332845687866, 0.8756496906280518, 0.7574591040611267, 0.5959576368331909, 0.4246390759944916, 0.252935528755188, 0.10413859784603119, 0.02290664054453373], "recall_th sex group 1": [1.0, 1.0, 0.9629237055778503, 0.8358050584793091, 0.679025411605835, 0.49788135290145874, 0.2542372941970825, 0.1461864411830902, 0.05720338970422745, 0.012711863964796066], "recall_th subgroup 0": [1.0, 1.0, 0.9548727869987488, 0.803168535232544, 0.6332213282585144, 0.44791167974472046, 0.27748438715934753, 0.1493038833141327, 0.0571291409432888, 0.011521843262016773], "recall_th subgroup 1": [1.0, 1.0, 0.9275362491607666, 0.7639751434326172, 0.6024844646453857, 0.3830227851867676, 0.16149067878723145, 0.11180124431848526, 0.03726708143949509, 0.0], "tn": 5064.0, "tn race group 0": 2868.0, "tn race group 1": 2196.0, "tn sex group 0": 3762.0, "tn sex group 1": 1302.0, "tn subgroup 0": 2161.0, "tn subgroup 1": 707.0, "tn_th": [0.0, 6.0, 714.0, 2527.0, 3935.0, 5064.0, 5822.0, 6284.0, 6517.0, 6637.0], "tn_th race group 0": [0.0, 6.0, 541.0, 1680.0, 2364.0, 2868.0, 3212.0, 3378.0, 3444.0, 3474.0], "tn_th race group 1": [0.0, 0.0, 173.0, 847.0, 1571.0, 2196.0, 2610.0, 2906.0, 3073.0, 3163.0], "tn_th sex group 0": [0.0, 6.0, 507.0, 1839.0, 2910.0, 3762.0, 4382.0, 4749.0, 4947.0, 5067.0], "tn_th sex group 1": [0.0, 0.0, 207.0, 688.0, 1025.0, 1302.0, 1440.0, 1535.0, 1570.0, 1570.0], "tn_th subgroup 0": [0.0, 6.0, 381.0, 1225.0, 1755.0, 2161.0, 2447.0, 2583.0, 2643.0, 2673.0], "tn_th subgroup 1": [0.0, 0.0, 160.0, 455.0, 609.0, 707.0, 765.0, 795.0, 801.0, 801.0], "tp": 3566.0, "tp race group 0": 1118.0, "tp race group 1": 2448.0, "tp sex group 0": 3096.0, "tp sex group 1": 470.0, "tp subgroup 0": 933.0, "tp subgroup 1": 185.0, "tp_th": [6139.0, 6139.0, 5993.0, 5338.0, 4576.0, 3566.0, 2446.0, 1452.0, 595.0, 131.0], "tp_th race group 0": [2566.0, 2566.0, 2437.0, 2042.0, 1610.0, 1118.0, 656.0, 365.0, 137.0, 24.0], "tp_th race group 1": [3573.0, 3573.0, 3556.0, 3296.0, 2966.0, 2448.0, 1790.0, 1087.0, 458.0, 107.0], "tp_th sex group 0": [5195.0, 5195.0, 5084.0, 4549.0, 3935.0, 3096.0, 2206.0, 1314.0, 541.0, 119.0], "tp_th sex group 1": [944.0, 944.0, 909.0, 789.0, 641.0, 470.0, 240.0, 138.0, 54.0, 12.0], "tp_th subgroup 0": [2083.0, 2083.0, 1989.0, 1673.0, 1319.0, 933.0, 578.0, 311.0, 119.0, 24.0], "tp_th subgroup 1": [483.0, 483.0, 448.0, 369.0, 291.0, 185.0, 78.0, 54.0, 18.0, 0.0], "global_step": 102.0}