{"accuracy": 0.6744101643562317, "accuracy race group 0": 0.6663346886634827, "accuracy race group 1": 0.6816474795341492, "accuracy sex group 0": 0.6682082414627075, "accuracy sex group 1": 0.6995986700057983, "accuracy subgroup 0": 0.6566628217697144, "accuracy subgroup 1": 0.7018797993659973, "accuracy subgroup 2": 0.6781632900238037, "accuracy subgroup 3": 0.6972083449363708, "auc": 0.7322956323623657, "auc race group 0": 0.7099987268447876, "auc race group 1": 0.7404637336730957, "auc sex group 0": 0.7272645831108093, "auc sex group 1": 0.7303245663642883, "auc subgroup 0": 0.6999449133872986, "auc subgroup 1": 0.7406383752822876, "auc subgroup 2": 0.7339468002319336, "auc subgroup 3": 0.7329088449478149, "aucpr": 0.7126195430755615, "fn": 91422.0, "fn race group 0": 51293.0, "fn race group 1": 40129.0, "fn sex group 0": 72905.0, "fn sex group 1": 18517.0, "fn subgroup 0": 39661.0, "fn subgroup 1": 11632.0, "fn subgroup 2": 33244.0, "fn subgroup 3": 6885.0, "fn_th": [0.0, 0.0, 6177.0, 30868.0, 52238.0, 91422.0, 126084.0, 156722.0, 200427.0, 238422.0], "fn_th race group 0": [0.0, 0.0, 5227.0, 20184.0, 33480.0, 51293.0, 67200.0, 76698.0, 90474.0, 101398.0], "fn_th race group 1": [0.0, 0.0, 950.0, 10684.0, 18758.0, 40129.0, 58884.0, 80024.0, 109953.0, 137024.0], "fn_th sex group 0": [0.0, 0.0, 4989.0, 24222.0, 41797.0, 72905.0, 102583.0, 128232.0, 165997.0, 200905.0], "fn_th sex group 1": [0.0, 0.0, 1188.0, 6646.0, 10441.0, 18517.0, 23501.0, 28490.0, 34430.0, 37517.0], "fn_th subgroup 0": [0.0, 0.0, 4039.0, 15200.0, 26837.0, 39661.0, 53195.0, 60556.0, 72193.0, 81931.0], "fn_th subgroup 1": [0.0, 0.0, 1188.0, 4984.0, 6643.0, 11632.0, 14005.0, 16142.0, 18281.0, 19467.0], "fn_th subgroup 2": [0.0, 0.0, 950.0, 9022.0, 14960.0, 33244.0, 49388.0, 67676.0, 93804.0, 118974.0], "fn_th subgroup 3": [0.0, 0.0, 0.0, 1662.0, 3798.0, 6885.0, 9496.0, 12348.0, 16149.0, 18050.0], "fnr": 0.37196680903434753, "fnr race group 0": 0.4988572299480438, "fnr race group 1": 0.2807028591632843, "fnr sex group 0": 0.35086241364479065, "fnr sex group 1": 0.4873920679092407, "fnr subgroup 0": 0.47581398487091064, "fnr subgroup 1": 0.5975239872932434, "fnr subgroup 2": 0.26716169714927673, "fnr subgroup 3": 0.37165990471839905, "fp": 75280.0, "fp race group 0": 29450.0, "fp race group 1": 45830.0, "fp sex group 0": 63409.0, "fp sex group 1": 11871.0, "fp subgroup 0": 25651.0, "fp subgroup 1": 3799.0, "fp subgroup 2": 37758.0, "fp subgroup 3": 8072.0, "fp_th": [266220.0, 266220.0, 235820.0, 167417.0, 117790.0, 75280.0, 47024.0, 25408.0, 9498.0, 1188.0], "fp_th race group 0": [139167.0, 139167.0, 117078.0, 74094.0, 48689.0, 29450.0, 16627.0, 8551.0, 3087.0, 238.0], "fp_th race group 1": [127053.0, 127053.0, 118742.0, 93323.0, 69101.0, 45830.0, 30397.0, 16857.0, 6411.0, 950.0], "fp_th sex group 0": [203054.0, 203054.0, 179777.0, 132275.0, 92860.0, 63409.0, 40140.0, 22323.0, 9260.0, 1188.0], "fp_th sex group 1": [63166.0, 63166.0, 56043.0, 35142.0, 24930.0, 11871.0, 6884.0, 3085.0, 238.0, 0.0], "fp_th subgroup 0": [106873.0, 106873.0, 90007.0, 59847.0, 39428.0, 25651.0, 14965.0, 7602.0, 3087.0, 238.0], "fp_th subgroup 1": [32294.0, 32294.0, 27071.0, 14247.0, 9261.0, 3799.0, 1662.0, 949.0, 0.0, 0.0], "fp_th subgroup 2": [96181.0, 96181.0, 89770.0, 72428.0, 53432.0, 37758.0, 25175.0, 14721.0, 6173.0, 950.0], "fp_th subgroup 3": [30872.0, 30872.0, 28972.0, 20895.0, 15669.0, 8072.0, 5222.0, 2136.0, 238.0, 0.0], "fpr": 0.2827736437320709, "fpr race group 0": 0.21161626279354095, "fpr race group 1": 0.3607155978679657, "fpr sex group 0": 0.31227654218673706, "fpr sex group 1": 0.18793338537216187, "fpr subgroup 0": 0.24001385271549225, "fpr subgroup 1": 0.11763795465230942, "fpr subgroup 2": 0.3925723433494568, "fpr subgroup 3": 0.26146671175956726, "loss": 1.2094072103500366, "precision": 0.6721796989440918, "precision race group 0": 0.636320948600769, "precision race group 1": 0.6917126178741455, "precision sex group 0": 0.6802241206169128, "precision sex group 1": 0.6212913990020752, "precision subgroup 0": 0.6300905346870422, "precision subgroup 1": 0.6734570860862732, "precision subgroup 2": 0.7071843147277832, "precision subgroup 3": 0.5905032753944397, "precision_th": [0.4800390601158142, 0.4800390601158142, 0.5039785504341125, 0.5621127486228943, 0.6216579079627991, 0.6721796989440918, 0.7179462313652039, 0.7780301570892334, 0.8268399834632874, 0.8609876036643982], "precision_th race group 0": [0.42490124702453613, 0.42490124702453613, 0.4546191394329071, 0.5272536873817444, 0.587486207485199, 0.636320948600769, 0.6817677021026611, 0.7533887028694153, 0.7999870181083679, 0.856712818145752], "precision_th race group 1": [0.529454231262207, 0.529454231262207, 0.5446153879165649, 0.5863305330276489, 0.6425231099128723, 0.6917126178741455, 0.7344591021537781, 0.7887381911277771, 0.8373544216156006, 0.862018883228302], "precision_th sex group 0": [0.5057613253593445, 0.5057613253593445, 0.5300881266593933, 0.5811975002288818, 0.6412608027458191, 0.6802241206169128, 0.7238295078277588, 0.7808871269226074, 0.8186127543449402, 0.8528063297271729], "precision_th sex group 1": [0.3755708932876587, 0.3755708932876587, 0.3963940739631653, 0.4714534878730774, 0.5249709486961365, 0.6212913990020752, 0.6779415011405945, 0.7549058794975281, 0.9373683929443359, 1.0], "precision_th subgroup 0": [0.4381817579269409, 0.4381817579269409, 0.46842703223228455, 0.532448947429657, 0.5890562534332275, 0.6300905346870422, 0.668358325958252, 0.749934196472168, 0.7833380103111267, 0.856712818145752], "precision_th subgroup 1": [0.3760939836502075, 0.3760939836502075, 0.4030650556087494, 0.5041071772575378, 0.5806655883789062, 0.6734570860862732, 0.7667040824890137, 0.7779597640037537, 1.0, 0.0], "precision_th subgroup 2": [0.5640323758125305, 0.5640323758125305, 0.5790466070175171, 0.6144165396690369, 0.672007143497467, 0.7071843147277832, 0.7488051652908325, 0.7940514087677002, 0.8322691321372986, 0.8517940640449524], "precision_th subgroup 3": [0.3750227689743042, 0.3750227689743042, 0.3900246322154999, 0.4466073513031006, 0.4845045506954193, 0.5905032753944397, 0.633569598197937, 0.7430530786514282, 0.9089518189430237, 1.0], "recall": 0.6280332207679749, "recall race group 0": 0.5011427402496338, "recall race group 1": 0.7192971706390381, "recall sex group 0": 0.649137556552887, "recall sex group 1": 0.5126079320907593, "recall subgroup 0": 0.5241860151290894, "recall subgroup 1": 0.4024759829044342, "recall subgroup 2": 0.7328382730484009, "recall subgroup 3": 0.6283400654792786, "recall_th": [1.0, 1.0, 0.9748677611351013, 0.8744080066680908, 0.7874603271484375, 0.6280332207679749, 0.4870046377182007, 0.36234843730926514, 0.18452681601047516, 0.029937341809272766], "recall_th race group 0": [1.0, 1.0, 0.949164092540741, 0.8036977052688599, 0.6743856072425842, 0.5011427402496338, 0.346437007188797, 0.2540628910064697, 0.12008247524499893, 0.013839585706591606], "recall_th race group 1": [1.0, 1.0, 0.9933547377586365, 0.9252653121948242, 0.8687875270843506, 0.7192971706390381, 0.5881056785583496, 0.4402311146259308, 0.23087738454341888, 0.041515398770570755], "recall_th sex group 0": [1.0, 1.0, 0.9759899377822876, 0.8834292888641357, 0.7988478541374207, 0.649137556552887, 0.5063093304634094, 0.38287100195884705, 0.20112326741218567, 0.03312510997056961], "recall_th sex group 1": [1.0, 1.0, 0.9687302708625793, 0.8250684142112732, 0.7251789569854736, 0.5126079320907593, 0.38142240047454834, 0.2501052916049957, 0.09375657886266708, 0.012502632103860378], "recall_th subgroup 0": [1.0, 1.0, 0.9515440464019775, 0.817645251750946, 0.6780358552932739, 0.5241860151290894, 0.3618182837963104, 0.2735081613063812, 0.1338987946510315, 0.017071766778826714], "recall_th subgroup 1": [1.0, 1.0, 0.9389736652374268, 0.7439770102500916, 0.6587558388710022, 0.4024759829044342, 0.2805773913860321, 0.17080186307430267, 0.06092361360788345, 0.0],