{"accuracy": 0.6744101643562317, "accuracy race group 0": 0.6604418158531189, "accuracy race group 1": 0.6869287490844727, "accuracy sex group 0": 0.6635860204696655, "accuracy sex group 1": 0.7183712720870972, "accuracy subgroup 0": 0.6454236507415771, "accuracy subgroup 1": 0.7156352996826172, "accuracy subgroup 2": 0.6792466640472412, "accuracy subgroup 3": 0.7212381362915039, "auc": 0.7301931381225586, "auc race group 0": 0.7008309960365295, "auc race group 1": 0.7439727783203125, "auc sex group 0": 0.7247593402862549, "auc sex group 1": 0.7332313060760498, "auc subgroup 0": 0.6896005868911743, "auc subgroup 1": 0.7379879951477051, "auc subgroup 2": 0.737198531627655, "auc subgroup 3": 0.746004045009613, "aucpr": 0.7112982273101807, "fn": 95930.0, "fn race group 0": 53666.0, "fn race group 1": 42264.0, "fn sex group 0": 77886.0, "fn sex group 1": 18044.0, "fn subgroup 0": 42271.0, "fn subgroup 1": 11395.0, "fn subgroup 2": 35615.0, "fn subgroup 3": 6649.0, "fn_th": [0.0, 0.0, 7841.0, 34666.0, 56513.0, 95930.0, 133208.0, 165980.0, 209459.0, 238185.0], "fn_th race group 0": [0.0, 0.0, 6415.0, 22795.0, 35618.0, 53666.0, 69336.0, 80734.0, 93329.0, 101398.0], "fn_th race group 1": [0.0, 0.0, 1426.0, 11871.0, 20895.0, 42264.0, 63872.0, 85246.0, 116130.0, 136787.0], "fn_th sex group 0": [0.0, 0.0, 6179.0, 28021.0, 45359.0, 77886.0, 107331.0, 135115.0, 174315.0, 200668.0], "fn_th sex group 1": [0.0, 0.0, 1662.0, 6645.0, 11154.0, 18044.0, 25877.0, 30865.0, 35144.0, 37517.0], "fn_th subgroup 0": [0.0, 0.0, 4753.0, 18049.0, 27787.0, 42271.0, 54144.0, 63880.0, 75048.0, 81931.0], "fn_th subgroup 1": [0.0, 0.0, 1662.0, 4746.0, 7831.0, 11395.0, 15192.0, 16854.0, 18281.0, 19467.0], "fn_th subgroup 2": [0.0, 0.0, 1426.0, 9972.0, 17572.0, 35615.0, 53187.0, 71235.0, 99267.0, 118737.0], "fn_th subgroup 3": [0.0, 0.0, 0.0, 1899.0, 3323.0, 6649.0, 10685.0, 14011.0, 16863.0, 18050.0], "fnr": 0.3903084099292755, "fnr race group 0": 0.5219361782073975, "fnr race group 1": 0.29563722014427185, "fnr sex group 0": 0.37483397126197815, "fnr sex group 1": 0.47494208812713623, "fnr subgroup 0": 0.5071262121200562, "fnr subgroup 1": 0.5853495597839355, "fnr subgroup 2": 0.28621599078178406, "fnr subgroup 3": 0.3589203655719757, "fp": 70772.0, "fp race group 0": 28503.0, "fp race group 1": 42269.0, "fp sex group 0": 60327.0, "fp sex group 1": 10445.0, "fp subgroup 0": 25179.0, "fp subgroup 1": 3324.0, "fp subgroup 2": 35148.0, "fp subgroup 3": 7121.0, "fp_th": [266220.0, 265983.0, 234635.0, 154121.0, 113993.0, 70772.0, 42033.0, 23982.0, 6885.0, 949.0], "fp_th race group 0": [139167.0, 138930.0, 115893.0, 65549.0, 46556.0, 28503.0, 15677.0, 7602.0, 2136.0, 237.0], "fp_th race group 1": [127053.0, 127053.0, 118742.0, 88572.0, 67437.0, 42269.0, 26356.0, 16380.0, 4749.0, 712.0], "fp_th sex group 0": [203054.0, 202817.0, 179542.0, 121119.0, 90489.0, 60327.0, 36571.0, 20896.0, 6647.0, 949.0], "fp_th sex group 1": [63166.0, 63166.0, 55093.0, 33002.0, 23504.0, 10445.0, 5462.0, 3086.0, 238.0, 0.0], "fp_th subgroup 0": [106873.0, 106636.0, 90009.0, 52964.0, 38245.0, 25179.0, 14252.0, 7128.0, 2136.0, 237.0], "fp_th subgroup 1": [32294.0, 32294.0, 25884.0, 12585.0, 8311.0, 3324.0, 1425.0, 474.0, 0.0, 0.0], "fp_th subgroup 2": [96181.0, 96181.0, 89533.0, 68155.0, 52244.0, 35148.0, 22319.0, 13768.0, 4511.0, 712.0], "fp_th subgroup 3": [30872.0, 30872.0, 29209.0, 20417.0, 15193.0, 7121.0, 4037.0, 2612.0, 238.0, 0.0], "fpr": 0.2658402919769287, "fpr race group 0": 0.2048114836215973, "fpr race group 1": 0.33268794417381287, "fpr sex group 0": 0.297098308801651, "fpr sex group 1": 0.16535794734954834, "fpr subgroup 0": 0.2355973869562149, "fpr subgroup 1": 0.10292933881282806, "fpr subgroup 2": 0.36543598771095276, "fpr subgroup 3": 0.23066209256649017, "loss": 1.2131166458129883, "precision": 0.6792160272598267, "precision race group 0": 0.6329676508903503, "precision race group 1": 0.7043381333351135, "precision sex group 0": 0.6828716993331909, "precision sex group 1": 0.6563353538513184, "precision subgroup 0": 0.6200084686279297, "precision subgroup 1": 0.7083187103271484, "precision subgroup 2": 0.7164729237556458, "precision subgroup 3": 0.6251513361930847, "precision_th": [0.4800390601158142, 0.4802613854408264, 0.5034957528114319, 0.5780223608016968, 0.6241080164909363, 0.6792160272598267, 0.7281265258789062, 0.7689194679260254, 0.8406471610069275, 0.8889278769493103], "precision_th race group 0": [0.42490124702453613, 0.42531779408454895, 0.45410481095314026, 0.5497235059738159, 0.5907488465309143, 0.6329676508903503, 0.6811155080795288, 0.7439455986022949, 0.8163054585456848, 0.8572289347648621], "precision_th race group 1": [0.529454231262207, 0.529454231262207, 0.5437825322151184, 0.5967768430709839, 0.6441338062286377, 0.7043381333351135, 0.7500450611114502, 0.7789264917373657, 0.8496105074882507, 0.8965717554092407], "precision_th sex group 0": [0.5057613253593445, 0.5060532689094543, 0.5289478302001953, 0.5974588394165039, 0.6422200202941895, 0.6828716993331909, 0.7331129312515259, 0.7766781449317932, 0.8343220353126526, 0.8823893666267395], "precision_th sex group 1": [0.3755708932876587, 0.3755708932876587, 0.39738360047340393, 0.4871404469013214, 0.5331134796142578, 0.6563353538513184, 0.6892529726028442, 0.6978361010551453, 0.9228774905204773, 1.0], "precision_th subgroup 0": [0.4381817579269409, 0.43872836232185364, 0.46617045998573303, 0.5521734356880188, 0.5923229455947876, 0.6200084686279297, 0.6720813512802124, 0.7320502400398254, 0.7954415082931519, 0.8572289347648621], "precision_th subgroup 1": [0.3760939836502075, 0.3760939836502075, 0.4075396656990051, 0.5391122698783875, 0.583345890045166, 0.7083187103271484, 0.75, 0.8464528918266296, 1.0, 0.0], "precision_th subgroup 2": [0.5640323758125305, 0.5640323758125305, 0.5787495374679565, 0.6267871856689453, 0.6716402769088745, 0.7164729237556458, 0.7614625096321106, 0.7944061756134033, 0.8480018973350525, 0.8889062404632568], "precision_th subgroup 3": [0.3750227689743042, 0.3750227689743042, 0.3880881667137146, 0.4488297402858734, 0.5001480579376221, 0.6251513361930847, 0.6600993275642395, 0.6334549784660339, 0.8747368454933167, 1.0], "recall": 0.6096916198730469, "recall race group 0": 0.47806382179260254, "recall race group 1": 0.7043628096580505, "recall sex group 0": 0.6251660585403442, "recall sex group 1": 0.5250579118728638, "recall subgroup 0": 0.49287375807762146, "recall subgroup 1": 0.41465044021606445, "recall subgroup 2": 0.7137840390205383, "recall subgroup 3": 0.6410796046257019, "recall_th": [1.0, 1.0, 0.9680975079536438, 0.8589551448822021, 0.7700667381286621, 0.6096916198730469, 0.4580193758010864, 0.3246805965900421, 0.1477784961462021, 0.030901620164513588], "recall_th race group 0": [1.0, 1.0, 0.9376100301742554, 0.7783040404319763, 0.6535921692848206, 0.47806382179260254, 0.3256630599498749, 0.21481020748615265, 0.09231577068567276, 0.013839585706591606], "recall_th race group 1": [1.0, 1.0, 0.9900251030921936, 0.916962206363678, 0.8538392186164856, 0.7043628096580505, 0.5532145500183105, 0.40370315313339233, 0.18766918778419495, 0.04317321628332138], "recall_th sex group 0": [1.0, 1.0, 0.9702629446983337, 0.8651462197303772, 0.781705379486084, 0.6251660585403442, 0.48345911502838135, 0.34974589943885803, 0.16109207272529602, 0.03426569327712059], "recall_th sex group 1": [1.0, 1.0, 0.9562539458274841, 0.8250947594642639, 0.7064118981361389, 0.5250579118728638, 0.31888291239738464, 0.18759211897850037, 0.07496315240859985, 0.012502632103860378], "recall_th subgroup 0": [1.0, 1.0, 0.9429781436920166, 0.7834656834602356, 0.6666386723518372, 0.49287375807762146, 0.3504330813884735, 0.23363006114959717, 0.09964729100465775, 0.017071766778826714], "recall_th subgroup 1": [1.0, 1.0, 0.9146247506141663, 0.7562028169631958, 0.597729504108429, 0.41465044021606445, 0.21960240602493286, 0.13422715663909912, 0.06092361360788345, 0.0],