{"accuracy": 0.6737499833106995, "accuracy race group 0": 0.653489887714386, "accuracy race group 1": 0.691886305809021, "accuracy sex group 0": 0.6643009781837463, "accuracy sex group 1": 0.7124105095863342, "accuracy subgroup 0": 0.6415371894836426, "accuracy subgroup 1": 0.6978192925453186, "auc": 0.7200916409492493, "auc race group 0": 0.6953961253166199, "auc race group 1": 0.7285799980163574, "auc sex group 0": 0.7148369550704956, "auc sex group 1": 0.7225446701049805, "auc subgroup 0": 0.6841098070144653, "auc subgroup 1": 0.7326194047927856, "aucpr": 0.6960428953170776, "fn": 2678.0, "fn race group 0": 1523.0, "fn race group 1": 1155.0, "fn sex group 0": 2186.0, "fn sex group 1": 492.0, "fn subgroup 0": 1207.0, "fn subgroup 1": 316.0, "fn_th": [0.0, 0.0, 100.0, 845.0, 1552.0, 2678.0, 3755.0, 4676.0, 5580.0, 6013.0], "fn_th race group 0": [0.0, 0.0, 89.0, 555.0, 958.0, 1523.0, 1917.0, 2190.0, 2447.0, 2542.0], "fn_th race group 1": [0.0, 0.0, 11.0, 290.0, 594.0, 1155.0, 1838.0, 2486.0, 3133.0, 3471.0], "fn_th sex group 0": [0.0, 0.0, 76.0, 700.0, 1267.0, 2186.0, 3056.0, 3858.0, 4672.0, 5069.0], "fn_th sex group 1": [0.0, 0.0, 24.0, 145.0, 285.0, 492.0, 699.0, 818.0, 908.0, 944.0], "fn_th subgroup 0": [0.0, 0.0, 65.0, 446.0, 760.0, 1207.0, 1517.0, 1749.0, 1976.0, 2059.0], "fn_th subgroup 1": [0.0, 0.0, 24.0, 109.0, 198.0, 316.0, 400.0, 441.0, 471.0, 483.0], "fnr": 0.436227411031723, "fnr race group 0": 0.5935307741165161, "fnr race group 1": 0.32325777411460876, "fnr sex group 0": 0.4207892119884491, "fnr sex group 1": 0.5211864113807678, "fnr subgroup 0": 0.5794526934623718, "fnr subgroup 1": 0.6542443037033081, "fp": 1498.0, "fp race group 0": 572.0, "fp race group 1": 926.0, "fp sex group 0": 1267.0, "fp sex group 1": 231.0, "fp subgroup 0": 500.0, "fp subgroup 1": 72.0, "fp_th": [6661.0, 6661.0, 6084.0, 4075.0, 2654.0, 1498.0, 838.0, 365.0, 132.0, 30.0], "fp_th race group 0": [3480.0, 3480.0, 3040.0, 1806.0, 1081.0, 572.0, 279.0, 90.0, 30.0, 6.0], "fp_th race group 1": [3181.0, 3181.0, 3044.0, 2269.0, 1573.0, 926.0, 559.0, 275.0, 102.0, 24.0], "fp_th sex group 0": [5091.0, 5091.0, 4667.0, 3216.0, 2108.0, 1267.0, 720.0, 342.0, 126.0, 30.0], "fp_th sex group 1": [1570.0, 1570.0, 1417.0, 859.0, 546.0, 231.0, 118.0, 23.0, 6.0, 0.0], "fp_th subgroup 0": [2679.0, 2679.0, 2363.0, 1466.0, 888.0, 500.0, 249.0, 90.0, 30.0, 6.0], "fp_th subgroup 1": [801.0, 801.0, 677.0, 340.0, 193.0, 72.0, 30.0, 0.0, 0.0, 0.0], "fpr": 0.22489115595817566, "fpr race group 0": 0.16436780989170074, "fpr race group 1": 0.29110342264175415, "fpr sex group 0": 0.24887055158615112, "fpr sex group 1": 0.1471337527036667, "fpr subgroup 0": 0.1866368055343628, "fpr subgroup 1": 0.08988764137029648, "loss": 0.6133722066879272, "precision": 0.697922945022583, "precision race group 0": 0.6458204388618469, "precision race group 1": 0.7230861186981201, "precision sex group 0": 0.7036950588226318, "precision sex group 1": 0.6617862582206726, "precision subgroup 0": 0.6366279125213623, "precision subgroup 1": 0.6987447738647461, "precision_th": [0.4796093702316284, 0.4796093702316284, 0.4981440305709839, 0.5650549530982971, 0.6334760189056396, 0.697922945022583, 0.7399131059646606, 0.800328254699707, 0.8089724779129028, 0.807692289352417], "precision_th race group 0": [0.4244128465652466, 0.4244128465652466, 0.44897589087486267, 0.5268535614013672, 0.5979918241500854, 0.6458204388618469, 0.6993534564971924, 0.8068669438362122, 0.7986577153205872, 0.800000011920929], "precision_th race group 1": [0.529019832611084, 0.529019832611084, 0.5392068028450012, 0.5913184285163879, 0.6544376015663147, 0.7230861186981201, 0.7563208341598511, 0.7980910539627075, 0.8118081092834473, 0.8095238208770752], "precision_th sex group 0": [0.5050554275512695, 0.5050554275512695, 0.5230942368507385, 0.5829334855079651, 0.6507620811462402, 0.7036950588226318, 0.7481637001037598, 0.7963073253631592, 0.8058551549911499, 0.807692289352417], "precision_th sex group 1": [0.3754972219467163, 0.3754972219467163, 0.3936671018600464, 0.48190590739250183, 0.546887993812561, 0.6617862582206726, 0.6749311089515686, 0.8456375598907471, 0.8571428656578064, 0.0], "precision_th subgroup 0": [0.4374212622642517, 0.4374212622642517, 0.46062543988227844, 0.5275539755821228, 0.5983718037605286, 0.6366279125213623, 0.6944785118103027, 0.7877358198165894, 0.7810218930244446, 0.800000011920929], "precision_th subgroup 1": [0.37616822123527527, 0.37616822123527527, 0.4040493071079254, 0.523809552192688, 0.5962343215942383, 0.6987447738647461, 0.7345132827758789, 1.0, 1.0, 0.0], "recall": 0.5637726187705994, "recall race group 0": 0.4064692258834839, "recall race group 1": 0.6767422556877136, "recall sex group 0": 0.5792107582092285, "recall sex group 1": 0.4788135588169098, "recall subgroup 0": 0.4205472767353058, "recall subgroup 1": 0.3457556962966919, "recall_th": [1.0, 1.0, 0.9837107062339783, 0.8623554110527039, 0.7471901178359985, 0.5637726187705994, 0.3883368670940399, 0.23831242322921753, 0.0910571739077568, 0.020524514839053154], "recall_th race group 0": [1.0, 1.0, 0.9653156399726868, 0.7837100625038147, 0.6266562938690186, 0.4064692258834839, 0.25292283296585083, 0.14653156697750092, 0.04637568071484566, 0.00935307890176773], "recall_th race group 1": [1.0, 1.0, 0.9969213604927063, 0.9188356995582581, 0.8337531685829163, 0.6767422556877136, 0.48558634519577026, 0.3042261302471161, 0.12314581871032715, 0.028547439724206924], "recall_th sex group 0": [1.0, 1.0, 0.9853705763816833, 0.8652550578117371, 0.7561116218566895, 0.5792107582092285, 0.41174206137657166, 0.25736284255981445, 0.10067372769117355, 0.02425409108400345], "recall_th sex group 1": [1.0, 1.0, 0.9745762944221497, 0.8463982939720154, 0.6980932354927063, 0.4788135588169098, 0.25953391194343567, 0.13347457349300385, 0.0381355918943882, 0.0], "recall_th subgroup 0": [1.0, 1.0, 0.9687950015068054, 0.785885751247406, 0.6351416110992432, 0.4205472767353058, 0.2717234790325165, 0.160345658659935, 0.051368217915296555, 0.011521843262016773], "recall_th subgroup 1": [1.0, 1.0, 0.9503105878829956, 0.7743270993232727, 0.590062141418457, 0.3457556962966919, 0.17184264957904816, 0.08695652335882187, 0.02484472095966339, 0.0], "tn": 5163.0, "tn race group 0": 2908.0, "tn race group 1": 2255.0, "tn sex group 0": 3824.0, "tn sex group 1": 1339.0, "tn subgroup 0": 2179.0, "tn subgroup 1": 729.0, "tn_th": [0.0, 0.0, 577.0, 2586.0, 4007.0, 5163.0, 5823.0, 6296.0, 6529.0, 6631.0], "tn_th race group 0": [0.0, 0.0, 440.0, 1674.0, 2399.0, 2908.0, 3201.0, 3390.0, 3450.0, 3474.0], "tn_th race group 1": [0.0, 0.0, 137.0, 912.0, 1608.0, 2255.0, 2622.0, 2906.0, 3079.0, 3157.0], "tn_th sex group 0": [0.0, 0.0, 424.0, 1875.0, 2983.0, 3824.0, 4371.0, 4749.0, 4965.0, 5061.0], "tn_th sex group 1": [0.0, 0.0, 153.0, 711.0, 1024.0, 1339.0, 1452.0, 1547.0, 1564.0, 1570.0], "tn_th subgroup 0": [0.0, 0.0, 316.0, 1213.0, 1791.0, 2179.0, 2430.0, 2589.0, 2649.0, 2673.0], "tn_th subgroup 1": [0.0, 0.0, 124.0, 461.0, 608.0, 729.0, 771.0, 801.0, 801.0, 801.0], "tp": 3461.0, "tp race group 0": 1043.0, "tp race group 1": 2418.0, "tp sex group 0": 3009.0, "tp sex group 1": 452.0, "tp subgroup 0": 876.0, "tp subgroup 1": 167.0, "tp_th": [6139.0, 6139.0, 6039.0, 5294.0, 4587.0, 3461.0, 2384.0, 1463.0, 559.0, 126.0], "tp_th race group 0": [2566.0, 2566.0, 2477.0, 2011.0, 1608.0, 1043.0, 649.0, 376.0, 119.0, 24.0], "tp_th race group 1": [3573.0, 3573.0, 3562.0, 3283.0, 2979.0, 2418.0, 1735.0, 1087.0, 440.0, 102.0], "tp_th sex group 0": [5195.0, 5195.0, 5119.0, 4495.0, 3928.0, 3009.0, 2139.0, 1337.0, 523.0, 126.0], "tp_th sex group 1": [944.0, 944.0, 920.0, 799.0, 659.0, 452.0, 245.0, 126.0, 36.0, 0.0], "tp_th subgroup 0": [2083.0, 2083.0, 2018.0, 1637.0, 1323.0, 876.0, 566.0, 334.0, 107.0, 24.0], "tp_th subgroup 1": [483.0, 483.0, 459.0, 374.0, 285.0, 167.0, 83.0, 42.0, 12.0, 0.0], "global_step": 102.0}