{"accuracy": 0.6836816668510437, "accuracy race group 0": 0.6722192764282227, "accuracy race group 1": 0.693954348564148, "accuracy sex group 0": 0.6716718077659607, "accuracy sex group 1": 0.7324581146240234, "accuracy subgroup 0": 0.6554064154624939, "accuracy subgroup 1": 0.734008252620697, "accuracy subgroup 2": 0.6856967806816101, "accuracy subgroup 3": 0.7308338284492493, "auc": 0.7315502762794495, "auc race group 0": 0.70246821641922, "auc race group 1": 0.7459980845451355, "auc sex group 0": 0.7246532440185547, "auc sex group 1": 0.7417588829994202, "auc subgroup 0": 0.6883524060249329, "auc subgroup 1": 0.7525920867919922, "auc subgroup 2": 0.7385303974151611, "auc subgroup 3": 0.7482099533081055, "aucpr": 0.7135927081108093, "fn": 85008.0, "fn race group 0": 48440.0, "fn race group 1": 36568.0, "fn sex group 0": 69103.0, "fn sex group 1": 15905.0, "fn subgroup 0": 38234.0, "fn subgroup 1": 10206.0, "fn subgroup 2": 30869.0, "fn subgroup 3": 5699.0, "fn_th": [0.0, 0.0, 5228.0, 30867.0, 52952.0, 85008.0, 125852.0, 159811.0, 203041.0, 237948.0], "fn_th race group 0": [0.0, 0.0, 4753.0, 20897.0, 34194.0, 48440.0, 67914.0, 78126.0, 91426.0, 101398.0], "fn_th race group 1": [0.0, 0.0, 475.0, 9970.0, 18758.0, 36568.0, 57938.0, 81685.0, 111615.0, 136550.0], "fn_th sex group 0": [0.0, 0.0, 4040.0, 24458.0, 43459.0, 69103.0, 101873.0, 129895.0, 168372.0, 200431.0], "fn_th sex group 1": [0.0, 0.0, 1188.0, 6409.0, 9493.0, 15905.0, 23979.0, 29916.0, 34669.0, 37517.0], "fn_th subgroup 0": [0.0, 0.0, 3565.0, 16150.0, 28024.0, 38234.0, 53433.0, 61509.0, 73145.0, 81931.0], "fn_th subgroup 1": [0.0, 0.0, 1188.0, 4747.0, 6170.0, 10206.0, 14481.0, 16617.0, 18281.0, 19467.0], "fn_th subgroup 2": [0.0, 0.0, 475.0, 8308.0, 15435.0, 30869.0, 48440.0, 68386.0, 95227.0, 118500.0], "fn_th subgroup 3": [0.0, 0.0, 0.0, 1662.0, 3323.0, 5699.0, 9498.0, 13299.0, 16388.0, 18050.0], "fnr": 0.3458702862262726, "fnr race group 0": 0.4711099863052368, "fnr race group 1": 0.25579363107681274, "fnr sex group 0": 0.33256492018699646, "fnr sex group 1": 0.41864076256752014, "fnr subgroup 0": 0.4586942493915558, "fnr subgroup 1": 0.5242718458175659, "fnr subgroup 2": 0.24807529151439667, "fnr subgroup 3": 0.3076383173465729, "fp": 76947.0, "fp race group 0": 30879.0, "fp race group 1": 46068.0, "fp sex group 0": 65788.0, "fp sex group 1": 11159.0, "fp subgroup 0": 27317.0, "fp subgroup 1": 3562.0, "fp subgroup 2": 38471.0, "fp subgroup 3": 7597.0, "fp_th": [266220.0, 266220.0, 239624.0, 165518.0, 116603.0, 76947.0, 45599.0, 23273.0, 8076.0, 1425.0], "fp_th race group 0": [139167.0, 139167.0, 118506.0, 71484.0, 48453.0, 30879.0, 16862.0, 7365.0, 2376.0, 475.0], "fp_th race group 1": [127053.0, 127053.0, 121118.0, 94034.0, 68150.0, 46068.0, 28737.0, 15908.0, 5700.0, 950.0], "fp_th sex group 0": [203054.0, 203054.0, 183579.0, 131090.0, 92385.0, 65788.0, 39663.0, 20899.0, 7838.0, 1425.0], "fp_th sex group 1": [63166.0, 63166.0, 56045.0, 34428.0, 24218.0, 11159.0, 5936.0, 2374.0, 238.0, 0.0], "fp_th subgroup 0": [106873.0, 106873.0, 92146.0, 58425.0, 39667.0, 27317.0, 15201.0, 7128.0, 2376.0, 475.0], "fp_th subgroup 1": [32294.0, 32294.0, 26360.0, 13059.0, 8786.0, 3562.0, 1661.0, 237.0, 0.0, 0.0], "fp_th subgroup 2": [96181.0, 96181.0, 91433.0, 72665.0, 52718.0, 38471.0, 24462.0, 13771.0, 5462.0, 950.0], "fp_th subgroup 3": [30872.0, 30872.0, 29685.0, 21369.0, 15432.0, 7597.0, 4275.0, 2137.0, 238.0, 0.0], "fpr": 0.2890353798866272, "fpr race group 0": 0.22188450396060944, "fpr race group 1": 0.3625888526439667, "fpr sex group 0": 0.32399263978004456, "fpr sex group 1": 0.17666149139404297, "fpr subgroup 0": 0.2556024491786957, "fpr subgroup 1": 0.11029912531375885, "fpr subgroup 2": 0.3999854326248169, "fpr subgroup 3": 0.24608059227466583, "loss": 1.2107452154159546, "precision": 0.6763111352920532, "precision race group 0": 0.6378254890441895, "precision race group 1": 0.6978335380554199, "precision sex group 0": 0.6782557964324951, "precision sex group 1": 0.6643505692481995, "precision subgroup 0": 0.6228861212730408, "precision subgroup 1": 0.7222179174423218, "precision subgroup 2": 0.7086324691772461, "precision subgroup 3": 0.6280174255371094, "precision_th": [0.4800390601158142, 0.4800390601158142, 0.5009663105010986, 0.5649197697639465, 0.6231696009635925, 0.6763111352920532, 0.7245222926139832, 0.7869592308998108, 0.8410705327987671, 0.846062421798706], "precision_th race group 0": [0.42490124702453613, 0.42490124702453613, 0.4528152048587799, 0.5340269207954407, 0.5861547589302063, 0.6378254890441895, 0.6742838621139526, 0.7702744603157043, 0.8274635076522827, 0.7497365474700928], "precision_th race group 1": [0.529454231262207, 0.529454231262207, 0.5405269861221313, 0.5857952833175659, 0.6456997990608215, 0.6978335380554199, 0.747384786605835, 0.7938897609710693, 0.8461289405822754, 0.8709063529968262], "precision_th sex group 0": [0.5057613253593445, 0.5057613253593445, 0.5260361433029175, 0.583073616027832, 0.6401247978210449, 0.6782557964324951, 0.7275481224060059, 0.788454532623291, 0.8341304659843445, 0.8377362489700317], "precision_th sex group 1": [0.3755708932876587, 0.3755708932876587, 0.39638552069664, 0.47845056653022766, 0.5406035780906677, 0.6643505692481995, 0.7024412155151367, 0.7728229761123657, 0.9331648349761963, 1.0], "precision_th subgroup 0": [0.4381817579269409, 0.4381817579269409, 0.46406489610671997, 0.5349401831626892, 0.5824394226074219, 0.6228861212730408, 0.6631133556365967, 0.7539778351783752, 0.8112038373947144, 0.7497365474700928], "precision_th subgroup 1": [0.3760939836502075, 0.3760939836502075, 0.40948498249053955, 0.5298966765403748, 0.6021373867988586, 0.7222179174423218, 0.7501128315925598, 0.9232264161109924, 1.0, 0.0], "precision_th subgroup 2": [0.5640323758125305, 0.5640323758125305, 0.5755041837692261, 0.6151034832000732, 0.6740107536315918, 0.7086324691772461, 0.7564904093742371, 0.802761435508728, 0.842452883720398, 0.8619988560676575], "precision_th subgroup 3": [0.3750227689743042, 0.3750227689743042, 0.38425639271736145, 0.4410703182220459, 0.49624601006507874, 0.6280174255371094, 0.6786197423934937, 0.7097650170326233, 0.8997894525527954, 1.0], "recall": 0.654129683971405, "recall race group 0": 0.5288900136947632, "recall race group 1": 0.7442063689231873, "recall sex group 0": 0.6674350500106812, "recall sex group 1": 0.5813592076301575, "recall subgroup 0": 0.5413057804107666, "recall subgroup 1": 0.4757281541824341, "recall subgroup 2": 0.7519246935844421, "recall subgroup 3": 0.6923616528511047, "recall_th": [1.0, 1.0, 0.9787289500236511, 0.8744120597839355, 0.7845553159713745, 0.654129683971405, 0.48794856667518616, 0.34978029131889343, 0.17389129102230072, 0.03186589479446411], "recall_th race group 0": [1.0, 1.0, 0.9537740349769592, 0.7967633008956909, 0.6674414873123169, 0.5288900136947632, 0.33949291706085205, 0.24017466604709625, 0.11082366108894348, 0.013839585706591606], "recall_th race group 1": [1.0, 1.0, 0.9966773986816406, 0.9302597045898438, 0.8687875270843506, 0.7442063689231873, 0.5947229862213135, 0.4286124110221863, 0.21925167739391327, 0.044831033796072006], "recall_th sex group 0": [1.0, 1.0, 0.9805570840835571, 0.8822934627532959, 0.7908493280410767, 0.6674350500106812, 0.5097262859344482, 0.37486764788627625, 0.18969334661960602, 0.03540628030896187], "recall_th sex group 1": [1.0, 1.0, 0.9687302708625793, 0.8313065767288208, 0.7501316070556641, 0.5813592076301575, 0.3688408136367798, 0.21257106959819794, 0.0874657854437828, 0.012502632103860378], "recall_th subgroup 0": [1.0, 1.0, 0.9572306275367737, 0.8062480688095093, 0.6637953519821167, 0.5413057804107666, 0.3589629828929901, 0.2620750069618225, 0.12247762829065323, 0.017071766778826714], "recall_th subgroup 1": [1.0, 1.0, 0.9389736652374268, 0.7561514377593994, 0.6830533742904663, 0.4757281541824341, 0.2561257481575012, 0.14640159904956818, 0.06092361360788345, 0.0],