{"accuracy": 0.6756250262260437, "accuracy race group 0": 0.661263644695282, "accuracy race group 1": 0.6884809136390686, "accuracy sex group 0": 0.6702314019203186, "accuracy sex group 1": 0.6976929306983948, "accuracy subgroup 0": 0.6535069346427917, "accuracy subgroup 1": 0.6900311708450317, "auc": 0.7251842617988586, "auc race group 0": 0.7003738284111023, "auc race group 1": 0.7345754504203796, "auc sex group 0": 0.7189098000526428, "auc sex group 1": 0.7310957908630371, "auc subgroup 0": 0.6928737163543701, "auc subgroup 1": 0.7204077243804932, "aucpr": 0.6970067024230957, "fn": 2609.0, "fn race group 0": 1478.0, "fn race group 1": 1131.0, "fn sex group 0": 2117.0, "fn sex group 1": 492.0, "fn subgroup 0": 1162.0, "fn subgroup 1": 316.0, "fn_th": [0.0, 0.0, 70.0, 790.0, 1573.0, 2609.0, 3712.0, 4765.0, 5598.0, 6038.0], "fn_th race group 0": [0.0, 0.0, 64.0, 542.0, 949.0, 1478.0, 1916.0, 2208.0, 2429.0, 2548.0], "fn_th race group 1": [0.0, 0.0, 6.0, 248.0, 624.0, 1131.0, 1796.0, 2557.0, 3169.0, 3490.0], "fn_th sex group 0": [0.0, 0.0, 59.0, 634.0, 1282.0, 2117.0, 3002.0, 3923.0, 4708.0, 5106.0], "fn_th sex group 1": [0.0, 0.0, 11.0, 156.0, 291.0, 492.0, 710.0, 842.0, 890.0, 932.0], "fn_th subgroup 0": [0.0, 0.0, 53.0, 422.0, 763.0, 1162.0, 1499.0, 1767.0, 1970.0, 2065.0], "fn_th subgroup 1": [0.0, 0.0, 11.0, 120.0, 186.0, 316.0, 417.0, 441.0, 459.0, 483.0], "fnr": 0.42498779296875, "fnr race group 0": 0.5759937763214111, "fnr race group 1": 0.3165407180786133, "fnr sex group 0": 0.4075072109699249, "fnr sex group 1": 0.5211864113807678, "fnr subgroup 0": 0.5578492283821106, "fnr subgroup 1": 0.6542443037033081, "fp": 1543.0, "fp race group 0": 570.0, "fp race group 1": 973.0, "fp sex group 0": 1275.0, "fp sex group 1": 268.0, "fp subgroup 0": 488.0, "fp subgroup 1": 82.0, "fp_th": [6661.0, 6661.0, 6151.0, 4242.0, 2708.0, 1543.0, 880.0, 347.0, 120.0, 24.0], "fp_th race group 0": [3480.0, 3480.0, 3088.0, 1853.0, 1092.0, 570.0, 303.0, 108.0, 36.0, 6.0], "fp_th race group 1": [3181.0, 3181.0, 3063.0, 2389.0, 1616.0, 973.0, 577.0, 239.0, 84.0, 18.0], "fp_th sex group 0": [5091.0, 5091.0, 4728.0, 3342.0, 2151.0, 1275.0, 762.0, 312.0, 114.0, 24.0], "fp_th sex group 1": [1570.0, 1570.0, 1423.0, 900.0, 557.0, 268.0, 118.0, 35.0, 6.0, 0.0], "fp_th subgroup 0": [2679.0, 2679.0, 2399.0, 1507.0, 894.0, 488.0, 261.0, 102.0, 36.0, 6.0], "fp_th subgroup 1": [801.0, 801.0, 689.0, 346.0, 198.0, 82.0, 42.0, 6.0, 0.0, 0.0], "fpr": 0.23164689540863037, "fpr race group 0": 0.16379310190677643, "fpr race group 1": 0.3058786690235138, "fpr sex group 0": 0.2504419684410095, "fpr sex group 1": 0.17070063948631287, "fpr subgroup 0": 0.1821575164794922, "fpr subgroup 1": 0.10237203538417816, "loss": 0.6128277778625488, "precision": 0.6958407163619995, "precision race group 0": 0.656212329864502, "precision race group 1": 0.7150804996490479, "precision sex group 0": 0.7070985436439514, "precision sex group 1": 0.6277777552604675, "precision subgroup 0": 0.6536550521850586, "precision subgroup 1": 0.6706827282905579, "precision_th": [0.4796093702316284, 0.4796093702316284, 0.49664485454559326, 0.5577103495597839, 0.6277151703834534, 0.6958407163619995, 0.7338978052139282, 0.7983730435371399, 0.8184568881988525, 0.8080000281333923], "precision_th race group 0": [0.4244128465652466, 0.4244128465652466, 0.44758498668670654, 0.5220531225204468, 0.5968992114067078, 0.656212329864502, 0.6820566654205322, 0.7682403326034546, 0.7919074892997742, 0.75], "precision_th race group 1": [0.529019832611084, 0.529019832611084, 0.5380090475082397, 0.5819041132926941, 0.6460021734237671, 0.7150804996490479, 0.7548853158950806, 0.8095617294311523, 0.8278688788414001, 0.8217821717262268], "precision_th sex group 0": [0.5050554275512695, 0.5050554275512695, 0.5206812620162964, 0.5771226286888123, 0.6452836394309998, 0.7070985436439514, 0.7421320080757141, 0.8030303120613098, 0.8103161454200745, 0.7876105904579163], "precision_th sex group 1": [0.3754972219467163, 0.3754972219467163, 0.3960101902484894, 0.46682465076446533, 0.539669394493103, 0.6277777552604675, 0.6647727489471436, 0.7445255517959595, 0.8999999761581421, 1.0], "precision_th subgroup 0": [0.4374212622642517, 0.4374212622642517, 0.4583427309989929, 0.5243055820465088, 0.5962059497833252, 0.6536550521850586, 0.6911242604255676, 0.7559808492660522, 0.7583892345428467, 0.75], "precision_th subgroup 1": [0.37616822123527527, 0.37616822123527527, 0.40654608607292175, 0.5119886994361877, 0.6000000238418579, 0.6706827282905579, 0.6111111044883728, 0.875, 1.0, 0.0], "recall": 0.57501220703125, "recall race group 0": 0.42400622367858887, "recall race group 1": 0.6834592819213867, "recall sex group 0": 0.5924927592277527, "recall sex group 1": 0.4788135588169098, "recall subgroup 0": 0.442150741815567, "recall subgroup 1": 0.3457556962966919, "recall_th": [1.0, 1.0, 0.9885975122451782, 0.871314525604248, 0.7437693476676941, 0.57501220703125, 0.39534124732017517, 0.2238149493932724, 0.08812510222196579, 0.016452191397547722], "recall_th race group 0": [1.0, 1.0, 0.9750584363937378, 0.7887762784957886, 0.6301636695861816, 0.42400622367858887, 0.2533125579357147, 0.13951675593852997, 0.053390491753816605, 0.007014809176325798], "recall_th race group 1": [1.0, 1.0, 0.9983207583427429, 0.9305905103683472, 0.8253568410873413, 0.6834592819213867, 0.4973411560058594, 0.28435489535331726, 0.11307024955749512, 0.023229779675602913], "recall_th sex group 0": [1.0, 1.0, 0.9886429309844971, 0.8779595494270325, 0.75322425365448, 0.5924927592277527, 0.42213666439056396, 0.24485081434249878, 0.09374398738145828, 0.017131857573986053], "recall_th sex group 1": [1.0, 1.0, 0.9883474707603455, 0.8347457647323608, 0.6917372941970825, 0.4788135588169098, 0.24788135290145874, 0.10805084556341171, 0.05720338970422745, 0.012711863964796066], "recall_th subgroup 0": [1.0, 1.0, 0.9745559096336365, 0.7974075675010681, 0.6337013840675354, 0.442150741815567, 0.28036487102508545, 0.15170426666736603, 0.05424867942929268, 0.008641382679343224], "recall_th subgroup 1": [1.0, 1.0, 0.977225661277771, 0.7515528202056885, 0.6149068474769592, 0.3457556962966919, 0.13664595782756805, 0.08695652335882187, 0.04968944191932678, 0.0], "tn": 5118.0, "tn race group 0": 2910.0, "tn race group 1": 2208.0, "tn sex group 0": 3816.0, "tn sex group 1": 1302.0, "tn subgroup 0": 2191.0, "tn subgroup 1": 719.0, "tn_th": [0.0, 0.0, 510.0, 2419.0, 3953.0, 5118.0, 5781.0, 6314.0, 6541.0, 6637.0], "tn_th race group 0": [0.0, 0.0, 392.0, 1627.0, 2388.0, 2910.0, 3177.0, 3372.0, 3444.0, 3474.0], "tn_th race group 1": [0.0, 0.0, 118.0, 792.0, 1565.0, 2208.0, 2604.0, 2942.0, 3097.0, 3163.0], "tn_th sex group 0": [0.0, 0.0, 363.0, 1749.0, 2940.0, 3816.0, 4329.0, 4779.0, 4977.0, 5067.0], "tn_th sex group 1": [0.0, 0.0, 147.0, 670.0, 1013.0, 1302.0, 1452.0, 1535.0, 1564.0, 1570.0], "tn_th subgroup 0": [0.0, 0.0, 280.0, 1172.0, 1785.0, 2191.0, 2418.0, 2577.0, 2643.0, 2673.0], "tn_th subgroup 1": [0.0, 0.0, 112.0, 455.0, 603.0, 719.0, 759.0, 795.0, 801.0, 801.0], "tp": 3530.0, "tp race group 0": 1088.0, "tp race group 1": 2442.0, "tp sex group 0": 3078.0, "tp sex group 1": 452.0, "tp subgroup 0": 921.0, "tp subgroup 1": 167.0, "tp_th": [6139.0, 6139.0, 6069.0, 5349.0, 4566.0, 3530.0, 2427.0, 1374.0, 541.0, 101.0], "tp_th race group 0": [2566.0, 2566.0, 2502.0, 2024.0, 1617.0, 1088.0, 650.0, 358.0, 137.0, 18.0], "tp_th race group 1": [3573.0, 3573.0, 3567.0, 3325.0, 2949.0, 2442.0, 1777.0, 1016.0, 404.0, 83.0], "tp_th sex group 0": [5195.0, 5195.0, 5136.0, 4561.0, 3913.0, 3078.0, 2193.0, 1272.0, 487.0, 89.0], "tp_th sex group 1": [944.0, 944.0, 933.0, 788.0, 653.0, 452.0, 234.0, 102.0, 54.0, 12.0], "tp_th subgroup 0": [2083.0, 2083.0, 2030.0, 1661.0, 1320.0, 921.0, 584.0, 316.0, 113.0, 18.0], "tp_th subgroup 1": [483.0, 483.0, 472.0, 363.0, 297.0, 167.0, 66.0, 42.0, 24.0, 0.0], "global_step": 102.0}