{"accuracy": 0.6706249713897705, "accuracy race group 0": 0.6521667242050171, "accuracy race group 1": 0.6871483325958252, "accuracy sex group 0": 0.6608983278274536, "accuracy sex group 1": 0.710421621799469, "accuracy subgroup 0": 0.6409071683883667, "accuracy subgroup 1": 0.6939252614974976, "auc": 0.723017692565918, "auc race group 0": 0.6941356062889099, "auc race group 1": 0.7359808087348938, "auc sex group 0": 0.7170456051826477, "auc sex group 1": 0.7274188995361328, "auc subgroup 0": 0.6848232746124268, "auc subgroup 1": 0.7218500375747681, "aucpr": 0.7006102204322815, "fn": 2722.0, "fn race group 0": 1537.0, "fn race group 1": 1185.0, "fn sex group 0": 2224.0, "fn sex group 1": 498.0, "fn subgroup 0": 1221.0, "fn subgroup 1": 316.0, "fn_th": [0.0, 0.0, 71.0, 814.0, 1546.0, 2722.0, 3677.0, 4610.0, 5562.0, 6026.0], "fn_th race group 0": [0.0, 0.0, 66.0, 554.0, 934.0, 1537.0, 1905.0, 2166.0, 2429.0, 2542.0], "fn_th race group 1": [0.0, 0.0, 5.0, 260.0, 612.0, 1185.0, 1772.0, 2444.0, 3133.0, 3484.0], "fn_th sex group 0": [0.0, 0.0, 59.0, 669.0, 1249.0, 2224.0, 3002.0, 3804.0, 4666.0, 5094.0], "fn_th sex group 1": [0.0, 0.0, 12.0, 145.0, 297.0, 498.0, 675.0, 806.0, 896.0, 932.0], "fn_th subgroup 0": [0.0, 0.0, 54.0, 445.0, 736.0, 1221.0, 1511.0, 1731.0, 1964.0, 2059.0], "fn_th subgroup 1": [0.0, 0.0, 12.0, 109.0, 198.0, 316.0, 394.0, 435.0, 465.0, 483.0], "fnr": 0.4433946907520294, "fnr race group 0": 0.5989867448806763, "fnr race group 1": 0.33165407180786133, "fnr sex group 0": 0.4281039535999298, "fnr sex group 1": 0.5275423526763916, "fnr subgroup 0": 0.5861737728118896, "fnr subgroup 1": 0.6542443037033081, "fp": 1494.0, "fp race group 0": 566.0, "fp race group 1": 928.0, "fp sex group 0": 1264.0, "fp sex group 1": 230.0, "fp subgroup 0": 489.0, "fp subgroup 1": 77.0, "fp_th": [6661.0, 6661.0, 6187.0, 4195.0, 2652.0, 1494.0, 820.0, 377.0, 126.0, 24.0], "fp_th race group 0": [3480.0, 3480.0, 3106.0, 1855.0, 1074.0, 566.0, 303.0, 114.0, 36.0, 6.0], "fp_th race group 1": [3181.0, 3181.0, 3081.0, 2340.0, 1578.0, 928.0, 517.0, 263.0, 90.0, 18.0], "fp_th sex group 0": [5091.0, 5091.0, 4734.0, 3306.0, 2125.0, 1264.0, 714.0, 348.0, 120.0, 24.0], "fp_th sex group 1": [1570.0, 1570.0, 1453.0, 889.0, 527.0, 230.0, 106.0, 29.0, 6.0, 0.0], "fp_th subgroup 0": [2679.0, 2679.0, 2399.0, 1514.0, 894.0, 489.0, 261.0, 114.0, 36.0, 6.0], "fp_th subgroup 1": [801.0, 801.0, 707.0, 341.0, 180.0, 77.0, 42.0, 0.0, 0.0, 0.0], "fpr": 0.2242906540632248, "fpr race group 0": 0.1626436710357666, "fpr race group 1": 0.29173216223716736, "fpr sex group 0": 0.24828128516674042, "fpr sex group 1": 0.14649681746959686, "fpr subgroup 0": 0.18253079056739807, "fpr subgroup 1": 0.09612983465194702, "loss": 0.6115243434906006, "precision": 0.6957849860191345, "precision race group 0": 0.645141065120697, "precision race group 1": 0.7201447486877441, "precision sex group 0": 0.7015348076820374, "precision sex group 1": 0.6597633361816406, "precision subgroup 0": 0.6380459070205688, "precision subgroup 1": 0.6844262480735779, "precision_th": [0.4796093702316284, 0.4796093702316284, 0.4951448440551758, 0.5593487620353699, 0.6339544653892517, 0.6957849860191345, 0.7501523494720459, 0.8022035956382751, 0.8207681179046631, 0.8248175382614136], "precision_th race group 0": [0.4244128465652466, 0.4244128465652466, 0.44595077633857727, 0.5202999711036682, 0.6031042337417603, 0.645141065120697, 0.6856846213340759, 0.7782101035118103, 0.7919074892997742, 0.800000011920929], "precision_th race group 1": [0.529019832611084, 0.529019832611084, 0.5366220474243164, 0.5860605239868164, 0.6523463129997253, 0.7201447486877441, 0.7769628763198853, 0.8110632300376892, 0.8301886916160583, 0.8317757248878479], "precision_th sex group 0": [0.5050554275512695, 0.5050554275512695, 0.5203647613525391, 0.5778855681419373, 0.6499752998352051, 0.7015348076820374, 0.7543859481811523, 0.7998849749565125, 0.8151001334190369, 0.8080000281333923], "precision_th sex group 1": [0.3754972219467163, 0.3754972219467163, 0.3907756805419922, 0.4733412265777588, 0.5511073470115662, 0.6597633361816406, 0.7173333168029785, 0.826347291469574, 0.8888888955116272, 1.0], "precision_th subgroup 0": [0.4374212622642517, 0.4374212622642517, 0.4582204222679138, 0.5196700692176819, 0.6010709404945374, 0.6380459070205688, 0.6866746544837952, 0.7553648352622986, 0.7677419185638428, 0.800000011920929], "precision_th subgroup 1": [0.37616822123527527, 0.37616822123527527, 0.3998302221298218, 0.5230769515037537, 0.6129032373428345, 0.6844262480735779, 0.6793892979621887, 1.0, 1.0, 0.0], "recall": 0.556605339050293, "recall race group 0": 0.40101325511932373, "recall race group 1": 0.6683459281921387, "recall sex group 0": 0.5718960762023926, "recall sex group 1": 0.472457617521286, "recall subgroup 0": 0.41382619738578796, "recall subgroup 1": 0.3457556962966919, "recall_th": [1.0, 1.0, 0.9884346127510071, 0.867405116558075, 0.7481674551963806, 0.556605339050293, 0.40104252099990845, 0.2490633726119995, 0.09398924559354782, 0.018406907096505165], "recall_th race group 0": [1.0, 1.0, 0.9742790460586548, 0.7840997576713562, 0.6360093355178833, 0.40101325511932373, 0.2575993835926056, 0.15588463842868805, 0.053390491753816605, 0.00935307890176773], "recall_th race group 1": [1.0, 1.0, 0.9986006021499634, 0.927232027053833, 0.8287153840065002, 0.6683459281921387, 0.5040582418441772, 0.3159809708595276, 0.12314581871032715, 0.024909039959311485], "recall_th sex group 0": [1.0, 1.0, 0.9886429309844971, 0.8712223172187805, 0.7595764994621277, 0.5718960762023926, 0.42213666439056396, 0.26775744557380676, 0.1018286794424057, 0.019441770389676094], "recall_th sex group 1": [1.0, 1.0, 0.9872881174087524, 0.8463982939720154, 0.6853813529014587, 0.472457617521286, 0.284957617521286, 0.1461864411830902, 0.050847455859184265, 0.012711863964796066], "recall_th subgroup 0": [1.0, 1.0, 0.9740758538246155, 0.786365807056427, 0.64666348695755, 0.41382619738578796, 0.274603933095932, 0.16898703575134277, 0.0571291409432888, 0.011521843262016773], "recall_th subgroup 1": [1.0, 1.0, 0.9751552939414978, 0.7743270993232727, 0.590062141418457, 0.3457556962966919, 0.18426501750946045, 0.09937888383865356, 0.03726708143949509, 0.0], "tn": 5167.0, "tn race group 0": 2914.0, "tn race group 1": 2253.0, "tn sex group 0": 3827.0, "tn sex group 1": 1340.0, "tn subgroup 0": 2190.0, "tn subgroup 1": 724.0, "tn_th": [0.0, 0.0, 474.0, 2466.0, 4009.0, 5167.0, 5841.0, 6284.0, 6535.0, 6637.0], "tn_th race group 0": [0.0, 0.0, 374.0, 1625.0, 2406.0, 2914.0, 3177.0, 3366.0, 3444.0, 3474.0], "tn_th race group 1": [0.0, 0.0, 100.0, 841.0, 1603.0, 2253.0, 2664.0, 2918.0, 3091.0, 3163.0], "tn_th sex group 0": [0.0, 0.0, 357.0, 1785.0, 2966.0, 3827.0, 4377.0, 4743.0, 4971.0, 5067.0], "tn_th sex group 1": [0.0, 0.0, 117.0, 681.0, 1043.0, 1340.0, 1464.0, 1541.0, 1564.0, 1570.0], "tn_th subgroup 0": [0.0, 0.0, 280.0, 1165.0, 1785.0, 2190.0, 2418.0, 2565.0, 2643.0, 2673.0], "tn_th subgroup 1": [0.0, 0.0, 94.0, 460.0, 621.0, 724.0, 759.0, 801.0, 801.0, 801.0], "tp": 3417.0, "tp race group 0": 1029.0, "tp race group 1": 2388.0, "tp sex group 0": 2971.0, "tp sex group 1": 446.0, "tp subgroup 0": 862.0, "tp subgroup 1": 167.0, "tp_th": [6139.0, 6139.0, 6068.0, 5325.0, 4593.0, 3417.0, 2462.0, 1529.0, 577.0, 113.0], "tp_th race group 0": [2566.0, 2566.0, 2500.0, 2012.0, 1632.0, 1029.0, 661.0, 400.0, 137.0, 24.0], "tp_th race group 1": [3573.0, 3573.0, 3568.0, 3313.0, 2961.0, 2388.0, 1801.0, 1129.0, 440.0, 89.0], "tp_th sex group 0": [5195.0, 5195.0, 5136.0, 4526.0, 3946.0, 2971.0, 2193.0, 1391.0, 529.0, 101.0], "tp_th sex group 1": [944.0, 944.0, 932.0, 799.0, 647.0, 446.0, 269.0, 138.0, 48.0, 12.0], "tp_th subgroup 0": [2083.0, 2083.0, 2029.0, 1638.0, 1347.0, 862.0, 572.0, 352.0, 119.0, 24.0], "tp_th subgroup 1": [483.0, 483.0, 471.0, 374.0, 285.0, 167.0, 89.0, 48.0, 18.0, 0.0], "global_step": 102.0}