{"accuracy": 0.6771835684776306, "accuracy race group 0": 0.6643717885017395, "accuracy race group 1": 0.6886656880378723, "accuracy sex group 0": 0.6693546175956726, "accuracy sex group 1": 0.7089800238609314, "accuracy subgroup 0": 0.6541658043861389, "accuracy subgroup 1": 0.7018797993659973, "accuracy subgroup 2": 0.6824513077735901, "accuracy subgroup 3": 0.71642005443573, "auc": 0.7307970523834229, "auc race group 0": 0.7081087827682495, "auc race group 1": 0.7391889095306396, "auc sex group 0": 0.7240716218948364, "auc sex group 1": 0.7381770014762878, "auc subgroup 0": 0.6962518095970154, "auc subgroup 1": 0.7459465265274048, "auc subgroup 2": 0.7304319143295288, "auc subgroup 3": 0.7466436624526978, "aucpr": 0.711999773979187, "fn": 91660.0, "fn race group 0": 52955.0, "fn race group 1": 38705.0, "fn sex group 0": 74092.0, "fn sex group 1": 17568.0, "fn subgroup 0": 41323.0, "fn subgroup 1": 11632.0, "fn subgroup 2": 32769.0, "fn subgroup 3": 5936.0, "fn_th": [0.0, 0.0, 6177.0, 33241.0, 54380.0, 91660.0, 129653.0, 161238.0, 202807.0, 237476.0], "fn_th race group 0": [0.0, 0.0, 5226.0, 22559.0, 34433.0, 52955.0, 67914.0, 78602.0, 91428.0, 100687.0], "fn_th race group 1": [0.0, 0.0, 951.0, 10682.0, 19947.0, 38705.0, 61739.0, 82636.0, 111379.0, 136789.0], "fn_th sex group 0": [0.0, 0.0, 5228.0, 26832.0, 44649.0, 74092.0, 104012.0, 130609.0, 167664.0, 199959.0], "fn_th sex group 1": [0.0, 0.0, 949.0, 6409.0, 9731.0, 17568.0, 25641.0, 30629.0, 35143.0, 37517.0], "fn_th subgroup 0": [0.0, 0.0, 4277.0, 17812.0, 27788.0, 41323.0, 53196.0, 61747.0, 73147.0, 81220.0], "fn_th subgroup 1": [0.0, 0.0, 949.0, 4747.0, 6645.0, 11632.0, 14718.0, 16855.0, 18281.0, 19467.0], "fn_th subgroup 2": [0.0, 0.0, 951.0, 9020.0, 16861.0, 32769.0, 50816.0, 68862.0, 94517.0, 118739.0], "fn_th subgroup 3": [0.0, 0.0, 0.0, 1662.0, 3086.0, 5936.0, 10923.0, 13774.0, 16862.0, 18050.0], "fnr": 0.37293514609336853, "fnr race group 0": 0.5150212645530701, "fnr race group 1": 0.2707419693470001, "fnr sex group 0": 0.35657498240470886, "fnr sex group 1": 0.46241313219070435, "fnr subgroup 0": 0.49575304985046387, "fnr subgroup 1": 0.5975239872932434, "fnr subgroup 2": 0.2633444368839264, "fnr subgroup 3": 0.3204318583011627, "fp": 73622.0, "fp race group 0": 28263.0, "fp race group 1": 45359.0, "fp sex group 0": 61751.0, "fp sex group 1": 11871.0, "fp subgroup 0": 24464.0, "fp subgroup 1": 3799.0, "fp subgroup 2": 37287.0, "fp subgroup 3": 8072.0, "fp_th": [266220.0, 266220.0, 238433.0, 162435.0, 114701.0, 73622.0, 46784.0, 26355.0, 9025.0, 1187.0], "fp_th race group 0": [139167.0, 139167.0, 118503.0, 68634.0, 47976.0, 28263.0, 17339.0, 9264.0, 2850.0, 0.0], "fp_th race group 1": [127053.0, 127053.0, 119930.0, 93801.0, 66725.0, 45359.0, 29445.0, 17091.0, 6175.0, 1187.0], "fp_th sex group 0": [203054.0, 203054.0, 182629.0, 128955.0, 91673.0, 61751.0, 39898.0, 23032.0, 9025.0, 1187.0], "fp_th sex group 1": [63166.0, 63166.0, 55804.0, 33480.0, 23028.0, 11871.0, 6886.0, 3323.0, 0.0, 0.0], "fp_th subgroup 0": [106873.0, 106873.0, 92146.0, 56286.0, 39190.0, 24464.0, 15439.0, 8552.0, 2850.0, 0.0], "fp_th subgroup 1": [32294.0, 32294.0, 26357.0, 12348.0, 8786.0, 3799.0, 1900.0, 712.0, 0.0, 0.0], "fp_th subgroup 2": [96181.0, 96181.0, 90483.0, 72669.0, 52483.0, 37287.0, 24459.0, 14480.0, 6175.0, 1187.0], "fp_th subgroup 3": [30872.0, 30872.0, 29447.0, 21132.0, 14242.0, 8072.0, 4986.0, 2611.0, 0.0, 0.0], "fpr": 0.2765457034111023, "fpr race group 0": 0.2030869424343109, "fpr race group 1": 0.3570084869861603, "fpr sex group 0": 0.30411121249198914, "fpr sex group 1": 0.18793338537216187, "fpr subgroup 0": 0.22890721261501312, "fpr subgroup 1": 0.11763795465230942, "fpr subgroup 2": 0.38767531514167786, "fpr subgroup 3": 0.26146671175956726, "loss": 1.2098301649093628, "precision": 0.6767306923866272, "precision race group 0": 0.6382521390914917, "precision race group 1": 0.6968244910240173, "precision sex group 0": 0.6840524673461914, "precision sex group 1": 0.6324198842048645, "precision subgroup 0": 0.6320926547050476, "precision subgroup 1": 0.6734570860862732, "precision subgroup 2": 0.7108458876609802, "precision subgroup 3": 0.6093122363090515, "precision_th": [0.4800390601158142, 0.4800390601158142, 0.5012237429618835, 0.5668099522590637, 0.6252838373184204, 0.6767306923866272, 0.712824821472168, 0.7623470425605774, 0.8264356255531311, 0.8749341368675232], "precision_th race group 0": [0.42490124702453613, 0.42490124702453613, 0.451623797416687, 0.539047360420227, 0.58770751953125, 0.6382521390914917, 0.668127715587616, 0.7233222723007202, 0.7999017238616943, 1.0], "precision_th race group 1": [0.529454231262207, 0.529454231262207, 0.5421435832977295, 0.5850945115089417, 0.6483290195465088, 0.6968244910240173, 0.7339267134666443, 0.7792260050773621, 0.8364455103874207, 0.8386570811271667], "precision_th sex group 0": [0.5057613253593445, 0.5057613253593445, 0.5258716940879822, 0.5838966965675354, 0.6402328014373779, 0.6840524673461914, 0.7223019003868103, 0.770164966583252, 0.8163747191429138, 0.8683451414108276], "precision_th sex group 1": [0.3755708932876587, 0.3755708932876587, 0.3989681899547577, 0.4854218363761902, 0.5510148406028748, 0.6324198842048645, 0.642043948173523, 0.6890323758125305, 1.0, 1.0], "precision_th subgroup 0": [0.4381817579269409, 0.4381817579269409, 0.4618363082408905, 0.537988007068634, 0.5864114165306091, 0.6320926547050476, 0.6614031791687012, 0.7164362072944641, 0.7817263007164001, 1.0], "precision_th subgroup 1": [0.3760939836502075, 0.3760939836502075, 0.41265738010406494, 0.543815553188324, 0.5933913588523865, 0.6734570860862732, 0.7142427563667297, 0.7858002185821533, 1.0, 0.0], "precision_th subgroup 2": [0.5640323758125305, 0.5640323758125305, 0.5771150588989258, 0.6136333346366882, 0.6720960140228271, 0.7108458876609802, 0.7506142854690552, 0.7932963967323303, 0.8289094567298889, 0.8275210857391357], "precision_th subgroup 3": [0.3750227689743042, 0.3750227689743042, 0.38616275787353516, 0.4438215494155884, 0.520164430141449, 0.6093122363090515, 0.6039084792137146, 0.6453409194946289, 1.0, 1.0], "recall": 0.6270648837089539, "recall race group 0": 0.48497873544692993, "recall race group 1": 0.7292580604553223, "recall sex group 0": 0.6434250473976135, "recall sex group 1": 0.5375868678092957, "recall subgroup 0": 0.5042469501495361, "recall subgroup 1": 0.4024759829044342, "recall subgroup 2": 0.736655592918396, "recall subgroup 3": 0.6795681715011597, "recall_th": [1.0, 1.0, 0.9748677611351013, 0.864753007888794, 0.7787452340126038, 0.6270648837089539, 0.4724835157394409, 0.3439742922782898, 0.17484335601329803, 0.033786311745643616], "recall_th race group 0": [1.0, 1.0, 0.9491738080978394, 0.7805992960929871, 0.6651170253753662, 0.48497873544692993, 0.33949291706085205, 0.23554526269435883, 0.11080421507358551, 0.020754514262080193], "recall_th race group 1": [1.0, 1.0, 0.9933477640151978, 0.9252792596817017, 0.8604704737663269, 0.7292580604553223, 0.5681349039077759, 0.42196014523506165, 0.22090250253677368, 0.043159227818250656], "recall_th sex group 0": [1.0, 1.0, 0.9748397469520569, 0.8708683848381042, 0.7851223349571228, 0.6434250473976135, 0.49943211674690247, 0.37143146991729736, 0.19310066103935242, 0.0376778244972229], "recall_th sex group 1": [1.0, 1.0, 0.9750210642814636, 0.8313065767288208, 0.7438671588897705, 0.5375868678092957, 0.3250947594642639, 0.19380396604537964, 0.07498946785926819, 0.012502632103860378], "recall_th subgroup 0": [1.0, 1.0, 0.9486887454986572, 0.786309003829956, 0.6666266918182373, 0.5042469501495361, 0.3618062734603882, 0.2592197060585022, 0.12245362997055054, 0.025601651519536972], "recall_th subgroup 1": [1.0, 1.0, 0.9512508511543274, 0.7561514377593994, 0.6586530804634094, 0.4024759829044342, 0.24395130574703217, 0.13417577743530273, 0.06092361360788345, 0.0],