{"accuracy": 0.6716113090515137, "accuracy race group 0": 0.6545448303222656, "accuracy race group 1": 0.6869065165519714, "accuracy sex group 0": 0.663566529750824, "accuracy sex group 1": 0.7042843699455261, "accuracy subgroup 0": 0.6429160833358765, "accuracy subgroup 1": 0.6972817182540894, "accuracy subgroup 2": 0.6813725233078003, "accuracy subgroup 3": 0.7116221785545349, "auc": 0.7292969226837158, "auc race group 0": 0.7085553407669067, "auc race group 1": 0.7352991700172424, "auc sex group 0": 0.7250879406929016, "auc sex group 1": 0.725066065788269, "auc subgroup 0": 0.6992883682250977, "auc subgroup 1": 0.7362839579582214, "auc subgroup 2": 0.729211688041687, "auc subgroup 3": 0.7263196706771851, "aucpr": 0.7129761576652527, "fn": 92375.0, "fn race group 0": 52717.0, "fn race group 1": 39658.0, "fn sex group 0": 73857.0, "fn sex group 1": 18518.0, "fn subgroup 0": 40610.0, "fn subgroup 1": 12107.0, "fn subgroup 2": 33247.0, "fn subgroup 3": 6411.0, "fn_th": [0.0, 0.0, 5224.0, 33238.0, 56043.0, 92375.0, 130358.0, 158383.0, 199716.0, 237238.0], "fn_th race group 0": [0.0, 0.0, 4274.0, 21368.0, 34672.0, 52717.0, 67910.0, 76462.0, 90713.0, 100449.0], "fn_th race group 1": [0.0, 0.0, 950.0, 11870.0, 21371.0, 39658.0, 62448.0, 81921.0, 109003.0, 136789.0], "fn_th sex group 0": [0.0, 0.0, 4512.0, 26831.0, 45836.0, 73857.0, 104955.0, 128465.0, 165762.0, 199483.0], "fn_th sex group 1": [0.0, 0.0, 712.0, 6407.0, 10207.0, 18518.0, 25403.0, 29918.0, 33954.0, 37755.0], "fn_th subgroup 0": [0.0, 0.0, 3562.0, 16860.0, 28025.0, 40610.0, 53431.0, 59606.0, 72670.0, 80982.0], "fn_th subgroup 1": [0.0, 0.0, 712.0, 4508.0, 6647.0, 12107.0, 14479.0, 16856.0, 18043.0, 19467.0], "fn_th subgroup 2": [0.0, 0.0, 950.0, 9971.0, 17811.0, 33247.0, 51524.0, 68859.0, 93092.0, 118501.0], "fn_th subgroup 3": [0.0, 0.0, 0.0, 1899.0, 3560.0, 6411.0, 10924.0, 13062.0, 15911.0, 18288.0], "fnr": 0.37584424018859863, "fnr race group 0": 0.5127065777778625, "fnr race group 1": 0.2774082124233246, "fnr sex group 0": 0.3554440140724182, "fnr sex group 1": 0.48741841316223145, "fnr subgroup 0": 0.48719918727874756, "fnr subgroup 1": 0.6219242811203003, "fnr subgroup 2": 0.2671858072280884, "fnr subgroup 3": 0.34607288241386414, "fp": 75760.0, "fp race group 0": 30879.0, "fp race group 1": 44881.0, "fp sex group 0": 64364.0, "fp sex group 1": 11396.0, "fp subgroup 0": 27317.0, "fp subgroup 1": 3562.0, "fp subgroup 2": 37047.0, "fp subgroup 3": 7834.0, "fp_th": [266220.0, 266220.0, 237723.0, 160532.0, 114935.0, 75760.0, 42036.0, 25167.0, 9500.0, 1186.0], "fp_th race group 0": [139167.0, 139167.0, 118507.0, 69586.0, 46550.0, 30879.0, 14491.0, 8312.0, 3563.0, 0.0], "fp_th race group 1": [127053.0, 127053.0, 119216.0, 90946.0, 68385.0, 44881.0, 27545.0, 16855.0, 5937.0, 1186.0], "fp_th sex group 0": [203054.0, 203054.0, 181917.0, 126341.0, 91908.0, 64364.0, 35387.0, 22320.0, 9262.0, 1186.0], "fp_th sex group 1": [63166.0, 63166.0, 55806.0, 34191.0, 23027.0, 11396.0, 6649.0, 2847.0, 238.0, 0.0], "fp_th subgroup 0": [106873.0, 106873.0, 91672.0, 56051.0, 38478.0, 27317.0, 12829.0, 7601.0, 3563.0, 0.0], "fp_th subgroup 1": [32294.0, 32294.0, 26835.0, 13535.0, 8072.0, 3562.0, 1662.0, 711.0, 0.0, 0.0], "fp_th subgroup 2": [96181.0, 96181.0, 90245.0, 70290.0, 53430.0, 37047.0, 22558.0, 14719.0, 5699.0, 1186.0], "fp_th subgroup 3": [30872.0, 30872.0, 28971.0, 20656.0, 14955.0, 7834.0, 4987.0, 2136.0, 238.0, 0.0], "fpr": 0.2845766544342041, "fpr race group 0": 0.22188450396060944, "fpr race group 1": 0.35324627161026, "fpr sex group 0": 0.31697970628738403, "fpr sex group 1": 0.18041351437568665, "fpr subgroup 0": 0.2556024491786957, "fpr subgroup 1": 0.11029912531375885, "fpr subgroup 2": 0.3851800262928009, "fpr subgroup 3": 0.25375744700431824, "loss": 1.2111412286758423, "precision": 0.6694085001945496, "precision race group 0": 0.6186977624893188, "precision race group 1": 0.6971224546432495, "precision sex group 0": 0.6754128932952881, "precision sex group 1": 0.6308389902114868, "precision subgroup 0": 0.6100969314575195, "precision subgroup 1": 0.673869252204895, "precision subgroup 2": 0.7110984325408936, "precision subgroup 3": 0.6072789430618286, "precision_th": [0.4800390601158142, 0.4800390601158142, 0.5029616355895996, 0.5697046518325806, 0.6227582693099976, 0.6694085001945496, 0.7330335974693298, 0.776420533657074, 0.8290259838104248, 0.8780838847160339], "precision_th race group 0": [0.42490124702453613, 0.42490124702453613, 0.4540206491947174, 0.5392845273017883, 0.5941551327705383, 0.6186977624893188, 0.7066717743873596, 0.7602607607841492, 0.7726373672485352, 1.0], "precision_th race group 1": [0.529454231262207, 0.529454231262207, 0.543627142906189, 0.5903978943824768, 0.6400278210639954, 0.6971224546432495, 0.7450858950614929, 0.7836134433746338, 0.851176917552948, 0.8387710452079773], "precision_th sex group 0": [0.5057613253593445, 0.5057613253593445, 0.5277250409126282, 0.5888648629188538, 0.6379579305648804, 0.6754128932952881, 0.7439805865287781, 0.7804079055786133, 0.8194119334220886, 0.8750395178794861], "precision_th sex group 1": [0.3755708932876587, 0.3755708932876587, 0.400489866733551, 0.48019033670425415, 0.5468196272850037, 0.6308389902114868, 0.6543819308280945, 0.7393096089363098, 0.9443405270576477, 1.0], "precision_th subgroup 0": [0.4381817579269409, 0.4381817579269409, 0.4653571546077728, 0.5426088571548462, 0.5898174047470093, 0.6100969314575195, 0.6999204754829407, 0.7575361132621765, 0.7499122619628906, 1.0], "precision_th subgroup 1": [0.3760939836502075, 0.3760939836502075, 0.41138407588005066, 0.5249876976013184, 0.6136320233345032, 0.673869252204895, 0.7500751614570618, 0.7859722971916199, 1.0, 0.0], "precision_th subgroup 2": [0.5640323758125305, 0.5640323758125305, 0.5777596831321716, 0.619546115398407, 0.6661731004714966, 0.7110984325408936, 0.7637113928794861, 0.7906079888343811, 0.8461434841156006, 0.8334035873413086], "precision_th subgroup 3": [0.3750227689743042, 0.3750227689743042, 0.3900328576564789, 0.44595247507095337, 0.5001671314239502, 0.6072789430618286, 0.603829026222229, 0.7189103960990906, 0.916549801826477, 1.0], "recall": 0.6241557598114014, "recall race group 0": 0.48729345202445984, "recall race group 1": 0.7225918173789978, "recall sex group 0": 0.6445559859275818, "recall sex group 1": 0.5125815868377686, "recall subgroup 0": 0.5128008127212524, "recall subgroup 1": 0.3780757188796997, "recall subgroup 2": 0.7328141927719116, "recall subgroup 3": 0.6539271473884583, "recall_th": [1.0, 1.0, 0.9787452220916748, 0.8647652268409729, 0.771979033946991, 0.6241557598114014, 0.46961510181427, 0.3555903732776642, 0.18741963803768158, 0.03475465998053551], "recall_th race group 0": [1.0, 1.0, 0.9584326148033142, 0.7921825051307678, 0.6627926230430603, 0.48729345202445984, 0.339531809091568, 0.25635814666748047, 0.11775804311037064, 0.023069217801094055], "recall_th race group 1": [1.0, 1.0, 0.9933547377586365, 0.9169691801071167, 0.8505095839500427, 0.7225918173789978, 0.5631754398345947, 0.4269615709781647, 0.2375226467847824, 0.043159227818250656], "recall_th sex group 0": [1.0, 1.0, 0.978285551071167, 0.870873212814331, 0.7794097661972046, 0.6445559859275818, 0.4948938488960266, 0.3817496597766876, 0.20225422084331512, 0.039968620985746384], "recall_th sex group 1": [1.0, 1.0, 0.9812592267990112, 0.8313592076301575, 0.7313382029533386, 0.5125815868377686, 0.33135923743247986, 0.21251842379570007, 0.10628553479909897, 0.006238155532628298], "recall_th subgroup 0": [1.0, 1.0, 0.9572665691375732, 0.7977301478385925, 0.6637833714485168, 0.5128008127212524, 0.3589869737625122, 0.284905344247818, 0.12817621231079102, 0.02845694310963154], "recall_th subgroup 1": [1.0, 1.0, 0.9634252786636353, 0.7684286236763, 0.6585503816604614, 0.3780757188796997, 0.2562284767627716, 0.13412441313266754, 0.0731494352221489, 0.0],