{"accuracy": 0.6703906059265137, "accuracy race group 0": 0.654647707939148, "accuracy race group 1": 0.6844832897186279, "accuracy sex group 0": 0.6626482605934143, "accuracy sex group 1": 0.7020683884620667, "accuracy subgroup 0": 0.6438471078872681, "accuracy subgroup 1": 0.6947040557861328, "auc": 0.7210695147514343, "auc race group 0": 0.6944214701652527, "auc race group 1": 0.7328841686248779, "auc sex group 0": 0.7181722521781921, "auc sex group 1": 0.7127752900123596, "auc subgroup 0": 0.6890521049499512, "auc subgroup 1": 0.708575963973999, "aucpr": 0.6966558694839478, "fn": 2730.0, "fn race group 0": 1518.0, "fn race group 1": 1212.0, "fn sex group 0": 2238.0, "fn sex group 1": 492.0, "fn subgroup 0": 1208.0, "fn subgroup 1": 310.0, "fn_th": [0.0, 0.0, 12.0, 708.0, 1550.0, 2730.0, 3896.0, 4841.0, 5484.0, 5954.0], "fn_th race group 0": [0.0, 0.0, 12.0, 472.0, 938.0, 1518.0, 1940.0, 2249.0, 2411.0, 2524.0], "fn_th race group 1": [0.0, 0.0, 0.0, 236.0, 612.0, 1212.0, 1956.0, 2592.0, 3073.0, 3430.0], "fn_th sex group 0": [0.0, 0.0, 12.0, 580.0, 1271.0, 2238.0, 3150.0, 3999.0, 4594.0, 5028.0], "fn_th sex group 1": [0.0, 0.0, 0.0, 128.0, 279.0, 492.0, 746.0, 842.0, 890.0, 926.0], "fn_th subgroup 0": [0.0, 0.0, 12.0, 374.0, 758.0, 1208.0, 1523.0, 1802.0, 1952.0, 2047.0], "fn_th subgroup 1": [0.0, 0.0, 0.0, 98.0, 180.0, 310.0, 417.0, 447.0, 459.0, 477.0], "fnr": 0.4446978271007538, "fnr race group 0": 0.5915822386741638, "fnr race group 1": 0.33921074867248535, "fnr sex group 0": 0.43079885840415955, "fnr sex group 1": 0.5211864113807678, "fnr subgroup 0": 0.5799328088760376, "fnr subgroup 1": 0.6418219208717346, "fp": 1489.0, "fp race group 0": 570.0, "fp race group 1": 919.0, "fp sex group 0": 1232.0, "fp sex group 1": 257.0, "fp subgroup 0": 488.0, "fp subgroup 1": 82.0, "fp_th": [6661.0, 6661.0, 6502.0, 4451.0, 2742.0, 1489.0, 719.0, 317.0, 161.0, 30.0], "fp_th race group 0": [3480.0, 3480.0, 3339.0, 1997.0, 1134.0, 570.0, 238.0, 90.0, 42.0, 6.0], "fp_th race group 1": [3181.0, 3181.0, 3163.0, 2454.0, 1608.0, 919.0, 481.0, 227.0, 119.0, 24.0], "fp_th sex group 0": [5091.0, 5091.0, 4979.0, 3503.0, 2203.0, 1232.0, 619.0, 294.0, 150.0, 30.0], "fp_th sex group 1": [1570.0, 1570.0, 1523.0, 948.0, 539.0, 257.0, 100.0, 23.0, 11.0, 0.0], "fp_th subgroup 0": [2679.0, 2679.0, 2573.0, 1615.0, 948.0, 488.0, 208.0, 90.0, 42.0, 6.0], "fp_th subgroup 1": [801.0, 801.0, 766.0, 382.0, 186.0, 82.0, 30.0, 0.0, 0.0, 0.0], "fpr": 0.22354000806808472, "fpr race group 0": 0.16379310190677643, "fpr race group 1": 0.2889028489589691, "fpr sex group 0": 0.2419956773519516, "fpr sex group 1": 0.16369426250457764, "fpr subgroup 0": 0.1821575164794922, "fpr subgroup 1": 0.10237203538417816, "loss": 0.6169977784156799, "precision": 0.6959983706474304, "precision race group 0": 0.6477132439613342, "precision race group 1": 0.7198171019554138, "precision sex group 0": 0.7058963775634766, "precision sex group 1": 0.6375176310539246, "precision subgroup 0": 0.6419662237167358, "precision subgroup 1": 0.6784313917160034, "precision_th": [0.4796093702316284, 0.4796093702316284, 0.4851532280445099, 0.5495851039886475, 0.6259719133377075, 0.6959983706474304, 0.7572585940361023, 0.803715169429779, 0.8026960492134094, 0.8604651093482971], "precision_th race group 0": [0.4244128465652466, 0.4244128465652466, 0.4333955645561218, 0.5118553042411804, 0.5894279479980469, 0.6477132439613342, 0.7245370149612427, 0.7788698077201843, 0.7868020534515381, 0.875], "precision_th race group 1": [0.529019832611084, 0.529019832611084, 0.5304334759712219, 0.5762389898300171, 0.6480630040168762, 0.7198171019554138, 0.7707340121269226, 0.8120861053466797, 0.8077544569969177, 0.85628741979599], "precision_th sex group 0": [0.5050554275512695, 0.5050554275512695, 0.5100374221801758, 0.5684897899627686, 0.6404439210891724, 0.7058963775634766, 0.767642617225647, 0.8026845455169678, 0.8002663254737854, 0.8477157354354858], "precision_th sex group 1": [0.3754972219467163, 0.3754972219467163, 0.3826510012149811, 0.4625850319862366, 0.5523256063461304, 0.6375176310539246, 0.6644295454025269, 0.8159999847412109, 0.8307692408561707, 1.0], "precision_th subgroup 0": [0.4374212622642517, 0.4374212622642517, 0.44595175981521606, 0.5141395926475525, 0.5829300284385681, 0.6419662237167358, 0.7291666865348816, 0.7574123740196228, 0.7572254538536072, 0.8571428656578064], "precision_th subgroup 1": [0.37616822123527527, 0.37616822123527527, 0.3867093622684479, 0.5019556879997253, 0.6196318864822388, 0.6784313917160034, 0.6875, 1.0, 1.0, 1.0], "recall": 0.5553021430969238, "recall race group 0": 0.4084177613258362, "recall race group 1": 0.6607892513275146, "recall sex group 0": 0.5692011713981628, "recall sex group 1": 0.4788135588169098, "recall subgroup 0": 0.4200672209262848, "recall subgroup 1": 0.358178049325943, "recall_th": [1.0, 1.0, 0.9980452656745911, 0.8846717476844788, 0.747515857219696, 0.5553021430969238, 0.36536896228790283, 0.21143509447574615, 0.10669489949941635, 0.030135201290249825], "recall_th race group 0": [1.0, 1.0, 0.9953234791755676, 0.8160561323165894, 0.6344504952430725, 0.4084177613258362, 0.2439594715833664, 0.12353858351707458, 0.06040529906749725, 0.01636788807809353], "recall_th race group 1": [1.0, 1.0, 1.0, 0.9339490532875061, 0.8287153840065002, 0.6607892513275146, 0.4525608718395233, 0.2745591998100281, 0.13993842899799347, 0.04002239182591438], "recall_th sex group 0": [1.0, 1.0, 0.9976900815963745, 0.8883541822433472, 0.755341649055481, 0.5692011713981628, 0.3936477303504944, 0.23022136092185974, 0.11568816006183624, 0.03214629366993904], "recall_th sex group 1": [1.0, 1.0, 1.0, 0.8644067645072937, 0.7044491767883301, 0.4788135588169098, 0.20974576473236084, 0.10805084556341171, 0.05720338970422745, 0.0190677959471941], "recall_th subgroup 0": [1.0, 1.0, 0.994239091873169, 0.8204512596130371, 0.6361017823219299, 0.4200672209262848, 0.26884302496910095, 0.13490158319473267, 0.06289006024599075, 0.017282765358686447], "recall_th subgroup 1": [1.0, 1.0, 1.0, 0.7971014380455017, 0.6273291707038879, 0.358178049325943, 0.13664595782756805, 0.07453416287899017, 0.04968944191932678, 0.012422360479831696], "tn": 5172.0, "tn race group 0": 2910.0, "tn race group 1": 2262.0, "tn sex group 0": 3859.0, "tn sex group 1": 1313.0, "tn subgroup 0": 2191.0, "tn subgroup 1": 719.0, "tn_th": [0.0, 0.0, 159.0, 2210.0, 3919.0, 5172.0, 5942.0, 6344.0, 6500.0, 6631.0], "tn_th race group 0": [0.0, 0.0, 141.0, 1483.0, 2346.0, 2910.0, 3242.0, 3390.0, 3438.0, 3474.0], "tn_th race group 1": [0.0, 0.0, 18.0, 727.0, 1573.0, 2262.0, 2700.0, 2954.0, 3062.0, 3157.0], "tn_th sex group 0": [0.0, 0.0, 112.0, 1588.0, 2888.0, 3859.0, 4472.0, 4797.0, 4941.0, 5061.0], "tn_th sex group 1": [0.0, 0.0, 47.0, 622.0, 1031.0, 1313.0, 1470.0, 1547.0, 1559.0, 1570.0], "tn_th subgroup 0": [0.0, 0.0, 106.0, 1064.0, 1731.0, 2191.0, 2471.0, 2589.0, 2637.0, 2673.0], "tn_th subgroup 1": [0.0, 0.0, 35.0, 419.0, 615.0, 719.0, 771.0, 801.0, 801.0, 801.0], "tp": 3409.0, "tp race group 0": 1048.0, "tp race group 1": 2361.0, "tp sex group 0": 2957.0, "tp sex group 1": 452.0, "tp subgroup 0": 875.0, "tp subgroup 1": 173.0, "tp_th": [6139.0, 6139.0, 6127.0, 5431.0, 4589.0, 3409.0, 2243.0, 1298.0, 655.0, 185.0], "tp_th race group 0": [2566.0, 2566.0, 2554.0, 2094.0, 1628.0, 1048.0, 626.0, 317.0, 155.0, 42.0], "tp_th race group 1": [3573.0, 3573.0, 3573.0, 3337.0, 2961.0, 2361.0, 1617.0, 981.0, 500.0, 143.0], "tp_th sex group 0": [5195.0, 5195.0, 5183.0, 4615.0, 3924.0, 2957.0, 2045.0, 1196.0, 601.0, 167.0], "tp_th sex group 1": [944.0, 944.0, 944.0, 816.0, 665.0, 452.0, 198.0, 102.0, 54.0, 18.0], "tp_th subgroup 0": [2083.0, 2083.0, 2071.0, 1709.0, 1325.0, 875.0, 560.0, 281.0, 131.0, 36.0], "tp_th subgroup 1": [483.0, 483.0, 483.0, 385.0, 303.0, 173.0, 66.0, 36.0, 24.0, 6.0], "global_step": 102.0}