{"accuracy": 0.6822792887687683, "accuracy race group 0": 0.6712357401847839, "accuracy race group 1": 0.6921766400337219, "accuracy sex group 0": 0.6797528266906738, "accuracy sex group 1": 0.6925404071807861, "accuracy subgroup 0": 0.6653997302055359, "accuracy subgroup 1": 0.6926836967468262, "accuracy subgroup 2": 0.6921288371086121, "accuracy subgroup 3": 0.6923902034759521, "auc": 0.7326588034629822, "auc race group 0": 0.7076244354248047, "auc race group 1": 0.7428498864173889, "auc sex group 0": 0.7291765213012695, "auc sex group 1": 0.7268136739730835, "auc subgroup 0": 0.6974741220474243, "auc subgroup 1": 0.7401019334793091, "auc subgroup 2": 0.7391149997711182, "auc subgroup 3": 0.7284421324729919, "aucpr": 0.7159744501113892, "fn": 86200.0, "fn race group 0": 49392.0, "fn race group 1": 36808.0, "fn sex group 0": 68393.0, "fn sex group 1": 17807.0, "fn subgroup 0": 37759.0, "fn subgroup 1": 11633.0, "fn subgroup 2": 30634.0, "fn subgroup 3": 6174.0, "fn_th": [0.0, 0.0, 7363.0, 32053.0, 53191.0, 86200.0, 126563.0, 155537.0, 204944.0, 238421.0], "fn_th race group 0": [0.0, 0.0, 5700.0, 22083.0, 34431.0, 49392.0, 66728.0, 77176.0, 90716.0, 101161.0], "fn_th race group 1": [0.0, 0.0, 1663.0, 9970.0, 18760.0, 36808.0, 59835.0, 78361.0, 114228.0, 137260.0], "fn_th sex group 0": [0.0, 0.0, 6651.0, 25408.0, 43697.0, 68393.0, 102584.0, 125859.0, 169563.0, 200904.0], "fn_th sex group 1": [0.0, 0.0, 712.0, 6645.0, 9494.0, 17807.0, 23979.0, 29678.0, 35381.0, 37517.0], "fn_th subgroup 0": [0.0, 0.0, 4988.0, 17100.0, 27785.0, 37759.0, 52248.0, 60797.0, 72435.0, 81694.0], "fn_th subgroup 1": [0.0, 0.0, 712.0, 4983.0, 6646.0, 11633.0, 14480.0, 16379.0, 18281.0, 19467.0], "fn_th subgroup 2": [0.0, 0.0, 1663.0, 8308.0, 15912.0, 30634.0, 50336.0, 65062.0, 97128.0, 119210.0], "fn_th subgroup 3": [0.0, 0.0, 0.0, 1662.0, 2848.0, 6174.0, 9499.0, 13299.0, 17100.0, 18050.0], "fnr": 0.3507201671600342, "fnr race group 0": 0.48036879301071167, "fnr race group 1": 0.257472425699234, "fnr sex group 0": 0.32914796471595764, "fnr sex group 1": 0.4687039256095886, "fnr subgroup 0": 0.4529956579208374, "fnr subgroup 1": 0.5975753664970398, "fnr subgroup 2": 0.2461867332458496, "fnr subgroup 3": 0.3332793414592743, "fp": 76473.0, "fp race group 0": 30165.0, "fp race group 1": 46308.0, "fp sex group 0": 63178.0, "fp sex group 1": 13295.0, "fp subgroup 0": 25891.0, "fp subgroup 1": 4274.0, "fp subgroup 2": 37287.0, "fp subgroup 3": 9021.0, "fp_th": [266220.0, 265982.0, 231544.0, 164093.0, 116360.0, 76473.0, 47022.0, 27306.0, 8310.0, 712.0], "fp_th race group 0": [139167.0, 138929.0, 113516.0, 70535.0, 47501.0, 30165.0, 17339.0, 9500.0, 3087.0, 0.0], "fp_th race group 1": [127053.0, 127053.0, 118028.0, 93558.0, 68859.0, 46308.0, 29683.0, 17806.0, 5223.0, 712.0], "fp_th sex group 0": [203054.0, 202816.0, 176926.0, 128712.0, 91669.0, 63178.0, 39660.0, 23984.0, 8310.0, 712.0], "fp_th sex group 1": [63166.0, 63166.0, 54618.0, 35381.0, 24691.0, 13295.0, 7362.0, 3322.0, 0.0, 0.0], "fp_th subgroup 0": [106873.0, 106635.0, 87395.0, 56048.0, 38715.0, 25891.0, 15201.0, 8551.0, 3087.0, 0.0], "fp_th subgroup 1": [32294.0, 32294.0, 26121.0, 14487.0, 8786.0, 4274.0, 2138.0, 949.0, 0.0, 0.0], "fp_th subgroup 2": [96181.0, 96181.0, 89531.0, 72664.0, 52954.0, 37287.0, 24459.0, 15433.0, 5223.0, 712.0], "fp_th subgroup 3": [30872.0, 30872.0, 28497.0, 20894.0, 15905.0, 9021.0, 5224.0, 2373.0, 0.0, 0.0], "fpr": 0.2872548997402191, "fpr race group 0": 0.2167539745569229, "fpr race group 1": 0.36447781324386597, "fpr sex group 0": 0.31113889813423157, "fpr sex group 1": 0.21047715842723846, "fpr subgroup 0": 0.24225950241088867, "fpr subgroup 1": 0.13234657049179077, "fpr subgroup 2": 0.38767531514167786, "fpr subgroup 3": 0.2922065258026123, "loss": 1.212377667427063, "precision": 0.6760346293449402, "precision race group 0": 0.6391487717628479, "precision race group 1": 0.6962593197822571, "precision sex group 0": 0.6881223320960999, "precision sex group 1": 0.6028972268104553, "precision subgroup 0": 0.6378172039985657, "precision subgroup 1": 0.6470102667808533, "precision subgroup 2": 0.7155553102493286, "precision subgroup 3": 0.5779056549072266, "precision_th": [0.4800390601158142, 0.48026230931282043, 0.5073122978210449, 0.5656847357749939, 0.6233682632446289, 0.6760346293449402, 0.7171421647071838, 0.7677053809165955, 0.8309119939804077, 0.9117829203605652], "precision_th race group 0": [0.42490124702453613, 0.4253195524215698, 0.4610823392868042, 0.533723771572113, 0.5901234745979309, 0.6391487717628479, 0.6754940748214722, 0.7296912670135498, 0.796800971031189, 1.0], "precision_th race group 1": [0.529454231262207, 0.529454231262207, 0.5448628067970276, 0.5870261192321777, 0.6433247923851013, 0.6962593197822571, 0.7368691563606262, 0.7839182615280151, 0.8461742401123047, 0.8889408707618713], "precision_th sex group 0": [0.5057613253593445, 0.5060545206069946, 0.5320197939872742, 0.5862574577331543, 0.6415819525718689, 0.6881223320960999, 0.7262259721755981, 0.7735499739646912, 0.8214247226715088, 0.906266450881958], "precision_th sex group 1": [0.3755708932876587, 0.3755708932876587, 0.40566715598106384, 0.4697728157043457, 0.5357874631881714, 0.6028972268104553, 0.6555789709091187, 0.7145066857337952, 1.0, 1.0], "precision_th subgroup 0": [0.4381817579269409, 0.4387306571006775, 0.4727649986743927, 0.5417245626449585, 0.5893788933753967, 0.6378172039985657, 0.6717342734336853, 0.7251189351081848, 0.7795944809913635, 1.0], "precision_th subgroup 1": [0.3760939836502075, 0.3760939836502075, 0.41792941093444824, 0.4999482333660126, 0.5933725237846375, 0.6470102667808533, 0.6999298334121704, 0.7649244666099548, 1.0, 0.0], "precision_th subgroup 2": [0.5640323758125305, 0.5640323758125305, 0.5782846808433533, 0.6151067614555359, 0.6720626950263977, 0.7155553102493286, 0.7518289089202881, 0.7936902642250061, 0.8394355773925781, 0.8800539374351501], "precision_th subgroup 3": [0.3750227689743042, 0.3750227689743042, 0.3939645290374756, 0.4466191828250885, 0.49639034271240234, 0.5779056549072266, 0.633403480052948, 0.6877220869064331, 1.0, 1.0], "recall": 0.6492798328399658, "recall race group 0": 0.5196312069892883, "recall race group 1": 0.7425276041030884, "recall sex group 0": 0.67085200548172, "recall sex group 1": 0.5312960743904114, "recall subgroup 0": 0.5470043420791626, "recall subgroup 1": 0.4024246037006378, "recall subgroup 2": 0.7538132667541504, "recall subgroup 3": 0.6667206287384033, "recall_th": [1.0, 1.0, 0.9700422883033752, 0.8695866465568542, 0.783582866191864, 0.6492798328399658, 0.48505574464797974, 0.3671698272228241, 0.1661485880613327, 0.029941411688923836], "recall_th race group 0": [1.0, 1.0, 0.9445638656616211, 0.7852286696434021, 0.6651365160942078, 0.5196312069892883, 0.3510275185108185, 0.24941402673721313, 0.11772886663675308, 0.016144562512636185], "recall_th race group 1": [1.0, 1.0, 0.9883673191070557, 0.9302597045898438, 0.8687735795974731, 0.7425276041030884, 0.5814534425735474, 0.4518638253211975, 0.20097370445728302, 0.03986457735300064], "recall_th sex group 0": [1.0, 1.0, 0.9679914116859436, 0.8777215480804443, 0.789703905582428, 0.67085200548172, 0.5063045024871826, 0.39429131150245667, 0.18396154046058655, 0.033129919320344925], "recall_th sex group 1": [1.0, 1.0, 0.9812592267990112, 0.8250947594642639, 0.7501052618026733, 0.5312960743904114, 0.3688408136367798, 0.21883554756641388, 0.06872499734163284, 0.012502632103860378], "recall_th subgroup 0": [1.0, 1.0, 0.9401588439941406, 0.7948508858680725, 0.6666626930236816, 0.5470043420791626, 0.37317946553230286, 0.27061688899993896, 0.130995512008667, 0.019915061071515083], "recall_th subgroup 1": [1.0, 1.0, 0.9634252786636353, 0.7440283298492432, 0.6586017608642578, 0.4024246037006378, 0.2561771273612976, 0.15862742066383362, 0.06092361360788345, 0.0],