{"accuracy": 0.6655468940734863, "accuracy race group 0": 0.6462123990058899, "accuracy race group 1": 0.6828545928001404, "accuracy sex group 0": 0.6592455506324768, "accuracy sex group 1": 0.6913285851478577, "accuracy subgroup 0": 0.6423771381378174, "accuracy subgroup 1": 0.6604361534118652, "auc": 0.7241411209106445, "auc race group 0": 0.7004154920578003, "auc race group 1": 0.7316692471504211, "auc sex group 0": 0.7165983319282532, "auc sex group 1": 0.7358790040016174, "auc subgroup 0": 0.6890382766723633, "auc subgroup 1": 0.7365249395370483, "aucpr": 0.6943279504776001, "fn": 2673.0, "fn race group 0": 1542.0, "fn race group 1": 1131.0, "fn sex group 0": 2163.0, "fn sex group 1": 510.0, "fn subgroup 0": 1208.0, "fn subgroup 1": 334.0, "fn_th": [0.0, 0.0, 117.0, 825.0, 1593.0, 2673.0, 3702.0, 4662.0, 5586.0, 6067.0], "fn_th race group 0": [0.0, 0.0, 106.0, 559.0, 951.0, 1542.0, 1946.0, 2189.0, 2429.0, 2554.0], "fn_th race group 1": [0.0, 0.0, 11.0, 266.0, 642.0, 1131.0, 1756.0, 2473.0, 3157.0, 3513.0], "fn_th sex group 0": [0.0, 0.0, 94.0, 669.0, 1296.0, 2163.0, 3004.0, 3850.0, 4684.0, 5129.0], "fn_th sex group 1": [0.0, 0.0, 23.0, 156.0, 297.0, 510.0, 698.0, 812.0, 902.0, 938.0], "fn_th subgroup 0": [0.0, 0.0, 83.0, 445.0, 765.0, 1208.0, 1535.0, 1760.0, 1964.0, 2071.0], "fn_th subgroup 1": [0.0, 0.0, 23.0, 114.0, 186.0, 334.0, 411.0, 429.0, 465.0, 483.0], "fnr": 0.4354129433631897, "fnr race group 0": 0.6009352803230286, "fnr race group 1": 0.3165407180786133, "fnr sex group 0": 0.41636189818382263, "fnr sex group 1": 0.5402542352676392, "fnr subgroup 0": 0.5799328088760376, "fnr subgroup 1": 0.6915113925933838, "fp": 1608.0, "fp race group 0": 597.0, "fp race group 1": 1011.0, "fp sex group 0": 1342.0, "fp sex group 1": 266.0, "fp subgroup 0": 495.0, "fp subgroup 1": 102.0, "fp_th": [6661.0, 6655.0, 6120.0, 4113.0, 2691.0, 1608.0, 839.0, 371.0, 120.0, 18.0], "fp_th race group 0": [3480.0, 3474.0, 3052.0, 1802.0, 1111.0, 597.0, 274.0, 102.0, 30.0, 6.0], "fp_th race group 1": [3181.0, 3181.0, 3068.0, 2311.0, 1580.0, 1011.0, 565.0, 269.0, 90.0, 12.0], "fp_th sex group 0": [5091.0, 5085.0, 4703.0, 3265.0, 2157.0, 1342.0, 733.0, 342.0, 114.0, 18.0], "fp_th sex group 1": [1570.0, 1570.0, 1417.0, 848.0, 534.0, 266.0, 106.0, 29.0, 6.0, 0.0], "fp_th subgroup 0": [2679.0, 2673.0, 2375.0, 1473.0, 924.0, 495.0, 244.0, 102.0, 30.0, 6.0], "fp_th subgroup 1": [801.0, 801.0, 677.0, 329.0, 187.0, 102.0, 30.0, 0.0, 0.0, 0.0], "fpr": 0.241405189037323, "fpr race group 0": 0.17155171930789948, "fpr race group 1": 0.3178245723247528, "fpr sex group 0": 0.26360243558883667, "fpr sex group 1": 0.16942675411701202, "fpr subgroup 0": 0.18477043509483337, "fpr subgroup 1": 0.12734082341194153, "loss": 0.6141803860664368, "precision": 0.6830902695655823, "precision race group 0": 0.6317088007926941, "precision race group 1": 0.7072111368179321, "precision sex group 0": 0.6931869983673096, "precision sex group 1": 0.6200000047683716, "precision subgroup 0": 0.6386861205101013, "precision subgroup 1": 0.5936254858970642, "precision_th": [0.4796093702316284, 0.47983428835868835, 0.4959644079208374, 0.5637000203132629, 0.628160834312439, 0.6830902695655823, 0.7438949942588806, 0.7992424368858337, 0.8216938972473145, 0.800000011920929], "precision_th race group 0": [0.4244128465652466, 0.4248344302177429, 0.4462989866733551, 0.5269099473953247, 0.5924431681632996, 0.6317088007926941, 0.6935123205184937, 0.7870563864707947, 0.8203592896461487, 0.6666666865348816], "precision_th race group 1": [0.529019832611084, 0.529019832611084, 0.5372549295425415, 0.5886436700820923, 0.6497450470924377, 0.7072111368179321, 0.762804388999939, 0.8035061955451965, 0.8221343755722046, 0.8333333134651184], "precision_th sex group 0": [0.5050554275512695, 0.5053501725196838, 0.5202978253364563, 0.5809267163276672, 0.6438242793083191, 0.6931869983673096, 0.7493159770965576, 0.7972732782363892, 0.8176000118255615, 0.7857142686843872], "precision_th sex group 1": [0.3754972219467163, 0.3754972219467163, 0.3939264416694641, 0.4816626012325287, 0.5478408336639404, 0.6200000047683716, 0.6988636255264282, 0.8198757767677307, 0.875, 1.0], "precision_th subgroup 0": [0.4374212622642517, 0.4379730820655823, 0.4571428596973419, 0.5265188217163086, 0.5878679752349854, 0.6386861205101013, 0.691919207572937, 0.7599999904632568, 0.7986577153205872, 0.6666666865348816], "precision_th subgroup 1": [0.37616822123527527, 0.37616822123527527, 0.4045734405517578, 0.5286533236503601, 0.6136363744735718, 0.5936254858970642, 0.7058823704719543, 1.0, 1.0, 0.0], "recall": 0.5645870566368103, "recall race group 0": 0.39906468987464905, "recall race group 1": 0.6834592819213867, "recall sex group 0": 0.5836381316184998, "recall sex group 1": 0.45974576473236084, "recall subgroup 0": 0.4200672209262848, "recall subgroup 1": 0.3084886074066162, "recall_th": [1.0, 1.0, 0.9809415340423584, 0.8656132817268372, 0.7405114769935608, 0.5645870566368103, 0.3969701826572418, 0.24059292674064636, 0.09007981419563293, 0.01172829419374466], "recall_th race group 0": [1.0, 1.0, 0.9586905837059021, 0.7821512222290039, 0.6293842792510986, 0.39906468987464905, 0.241621196269989, 0.1469212770462036, 0.053390491753816605, 0.004676539450883865], "recall_th race group 1": [1.0, 1.0, 0.9969213604927063, 0.9255527853965759, 0.8203190565109253, 0.6834592819213867, 0.5085362195968628, 0.30786454677581787, 0.11642877012491226, 0.01679261215031147], "recall_th sex group 0": [1.0, 1.0, 0.9819056987762451, 0.8712223172187805, 0.7505293488502502, 0.5836381316184998, 0.4217516779899597, 0.25890278816223145, 0.09836380928754807, 0.012704523280262947], "recall_th sex group 1": [1.0, 1.0, 0.9756355881690979, 0.8347457647323608, 0.6853813529014587, 0.45974576473236084, 0.2605932056903839, 0.13983051478862762, 0.04449152573943138, 0.006355931982398033], "recall_th subgroup 0": [1.0, 1.0, 0.9601536393165588, 0.786365807056427, 0.6327412128448486, 0.4200672209262848, 0.2630820870399475, 0.15506480634212494, 0.0571291409432888, 0.005760921631008387], "recall_th subgroup 1": [1.0, 1.0, 0.9523809552192688, 0.7639751434326172, 0.6149068474769592, 0.3084886074066162, 0.14906832575798035, 0.11180124431848526, 0.03726708143949509, 0.0], "tn": 5053.0, "tn race group 0": 2883.0, "tn race group 1": 2170.0, "tn sex group 0": 3749.0, "tn sex group 1": 1304.0, "tn subgroup 0": 2184.0, "tn subgroup 1": 699.0, "tn_th": [0.0, 6.0, 541.0, 2548.0, 3970.0, 5053.0, 5822.0, 6290.0, 6541.0, 6643.0], "tn_th race group 0": [0.0, 6.0, 428.0, 1678.0, 2369.0, 2883.0, 3206.0, 3378.0, 3450.0, 3474.0], "tn_th race group 1": [0.0, 0.0, 113.0, 870.0, 1601.0, 2170.0, 2616.0, 2912.0, 3091.0, 3169.0], "tn_th sex group 0": [0.0, 6.0, 388.0, 1826.0, 2934.0, 3749.0, 4358.0, 4749.0, 4977.0, 5073.0], "tn_th sex group 1": [0.0, 0.0, 153.0, 722.0, 1036.0, 1304.0, 1464.0, 1541.0, 1564.0, 1570.0], "tn_th subgroup 0": [0.0, 6.0, 304.0, 1206.0, 1755.0, 2184.0, 2435.0, 2577.0, 2649.0, 2673.0], "tn_th subgroup 1": [0.0, 0.0, 124.0, 472.0, 614.0, 699.0, 771.0, 801.0, 801.0, 801.0], "tp": 3466.0, "tp race group 0": 1024.0, "tp race group 1": 2442.0, "tp sex group 0": 3032.0, "tp sex group 1": 434.0, "tp subgroup 0": 875.0, "tp subgroup 1": 149.0, "tp_th": [6139.0, 6139.0, 6022.0, 5314.0, 4546.0, 3466.0, 2437.0, 1477.0, 553.0, 72.0], "tp_th race group 0": [2566.0, 2566.0, 2460.0, 2007.0, 1615.0, 1024.0, 620.0, 377.0, 137.0, 12.0], "tp_th race group 1": [3573.0, 3573.0, 3562.0, 3307.0, 2931.0, 2442.0, 1817.0, 1100.0, 416.0, 60.0], "tp_th sex group 0": [5195.0, 5195.0, 5101.0, 4526.0, 3899.0, 3032.0, 2191.0, 1345.0, 511.0, 66.0], "tp_th sex group 1": [944.0, 944.0, 921.0, 788.0, 647.0, 434.0, 246.0, 132.0, 42.0, 6.0], "tp_th subgroup 0": [2083.0, 2083.0, 2000.0, 1638.0, 1318.0, 875.0, 548.0, 323.0, 119.0, 12.0], "tp_th subgroup 1": [483.0, 483.0, 460.0, 369.0, 297.0, 149.0, 72.0, 54.0, 18.0, 0.0], "global_step": 101.0}