{"accuracy": 0.6818183660507202, "accuracy race group 0": 0.6682975888252258, "accuracy race group 1": 0.6939358115196228, "accuracy sex group 0": 0.6716572046279907, "accuracy sex group 1": 0.7230866551399231, "accuracy subgroup 0": 0.6554011702537537, "accuracy subgroup 1": 0.7156932950019836, "accuracy subgroup 2": 0.6856741309165955, "accuracy subgroup 3": 0.7308338284492493, "auc": 0.7331337332725525, "auc race group 0": 0.7108368277549744, "auc race group 1": 0.7424927949905396, "auc sex group 0": 0.7274762392044067, "auc sex group 1": 0.7352520227432251, "auc subgroup 0": 0.6993045806884766, "auc subgroup 1": 0.7446183562278748, "auc subgroup 2": 0.7362249493598938, "auc subgroup 3": 0.7395601868629456, "aucpr": 0.7171726822853088, "fn": 88811.0, "fn race group 0": 51054.0, "fn race group 1": 37757.0, "fn sex group 0": 71958.0, "fn sex group 1": 16853.0, "fn subgroup 0": 39899.0, "fn subgroup 1": 11155.0, "fn subgroup 2": 32059.0, "fn subgroup 3": 5698.0, "fn_th": [0.0, 0.0, 7602.0, 30865.0, 52237.0, 88811.0, 129414.0, 158860.0, 204708.0, 238897.0], "fn_th race group 0": [0.0, 0.0, 6177.0, 20184.0, 32295.0, 51054.0, 68151.0, 78126.0, 92141.0, 100924.0], "fn_th race group 1": [0.0, 0.0, 1425.0, 10681.0, 19942.0, 37757.0, 61263.0, 80734.0, 112567.0, 137973.0], "fn_th sex group 0": [0.0, 0.0, 6177.0, 24219.0, 42981.0, 71958.0, 104486.0, 128943.0, 169565.0, 201617.0], "fn_th sex group 1": [0.0, 0.0, 1425.0, 6646.0, 9256.0, 16853.0, 24928.0, 29917.0, 35143.0, 37280.0], "fn_th subgroup 0": [0.0, 0.0, 4752.0, 15437.0, 26124.0, 39899.0, 53435.0, 61746.0, 73860.0, 81694.0], "fn_th subgroup 1": [0.0, 0.0, 1425.0, 4747.0, 6171.0, 11155.0, 14716.0, 16380.0, 18281.0, 19230.0], "fn_th subgroup 2": [0.0, 0.0, 1425.0, 8782.0, 16857.0, 32059.0, 51051.0, 67197.0, 95705.0, 119923.0], "fn_th subgroup 3": [0.0, 0.0, 0.0, 1899.0, 3085.0, 5698.0, 10212.0, 13537.0, 16862.0, 18050.0], "fnr": 0.36134347319602966, "fnr race group 0": 0.4965327978134155, "fnr race group 1": 0.2641106843948364, "fnr sex group 0": 0.34630489349365234, "fnr sex group 1": 0.4435933828353882, "fnr subgroup 0": 0.47866928577423096, "fnr subgroup 1": 0.5730209946632385, "fnr subgroup 2": 0.2576385736465454, "fnr subgroup 3": 0.30758434534072876, "fp": 74098.0, "fp race group 0": 29214.0, "fp race group 1": 44884.0, "fp sex group 0": 62939.0, "fp sex group 1": 11159.0, "fp subgroup 0": 25653.0, "fp subgroup 1": 3561.0, "fp subgroup 2": 37286.0, "fp subgroup 3": 7598.0, "fp_th": [266220.0, 265982.0, 233688.0, 161482.0, 113752.0, 74098.0, 44882.0, 23983.0, 7359.0, 949.0], "fp_th race group 0": [139167.0, 138929.0, 115423.0, 69821.0, 46311.0, 29214.0, 17103.0, 8313.0, 2613.0, 237.0], "fp_th race group 1": [127053.0, 127053.0, 118265.0, 91661.0, 67441.0, 44884.0, 27779.0, 15670.0, 4746.0, 712.0], "fp_th sex group 0": [203054.0, 202816.0, 178119.0, 128003.0, 92385.0, 62939.0, 38472.0, 20897.0, 7122.0, 949.0], "fp_th sex group 1": [63166.0, 63166.0, 55569.0, 33479.0, 21367.0, 11159.0, 6410.0, 3086.0, 237.0, 0.0], "fp_th subgroup 0": [106873.0, 106635.0, 88588.0, 56998.0, 38952.0, 25653.0, 15204.0, 7601.0, 2613.0, 237.0], "fp_th subgroup 1": [32294.0, 32294.0, 26835.0, 12823.0, 7359.0, 3561.0, 1899.0, 712.0, 0.0, 0.0], "fp_th subgroup 2": [96181.0, 96181.0, 89531.0, 71005.0, 53433.0, 37286.0, 23268.0, 13296.0, 4509.0, 712.0], "fp_th subgroup 3": [30872.0, 30872.0, 28734.0, 20656.0, 14008.0, 7598.0, 4511.0, 2374.0, 237.0, 0.0], "fpr": 0.27833372354507446, "fpr race group 0": 0.20992045104503632, "fpr race group 1": 0.35326990485191345, "fpr sex group 0": 0.30996188521385193, "fpr sex group 1": 0.17666149139404297, "fpr subgroup 0": 0.24003256857395172, "fpr subgroup 1": 0.11026816070079803, "fpr subgroup 2": 0.38766491413116455, "fpr subgroup 3": 0.24611298739910126, "loss": 1.2118312120437622, "precision": 0.6793224215507507, "precision race group 0": 0.6392487287521362, "precision race group 1": 0.7009447813034058, "precision sex group 0": 0.6833560466766357, "precision sex group 1": 0.6544987559318542, "precision subgroup 0": 0.6287984251976013, "precision subgroup 1": 0.7000758051872253, "precision subgroup 2": 0.712434709072113, "precision subgroup 3": 0.6280049085617065, "precision_th": [0.4800390601158142, 0.48026230931282043, 0.5047577023506165, 0.5709795951843262, 0.6298280358314514, 0.6793224215507507, 0.7216585874557495, 0.7837479710578918, 0.8480518460273743, 0.8788304328918457], "precision_th race group 0": [0.42490124702453613, 0.4253195524215698, 0.45572391152381897, 0.5420312285423279, 0.6036272644996643, 0.6392487287521362, 0.6696540713310242, 0.748151957988739, 0.8034303784370422, 0.8889409303665161], "precision_th race group 1": [0.529454231262207, 0.529454231262207, 0.5447826981544495, 0.59068763256073, 0.6459009051322937, 0.7009447813034058, 0.7462525963783264, 0.7988317608833313, 0.8649325370788574, 0.8750438690185547], "precision_th sex group 0": [0.5057613253593445, 0.5060545206069946, 0.5309324860572815, 0.5891703963279724, 0.6407936215400696, 0.6833560466766357, 0.7286385297775269, 0.7904894351959229, 0.8429374694824219, 0.8667134642601013], "precision_th sex group 1": [0.3755708932876587, 0.3755708932876587, 0.3968806862831116, 0.48354801535606384, 0.5735384821891785, 0.6544987559318542, 0.6708431839942932, 0.7235015034675598, 0.9232015609741211, 1.0], "precision_th subgroup 0": [0.4381817579269409, 0.4387306571006775, 0.47013577818870544, 0.5437057018280029, 0.5950177907943726, 0.6287984251976013, 0.663054347038269, 0.7397719621658325, 0.7841744422912598, 0.8750659227371216], "precision_th subgroup 1": [0.3760939836502075, 0.3760939836502075, 0.4020322263240814, 0.5344370603561401, 0.6437182426452637, 0.7000758051872253, 0.7144361138343811, 0.81258225440979, 1.0, 1.0], "precision_th subgroup 2": [0.5640323758125305, 0.5640323758125305, 0.5787569284439087, 0.6195963621139526, 0.6681386232376099, 0.712434709072113, 0.7592575550079346, 0.8114925026893616, 0.8643420338630676, 0.8636798858642578], "precision_th subgroup 3": [0.3750227689743042, 0.3750227689743042, 0.3919888138771057, 0.44595247507095337, 0.5243140459060669, 0.6280049085617065, 0.6482377052307129, 0.6775332689285278, 0.8752631545066833, 1.0], "recall": 0.638656497001648, "recall race group 0": 0.5034672021865845, "recall race group 1": 0.7358893156051636, "recall sex group 0": 0.6536951065063477, "recall sex group 1": 0.5564066171646118, "recall subgroup 0": 0.521330714225769, "recall subgroup 1": 0.4269789755344391, "recall subgroup 2": 0.7423614263534546, "recall subgroup 3": 0.6924156546592712, "recall_th": [1.0, 1.0, 0.9690698981285095, 0.8744202256202698, 0.7874643802642822, 0.638656497001648, 0.47345593571662903, 0.3536496162414551, 0.16710878908634186, 0.02800471894443035], "recall_th race group 0": [1.0, 1.0, 0.9399247169494629, 0.8036977052688599, 0.6859104633331299, 0.5034672021865845, 0.33718791604042053, 0.24017466604709625, 0.10386983305215836, 0.018449539318680763], "recall_th race group 1": [1.0, 1.0, 0.9900321364402771, 0.9252862930297852, 0.8605054616928101, 0.7358893156051636, 0.5714645385742188, 0.4352646470069885, 0.21259242296218872, 0.03487713262438774], "recall_th sex group 0": [1.0, 1.0, 0.9702726006507874, 0.8834437131881714, 0.7931497693061829, 0.6536951065063477, 0.4971509277820587, 0.3794492483139038, 0.18395191431045532, 0.029698539525270462], "recall_th sex group 1": [1.0, 1.0, 0.9624921083450317, 0.8250684142112732, 0.7563697695732117, 0.5564066171646118, 0.3438618779182434, 0.2125447392463684, 0.07498946785926819, 0.018740788102149963], "recall_th subgroup 0": [1.0, 1.0, 0.9429901242256165, 0.8148019313812256, 0.6865897178649902, 0.521330714225769, 0.358938992023468, 0.25923171639442444, 0.11389975249767303, 0.019915061071515083], "recall_th subgroup 1": [1.0, 1.0, 0.9267991781234741, 0.7561514377593994, 0.6830019950866699, 0.4269789755344391, 0.24405403435230255, 0.15857605636119843, 0.06092361360788345, 0.012174448929727077],