{"accuracy": 0.6685937643051147, "accuracy race group 0": 0.6491895318031311, "accuracy race group 1": 0.6859638690948486, "accuracy sex group 0": 0.6592455506324768, "accuracy sex group 1": 0.7068417072296143, "accuracy subgroup 0": 0.6383872032165527, "accuracy subgroup 1": 0.6892523169517517, "auc": 0.7240540385246277, "auc race group 0": 0.6970351338386536, "auc race group 1": 0.7360677719116211, "auc sex group 0": 0.7167033553123474, "auc sex group 1": 0.7351927161216736, "auc subgroup 0": 0.682604193687439, "auc subgroup 1": 0.7471134662628174, "aucpr": 0.6987035274505615, "fn": 2627.0, "fn race group 0": 1496.0, "fn race group 1": 1131.0, "fn sex group 0": 2153.0, "fn sex group 1": 474.0, "fn subgroup 0": 1180.0, "fn subgroup 1": 316.0, "fn_th": [0.0, 0.0, 24.0, 772.0, 1556.0, 2627.0, 3791.0, 4740.0, 5469.0, 5931.0], "fn_th race group 0": [0.0, 0.0, 24.0, 524.0, 938.0, 1496.0, 1910.0, 2207.0, 2429.0, 2531.0], "fn_th race group 1": [0.0, 0.0, 0.0, 248.0, 618.0, 1131.0, 1881.0, 2533.0, 3040.0, 3400.0], "fn_th sex group 0": [0.0, 0.0, 24.0, 621.0, 1271.0, 2153.0, 3087.0, 3934.0, 4579.0, 5005.0], "fn_th sex group 1": [0.0, 0.0, 0.0, 151.0, 285.0, 474.0, 704.0, 806.0, 890.0, 926.0], "fn_th subgroup 0": [0.0, 0.0, 24.0, 409.0, 752.0, 1180.0, 1511.0, 1778.0, 1964.0, 2048.0], "fn_th subgroup 1": [0.0, 0.0, 0.0, 115.0, 186.0, 316.0, 399.0, 429.0, 465.0, 483.0], "fnr": 0.427919864654541, "fnr race group 0": 0.5830085873603821, "fnr race group 1": 0.3165407180786133, "fnr sex group 0": 0.4144369661808014, "fnr sex group 1": 0.5021186470985413, "fnr subgroup 0": 0.566490650177002, "fnr subgroup 1": 0.6542443037033081, "fp": 1615.0, "fp race group 0": 625.0, "fp race group 1": 990.0, "fp sex group 0": 1352.0, "fp sex group 1": 263.0, "fp subgroup 0": 542.0, "fp subgroup 1": 83.0, "fp_th": [6661.0, 6661.0, 6425.0, 4234.0, 2750.0, 1615.0, 761.0, 335.0, 144.0, 36.0], "fp_th race group 0": [3480.0, 3480.0, 3279.0, 1876.0, 1128.0, 625.0, 268.0, 102.0, 42.0, 12.0], "fp_th race group 1": [3181.0, 3181.0, 3146.0, 2358.0, 1622.0, 990.0, 493.0, 233.0, 102.0, 24.0], "fp_th sex group 0": [5091.0, 5091.0, 4925.0, 3358.0, 2193.0, 1352.0, 667.0, 312.0, 138.0, 36.0], "fp_th sex group 1": [1570.0, 1570.0, 1500.0, 876.0, 557.0, 263.0, 94.0, 23.0, 6.0, 0.0], "fp_th subgroup 0": [2679.0, 2679.0, 2525.0, 1536.0, 930.0, 542.0, 244.0, 102.0, 42.0, 12.0], "fp_th subgroup 1": [801.0, 801.0, 754.0, 340.0, 198.0, 83.0, 24.0, 0.0, 0.0, 0.0], "fpr": 0.2424560934305191, "fpr race group 0": 0.17959770560264587, "fpr race group 1": 0.3112228810787201, "fpr sex group 0": 0.2655666768550873, "fpr sex group 1": 0.16751591861248016, "fpr subgroup 0": 0.20231430232524872, "fpr subgroup 1": 0.10362047702074051, "loss": 0.6141847372055054, "precision": 0.6850009560585022, "precision race group 0": 0.6312684416770935, "precision race group 1": 0.7115384340286255, "precision sex group 0": 0.692307710647583, "precision sex group 1": 0.6412005424499512, "precision subgroup 0": 0.6249135136604309, "precision subgroup 1": 0.6679999828338623, "precision_th": [0.4796093702316284, 0.4796093702316284, 0.48763954639434814, 0.5590042471885681, 0.6249829530715942, 0.6850009560585022, 0.755226731300354, 0.8068050742149353, 0.8230957984924316, 0.8524590134620667], "precision_th race group 0": [0.4244128465652466, 0.4244128465652466, 0.4366947114467621, 0.5211842656135559, 0.5907111763954163, 0.6312684416770935, 0.709956705570221, 0.7787418365478516, 0.7653631567955017, 0.7446808218955994], "precision_th race group 1": [0.529019832611084, 0.529019832611084, 0.5317755341529846, 0.5850782990455627, 0.6456193923950195, 0.7115384340286255, 0.7743707299232483, 0.816967785358429, 0.83937007188797, 0.8781725764274597], "precision_th sex group 0": [0.5050554275512695, 0.5050554275512695, 0.5121830701828003, 0.5766515135765076, 0.6414909362792969, 0.692307710647583, 0.7596396207809448, 0.8016529083251953, 0.8169761300086975, 0.8407079577445984], "precision_th sex group 1": [0.3754972219467163, 0.3754972219467163, 0.3862520456314087, 0.47513481974601746, 0.5419408082962036, 0.6412005424499512, 0.71856290102005, 0.8571428656578064, 0.8999999761581421, 1.0], "precision_th subgroup 0": [0.4374212622642517, 0.4374212622642517, 0.4491710364818573, 0.5214953422546387, 0.5886775851249695, 0.6249135136604309, 0.7009803652763367, 0.7493857741355896, 0.739130437374115, 0.7446808218955994], "precision_th subgroup 1": [0.37616822123527527, 0.37616822123527527, 0.3904607892036438, 0.5197740197181702, 0.6000000238418579, 0.6679999828338623, 0.7777777910232544, 1.0, 1.0, 0.0], "recall": 0.572080135345459, "recall race group 0": 0.4169914126396179, "recall race group 1": 0.6834592819213867, "recall sex group 0": 0.585563063621521, "recall sex group 1": 0.49788135290145874, "recall subgroup 0": 0.43350934982299805, "recall subgroup 1": 0.3457556962966919, "recall_th": [1.0, 1.0, 0.9960905909538269, 0.8742465972900391, 0.746538519859314, 0.572080135345459, 0.3824727237224579, 0.22788727283477783, 0.10913829505443573, 0.033881738781929016], "recall_th race group 0": [1.0, 1.0, 0.9906468987464905, 0.7957910895347595, 0.6344504952430725, 0.4169914126396179, 0.2556508183479309, 0.13990646600723267, 0.053390491753816605, 0.013639906421303749], "recall_th race group 1": [1.0, 1.0, 1.0, 0.9305905103683472, 0.8270360827445984, 0.6834592819213867, 0.4735516309738159, 0.29107192158699036, 0.14917436242103577, 0.04841869696974754], "recall_th sex group 0": [1.0, 1.0, 0.995380163192749, 0.8804619908332825, 0.755341649055481, 0.585563063621521, 0.4057747721672058, 0.2427334040403366, 0.1185755506157875, 0.0365736298263073], "recall_th sex group 1": [1.0, 1.0, 1.0, 0.8400423526763916, 0.6980932354927063, 0.49788135290145874, 0.2542372941970825, 0.1461864411830902, 0.05720338970422745, 0.0190677959471941], "recall_th subgroup 0": [1.0, 1.0, 0.9884781837463379, 0.8036485910415649, 0.6389822363853455, 0.43350934982299805, 0.274603933095932, 0.14642342925071716, 0.0571291409432888, 0.01680268906056881], "recall_th subgroup 1": [1.0, 1.0, 1.0, 0.761904776096344, 0.6149068474769592, 0.3457556962966919, 0.17391304671764374, 0.11180124431848526, 0.03726708143949509, 0.0], "tn": 5046.0, "tn race group 0": 2855.0, "tn race group 1": 2191.0, "tn sex group 0": 3739.0, "tn sex group 1": 1307.0, "tn subgroup 0": 2137.0, "tn subgroup 1": 718.0, "tn_th": [0.0, 0.0, 236.0, 2427.0, 3911.0, 5046.0, 5900.0, 6326.0, 6517.0, 6625.0], "tn_th race group 0": [0.0, 0.0, 201.0, 1604.0, 2352.0, 2855.0, 3212.0, 3378.0, 3438.0, 3468.0], "tn_th race group 1": [0.0, 0.0, 35.0, 823.0, 1559.0, 2191.0, 2688.0, 2948.0, 3079.0, 3157.0], "tn_th sex group 0": [0.0, 0.0, 166.0, 1733.0, 2898.0, 3739.0, 4424.0, 4779.0, 4953.0, 5055.0], "tn_th sex group 1": [0.0, 0.0, 70.0, 694.0, 1013.0, 1307.0, 1476.0, 1547.0, 1564.0, 1570.0], "tn_th subgroup 0": [0.0, 0.0, 154.0, 1143.0, 1749.0, 2137.0, 2435.0, 2577.0, 2637.0, 2667.0], "tn_th subgroup 1": [0.0, 0.0, 47.0, 461.0, 603.0, 718.0, 777.0, 801.0, 801.0, 801.0], "tp": 3512.0, "tp race group 0": 1070.0, "tp race group 1": 2442.0, "tp sex group 0": 3042.0, "tp sex group 1": 470.0, "tp subgroup 0": 903.0, "tp subgroup 1": 167.0, "tp_th": [6139.0, 6139.0, 6115.0, 5367.0, 4583.0, 3512.0, 2348.0, 1399.0, 670.0, 208.0], "tp_th race group 0": [2566.0, 2566.0, 2542.0, 2042.0, 1628.0, 1070.0, 656.0, 359.0, 137.0, 35.0], "tp_th race group 1": [3573.0, 3573.0, 3573.0, 3325.0, 2955.0, 2442.0, 1692.0, 1040.0, 533.0, 173.0], "tp_th sex group 0": [5195.0, 5195.0, 5171.0, 4574.0, 3924.0, 3042.0, 2108.0, 1261.0, 616.0, 190.0], "tp_th sex group 1": [944.0, 944.0, 944.0, 793.0, 659.0, 470.0, 240.0, 138.0, 54.0, 18.0], "tp_th subgroup 0": [2083.0, 2083.0, 2059.0, 1674.0, 1331.0, 903.0, 572.0, 305.0, 119.0, 35.0], "tp_th subgroup 1": [483.0, 483.0, 483.0, 368.0, 297.0, 167.0, 84.0, 54.0, 18.0, 0.0], "global_step": 102.0}