{"accuracy": 0.6668750047683716, "accuracy race group 0": 0.6472047567367554, "accuracy race group 1": 0.6844832897186279, "accuracy sex group 0": 0.6603149771690369, "accuracy sex group 1": 0.6937152147293091, "accuracy subgroup 0": 0.6373372673988342, "accuracy subgroup 1": 0.6838006377220154, "auc": 0.7275088429450989, "auc race group 0": 0.7040297985076904, "auc race group 1": 0.7365434765815735, "auc sex group 0": 0.7213259935379028, "auc sex group 1": 0.7336490154266357, "auc subgroup 0": 0.6939949989318848, "auc subgroup 1": 0.7361579537391663, "aucpr": 0.7023651003837585, "fn": 2667.0, "fn race group 0": 1524.0, "fn race group 1": 1143.0, "fn sex group 0": 2169.0, "fn sex group 1": 498.0, "fn subgroup 0": 1208.0, "fn subgroup 1": 316.0, "fn_th": [0.0, 0.0, 30.0, 814.0, 1534.0, 2667.0, 3665.0, 4671.0, 5497.0, 6001.0], "fn_th race group 0": [0.0, 0.0, 30.0, 531.0, 922.0, 1524.0, 1893.0, 2185.0, 2435.0, 2542.0], "fn_th race group 1": [0.0, 0.0, 0.0, 283.0, 612.0, 1143.0, 1772.0, 2486.0, 3062.0, 3459.0], "fn_th sex group 0": [0.0, 0.0, 24.0, 657.0, 1261.0, 2169.0, 2972.0, 3865.0, 4613.0, 5063.0], "fn_th sex group 1": [0.0, 0.0, 6.0, 157.0, 273.0, 498.0, 693.0, 806.0, 884.0, 938.0], "fn_th subgroup 0": [0.0, 0.0, 24.0, 416.0, 742.0, 1208.0, 1493.0, 1750.0, 1970.0, 2059.0], "fn_th subgroup 1": [0.0, 0.0, 6.0, 115.0, 180.0, 316.0, 400.0, 435.0, 465.0, 483.0], "fnr": 0.43443557620048523, "fnr race group 0": 0.5939204692840576, "fnr race group 1": 0.31989923119544983, "fnr sex group 0": 0.4175168573856354, "fnr sex group 1": 0.5275423526763916, "fnr subgroup 0": 0.5799328088760376, "fnr subgroup 1": 0.6542443037033081, "fp": 1597.0, "fp race group 0": 609.0, "fp race group 1": 988.0, "fp sex group 0": 1325.0, "fp sex group 1": 272.0, "fp subgroup 0": 519.0, "fp subgroup 1": 90.0, "fp_th": [6661.0, 6661.0, 6330.0, 4254.0, 2721.0, 1597.0, 821.0, 341.0, 150.0, 36.0], "fp_th race group 0": [3480.0, 3480.0, 3207.0, 1837.0, 1099.0, 609.0, 286.0, 90.0, 36.0, 12.0], "fp_th race group 1": [3181.0, 3181.0, 3123.0, 2417.0, 1622.0, 988.0, 535.0, 251.0, 114.0, 24.0], "fp_th sex group 0": [5091.0, 5091.0, 4854.0, 3354.0, 2163.0, 1325.0, 703.0, 318.0, 144.0, 36.0], "fp_th sex group 1": [1570.0, 1570.0, 1476.0, 900.0, 558.0, 272.0, 118.0, 23.0, 6.0, 0.0], "fp_th subgroup 0": [2679.0, 2679.0, 2477.0, 1503.0, 906.0, 519.0, 250.0, 90.0, 36.0, 12.0], "fp_th subgroup 1": [801.0, 801.0, 730.0, 334.0, 193.0, 90.0, 36.0, 0.0, 0.0, 0.0], "fpr": 0.23975379765033722, "fpr race group 0": 0.17499999701976776, "fpr race group 1": 0.3105941414833069, "fpr sex group 0": 0.26026320457458496, "fpr sex group 1": 0.17324841022491455, "fpr subgroup 0": 0.1937289983034134, "fpr subgroup 1": 0.11235955357551575, "loss": 0.610729992389679, "precision": 0.6849477291107178, "precision race group 0": 0.6311326622962952, "precision race group 1": 0.7109420895576477, "precision sex group 0": 0.6954723000526428, "precision sex group 1": 0.621169924736023, "precision subgroup 0": 0.6276900768280029, "precision subgroup 1": 0.6498054265975952, "precision_th": [0.4796093702316284, 0.4796093702316284, 0.49111664295196533, 0.5559035539627075, 0.6285831332206726, 0.6849477291107178, 0.750834584236145, 0.8114980459213257, 0.810606062412262, 0.7931034564971924], "precision_th race group 0": [0.4244128465652466, 0.4244128465652466, 0.44158104062080383, 0.5255681872367859, 0.5993437767028809, 0.6311326622962952, 0.7017726898193359, 0.808917224407196, 0.7844311594963074, 0.6666666865348816], "precision_th race group 1": [0.529019832611084, 0.529019832611084, 0.5336021780967712, 0.5764850378036499, 0.6460833549499512, 0.7109420895576477, 0.7709760069847107, 0.812406599521637, 0.8176000118255615, 0.8260869383811951], "precision_th sex group 0": [0.5050554275512695, 0.5050554275512695, 0.515810489654541, 0.5750126838684082, 0.6452353596687317, 0.6954723000526428, 0.7597402334213257, 0.8070388436317444, 0.8016529083251953, 0.7857142686843872], "precision_th sex group 1": [0.3754972219467163, 0.3754972219467163, 0.3885667026042938, 0.4665085971355438, 0.5459723472595215, 0.621169924736023, 0.6802167892456055, 0.8571428656578064, 0.9090909361839294, 1.0], "precision_th subgroup 0": [0.4374212622642517, 0.4374212622642517, 0.45392414927482605, 0.5258675217628479, 0.5967957377433777, 0.6276900768280029, 0.7023809552192688, 0.7872340679168701, 0.7583892345428467, 0.6666666865348816], "precision_th subgroup 1": [0.37616822123527527, 0.37616822123527527, 0.3951947093009949, 0.5242165327072144, 0.6108871102333069, 0.6498054265975952, 0.6974790096282959, 1.0, 1.0, 0.0], "recall": 0.5655644536018372, "recall race group 0": 0.40607950091362, "recall race group 1": 0.6801007390022278, "recall sex group 0": 0.582483172416687, "recall sex group 1": 0.472457617521286, "recall subgroup 0": 0.4200672209262848, "recall subgroup 1": 0.3457556962966919, "recall_th": [1.0, 1.0, 0.9951131939888, 0.867405116558075, 0.7501221895217896, 0.5655644536018372, 0.402997225522995, 0.23912689089775085, 0.10457729548215866, 0.022479230538010597], "recall_th race group 0": [1.0, 1.0, 0.9883086681365967, 0.7930631041526794, 0.6406859159469604, 0.40607950091362, 0.26227590441703796, 0.1484801173210144, 0.05105222016572952, 0.00935307890176773], "recall_th race group 1": [1.0, 1.0, 1.0, 0.9207948446273804, 0.8287153840065002, 0.6801007390022278, 0.5040582418441772, 0.3042261302471161, 0.14301706850528717, 0.03190596029162407], "recall_th sex group 0": [1.0, 1.0, 0.995380163192749, 0.873532235622406, 0.7572665810585022, 0.582483172416687, 0.4279114603996277, 0.2560153901576996, 0.11203079670667648, 0.025409046560525894], "recall_th sex group 1": [1.0, 1.0, 0.9936440587043762, 0.8336864113807678, 0.7108050584793091, 0.472457617521286, 0.26588982343673706, 0.1461864411830902, 0.06355932354927063, 0.006355931982398033], "recall_th subgroup 0": [1.0, 1.0, 0.9884781837463379, 0.8002880215644836, 0.6437830328941345, 0.4200672209262848, 0.283245325088501, 0.1598655730485916, 0.05424867942929268, 0.011521843262016773], "recall_th subgroup 1": [1.0, 1.0, 0.9875776171684265, 0.761904776096344, 0.6273291707038879, 0.3457556962966919, 0.17184264957904816, 0.09937888383865356, 0.03726708143949509, 0.0], "tn": 5064.0, "tn race group 0": 2871.0, "tn race group 1": 2193.0, "tn sex group 0": 3766.0, "tn sex group 1": 1298.0, "tn subgroup 0": 2160.0, "tn subgroup 1": 711.0, "tn_th": [0.0, 0.0, 331.0, 2407.0, 3940.0, 5064.0, 5840.0, 6320.0, 6511.0, 6625.0], "tn_th race group 0": [0.0, 0.0, 273.0, 1643.0, 2381.0, 2871.0, 3194.0, 3390.0, 3444.0, 3468.0], "tn_th race group 1": [0.0, 0.0, 58.0, 764.0, 1559.0, 2193.0, 2646.0, 2930.0, 3067.0, 3157.0], "tn_th sex group 0": [0.0, 0.0, 237.0, 1737.0, 2928.0, 3766.0, 4388.0, 4773.0, 4947.0, 5055.0], "tn_th sex group 1": [0.0, 0.0, 94.0, 670.0, 1012.0, 1298.0, 1452.0, 1547.0, 1564.0, 1570.0], "tn_th subgroup 0": [0.0, 0.0, 202.0, 1176.0, 1773.0, 2160.0, 2429.0, 2589.0, 2643.0, 2667.0], "tn_th subgroup 1": [0.0, 0.0, 71.0, 467.0, 608.0, 711.0, 765.0, 801.0, 801.0, 801.0], "tp": 3472.0, "tp race group 0": 1042.0, "tp race group 1": 2430.0, "tp sex group 0": 3026.0, "tp sex group 1": 446.0, "tp subgroup 0": 875.0, "tp subgroup 1": 167.0, "tp_th": [6139.0, 6139.0, 6109.0, 5325.0, 4605.0, 3472.0, 2474.0, 1468.0, 642.0, 138.0], "tp_th race group 0": [2566.0, 2566.0, 2536.0, 2035.0, 1644.0, 1042.0, 673.0, 381.0, 131.0, 24.0], "tp_th race group 1": [3573.0, 3573.0, 3573.0, 3290.0, 2961.0, 2430.0, 1801.0, 1087.0, 511.0, 114.0], "tp_th sex group 0": [5195.0, 5195.0, 5171.0, 4538.0, 3934.0, 3026.0, 2223.0, 1330.0, 582.0, 132.0], "tp_th sex group 1": [944.0, 944.0, 938.0, 787.0, 671.0, 446.0, 251.0, 138.0, 60.0, 6.0], "tp_th subgroup 0": [2083.0, 2083.0, 2059.0, 1667.0, 1341.0, 875.0, 590.0, 333.0, 113.0, 24.0], "tp_th subgroup 1": [483.0, 483.0, 477.0, 368.0, 303.0, 167.0, 83.0, 48.0, 18.0, 0.0], "global_step": 102.0}