{"accuracy": 0.6725566387176514, "accuracy race group 0": 0.6535778641700745, "accuracy race group 1": 0.6895656585693359, "accuracy sex group 0": 0.6606943607330322, "accuracy sex group 1": 0.7207338809967041, "accuracy subgroup 0": 0.6391889452934265, "accuracy subgroup 1": 0.7064585089683533, "accuracy subgroup 2": 0.6792376041412354, "accuracy subgroup 3": 0.7356924414634705, "auc": 0.7299115061759949, "auc race group 0": 0.7012186050415039, "auc race group 1": 0.7444069981575012, "auc sex group 0": 0.7238519787788391, "auc sex group 1": 0.7344182729721069, "auc subgroup 0": 0.6858051419258118, "auc subgroup 1": 0.7522107362747192, "auc subgroup 2": 0.7393017411231995, "auc subgroup 3": 0.7338569760322571, "aucpr": 0.7130556702613831, "fn": 95456.0, "fn race group 0": 54854.0, "fn race group 1": 40602.0, "fn sex group 0": 77889.0, "fn sex group 1": 17567.0, "fn subgroup 0": 42984.0, "fn subgroup 1": 11870.0, "fn subgroup 2": 34905.0, "fn subgroup 3": 5697.0, "fn_th": [0.0, 0.0, 7598.0, 35616.0, 57702.0, 95456.0, 134165.0, 165038.0, 212306.0, 238899.0], "fn_th race group 0": [0.0, 0.0, 5225.0, 23270.0, 36332.0, 54854.0, 70762.0, 80025.0, 95227.0, 100924.0], "fn_th race group 1": [0.0, 0.0, 2373.0, 12346.0, 21370.0, 40602.0, 63403.0, 85013.0, 117079.0, 137975.0], "fn_th sex group 0": [0.0, 0.0, 6885.0, 28258.0, 47023.0, 77889.0, 109000.0, 134409.0, 177164.0, 201619.0], "fn_th sex group 1": [0.0, 0.0, 713.0, 7358.0, 10679.0, 17567.0, 25165.0, 30629.0, 35142.0, 37280.0], "fn_th subgroup 0": [0.0, 0.0, 4750.0, 18286.0, 29450.0, 42984.0, 55333.0, 63171.0, 76946.0, 81457.0], "fn_th subgroup 1": [0.0, 0.0, 475.0, 4984.0, 6882.0, 11870.0, 15429.0, 16854.0, 18281.0, 19467.0], "fn_th subgroup 2": [0.0, 0.0, 2135.0, 9972.0, 17573.0, 34905.0, 53667.0, 71238.0, 100218.0, 120162.0], "fn_th subgroup 3": [0.0, 0.0, 238.0, 2374.0, 3797.0, 5697.0, 9736.0, 13775.0, 16861.0, 17813.0], "fnr": 0.388379842042923, "fnr race group 0": 0.5334902405738831, "fnr race group 1": 0.28401151299476624, "fnr sex group 0": 0.3748483955860138, "fnr sex group 1": 0.462386816740036, "fnr subgroup 0": 0.5156801342964172, "fnr subgroup 1": 0.6097498536109924, "fnr subgroup 2": 0.28051015734672546, "fnr subgroup 3": 0.30753037333488464, "fp": 72195.0, "fp race group 0": 28976.0, "fp race group 1": 43219.0, "fp sex group 0": 61512.0, "fp sex group 1": 10683.0, "fp subgroup 0": 25652.0, "fp subgroup 1": 3324.0, "fp subgroup 2": 35860.0, "fp subgroup 3": 7359.0, "fp_th": [266220.0, 265983.0, 230593.0, 156969.0, 111856.0, 72195.0, 40841.0, 23504.0, 5698.0, 950.0], "fp_th race group 0": [139167.0, 138930.0, 113276.0, 67445.0, 45130.0, 28976.0, 14011.0, 7838.0, 1187.0, 0.0], "fp_th race group 1": [127053.0, 127053.0, 117317.0, 89524.0, 66726.0, 43219.0, 26830.0, 15666.0, 4511.0, 950.0], "fp_th sex group 0": [203054.0, 202817.0, 177162.0, 123253.0, 87401.0, 61512.0, 35382.0, 20420.0, 5461.0, 950.0], "fp_th sex group 1": [63166.0, 63166.0, 53431.0, 33716.0, 24455.0, 10683.0, 5459.0, 3084.0, 237.0, 0.0], "fp_th subgroup 0": [106873.0, 106636.0, 88579.0, 54622.0, 36344.0, 25652.0, 13300.0, 7127.0, 1187.0, 0.0], "fp_th subgroup 1": [32294.0, 32294.0, 24697.0, 12823.0, 8786.0, 3324.0, 711.0, 711.0, 0.0, 0.0], "fp_th subgroup 2": [96181.0, 96181.0, 88583.0, 68631.0, 51057.0, 35860.0, 22082.0, 13293.0, 4274.0, 950.0], "fp_th subgroup 3": [30872.0, 30872.0, 28734.0, 20893.0, 15669.0, 7359.0, 4748.0, 2373.0, 237.0, 0.0], "fpr": 0.2711854875087738, "fpr race group 0": 0.2082102745771408, "fpr race group 1": 0.3401651382446289, "fpr sex group 0": 0.3029341995716095, "fpr sex group 1": 0.16912579536437988, "fpr subgroup 0": 0.24002321064472198, "fpr subgroup 1": 0.10292933881282806, "fpr subgroup 2": 0.37283870577812195, "fpr subgroup 3": 0.238371342420578, "loss": 1.204555630683899, "precision": 0.6755557656288147, "precision race group 0": 0.6234095096588135, "precision race group 1": 0.7031172513961792, "precision sex group 0": 0.6786391735076904, "precision sex group 1": 0.6565834879875183, "precision subgroup 0": 0.6114628314971924, "precision subgroup 1": 0.69563227891922, "precision subgroup 2": 0.7140100002288818, "precision subgroup 3": 0.6354584693908691, "precision_th": [0.4800390601158142, 0.4802613854408264, 0.5080944895744324, 0.5724465250968933, 0.6270646452903748, 0.6755557656288147, 0.7321128845214844, 0.7745333313941956, 0.8545389771461487, 0.8786872625350952], "precision_th race group 0": [0.42490124702453613, 0.42531779408454895, 0.46282103657722473, 0.5411779880523682, 0.5956781506538391, 0.6234095096588135, 0.6958758234977722, 0.7441405057907104, 0.8648217916488647, 1.0], "precision_th race group 1": [0.529454231262207, 0.529454231262207, 0.545111894607544, 0.5933259725570679, 0.6456681489944458, 0.7031172513961792, 0.7478051781654358, 0.7871814370155334, 0.8515679240226746, 0.8399056196212769], "precision_th sex group 0": [0.5057613253593445, 0.5060532689094543, 0.5313980579376221, 0.5929328799247742, 0.6478123664855957, 0.6786391735076904, 0.7362897992134094, 0.7823004722595215, 0.8486628532409668, 0.866554319858551], "precision_th sex group 1": [0.3755708932876587, 0.3755708932876587, 0.4109690189361572, 0.476052850484848, 0.5276039242744446, 0.6565834879875183, 0.7014656066894531, 0.7047956585884094, 0.9232264161109924, 1.0], "precision_th subgroup 0": [0.4381817579269409, 0.43872836232185364, 0.4701674282550812, 0.543637752532959, 0.5972874760627747, 0.6114628314971924, 0.6781297922134399, 0.7390333414077759, 0.8437129855155945, 1.0], "precision_th subgroup 1": [0.3760939836502075, 0.3760939836502075, 0.43470895290374756, 0.5303962230682373, 0.5888821482658386, 0.69563227891922, 0.8502842783927917, 0.7861011028289795, 1.0, 0.0], "precision_th subgroup 2": [0.5640323758125305, 0.5640323758125305, 0.5799404382705688, 0.6251577138900757, 0.6766866445541382, 0.7140100002288818, 0.7621729969978333, 0.800072193145752, 0.8499824404716492, 0.8180773854255676], "precision_th subgroup 3": [0.3750227689743042, 0.3750227689743042, 0.38891133666038513, 0.43599504232406616, 0.4845215082168579, 0.6354584693908691, 0.6492576003074646, 0.6668538451194763, 0.875328779220581, 1.0], "recall": 0.6116201281547546, "recall race group 0": 0.46650975942611694, "recall race group 1": 0.7159885168075562, "recall sex group 0": 0.6251515746116638, "recall sex group 1": 0.5376131534576416, "recall subgroup 0": 0.48431989550590515, "recall subgroup 1": 0.39025017619132996, "recall subgroup 2": 0.7194898724555969, "recall subgroup 3": 0.6924696564674377, "recall_th": [1.0, 1.0, 0.9690861701965332, 0.8550899028778076, 0.7652290463447571, 0.6116201281547546, 0.45412564277648926, 0.3285132944583893, 0.13619497418403625, 0.02799658291041851], "recall_th race group 0": [1.0, 1.0, 0.9491835236549377, 0.7736843824386597, 0.6466480493545532, 0.46650975942611694, 0.3117942810058594, 0.22170569002628326, 0.07385651022195816, 0.018449539318680763], "recall_th race group 1": [1.0, 1.0, 0.983400821685791, 0.9136395454406738, 0.8505165576934814, 0.7159885168075562, 0.556495189666748, 0.405333012342453, 0.18103092908859253, 0.03486314415931702], "recall_th sex group 0": [1.0, 1.0, 0.9668652415275574, 0.8640056252479553, 0.7736972570419312, 0.6251515746116638, 0.47542688250541687, 0.3531436026096344, 0.1473809778690338, 0.029688913375139236], "recall_th sex group 1": [1.0, 1.0, 0.9812328815460205, 0.8063276410102844, 0.7189145088195801, 0.5376131534576416, 0.3376237154006958, 0.19380396604537964, 0.07501579076051712, 0.018740788102149963], "recall_th subgroup 0": [1.0, 1.0, 0.9430141448974609, 0.7806224226951599, 0.6466876268386841, 0.48431989550590515, 0.3361686170101166, 0.24213595688343048, 0.0768769308924675, 0.022758355364203453], "recall_th subgroup 1": [1.0, 1.0, 0.9755997061729431, 0.7439770102500916, 0.6464786529541016, 0.39025017619132996, 0.2074279487133026, 0.13422715663909912, 0.06092361360788345, 0.0],