{"accuracy": 0.6753163933753967, "accuracy race group 0": 0.6584665179252625, "accuracy race group 1": 0.690417468547821, "accuracy sex group 0": 0.6676070094108582, "accuracy sex group 1": 0.7066272497177124, "accuracy subgroup 0": 0.6466537117958069, "accuracy subgroup 1": 0.7018797993659973, "accuracy subgroup 2": 0.6856741309165955, "accuracy subgroup 3": 0.7116019129753113, "auc": 0.7309502363204956, "auc race group 0": 0.7100916504859924, "auc race group 1": 0.738043487071991, "auc sex group 0": 0.7232637405395508, "auc sex group 1": 0.7439001798629761, "auc subgroup 0": 0.6950244307518005, "auc subgroup 1": 0.7636567950248718, "auc subgroup 2": 0.7297417521476746, "auc subgroup 3": 0.7382073998451233, "aucpr": 0.7151041030883789, "fn": 88814.0, "fn race group 0": 51768.0, "fn race group 1": 37046.0, "fn sex group 0": 71246.0, "fn sex group 1": 17568.0, "fn subgroup 0": 40374.0, "fn subgroup 1": 11394.0, "fn subgroup 2": 30872.0, "fn subgroup 3": 6174.0, "fn_th": [0.0, 0.0, 5939.0, 31343.0, 51525.0, 88814.0, 124660.0, 155061.0, 199483.0, 238662.0], "fn_th race group 0": [0.0, 0.0, 4513.0, 20421.0, 31819.0, 51768.0, 66486.0, 77175.0, 90479.0, 101161.0], "fn_th race group 1": [0.0, 0.0, 1426.0, 10922.0, 19706.0, 37046.0, 58174.0, 77886.0, 109004.0, 137501.0], "fn_th sex group 0": [0.0, 0.0, 5228.0, 24459.0, 42268.0, 71246.0, 99732.0, 125383.0, 165053.0, 200907.0], "fn_th sex group 1": [0.0, 0.0, 711.0, 6884.0, 9257.0, 17568.0, 24928.0, 29678.0, 34430.0, 37755.0], "fn_th subgroup 0": [0.0, 0.0, 3802.0, 15674.0, 25886.0, 40374.0, 51769.0, 60796.0, 72198.0, 81694.0], "fn_th subgroup 1": [0.0, 0.0, 711.0, 4747.0, 5933.0, 11394.0, 14717.0, 16379.0, 18281.0, 19467.0], "fn_th subgroup 2": [0.0, 0.0, 1426.0, 8785.0, 16382.0, 30872.0, 47963.0, 64587.0, 92855.0, 119213.0], "fn_th subgroup 3": [0.0, 0.0, 0.0, 2137.0, 3324.0, 6174.0, 10211.0, 13299.0, 16149.0, 18288.0], "fnr": 0.3613556921482086, "fnr race group 0": 0.5034769177436829, "fnr race group 1": 0.25913724303245544, "fnr sex group 0": 0.3428783118724823, "fnr sex group 1": 0.46241313219070435, "fnr subgroup 0": 0.48436787724494934, "fnr subgroup 1": 0.5852981805801392, "fnr subgroup 2": 0.24809938669204712, "fnr subgroup 3": 0.3332793414592743, "fp": 77424.0, "fp race group 0": 30879.0, "fp race group 1": 46545.0, "fp sex group 0": 65315.0, "fp sex group 1": 12109.0, "fp subgroup 0": 26842.0, "fp subgroup 1": 4037.0, "fp subgroup 2": 38473.0, "fp subgroup 3": 8072.0, "fp_th": [266220.0, 266220.0, 234399.0, 169558.0, 119215.0, 77424.0, 46547.0, 26593.0, 9737.0, 950.0], "fp_th race group 0": [139167.0, 139167.0, 115657.0, 74807.0, 48452.0, 30879.0, 18292.0, 9026.0, 3563.0, 0.0], "fp_th race group 1": [127053.0, 127053.0, 118742.0, 94751.0, 70763.0, 46545.0, 28255.0, 17567.0, 6174.0, 950.0], "fp_th sex group 0": [203054.0, 203054.0, 180258.0, 134890.0, 95711.0, 65315.0, 39898.0, 23508.0, 9262.0, 950.0], "fp_th sex group 1": [63166.0, 63166.0, 54141.0, 34668.0, 23504.0, 12109.0, 6649.0, 3085.0, 475.0, 0.0], "fp_th subgroup 0": [106873.0, 106873.0, 90250.0, 61035.0, 40142.0, 26842.0, 16155.0, 8077.0, 3563.0, 0.0], "fp_th subgroup 1": [32294.0, 32294.0, 25407.0, 13772.0, 8310.0, 4037.0, 2137.0, 949.0, 0.0, 0.0], "fp_th subgroup 2": [96181.0, 96181.0, 90008.0, 73855.0, 55569.0, 38473.0, 23743.0, 15431.0, 5699.0, 950.0], "fp_th subgroup 3": [30872.0, 30872.0, 28734.0, 20896.0, 15194.0, 8072.0, 4512.0, 2136.0, 475.0, 0.0], "fpr": 0.2908271253108978, "fpr race group 0": 0.22188450396060944, "fpr race group 1": 0.3663431704044342, "fpr sex group 0": 0.3216632008552551, "fpr sex group 1": 0.1917012333869934, "fpr subgroup 0": 0.2511579096317291, "fpr subgroup 1": 0.1250077486038208, "fpr subgroup 2": 0.4000062346458435, "fpr subgroup 3": 0.26146671175956726, "loss": 1.2100757360458374, "precision": 0.6696787476539612, "precision race group 0": 0.623114287853241, "precision race group 1": 0.6947028040885925, "precision sex group 0": 0.6764293313026428, "precision sex group 1": 0.6277933120727539, "precision subgroup 0": 0.615565299987793, "precision subgroup 1": 0.6666391491889954, "precision subgroup 2": 0.7086151242256165, "precision subgroup 3": 0.6047593355178833, "precision_th": [0.4800390601158142, 0.4800390601158142, 0.5057376027107239, 0.558436930179596, 0.6196924448013306, 0.6696787476539612, 0.7223842740058899, 0.7733138799667358, 0.826230525970459, 0.8822508454322815], "precision_th race group 0": [0.42490124702453613, 0.42490124702453613, 0.4594583213329315, 0.5241497159004211, 0.5943877696990967, 0.623114287853241, 0.6651472449302673, 0.7396746873855591, 0.7759823799133301, 1.0], "precision_th race group 1": [0.529454231262207, 0.529454231262207, 0.5437825322151184, 0.5822045207023621, 0.6352723240852356, 0.6947028040885925, 0.7500442266464233, 0.7874274253845215, 0.8461461663246155, 0.8517478108406067], "precision_th sex group 0": [0.5057613253593445, 0.5057613253593445, 0.5291287302970886, 0.5761095285415649, 0.6336154341697693, 0.6764293313026428, 0.7303351163864136, 0.7780442237854004, 0.8218743205070496, 0.8786872625350952], "precision_th sex group 1": [0.3755708932876587, 0.3755708932876587, 0.40779024362564087, 0.4729384481906891, 0.5500679612159729, 0.6277933120727539, 0.6627098917961121, 0.7293622493743896, 0.8823383450508118, 1.0], "precision_th subgroup 0": [0.4381817579269409, 0.4381817579269409, 0.4684986174106598, 0.5258128643035889, 0.5887511372566223, 0.615565299987793, 0.6616045236587524, 0.7363473176956177, 0.7579319477081299, 1.0], "precision_th subgroup 1": [0.3760939836502075, 0.3760939836502075, 0.4246993958950043, 0.5166362524032593, 0.6195751428604126, 0.6666391491889954, 0.6897052526473999, 0.7649244666099548, 1.0, 0.0], "precision_th subgroup 2": [0.5640323758125305, 0.5640323758125305, 0.5774589776992798, 0.6102720499038696, 0.6603797674179077, 0.7086151242256165, 0.7630770206451416, 0.7950131297111511, 0.8471216559410095, 0.8460541367530823], "precision_th subgroup 3": [0.3750227689743042, 0.3750227689743042, 0.3919888138771057, 0.4395451247692108, 0.500115156173706, 0.6047593355178833, 0.64821457862854, 0.7098614573478699, 0.8333917856216431, 1.0], "recall": 0.6386443376541138, "recall race group 0": 0.49652308225631714, "recall race group 1": 0.7408627867698669, "recall sex group 0": 0.6571216583251953, "recall sex group 1": 0.5375868678092957, "recall subgroup 0": 0.515632152557373, "recall subgroup 1": 0.41470178961753845, "recall subgroup 2": 0.7519006133079529, "recall subgroup 3": 0.6667206287384033, "recall_th": [1.0, 1.0, 0.9758360981941223, 0.8724753856658936, 0.7903612852096558, 0.6386443376541138, 0.49279844760894775, 0.3691065311431885, 0.18836764991283417, 0.028960859403014183], "recall_th race group 0": [1.0, 1.0, 0.9561082124710083, 0.8013927340507507, 0.6905398964881897, 0.49652308225631714, 0.35338112711906433, 0.24942375719547272, 0.12003384530544281, 0.016144562512636185], "recall_th race group 1": [1.0, 1.0, 0.9900251030921936, 0.9236004948616028, 0.8621562719345093, 0.7408627867698669, 0.5930721163749695, 0.4551864564418793, 0.2375156581401825, 0.03817877918481827], "recall_th sex group 0": [1.0, 1.0, 0.9748397469520569, 0.8822886943817139, 0.7965811491012573, 0.6571216583251953, 0.5200300216674805, 0.39658209681510925, 0.20566634833812714, 0.033115483820438385], "recall_th sex group 1": [1.0, 1.0, 0.9812855124473572, 0.8188039660453796, 0.756343424320221, 0.5375868678092957, 0.3438618779182434, 0.21883554756641388, 0.09375657886266708, 0.006238155532628298], "recall_th subgroup 0": [1.0, 1.0, 0.9543873071670532, 0.8119586110115051, 0.6894450187683105, 0.515632152557373, 0.37892603874206543, 0.2706288695335388, 0.13383880257606506, 0.019915061071515083], "recall_th subgroup 1": [1.0, 1.0, 0.9634766578674316, 0.7561514377593994, 0.6952278017997742, 0.41470178961753845, 0.24400267004966736, 0.15862742066383362, 0.06092361360788345, 0.0],