{"accuracy": 0.6635937690734863, "accuracy race group 0": 0.6447237730026245, "accuracy race group 1": 0.6804856657981873, "accuracy sex group 0": 0.6565234065055847, "accuracy sex group 1": 0.692521870136261, "accuracy subgroup 0": 0.6375472545623779, "accuracy subgroup 1": 0.6713395714759827, "auc": 0.7207882404327393, "auc race group 0": 0.6970028281211853, "auc race group 1": 0.7289613485336304, "auc sex group 0": 0.7163957357406616, "auc sex group 1": 0.7196028232574463, "auc subgroup 0": 0.6885852813720703, "auc subgroup 1": 0.7214713096618652, "aucpr": 0.6960374116897583, "fn": 2673.0, "fn race group 0": 1506.0, "fn race group 1": 1167.0, "fn sex group 0": 2193.0, "fn sex group 1": 480.0, "fn subgroup 0": 1196.0, "fn subgroup 1": 310.0, "fn_th": [0.0, 0.0, 59.0, 780.0, 1515.0, 2673.0, 3806.0, 4741.0, 5479.0, 5990.0], "fn_th race group 0": [0.0, 0.0, 54.0, 514.0, 927.0, 1506.0, 1922.0, 2219.0, 2405.0, 2548.0], "fn_th race group 1": [0.0, 0.0, 5.0, 266.0, 588.0, 1167.0, 1884.0, 2522.0, 3074.0, 3442.0], "fn_th sex group 0": [0.0, 0.0, 47.0, 634.0, 1230.0, 2193.0, 3090.0, 3923.0, 4589.0, 5058.0], "fn_th sex group 1": [0.0, 0.0, 12.0, 146.0, 285.0, 480.0, 716.0, 818.0, 890.0, 932.0], "fn_th subgroup 0": [0.0, 0.0, 42.0, 404.0, 735.0, 1196.0, 1511.0, 1778.0, 1946.0, 2065.0], "fn_th subgroup 1": [0.0, 0.0, 12.0, 110.0, 192.0, 310.0, 411.0, 441.0, 459.0, 483.0], "fnr": 0.4354129433631897, "fnr race group 0": 0.5869057178497314, "fnr race group 1": 0.3266162872314453, "fnr sex group 0": 0.42213666439056396, "fnr sex group 1": 0.508474588394165, "fnr subgroup 0": 0.5741718411445618, "fnr subgroup 1": 0.6418219208717346, "fp": 1633.0, "fp race group 0": 642.0, "fp race group 1": 991.0, "fp sex group 0": 1340.0, "fp sex group 1": 293.0, "fp subgroup 0": 530.0, "fp subgroup 1": 112.0, "fp_th": [6661.0, 6661.0, 6252.0, 4296.0, 2743.0, 1633.0, 779.0, 329.0, 143.0, 36.0], "fp_th race group 0": [3480.0, 3480.0, 3160.0, 1878.0, 1129.0, 642.0, 274.0, 90.0, 42.0, 12.0], "fp_th race group 1": [3181.0, 3181.0, 3092.0, 2418.0, 1614.0, 991.0, 505.0, 239.0, 101.0, 24.0], "fp_th sex group 0": [5091.0, 5091.0, 4787.0, 3384.0, 2197.0, 1340.0, 673.0, 306.0, 132.0, 36.0], "fp_th sex group 1": [1570.0, 1570.0, 1465.0, 912.0, 546.0, 293.0, 106.0, 23.0, 11.0, 0.0], "fp_th subgroup 0": [2679.0, 2679.0, 2441.0, 1532.0, 948.0, 530.0, 244.0, 90.0, 42.0, 12.0], "fp_th subgroup 1": [801.0, 801.0, 719.0, 346.0, 181.0, 112.0, 30.0, 0.0, 0.0, 0.0], "fpr": 0.245158389210701, "fpr race group 0": 0.18448275327682495, "fpr race group 1": 0.3115372657775879, "fpr sex group 0": 0.26320958137512207, "fpr sex group 1": 0.1866241991519928, "fpr subgroup 0": 0.1978350132703781, "fpr subgroup 1": 0.1398252248764038, "loss": 0.6149032115936279, "precision": 0.6797411441802979, "precision race group 0": 0.6227967143058777, "precision race group 1": 0.7082719802856445, "precision sex group 0": 0.6913864612579346, "precision sex group 1": 0.6129458546638489, "precision subgroup 0": 0.6259703636169434, "precision subgroup 1": 0.6070175170898438, "precision_th": [0.4796093702316284, 0.4796093702316284, 0.4930262863636017, 0.5550491809844971, 0.6276639103889465, 0.6797411441802979, 0.7496786713600159, 0.8094962239265442, 0.8219178318977356, 0.8054053783416748], "precision_th race group 0": [0.4244128465652466, 0.4244128465652466, 0.44287729263305664, 0.5221374034881592, 0.5921242833137512, 0.6227967143058777, 0.7015250325202942, 0.7940503358840942, 0.7931034564971924, 0.6000000238418579], "precision_th race group 1": [0.529019832611084, 0.529019832611084, 0.5357357263565063, 0.5776419043540955, 0.6490541696548462, 0.7082719802856445, 0.7698268294334412, 0.8147286772727966, 0.8316666483879089, 0.8451613187789917], "precision_th sex group 0": [0.5050554275512695, 0.5050554275512695, 0.5181680917739868, 0.5740717649459839, 0.6434599161148071, 0.6913864612579346, 0.7577393651008606, 0.8060836791992188, 0.8211382031440735, 0.7919074892997742], "precision_th sex group 1": [0.3754972219467163, 0.3754972219467163, 0.3888193666934967, 0.46666666865348816, 0.546887993812561, 0.6129458546638489, 0.682634711265564, 0.8456375598907471, 0.8307692408561707, 1.0], "precision_th subgroup 0": [0.4374212622642517, 0.4374212622642517, 0.45537707209587097, 0.5228900909423828, 0.5871080160140991, 0.6259703636169434, 0.7009803652763367, 0.7721518874168396, 0.7653631567955017, 0.6000000238418579], "precision_th subgroup 1": [0.37616822123527527, 0.37616822123527527, 0.39579832553863525, 0.5187760591506958, 0.616525411605835, 0.6070175170898438, 0.7058823704719543, 1.0, 1.0, 0.0], "recall": 0.5645870566368103, "recall race group 0": 0.41309431195259094, "recall race group 1": 0.6733837127685547, "recall sex group 0": 0.577863335609436, "recall sex group 1": 0.49152541160583496, "recall subgroup 0": 0.42582812905311584, "recall subgroup 1": 0.358178049325943, "recall_th": [1.0, 1.0, 0.9903892874717712, 0.8729434609413147, 0.7532171607017517, 0.5645870566368103, 0.3800293207168579, 0.22772438824176788, 0.10750936716794968, 0.024271054193377495], "recall_th race group 0": [1.0, 1.0, 0.9789555668830872, 0.7996882200241089, 0.6387373208999634, 0.41309431195259094, 0.25097426772117615, 0.1352299302816391, 0.06274356693029404, 0.007014809176325798], "recall_th race group 1": [1.0, 1.0, 0.9986006021499634, 0.9255527853965759, 0.8354324102401733, 0.6733837127685547, 0.4727120101451874, 0.29415056109428406, 0.13965855538845062, 0.03666386753320694], "recall_th sex group 0": [1.0, 1.0, 0.9909528493881226, 0.8779595494270325, 0.7632339000701904, 0.577863335609436, 0.40519729256629944, 0.24485081434249878, 0.11665062606334686, 0.026371510699391365], "recall_th sex group 1": [1.0, 1.0, 0.9872881174087524, 0.8453390002250671, 0.6980932354927063, 0.49152541160583496, 0.24152542650699615, 0.13347457349300385, 0.05720338970422745, 0.012711863964796066], "recall_th subgroup 0": [1.0, 1.0, 0.9798367619514465, 0.8060489892959595, 0.647143542766571, 0.42582812905311584, 0.274603933095932, 0.14642342925071716, 0.06577052175998688, 0.008641382679343224], "recall_th subgroup 1": [1.0, 1.0, 0.9751552939414978, 0.7722567319869995, 0.6024844646453857, 0.358178049325943, 0.14906832575798035, 0.08695652335882187, 0.04968944191932678, 0.0], "tn": 5028.0, "tn race group 0": 2838.0, "tn race group 1": 2190.0, "tn sex group 0": 3751.0, "tn sex group 1": 1277.0, "tn subgroup 0": 2149.0, "tn subgroup 1": 689.0, "tn_th": [0.0, 0.0, 409.0, 2365.0, 3918.0, 5028.0, 5882.0, 6332.0, 6518.0, 6625.0], "tn_th race group 0": [0.0, 0.0, 320.0, 1602.0, 2351.0, 2838.0, 3206.0, 3390.0, 3438.0, 3468.0], "tn_th race group 1": [0.0, 0.0, 89.0, 763.0, 1567.0, 2190.0, 2676.0, 2942.0, 3080.0, 3157.0], "tn_th sex group 0": [0.0, 0.0, 304.0, 1707.0, 2894.0, 3751.0, 4418.0, 4785.0, 4959.0, 5055.0], "tn_th sex group 1": [0.0, 0.0, 105.0, 658.0, 1024.0, 1277.0, 1464.0, 1547.0, 1559.0, 1570.0], "tn_th subgroup 0": [0.0, 0.0, 238.0, 1147.0, 1731.0, 2149.0, 2435.0, 2589.0, 2637.0, 2667.0], "tn_th subgroup 1": [0.0, 0.0, 82.0, 455.0, 620.0, 689.0, 771.0, 801.0, 801.0, 801.0], "tp": 3466.0, "tp race group 0": 1060.0, "tp race group 1": 2406.0, "tp sex group 0": 3002.0, "tp sex group 1": 464.0, "tp subgroup 0": 887.0, "tp subgroup 1": 173.0, "tp_th": [6139.0, 6139.0, 6080.0, 5359.0, 4624.0, 3466.0, 2333.0, 1398.0, 660.0, 149.0], "tp_th race group 0": [2566.0, 2566.0, 2512.0, 2052.0, 1639.0, 1060.0, 644.0, 347.0, 161.0, 18.0], "tp_th race group 1": [3573.0, 3573.0, 3568.0, 3307.0, 2985.0, 2406.0, 1689.0, 1051.0, 499.0, 131.0], "tp_th sex group 0": [5195.0, 5195.0, 5148.0, 4561.0, 3965.0, 3002.0, 2105.0, 1272.0, 606.0, 137.0], "tp_th sex group 1": [944.0, 944.0, 932.0, 798.0, 659.0, 464.0, 228.0, 126.0, 54.0, 12.0], "tp_th subgroup 0": [2083.0, 2083.0, 2041.0, 1679.0, 1348.0, 887.0, 572.0, 305.0, 137.0, 18.0], "tp_th subgroup 1": [483.0, 483.0, 471.0, 373.0, 291.0, 173.0, 72.0, 42.0, 24.0, 0.0], "global_step": 102.0}