{
    "accuracy": {
        "mean": 0.6770904302597046,
        "std": 0.004013976253297007
    },
    "micro_avg_auc": {
        "mean": 0.7313748896121979,
        "std": 0.0012848473904544017
    },
    "minority_auc": {
        "mean": 0.7369509637355804,
        "std": 0.0076162073306542686
    },
    "macro_avg_auc": {
        "mean": 0.7285178288817405,
        "std": 0.0026596247957237657
    },
    "min_auc": {
        "mean": 0.6946644127368927,
        "std": 0.004755852291948445
    }
}