{
    "accuracy": {
        "mean": 0.6694765686988831,
        "std": 0.003921070007759494
    },
    "micro_avg_auc": {
        "mean": 0.7232957005500793,
        "std": 0.002137012245972836
    },
    "minority_auc": {
        "mean": 0.727932459115982,
        "std": 0.010425862342199962
    }
}