{"min_auc": 0.814853847026825, "macro_avg_auc": 0.833350270986557, "micro_avg_auc": 0.8388188481330872, "minority_auc": 0.84375, "accuracy": 0.8676877021789551}