{"min_auc": 0.8695546984672546, "macro_avg_auc": 0.9075883477926254, "micro_avg_auc": 0.896440863609314, "minority_auc": 0.9372111558914185, "accuracy": 0.8474295139312744}