{"min_auc": 0.6867996454238892, "macro_avg_auc": 0.724985733628273, "micro_avg_auc": 0.7287394404411316, "minority_auc": 0.7581360936164856, "accuracy": 0.673933207988739}