{"min_auc": 0.8768468499183655, "macro_avg_auc": 0.9102542698383331, "micro_avg_auc": 0.9032387733459473, "minority_auc": 0.9315182566642761, "accuracy": 0.8517904281616211}