{"min_auc": 0.8870174288749695, "macro_avg_auc": 0.9225010722875595, "micro_avg_auc": 0.9116098284721375, "minority_auc": 0.9512088894844055, "accuracy": 0.7414777874946594}