{"min_auc": 0.6957740187644958, "macro_avg_auc": 0.736984521150589, "micro_avg_auc": 0.7366783618927002, "minority_auc": 0.7515285611152649, "accuracy": 0.6804267168045044}