{"min_auc": 0.9012824892997742, "macro_avg_auc": 0.9250408411026001, "micro_avg_auc": 0.934002697467804, "minority_auc": 0.9012824892997742, "accuracy": 0.8569384813308716}