{"min_auc": 0.8100114464759827, "macro_avg_auc": 0.8239597082138062, "micro_avg_auc": 0.831048846244812, "minority_auc": 0.8321759104728699, "accuracy": 0.8621641993522644}