{"min_auc": 0.8852846026420593, "macro_avg_auc": 0.9195550084114075, "micro_avg_auc": 0.9110494256019592, "minority_auc": 0.9400241374969482, "accuracy": 0.8503163456916809}