{"min_auc": 0.8803772926330566, "macro_avg_auc": 0.9177328199148178, "micro_avg_auc": 0.9065263271331787, "minority_auc": 0.9459848403930664, "accuracy": 0.8419016003608704}