{"min_auc": 0.8846085667610168, "macro_avg_auc": 0.9189608842134476, "micro_avg_auc": 0.9100661277770996, "minority_auc": 0.9389190077781677, "accuracy": 0.8541244268417358}