{"min_auc": 0.8853421807289124, "macro_avg_auc": 0.9194833785295486, "micro_avg_auc": 0.9110379219055176, "minority_auc": 0.938852071762085, "accuracy": 0.8444198966026306}