{"min_auc": 0.8457126617431641, "macro_avg_auc": 0.9028481841087341, "micro_avg_auc": 0.9519293308258057, "minority_auc": 0.8457126617431641, "accuracy": 0.8839171528816223}