{"min_auc": 0.8854825496673584, "macro_avg_auc": 0.920295774936676, "micro_avg_auc": 0.9107053279876709, "minority_auc": 0.9441094994544983, "accuracy": 0.8516061902046204}