{"min_auc": 0.89055997133255, "macro_avg_auc": 0.9169460237026215, "micro_avg_auc": 0.9271491765975952, "minority_auc": 0.89055997133255, "accuracy": 0.8500715494155884}