{"min_auc": 0.7225700616836548, "macro_avg_auc": 0.7546914666891098, "micro_avg_auc": 0.7450276613235474, "minority_auc": 0.7777777910232544, "accuracy": 0.8322871923446655}