{"min_auc": 0.904069185256958, "macro_avg_auc": 0.9269193410873413, "micro_avg_auc": 0.935636579990387, "minority_auc": 0.904069185256958, "accuracy": 0.8608011603355408}