{"min_auc": 0.6858025193214417, "macro_avg_auc": 0.7217048555612564, "micro_avg_auc": 0.7255749106407166, "minority_auc": 0.716617226600647, "accuracy": 0.6604823470115662}