{"min_auc": 0.8168323040008545, "macro_avg_auc": 0.8802298307418823, "micro_avg_auc": 0.9341164231300354, "minority_auc": 0.8168323040008545, "accuracy": 0.8605632185935974}