{"min_auc": 0.8854348063468933, "macro_avg_auc": 0.9201632738113403, "micro_avg_auc": 0.9110665321350098, "minority_auc": 0.9404762387275696, "accuracy": 0.853694498538971}