{"min_auc": 0.6979394555091858, "macro_avg_auc": 0.7289254665374756, "micro_avg_auc": 0.7315038442611694, "minority_auc": 0.7445265054702759, "accuracy": 0.6706864833831787}