{"min_auc": 0.8193725347518921, "macro_avg_auc": 0.8892180621623993, "micro_avg_auc": 0.9495057463645935, "minority_auc": 0.8193725347518921, "accuracy": 0.8793052434921265}