{"min_auc": 0.9288882613182068, "macro_avg_auc": 0.9465666711330414, "micro_avg_auc": 0.9533057808876038, "minority_auc": 0.9288882613182068, "accuracy": 0.8857020735740662}