{"min_auc": 0.6984836459159851, "macro_avg_auc": 0.7315512001514435, "micro_avg_auc": 0.734287440776825, "minority_auc": 0.7362425923347473, "accuracy": 0.6641929745674133}