{"min_auc": 0.8838168382644653, "macro_avg_auc": 0.9187539368867874, "micro_avg_auc": 0.909442663192749, "minority_auc": 0.9439420700073242, "accuracy": 0.8563355803489685}