{"min_auc": 0.8827289342880249, "macro_avg_auc": 0.9173257946968079, "micro_avg_auc": 0.9083806872367859, "minority_auc": 0.9426696300506592, "accuracy": 0.8567041158676147}