{"min_auc": 0.8131840229034424, "macro_avg_auc": 0.8328149765729904, "micro_avg_auc": 0.8346340656280518, "minority_auc": 0.8466879725456238, "accuracy": 0.8648003935813904}