{"min_auc": 0.7193856239318848, "macro_avg_auc": 0.7465175241231918, "micro_avg_auc": 0.7432267665863037, "minority_auc": 0.7646011114120483, "accuracy": 0.831031858921051}