{"min_auc": 0.8835330605506897, "macro_avg_auc": 0.9173757433891296, "micro_avg_auc": 0.9084937572479248, "minority_auc": 0.9400240778923035, "accuracy": 0.8457711338996887}