{"min_auc": 0.77911376953125, "macro_avg_auc": 0.8029446005821228, "micro_avg_auc": 0.8086793422698975, "minority_auc": 0.8175747990608215, "accuracy": 0.7036153674125671}