{"min_auc": 0.7871481776237488, "macro_avg_auc": 0.8121313601732254, "micro_avg_auc": 0.8130289316177368, "minority_auc": 0.8504272699356079, "accuracy": 0.7960080504417419}