{"min_auc": 0.9229689240455627, "macro_avg_auc": 0.9416780173778534, "micro_avg_auc": 0.9488415718078613, "minority_auc": 0.9229689240455627, "accuracy": 0.8770194053649902}