{"min_auc": 0.7859871983528137, "macro_avg_auc": 0.8065287470817566, "micro_avg_auc": 0.8103930354118347, "minority_auc": 0.8144586682319641, "accuracy": 0.8435852527618408}