{"min_auc": 0.8389716744422913, "macro_avg_auc": 0.9021535813808441, "micro_avg_auc": 0.9567723870277405, "minority_auc": 0.8389716744422913, "accuracy": 0.8896085023880005}