{"min_auc": 0.6937228441238403, "macro_avg_auc": 0.7338054180145264, "micro_avg_auc": 0.734463632106781, "minority_auc": 0.7465973496437073, "accuracy": 0.6688311696052551}