{"min_auc": 0.7020195722579956, "macro_avg_auc": 0.7277069091796875, "micro_avg_auc": 0.731257438659668, "minority_auc": 0.7261834144592285, "accuracy": 0.6716141104698181}