{"accuracy": 0.8517968654632568, "accuracy race group 0": 0.8444329500198364, "accuracy race group 1": 0.9215044975280762, "accuracy sex group 0": 0.8155713677406311, "accuracy sex group 1": 0.9251121878623962, "accuracy subgroup 0": 0.8103991150856018, "accuracy subgroup 1": 0.9188222289085388, "auc": 0.8799516558647156, "auc race group 0": 0.8772544264793396, "auc race group 1": 0.8909348249435425, "auc sex group 0": 0.8650657534599304, "auc sex group 1": 0.8697483539581299, "auc subgroup 0": 0.8623442649841309, "auc subgroup 1": 0.871516227722168, "aucpr": 0.7595495581626892, "fn": 1424.0, "fn race group 0": 1356.0, "fn race group 1": 68.0, "fn sex group 0": 1161.0, "fn sex group 1": 263.0, "fn subgroup 0": 1110.0, "fn subgroup 1": 246.0, "fn_th": [0.0, 280.0, 578.0, 872.0, 1187.0, 1424.0, 1727.0, 2147.0, 2512.0, 2777.0], "fn_th race group 0": [0.0, 267.0, 546.0, 829.0, 1127.0, 1356.0, 1642.0, 2048.0, 2404.0, 2650.0], "fn_th race group 1": [0.0, 13.0, 32.0, 43.0, 60.0, 68.0, 85.0, 99.0, 108.0, 127.0], "fn_th sex group 0": [0.0, 194.0, 426.0, 680.0, 957.0, 1161.0, 1418.0, 1792.0, 2110.0, 2341.0], "fn_th sex group 1": [0.0, 86.0, 152.0, 192.0, 230.0, 263.0, 309.0, 355.0, 402.0, 436.0], "fn_th subgroup 0": [0.0, 188.0, 407.0, 652.0, 913.0, 1110.0, 1353.0, 1717.0, 2028.0, 2246.0], "fn_th subgroup 1": [0.0, 79.0, 139.0, 177.0, 214.0, 246.0, 289.0, 331.0, 376.0, 404.0], "fnr": 0.47514182329177856, "fnr race group 0": 0.47445765137672424, "fnr race group 1": 0.4892086386680603, "fnr sex group 0": 0.4588932693004608, "fnr sex group 1": 0.5631691813468933, "fnr subgroup 0": 0.457543283700943, "fnr subgroup 1": 0.5694444179534912, "fp": 473.0, "fp race group 0": 445.0, "fp race group 1": 28.0, "fp sex group 0": 419.0, "fp sex group 1": 54.0, "fp subgroup 0": 396.0, "fp subgroup 1": 49.0, "fp_th": [9803.0, 2621.0, 1662.0, 1117.0, 728.0, 473.0, 271.0, 114.0, 20.0, 2.0], "fp_th race group 0": [8719.0, 2450.0, 1554.0, 1041.0, 685.0, 445.0, 255.0, 106.0, 19.0, 2.0], "fp_th race group 1": [1084.0, 171.0, 108.0, 76.0, 43.0, 28.0, 16.0, 8.0, 1.0, 0.0], "fp_th sex group 0": [6037.0, 2192.0, 1442.0, 982.0, 641.0, 419.0, 247.0, 101.0, 17.0, 1.0], "fp_th sex group 1": [3766.0, 429.0, 220.0, 135.0, 87.0, 54.0, 24.0, 13.0, 3.0, 1.0], "fp_th subgroup 0": [5517.0, 2066.0, 1359.0, 922.0, 608.0, 396.0, 232.0, 94.0, 16.0, 1.0], "fp_th subgroup 1": [3202.0, 384.0, 195.0, 119.0, 77.0, 49.0, 23.0, 12.0, 3.0, 1.0], "fpr": 0.04825053736567497, "fpr race group 0": 0.05103796347975731, "fpr race group 1": 0.025830257683992386, "fpr sex group 0": 0.06940533220767975, "fpr sex group 1": 0.014338821172714233, "fpr subgroup 0": 0.07177814096212387, "fpr subgroup 1": 0.015302935615181923, "loss": 0.9902066588401794, "precision": 0.7688171863555908, "precision race group 0": 0.771443247795105, "precision race group 1": 0.7171717286109924, "precision sex group 0": 0.7656599283218384, "precision sex group 1": 0.7906976938247681, "precision subgroup 0": 0.7686915993690491, "precision subgroup 1": 0.7914893627166748, "precision_th": [0.23414061963558197, 0.5089921355247498, 0.5927468538284302, 0.6554595828056335, 0.71315997838974, 0.7688171863555908, 0.824140191078186, 0.8817427158355713, 0.9603960514068604, 0.9909909963607788], "precision_th race group 0": [0.2468687891960144, 0.5139853358268738, 0.598034143447876, 0.660912036895752, 0.7164735198020935, 0.771443247795105, 0.8266485333442688, 0.8842794895172119, 0.9598308801651001, 0.9904761910438538], "precision_th race group 1": [0.11365494877099991, 0.42424243688583374, 0.4976744055747986, 0.5581395626068115, 0.6475409865379333, 0.7171717286109924, 0.7714285850524902, 0.8333333134651184, 0.96875, 1.0], "precision_th sex group 0": [0.29531925916671753, 0.5159010887145996, 0.5933446288108826, 0.6532486081123352, 0.7104787826538086, 0.7656599283218384, 0.8182486891746521, 0.8796185851097107, 0.9610983729362488, 0.9947368502616882], "precision_th sex group 1": [0.11032364517450333, 0.4703703820705414, 0.5887850522994995, 0.6707317233085632, 0.7314814925193787, 0.7906976938247681, 0.8681318759918213, 0.8960000276565552, 0.9558823704719543, 0.96875], "precision_th subgroup 0": [0.30542615056037903, 0.5199813842773438, 0.5976909399032593, 0.6580118536949158, 0.7133427858352661, 0.7686915993690491, 0.8222222328186035, 0.8829389810562134, 0.9613526463508606, 0.9944751262664795], "precision_th subgroup 1": [0.11887726932764053, 0.4789687991142273, 0.6004098653793335, 0.6818181872367859, 0.7389830350875854, 0.7914893627166748, 0.8614457845687866, 0.8938053250312805, 0.9491525292396545, 0.9655172228813171], "recall": 0.5248581767082214, "recall race group 0": 0.5255423188209534, "recall race group 1": 0.5107913613319397, "recall sex group 0": 0.5411067008972168, "recall sex group 1": 0.4368308484554291, "recall subgroup 0": 0.5424567461013794, "recall subgroup 1": 0.4305555522441864, "recall_th": [1.0, 0.9065732359886169, 0.8071404695510864, 0.7090423703193665, 0.6039372682571411, 0.5248581767082214, 0.42375707626342773, 0.28361696004867554, 0.16182848811149597, 0.07340674102306366], "recall_th race group 0": [1.0, 0.906578004360199, 0.8089573383331299, 0.7099370360374451, 0.605668306350708, 0.5255423188209534, 0.42547234892845154, 0.2834149897098541, 0.15885233879089355, 0.07277816534042358], "recall_th race group 1": [1.0, 0.9064748287200928, 0.769784152507782, 0.6906474828720093, 0.568345308303833, 0.5107913613319397, 0.3884892165660858, 0.28776979446411133, 0.22302158176898956, 0.08633093535900116], "recall_th sex group 0": [1.0, 0.9233201742172241, 0.8316205739974976, 0.731225311756134, 0.6217391490936279, 0.5411067008972168, 0.43952569365501404, 0.29169961810112, 0.1660079061985016, 0.07470355927944183], "recall_th sex group 1": [1.0, 0.8158458471298218, 0.6745182275772095, 0.5888651013374329, 0.5074946284294128, 0.4368308484554291, 0.3383297622203827, 0.2398286908864975, 0.139186292886734, 0.06638115644454956], "recall_th subgroup 0": [1.0, 0.9225061535835266, 0.8322341442108154, 0.7312448620796204, 0.6236603260040283, 0.5424567461013794, 0.44229182600975037, 0.2922506034374237, 0.16405606269836426, 0.07419620454311371], "recall_th subgroup 1": [1.0, 0.8171296119689941, 0.6782407164573669, 0.5902777910232544, 0.5046296119689941, 0.4305555522441864, 0.33101850748062134, 0.23379629850387573, 0.12962962687015533, 0.06481481343507767], "tn": 9330.0, "tn race group 0": 8274.0, "tn race group 1": 1056.0, "tn sex group 0": 5618.0, "tn sex group 1": 3712.0, "tn subgroup 0": 5121.0, "tn subgroup 1": 3153.0, "tn_th": [0.0, 7182.0, 8141.0, 8686.0, 9075.0, 9330.0, 9532.0, 9689.0, 9783.0, 9801.0], "tn_th race group 0": [0.0, 6269.0, 7165.0, 7678.0, 8034.0, 8274.0, 8464.0, 8613.0, 8700.0, 8717.0], "tn_th race group 1": [0.0, 913.0, 976.0, 1008.0, 1041.0, 1056.0, 1068.0, 1076.0, 1083.0, 1084.0], "tn_th sex group 0": [0.0, 3845.0, 4595.0, 5055.0, 5396.0, 5618.0, 5790.0, 5936.0, 6020.0, 6036.0], "tn_th sex group 1": [0.0, 3337.0, 3546.0, 3631.0, 3679.0, 3712.0, 3742.0, 3753.0, 3763.0, 3765.0], "tn_th subgroup 0": [0.0, 3451.0, 4158.0, 4595.0, 4909.0, 5121.0, 5285.0, 5423.0, 5501.0, 5516.0], "tn_th subgroup 1": [0.0, 2818.0, 3007.0, 3083.0, 3125.0, 3153.0, 3179.0, 3190.0, 3199.0, 3201.0], "tp": 1573.0, "tp race group 0": 1502.0, "tp race group 1": 71.0, "tp sex group 0": 1369.0, "tp sex group 1": 204.0, "tp subgroup 0": 1316.0, "tp subgroup 1": 186.0, "tp_th": [2997.0, 2717.0, 2419.0, 2125.0, 1810.0, 1573.0, 1270.0, 850.0, 485.0, 220.0], "tp_th race group 0": [2858.0, 2591.0, 2312.0, 2029.0, 1731.0, 1502.0, 1216.0, 810.0, 454.0, 208.0], "tp_th race group 1": [139.0, 126.0, 107.0, 96.0, 79.0, 71.0, 54.0, 40.0, 31.0, 12.0], "tp_th sex group 0": [2530.0, 2336.0, 2104.0, 1850.0, 1573.0, 1369.0, 1112.0, 738.0, 420.0, 189.0], "tp_th sex group 1": [467.0, 381.0, 315.0, 275.0, 237.0, 204.0, 158.0, 112.0, 65.0, 31.0], "tp_th subgroup 0": [2426.0, 2238.0, 2019.0, 1774.0, 1513.0, 1316.0, 1073.0, 709.0, 398.0, 180.0],