{"accuracy": 0.8525000214576721, "accuracy race group 0": 0.8452103137969971, "accuracy race group 1": 0.9215044975280762, "accuracy sex group 0": 0.8162717223167419, "accuracy sex group 1": 0.9258209466934204, "accuracy subgroup 0": 0.8109026551246643, "accuracy subgroup 1": 0.9201981425285339, "auc": 0.8837705254554749, "auc race group 0": 0.8800961375236511, "auc race group 1": 0.9145318865776062, "auc sex group 0": 0.8681392669677734, "auc sex group 1": 0.8723928332328796, "auc subgroup 0": 0.865016758441925, "auc subgroup 1": 0.8699901103973389, "aucpr": 0.759181022644043, "fn": 1437.0, "fn race group 0": 1369.0, "fn race group 1": 68.0, "fn sex group 0": 1176.0, "fn sex group 1": 261.0, "fn subgroup 0": 1126.0, "fn subgroup 1": 243.0, "fn_th": [0.0, 236.0, 512.0, 846.0, 1145.0, 1437.0, 1768.0, 2172.0, 2539.0, 2769.0], "fn_th race group 0": [0.0, 226.0, 483.0, 800.0, 1092.0, 1369.0, 1681.0, 2071.0, 2427.0, 2642.0], "fn_th race group 1": [0.0, 10.0, 29.0, 46.0, 53.0, 68.0, 87.0, 101.0, 112.0, 127.0], "fn_th sex group 0": [0.0, 150.0, 379.0, 653.0, 918.0, 1176.0, 1460.0, 1822.0, 2141.0, 2336.0], "fn_th sex group 1": [0.0, 86.0, 133.0, 193.0, 227.0, 261.0, 308.0, 350.0, 398.0, 433.0], "fn_th subgroup 0": [0.0, 146.0, 361.0, 622.0, 882.0, 1126.0, 1394.0, 1745.0, 2055.0, 2240.0], "fn_th subgroup 1": [0.0, 80.0, 122.0, 178.0, 210.0, 243.0, 287.0, 326.0, 372.0, 402.0], "fnr": 0.47947949171066284, "fnr race group 0": 0.479006290435791, "fnr race group 1": 0.4892086386680603, "fnr sex group 0": 0.4648221433162689, "fnr sex group 1": 0.5588865280151367, "fnr subgroup 0": 0.4641385078430176, "fnr subgroup 1": 0.5625, "fp": 451.0, "fp race group 0": 423.0, "fp race group 1": 28.0, "fp sex group 0": 398.0, "fp sex group 1": 53.0, "fp subgroup 0": 376.0, "fp subgroup 1": 47.0, "fp_th": [9803.0, 2879.0, 1850.0, 1162.0, 745.0, 451.0, 258.0, 101.0, 15.0, 2.0], "fp_th race group 0": [8719.0, 2683.0, 1732.0, 1093.0, 703.0, 423.0, 239.0, 94.0, 14.0, 2.0], "fp_th race group 1": [1084.0, 196.0, 118.0, 69.0, 42.0, 28.0, 19.0, 7.0, 1.0, 0.0], "fp_th sex group 0": [6037.0, 2422.0, 1602.0, 1022.0, 661.0, 398.0, 232.0, 86.0, 12.0, 1.0], "fp_th sex group 1": [3766.0, 457.0, 248.0, 140.0, 84.0, 53.0, 26.0, 15.0, 3.0, 1.0], "fp_th subgroup 0": [5517.0, 2276.0, 1514.0, 966.0, 628.0, 376.0, 215.0, 80.0, 11.0, 1.0], "fp_th subgroup 1": [3202.0, 407.0, 218.0, 127.0, 75.0, 47.0, 24.0, 14.0, 3.0, 1.0], "fpr": 0.046006325632333755, "fpr race group 0": 0.04851473867893219, "fpr race group 1": 0.025830257683992386, "fpr sex group 0": 0.06592678278684616, "fpr sex group 1": 0.014073287136852741, "fpr subgroup 0": 0.06815297901630402, "fpr subgroup 1": 0.014678326435387135, "loss": 0.9825106263160706, "precision": 0.775733470916748, "precision race group 0": 0.7787656784057617, "precision race group 1": 0.7171717286109924, "precision sex group 0": 0.7728310227394104, "precision sex group 1": 0.7953668236732483, "precision subgroup 0": 0.7756563425064087, "precision subgroup 1": 0.8008474707603455, "precision_th": [0.23414061963558197, 0.4895389974117279, 0.5732410550117493, 0.6492604613304138, 0.713130533695221, 0.775733470916748, 0.8264963030815125, 0.8909287452697754, 0.9682875275611877, 0.991304337978363], "precision_th race group 0": [0.2468687891960144, 0.4952022433280945, 0.5782809853553772, 0.6531260013580322, 0.7152693271636963, 0.7787656784057617, 0.8312146663665771, 0.8933030366897583, 0.968539297580719, 0.9908257126808167], "precision_th race group 1": [0.11365494877099991, 0.3969230651855469, 0.48245614767074585, 0.5740740895271301, 0.671875, 0.7171717286109924, 0.7323943376541138, 0.8444444537162781, 0.9642857313156128, 1.0], "precision_th sex group 0": [0.29531925916671753, 0.495626837015152, 0.5731415152549744, 0.6474646329879761, 0.7091948986053467, 0.7728310227394104, 0.8218125700950623, 0.8916876316070557, 0.9700748324394226, 0.9948717951774597], "precision_th sex group 1": [0.11032364517450333, 0.45465394854545593, 0.5738831758499146, 0.6618357300758362, 0.7407407164573669, 0.7953668236732483, 0.8594594597816467, 0.8863636255264282, 0.9583333134651184, 0.9714285731315613], "precision_th subgroup 0": [0.30542615056037903, 0.5004389882087708, 0.5769768357276917, 0.6512635350227356, 0.7108655571937561, 0.7756563425064087, 0.8275862336158752, 0.894875168800354, 0.9712041616439819, 0.9946523904800415], "precision_th subgroup 1": [0.11887726932764053, 0.4637681245803833, 0.5871211886405945, 0.6666666865348816, 0.747474730014801, 0.8008474707603455, 0.857988178730011, 0.8833333253860474, 0.9523809552192688, 0.9677419066429138], "recall": 0.5205205082893372, "recall race group 0": 0.520993709564209, "recall race group 1": 0.5107913613319397, "recall sex group 0": 0.5351778864860535, "recall sex group 1": 0.44111350178718567, "recall subgroup 0": 0.5358614921569824, "recall subgroup 1": 0.4375, "recall_th": [1.0, 0.921254575252533, 0.8291624784469604, 0.717717707157135, 0.6179512739181519, 0.5205205082893372, 0.41007673740386963, 0.2752752900123596, 0.15281948447227478, 0.07607607543468475], "recall_th race group 0": [1.0, 0.9209237098693848, 0.8310006856918335, 0.7200839519500732, 0.617914617061615, 0.520993709564209, 0.4118264615535736, 0.2753673791885376, 0.15080475807189941, 0.07557732611894608], "recall_th race group 1": [1.0, 0.9280575513839722, 0.7913669347763062, 0.6690647602081299, 0.6187050342559814, 0.5107913613319397, 0.3741007149219513, 0.2733812928199768, 0.1942446082830429, 0.08633093535900116], "recall_th sex group 0": [1.0, 0.9407114386558533, 0.8501976132392883, 0.7418972253799438, 0.6371541619300842, 0.5351778864860535, 0.4229249060153961, 0.27984189987182617, 0.15375493466854095, 0.07667984068393707], "recall_th sex group 1": [1.0, 0.8158458471298218, 0.7152034044265747, 0.5867237448692322, 0.5139186382293701, 0.44111350178718567, 0.340471088886261, 0.25053533911705017, 0.1477515995502472, 0.07280513644218445], "recall_th subgroup 0": [1.0, 0.9398186206817627, 0.8511953949928284, 0.7436108589172363, 0.6364386081695557, 0.5358614921569824, 0.4253915846347809, 0.28070899844169617, 0.15292662382125854, 0.07666941732168198], "recall_th subgroup 1": [1.0, 0.8148148059844971, 0.7175925970077515, 0.5879629850387573, 0.5138888955116272, 0.4375, 0.33564814925193787, 0.24537037312984467, 0.1388888955116272, 0.0694444477558136], "tn": 9352.0, "tn race group 0": 8296.0, "tn race group 1": 1056.0, "tn sex group 0": 5639.0, "tn sex group 1": 3713.0, "tn subgroup 0": 5141.0, "tn subgroup 1": 3155.0, "tn_th": [0.0, 6924.0, 7953.0, 8641.0, 9058.0, 9352.0, 9545.0, 9702.0, 9788.0, 9801.0], "tn_th race group 0": [0.0, 6036.0, 6987.0, 7626.0, 8016.0, 8296.0, 8480.0, 8625.0, 8705.0, 8717.0], "tn_th race group 1": [0.0, 888.0, 966.0, 1015.0, 1042.0, 1056.0, 1065.0, 1077.0, 1083.0, 1084.0], "tn_th sex group 0": [0.0, 3615.0, 4435.0, 5015.0, 5376.0, 5639.0, 5805.0, 5951.0, 6025.0, 6036.0], "tn_th sex group 1": [0.0, 3309.0, 3518.0, 3626.0, 3682.0, 3713.0, 3740.0, 3751.0, 3763.0, 3765.0], "tn_th subgroup 0": [0.0, 3241.0, 4003.0, 4551.0, 4889.0, 5141.0, 5302.0, 5437.0, 5506.0, 5516.0], "tn_th subgroup 1": [0.0, 2795.0, 2984.0, 3075.0, 3127.0, 3155.0, 3178.0, 3188.0, 3199.0, 3201.0], "tp": 1560.0, "tp race group 0": 1489.0, "tp race group 1": 71.0, "tp sex group 0": 1354.0, "tp sex group 1": 206.0, "tp subgroup 0": 1300.0, "tp subgroup 1": 189.0, "tp_th": [2997.0, 2761.0, 2485.0, 2151.0, 1852.0, 1560.0, 1229.0, 825.0, 458.0, 228.0], "tp_th race group 0": [2858.0, 2632.0, 2375.0, 2058.0, 1766.0, 1489.0, 1177.0, 787.0, 431.0, 216.0], "tp_th race group 1": [139.0, 129.0, 110.0, 93.0, 86.0, 71.0, 52.0, 38.0, 27.0, 12.0], "tp_th sex group 0": [2530.0, 2380.0, 2151.0, 1877.0, 1612.0, 1354.0, 1070.0, 708.0, 389.0, 194.0], "tp_th sex group 1": [467.0, 381.0, 334.0, 274.0, 240.0, 206.0, 159.0, 117.0, 69.0, 34.0], "tp_th subgroup 0": [2426.0, 2280.0, 2065.0, 1804.0, 1544.0, 1300.0, 1032.0, 681.0, 371.0, 186.0],