{"accuracy": 0.8512499928474426, "accuracy race group 0": 0.844519317150116, "accuracy race group 1": 0.9149631857872009, "accuracy sex group 0": 0.8142873644828796, "accuracy sex group 1": 0.9260571599006653, "accuracy subgroup 0": 0.8096436858177185, "accuracy subgroup 1": 0.9207484722137451, "auc": 0.8841402530670166, "auc race group 0": 0.8811793923377991, "auc race group 1": 0.9018157720565796, "auc sex group 0": 0.868412971496582, "auc sex group 1": 0.8738563656806946, "auc subgroup 0": 0.8656494617462158, "auc subgroup 1": 0.8747506737709045, "aucpr": 0.7618081569671631, "fn": 1470.0, "fn race group 0": 1396.0, "fn race group 1": 74.0, "fn sex group 0": 1212.0, "fn sex group 1": 258.0, "fn subgroup 0": 1157.0, "fn subgroup 1": 239.0, "fn_th": [0.0, 248.0, 566.0, 893.0, 1197.0, 1470.0, 1782.0, 2147.0, 2481.0, 2711.0], "fn_th race group 0": [0.0, 237.0, 534.0, 846.0, 1140.0, 1396.0, 1695.0, 2048.0, 2374.0, 2592.0], "fn_th race group 1": [0.0, 11.0, 32.0, 47.0, 57.0, 74.0, 87.0, 99.0, 107.0, 119.0], "fn_th sex group 0": [0.0, 165.0, 421.0, 705.0, 966.0, 1212.0, 1484.0, 1800.0, 2090.0, 2287.0], "fn_th sex group 1": [0.0, 83.0, 145.0, 188.0, 231.0, 258.0, 298.0, 347.0, 391.0, 424.0], "fn_th subgroup 0": [0.0, 160.0, 401.0, 673.0, 926.0, 1157.0, 1416.0, 1725.0, 2009.0, 2197.0], "fn_th subgroup 1": [0.0, 77.0, 133.0, 173.0, 214.0, 239.0, 279.0, 323.0, 365.0, 395.0], "fnr": 0.49049049615859985, "fnr race group 0": 0.4884534776210785, "fnr race group 1": 0.5323740839958191, "fnr sex group 0": 0.4790513813495636, "fnr sex group 1": 0.5524625182151794, "fnr subgroup 0": 0.47691673040390015, "fnr subgroup 1": 0.5532407164573669, "fp": 434.0, "fp race group 0": 404.0, "fp race group 1": 30.0, "fp sex group 0": 379.0, "fp sex group 1": 55.0, "fp subgroup 0": 355.0, "fp subgroup 1": 49.0, "fp_th": [9803.0, 2861.0, 1681.0, 1068.0, 703.0, 434.0, 248.0, 101.0, 26.0, 3.0], "fp_th race group 0": [8719.0, 2670.0, 1575.0, 1005.0, 657.0, 404.0, 231.0, 92.0, 24.0, 3.0], "fp_th race group 1": [1084.0, 191.0, 106.0, 63.0, 46.0, 30.0, 17.0, 9.0, 2.0, 0.0], "fp_th sex group 0": [6037.0, 2404.0, 1456.0, 942.0, 610.0, 379.0, 215.0, 86.0, 22.0, 2.0], "fp_th sex group 1": [3766.0, 457.0, 225.0, 126.0, 93.0, 55.0, 33.0, 15.0, 4.0, 1.0], "fp_th subgroup 0": [5517.0, 2262.0, 1374.0, 891.0, 574.0, 355.0, 201.0, 78.0, 20.0, 2.0], "fp_th subgroup 1": [3202.0, 408.0, 201.0, 114.0, 83.0, 49.0, 30.0, 14.0, 4.0, 1.0], "fpr": 0.04427216202020645, "fpr race group 0": 0.04633558914065361, "fpr race group 1": 0.02767527662217617, "fpr sex group 0": 0.06277952343225479, "fpr sex group 1": 0.014604355208575726, "fpr subgroup 0": 0.0643465667963028, "fpr subgroup 1": 0.015302935615181923, "loss": 0.9833652973175049, "precision": 0.7786843180656433, "precision race group 0": 0.7834941148757935, "precision race group 1": 0.6842105388641357, "precision sex group 0": 0.776664674282074, "precision sex group 1": 0.7916666865348816, "precision subgroup 0": 0.7814039587974548, "precision subgroup 1": 0.797520637512207, "precision_th": [0.23414061963558197, 0.490017831325531, 0.5911964774131775, 0.6633039116859436, 0.7191370129585266, 0.7786843180656433, 0.8304852843284607, 0.8937960267066956, 0.9520295262336731, 0.9896193742752075], "precision_th race group 0": [0.2468687891960144, 0.49536949396133423, 0.5960502624511719, 0.666887640953064, 0.7233684062957764, 0.7834941148757935, 0.8342897891998291, 0.898004412651062, 0.9527559280395508, 0.9888476133346558], "precision_th race group 1": [0.11365494877099991, 0.40125390887260437, 0.5023474097251892, 0.5935483574867249, 0.640625, 0.6842105388641357, 0.7536231875419617, 0.8163265585899353, 0.9411764740943909, 1.0], "precision_th sex group 0": [0.29531925916671753, 0.4959110915660858, 0.5915848612785339, 0.6595590710639954, 0.7194111943244934, 0.776664674282074, 0.8295003771781921, 0.8946078419685364, 0.9523809552192688, 0.9918367266654968], "precision_th sex group 1": [0.11032364517450333, 0.45659929513931274, 0.5886654257774353, 0.6888889074325562, 0.7173252105712891, 0.7916666865348816, 0.8366336822509766, 0.8888888955116272, 0.949999988079071, 0.9772727489471436], "precision_th subgroup 0": [0.30542615056037903, 0.5004416704177856, 0.5957634449005127, 0.6630105972290039, 0.7232401371002197, 0.7814039587974548, 0.8340214490890503, 0.8998716473579407, 0.9542334079742432, 0.9913420081138611], "precision_th subgroup 1": [0.11887726932764053, 0.46526867151260376, 0.5979999899864197, 0.6943699717521667, 0.724252462387085, 0.797520637512207, 0.8360655903816223, 0.8861788511276245, 0.9436619877815247, 0.9736841917037964], "recall": 0.5095095038414001, "recall race group 0": 0.5115465521812439, "recall race group 1": 0.4676258862018585, "recall sex group 0": 0.520948588848114, "recall sex group 1": 0.44753748178482056, "recall subgroup 0": 0.5230832695960999, "recall subgroup 1": 0.44675925374031067, "recall_th": [1.0, 0.9172505736351013, 0.8111444711685181, 0.7020353674888611, 0.6006006002426147, 0.5095095038414001, 0.4054054021835327, 0.28361696004867554, 0.1721721738576889, 0.09542876482009888], "recall_th race group 0": [1.0, 0.9170748591423035, 0.8131560683250427, 0.703988790512085, 0.6011196374893188, 0.5115465521812439, 0.4069279134273529, 0.2834149897098541, 0.16934919357299805, 0.0930720791220665], "recall_th race group 1": [1.0, 0.9208633303642273, 0.769784152507782, 0.6618704795837402, 0.5899280309677124, 0.4676258862018585, 0.3741007149219513, 0.28776979446411133, 0.23021583259105682, 0.14388489723205566], "recall_th sex group 0": [1.0, 0.9347826242446899, 0.8335968255996704, 0.7213438749313354, 0.6181818246841431, 0.520948588848114, 0.41343873739242554, 0.28853756189346313, 0.17391304671764374, 0.09604743123054504], "recall_th sex group 1": [1.0, 0.8222697973251343, 0.6895074844360352, 0.597430408000946, 0.5053533315658569, 0.44753748178482056, 0.36188435554504395, 0.25695931911468506, 0.16274090111255646, 0.0920770913362503], "recall_th subgroup 0": [1.0, 0.9340478181838989, 0.8347073197364807, 0.7225885987281799, 0.6183017492294312, 0.5230832695960999, 0.41632315516471863, 0.2889530062675476, 0.17188787460327148, 0.09439406543970108], "recall_th subgroup 1": [1.0, 0.8217592835426331, 0.6921296119689941, 0.5995370149612427, 0.5046296119689941, 0.44675925374031067, 0.3541666567325592, 0.25231480598449707, 0.15509259700775146, 0.08564814925193787], "tn": 9369.0, "tn race group 0": 8315.0, "tn race group 1": 1054.0, "tn sex group 0": 5658.0, "tn sex group 1": 3711.0, "tn subgroup 0": 5162.0, "tn subgroup 1": 3153.0, "tn_th": [0.0, 6942.0, 8122.0, 8735.0, 9100.0, 9369.0, 9555.0, 9702.0, 9777.0, 9800.0], "tn_th race group 0": [0.0, 6049.0, 7144.0, 7714.0, 8062.0, 8315.0, 8488.0, 8627.0, 8695.0, 8716.0], "tn_th race group 1": [0.0, 893.0, 978.0, 1021.0, 1038.0, 1054.0, 1067.0, 1075.0, 1082.0, 1084.0], "tn_th sex group 0": [0.0, 3633.0, 4581.0, 5095.0, 5427.0, 5658.0, 5822.0, 5951.0, 6015.0, 6035.0], "tn_th sex group 1": [0.0, 3309.0, 3541.0, 3640.0, 3673.0, 3711.0, 3733.0, 3751.0, 3762.0, 3765.0], "tn_th subgroup 0": [0.0, 3255.0, 4143.0, 4626.0, 4943.0, 5162.0, 5316.0, 5439.0, 5497.0, 5515.0], "tn_th subgroup 1": [0.0, 2794.0, 3001.0, 3088.0, 3119.0, 3153.0, 3172.0, 3188.0, 3198.0, 3201.0], "tp": 1527.0, "tp race group 0": 1462.0, "tp race group 1": 65.0, "tp sex group 0": 1318.0, "tp sex group 1": 209.0, "tp subgroup 0": 1269.0, "tp subgroup 1": 193.0, "tp_th": [2997.0, 2749.0, 2431.0, 2104.0, 1800.0, 1527.0, 1215.0, 850.0, 516.0, 286.0], "tp_th race group 0": [2858.0, 2621.0, 2324.0, 2012.0, 1718.0, 1462.0, 1163.0, 810.0, 484.0, 266.0], "tp_th race group 1": [139.0, 128.0, 107.0, 92.0, 82.0, 65.0, 52.0, 40.0, 32.0, 20.0], "tp_th sex group 0": [2530.0, 2365.0, 2109.0, 1825.0, 1564.0, 1318.0, 1046.0, 730.0, 440.0, 243.0], "tp_th sex group 1": [467.0, 384.0, 322.0, 279.0, 236.0, 209.0, 169.0, 120.0, 76.0, 43.0], "tp_th subgroup 0": [2426.0, 2266.0, 2025.0, 1753.0, 1500.0, 1269.0, 1010.0, 701.0, 417.0, 229.0],