{"accuracy": 0.8506249785423279, "accuracy race group 0": 0.8438282608985901, "accuracy race group 1": 0.9149631857872009, "accuracy sex group 0": 0.8137037754058838, "accuracy sex group 1": 0.9253484606742859, "accuracy subgroup 0": 0.8092660307884216, "accuracy subgroup 1": 0.9193726181983948, "auc": 0.8788421750068665, "auc race group 0": 0.8752809166908264, "auc race group 1": 0.9046264290809631, "auc sex group 0": 0.8625743389129639, "auc sex group 1": 0.8659654259681702, "auc subgroup 0": 0.859307050704956, "auc subgroup 1": 0.8650926947593689, "aucpr": 0.7564325928688049, "fn": 1478.0, "fn race group 0": 1406.0, "fn race group 1": 72.0, "fn sex group 0": 1211.0, "fn sex group 1": 267.0, "fn subgroup 0": 1157.0, "fn subgroup 1": 249.0, "fn_th": [0.0, 279.0, 570.0, 904.0, 1217.0, 1478.0, 1837.0, 2234.0, 2548.0, 2787.0], "fn_th race group 0": [0.0, 266.0, 538.0, 858.0, 1159.0, 1406.0, 1749.0, 2131.0, 2437.0, 2658.0], "fn_th race group 1": [0.0, 13.0, 32.0, 46.0, 58.0, 72.0, 88.0, 103.0, 111.0, 129.0], "fn_th sex group 0": [0.0, 181.0, 423.0, 714.0, 976.0, 1211.0, 1520.0, 1879.0, 2146.0, 2351.0], "fn_th sex group 1": [0.0, 98.0, 147.0, 190.0, 241.0, 267.0, 317.0, 355.0, 402.0, 436.0], "fn_th subgroup 0": [0.0, 176.0, 403.0, 683.0, 934.0, 1157.0, 1453.0, 1801.0, 2061.0, 2254.0], "fn_th subgroup 1": [0.0, 90.0, 135.0, 175.0, 225.0, 249.0, 296.0, 330.0, 376.0, 404.0], "fnr": 0.49315983057022095, "fnr race group 0": 0.49195241928100586, "fnr race group 1": 0.5179855823516846, "fnr sex group 0": 0.4786561131477356, "fnr sex group 1": 0.5717344880104065, "fnr subgroup 0": 0.47691673040390015, "fnr subgroup 1": 0.5763888955116272, "fp": 434.0, "fp race group 0": 402.0, "fp race group 1": 32.0, "fp sex group 0": 385.0, "fp sex group 1": 49.0, "fp subgroup 0": 358.0, "fp subgroup 1": 44.0, "fp_th": [9803.0, 2696.0, 1737.0, 1086.0, 720.0, 434.0, 225.0, 80.0, 14.0, 2.0], "fp_th race group 0": [8719.0, 2529.0, 1634.0, 1017.0, 680.0, 402.0, 211.0, 74.0, 13.0, 2.0], "fp_th race group 1": [1084.0, 167.0, 103.0, 69.0, 40.0, 32.0, 14.0, 6.0, 1.0, 0.0], "fp_th sex group 0": [6037.0, 2295.0, 1521.0, 958.0, 636.0, 385.0, 202.0, 69.0, 12.0, 1.0], "fp_th sex group 1": [3766.0, 401.0, 216.0, 128.0, 84.0, 49.0, 23.0, 11.0, 2.0, 1.0], "fp_th subgroup 0": [5517.0, 2172.0, 1439.0, 903.0, 603.0, 358.0, 189.0, 64.0, 11.0, 1.0], "fp_th subgroup 1": [3202.0, 357.0, 195.0, 114.0, 77.0, 44.0, 22.0, 10.0, 2.0, 1.0], "fpr": 0.04427216202020645, "fpr race group 0": 0.04610620439052582, "fpr race group 1": 0.029520295560359955, "fpr sex group 0": 0.06377340108156204, "fpr sex group 1": 0.013011152856051922, "fpr subgroup 0": 0.06489033997058868, "fpr subgroup 1": 0.01374141126871109, "loss": 0.9954051971435547, "precision": 0.7777777910232544, "precision race group 0": 0.783171534538269, "precision race group 1": 0.6767676472663879, "precision sex group 0": 0.7740610241889954, "precision sex group 1": 0.8032128810882568, "precision subgroup 0": 0.7799631357192993, "precision subgroup 1": 0.8061674237251282, "precision_th": [0.23414061963558197, 0.5020317435264587, 0.5828530192375183, 0.6583831310272217, 0.7120000123977661, 0.7777777910232544, 0.8375450968742371, 0.9051008224487305, 0.9697624444961548, 0.9905660152435303], "precision_th race group 0": [0.2468687891960144, 0.5061511397361755, 0.5867475867271423, 0.6629101634025574, 0.7141656279563904, 0.783171534538269, 0.8401514887809753, 0.9076154828071594, 0.9700461030006409, 0.9900990128517151], "precision_th race group 1": [0.11365494877099991, 0.4300341308116913, 0.5095238089561462, 0.5740740895271301, 0.6694214940071106, 0.6767676472663879, 0.7846153974533081, 0.8571428656578064, 0.9655172228813171, 1.0], "precision_th sex group 0": [0.29531925916671753, 0.5058139562606812, 0.5807607769966125, 0.6546503305435181, 0.7095890641212463, 0.7740610241889954, 0.8333333134651184, 0.9041666388511658, 0.9696969985961914, 0.9944444298744202], "precision_th sex group 1": [0.11032364517450333, 0.47922077775001526, 0.5970149040222168, 0.6839506030082703, 0.7290322780609131, 0.8032128810882568, 0.8670520186424255, 0.9105691313743591, 0.9701492786407471, 0.96875], "precision_th subgroup 0": [0.30542615056037903, 0.5088195204734802, 0.5843443274497986, 0.658730149269104, 0.7121718525886536, 0.7799631357192993, 0.8373494148254395, 0.9071117639541626, 0.9707446694374084, 0.9942196607589722], "precision_th subgroup 1": [0.11887726932764053, 0.4892703890800476, 0.6036585569381714, 0.6927223801612854, 0.7288732528686523, 0.8061674237251282, 0.8607594966888428, 0.9107142686843872, 0.9655172228813171, 0.9655172228813171], "recall": 0.506840169429779, "recall race group 0": 0.5080475807189941, "recall race group 1": 0.48201438784599304, "recall sex group 0": 0.5213438868522644, "recall sex group 1": 0.4282655119895935, "recall subgroup 0": 0.5230832695960999, "recall subgroup 1": 0.4236111044883728, "recall_th": [1.0, 0.9069069027900696, 0.8098098039627075, 0.6983650326728821, 0.593927264213562, 0.506840169429779, 0.3870537281036377, 0.25458791851997375, 0.14981648325920105, 0.07007007300853729], "recall_th race group 0": [1.0, 0.9069279432296753, 0.8117564916610718, 0.6997900605201721, 0.5944716334342957, 0.5080475807189941, 0.38803359866142273, 0.254373699426651, 0.14730580151081085, 0.06997900456190109], "recall_th race group 1": [1.0, 0.9064748287200928, 0.769784152507782, 0.6690647602081299, 0.5827338099479675, 0.48201438784599304, 0.36690646409988403, 0.2589927911758423, 0.20143884420394897, 0.07194244861602783], "recall_th sex group 0": [1.0, 0.9284585118293762, 0.8328063488006592, 0.7177865505218506, 0.6142292618751526, 0.5213438868522644, 0.39920949935913086, 0.25731223821640015, 0.15177865326404572, 0.07075098901987076], "recall_th sex group 1": [1.0, 0.7901498675346375, 0.6852248311042786, 0.5931477546691895, 0.4839400351047516, 0.4282655119895935, 0.3211991488933563, 0.2398286908864975, 0.139186292886734, 0.06638115644454956], "recall_th subgroup 0": [1.0, 0.9274526238441467, 0.8338829278945923, 0.7184666395187378, 0.6150041222572327, 0.5230832695960999, 0.4010717272758484, 0.2576257288455963, 0.15045341849327087, 0.07089859992265701], "recall_th subgroup 1": [1.0, 0.7916666865348816, 0.6875, 0.5949074029922485, 0.4791666567325592, 0.4236111044883728, 0.31481480598449707, 0.2361111044883728, 0.12962962687015533, 0.06481481343507767], "tn": 9369.0, "tn race group 0": 8317.0, "tn race group 1": 1052.0, "tn sex group 0": 5652.0, "tn sex group 1": 3717.0, "tn subgroup 0": 5159.0, "tn subgroup 1": 3158.0, "tn_th": [0.0, 7107.0, 8066.0, 8717.0, 9083.0, 9369.0, 9578.0, 9723.0, 9789.0, 9801.0], "tn_th race group 0": [0.0, 6190.0, 7085.0, 7702.0, 8039.0, 8317.0, 8508.0, 8645.0, 8706.0, 8717.0], "tn_th race group 1": [0.0, 917.0, 981.0, 1015.0, 1044.0, 1052.0, 1070.0, 1078.0, 1083.0, 1084.0], "tn_th sex group 0": [0.0, 3742.0, 4516.0, 5079.0, 5401.0, 5652.0, 5835.0, 5968.0, 6025.0, 6036.0], "tn_th sex group 1": [0.0, 3365.0, 3550.0, 3638.0, 3682.0, 3717.0, 3743.0, 3755.0, 3764.0, 3765.0], "tn_th subgroup 0": [0.0, 3345.0, 4078.0, 4614.0, 4914.0, 5159.0, 5328.0, 5453.0, 5506.0, 5516.0], "tn_th subgroup 1": [0.0, 2845.0, 3007.0, 3088.0, 3125.0, 3158.0, 3180.0, 3192.0, 3200.0, 3201.0], "tp": 1519.0, "tp race group 0": 1452.0, "tp race group 1": 67.0, "tp sex group 0": 1319.0, "tp sex group 1": 200.0, "tp subgroup 0": 1269.0, "tp subgroup 1": 183.0, "tp_th": [2997.0, 2718.0, 2427.0, 2093.0, 1780.0, 1519.0, 1160.0, 763.0, 449.0, 210.0], "tp_th race group 0": [2858.0, 2592.0, 2320.0, 2000.0, 1699.0, 1452.0, 1109.0, 727.0, 421.0, 200.0], "tp_th race group 1": [139.0, 126.0, 107.0, 93.0, 81.0, 67.0, 51.0, 36.0, 28.0, 10.0], "tp_th sex group 0": [2530.0, 2349.0, 2107.0, 1816.0, 1554.0, 1319.0, 1010.0, 651.0, 384.0, 179.0], "tp_th sex group 1": [467.0, 369.0, 320.0, 277.0, 226.0, 200.0, 150.0, 112.0, 65.0, 31.0], "tp_th subgroup 0": [2426.0, 2250.0, 2023.0, 1743.0, 1492.0, 1269.0, 973.0, 625.0, 365.0, 172.0],