{"accuracy": 0.852734386920929, "accuracy race group 0": 0.8458150029182434, "accuracy race group 1": 0.9182338714599609, "accuracy sex group 0": 0.8170888423919678, "accuracy sex group 1": 0.9248759746551514, "accuracy subgroup 0": 0.8120357394218445, "accuracy subgroup 1": 0.919647753238678, "auc": 0.8799486756324768, "auc race group 0": 0.8766250014305115, "auc race group 1": 0.9055324196815491, "auc sex group 0": 0.8640877604484558, "auc sex group 1": 0.8676024079322815, "auc subgroup 0": 0.8607190847396851, "auc subgroup 1": 0.8685966730117798, "aucpr": 0.7568762302398682, "fn": 1408.0, "fn race group 0": 1338.0, "fn race group 1": 70.0, "fn sex group 0": 1140.0, "fn sex group 1": 268.0, "fn subgroup 0": 1090.0, "fn subgroup 1": 248.0, "fn_th": [0.0, 274.0, 572.0, 904.0, 1170.0, 1408.0, 1723.0, 2078.0, 2501.0, 2807.0], "fn_th race group 0": [0.0, 261.0, 539.0, 859.0, 1116.0, 1338.0, 1639.0, 1982.0, 2392.0, 2676.0], "fn_th race group 1": [0.0, 13.0, 33.0, 45.0, 54.0, 70.0, 84.0, 96.0, 109.0, 131.0], "fn_th sex group 0": [0.0, 181.0, 419.0, 711.0, 932.0, 1140.0, 1410.0, 1729.0, 2099.0, 2366.0], "fn_th sex group 1": [0.0, 93.0, 153.0, 193.0, 238.0, 268.0, 313.0, 349.0, 402.0, 441.0], "fn_th subgroup 0": [0.0, 177.0, 400.0, 681.0, 895.0, 1090.0, 1347.0, 1656.0, 2016.0, 2267.0], "fn_th subgroup 1": [0.0, 84.0, 139.0, 178.0, 221.0, 248.0, 292.0, 326.0, 376.0, 409.0], "fnr": 0.469803124666214, "fnr race group 0": 0.468159556388855, "fnr race group 1": 0.5035971403121948, "fnr sex group 0": 0.45059287548065186, "fnr sex group 1": 0.5738757848739624, "fnr subgroup 0": 0.44929924607276917, "fnr subgroup 1": 0.5740740895271301, "fp": 477.0, "fp race group 0": 447.0, "fp race group 1": 30.0, "fp sex group 0": 427.0, "fp sex group 1": 50.0, "fp subgroup 0": 403.0, "fp subgroup 1": 44.0, "fp_th": [9803.0, 2669.0, 1696.0, 1124.0, 741.0, 477.0, 284.0, 120.0, 24.0, 3.0], "fp_th race group 0": [8719.0, 2493.0, 1587.0, 1049.0, 695.0, 447.0, 269.0, 112.0, 23.0, 3.0], "fp_th race group 1": [1084.0, 176.0, 109.0, 75.0, 46.0, 30.0, 15.0, 8.0, 1.0, 0.0], "fp_th sex group 0": [6037.0, 2268.0, 1485.0, 990.0, 663.0, 427.0, 260.0, 108.0, 23.0, 2.0], "fp_th sex group 1": [3766.0, 401.0, 211.0, 134.0, 78.0, 50.0, 24.0, 12.0, 1.0, 1.0], "fp_th subgroup 0": [5517.0, 2139.0, 1399.0, 931.0, 625.0, 403.0, 246.0, 100.0, 22.0, 2.0], "fp_th subgroup 1": [3202.0, 354.0, 188.0, 118.0, 70.0, 44.0, 23.0, 12.0, 1.0, 1.0], "fpr": 0.048658572137355804, "fpr race group 0": 0.0512673482298851, "fpr race group 1": 0.02767527662217617, "fpr sex group 0": 0.07073049247264862, "fpr sex group 1": 0.01327668596059084, "fpr subgroup 0": 0.07304694503545761, "fpr subgroup 1": 0.01374141126871109, "loss": 0.9942059516906738, "precision": 0.7691190838813782, "precision race group 0": 0.7727503776550293, "precision race group 1": 0.6969696879386902, "precision sex group 0": 0.7649972438812256, "precision sex group 1": 0.7991967797279358, "precision subgroup 0": 0.7682576179504395, "precision subgroup 1": 0.8070175647735596, "precision_th": [0.23414061963558197, 0.5050074458122253, 0.5884494185447693, 0.6506061553955078, 0.711448609828949, 0.7691190838813782, 0.817715048789978, 0.8845043182373047, 0.9538461565971375, 0.984455943107605], "precision_th race group 0": [0.2468687891960144, 0.5102161169052124, 0.5937020182609558, 0.6558399200439453, 0.7148132920265198, 0.7727503776550293, 0.8192204236984253, 0.8866396546363831, 0.952965259552002, 0.9837837815284729], "precision_th race group 1": [0.11365494877099991, 0.41721853613853455, 0.49302324652671814, 0.5562130212783813, 0.6488549709320068, 0.6969696879386902, 0.7857142686843872, 0.843137264251709, 0.9677419066429138, 1.0], "precision_th sex group 0": [0.29531925916671753, 0.5087719559669495, 0.5870411396026611, 0.6475614309310913, 0.7067669034004211, 0.7649972438812256, 0.8115941882133484, 0.8811880946159363, 0.9493392109870911, 0.9879518151283264], "precision_th sex group 1": [0.11032364517450333, 0.48258063197135925, 0.5980952382087708, 0.6715686321258545, 0.7459283471107483, 0.7991967797279358, 0.8651685118675232, 0.9076923131942749, 0.9848484992980957, 0.9629629850387573], "precision_th subgroup 0": [0.30542615056037903, 0.5125342011451721, 0.591532826423645, 0.652092695236206, 0.7101113200187683, 0.7682576179504395, 0.8143396377563477, 0.8850574493408203, 0.9490740895271301, 0.9875776171684265], "precision_th subgroup 1": [0.11887726932764053, 0.49572649598121643, 0.6091476082801819, 0.6827957034111023, 0.7508896589279175, 0.8070175647735596, 0.8588957190513611, 0.8983050584793091, 0.9824561476707458, 0.9583333134651184], "recall": 0.5301968455314636, "recall race group 0": 0.531840443611145, "recall race group 1": 0.49640288949012756, "recall sex group 0": 0.5494071245193481, "recall sex group 1": 0.4261241853237152, "recall subgroup 0": 0.5507007241249084, "recall subgroup 1": 0.42592594027519226, "recall_th": [1.0, 0.9085752367973328, 0.8091424703598022, 0.6983650326728821, 0.6096096038818359, 0.5301968455314636, 0.42509177327156067, 0.30663996934890747, 0.16549883782863617, 0.06339672952890396], "recall_th race group 0": [1.0, 0.9086773991584778, 0.8114065527915955, 0.6994401812553406, 0.6095171570777893, 0.531840443611145, 0.42652204632759094, 0.30650803446769714, 0.1630510836839676, 0.06368089467287064], "recall_th race group 1": [1.0, 0.9064748287200928, 0.7625899314880371, 0.6762589812278748, 0.6115108132362366, 0.49640288949012756, 0.3956834673881531, 0.3093525171279907, 0.2158273309469223, 0.057553958147764206], "recall_th sex group 0": [1.0, 0.9284585118293762, 0.8343873620033264, 0.7189723253250122, 0.6316205263137817, 0.5494071245193481, 0.4426877498626709, 0.3166007995605469, 0.17035573720932007, 0.06482213735580444], "recall_th sex group 1": [1.0, 0.8008565306663513, 0.6723768711090088, 0.5867237448692322, 0.4903640151023865, 0.4261241853237152, 0.3297644555568695, 0.25267666578292847, 0.139186292886734, 0.05567451938986778], "recall_th subgroup 0": [1.0, 0.9270403981208801, 0.8351195454597473, 0.7192910313606262, 0.6310799717903137, 0.5507007241249084, 0.44476503133773804, 0.317394882440567, 0.1690024733543396, 0.06553998589515686], "recall_th subgroup 1": [1.0, 0.8055555820465088, 0.6782407164573669, 0.5879629850387573, 0.48842594027519226, 0.42592594027519226, 0.32407405972480774, 0.24537037312984467, 0.12962962687015533, 0.05324074253439903], "tn": 9326.0, "tn race group 0": 8272.0, "tn race group 1": 1054.0, "tn sex group 0": 5610.0, "tn sex group 1": 3716.0, "tn subgroup 0": 5114.0, "tn subgroup 1": 3158.0, "tn_th": [0.0, 7134.0, 8107.0, 8679.0, 9062.0, 9326.0, 9519.0, 9683.0, 9779.0, 9800.0], "tn_th race group 0": [0.0, 6226.0, 7132.0, 7670.0, 8024.0, 8272.0, 8450.0, 8607.0, 8696.0, 8716.0], "tn_th race group 1": [0.0, 908.0, 975.0, 1009.0, 1038.0, 1054.0, 1069.0, 1076.0, 1083.0, 1084.0], "tn_th sex group 0": [0.0, 3769.0, 4552.0, 5047.0, 5374.0, 5610.0, 5777.0, 5929.0, 6014.0, 6035.0], "tn_th sex group 1": [0.0, 3365.0, 3555.0, 3632.0, 3688.0, 3716.0, 3742.0, 3754.0, 3765.0, 3765.0], "tn_th subgroup 0": [0.0, 3378.0, 4118.0, 4586.0, 4892.0, 5114.0, 5271.0, 5417.0, 5495.0, 5515.0], "tn_th subgroup 1": [0.0, 2848.0, 3014.0, 3084.0, 3132.0, 3158.0, 3179.0, 3190.0, 3201.0, 3201.0], "tp": 1589.0, "tp race group 0": 1520.0, "tp race group 1": 69.0, "tp sex group 0": 1390.0, "tp sex group 1": 199.0, "tp subgroup 0": 1336.0, "tp subgroup 1": 184.0, "tp_th": [2997.0, 2723.0, 2425.0, 2093.0, 1827.0, 1589.0, 1274.0, 919.0, 496.0, 190.0], "tp_th race group 0": [2858.0, 2597.0, 2319.0, 1999.0, 1742.0, 1520.0, 1219.0, 876.0, 466.0, 182.0], "tp_th race group 1": [139.0, 126.0, 106.0, 94.0, 85.0, 69.0, 55.0, 43.0, 30.0, 8.0], "tp_th sex group 0": [2530.0, 2349.0, 2111.0, 1819.0, 1598.0, 1390.0, 1120.0, 801.0, 431.0, 164.0], "tp_th sex group 1": [467.0, 374.0, 314.0, 274.0, 229.0, 199.0, 154.0, 118.0, 65.0, 26.0], "tp_th subgroup 0": [2426.0, 2249.0, 2026.0, 1745.0, 1531.0, 1336.0, 1079.0, 770.0, 410.0, 159.0],