{"accuracy": 0.8508594036102295, "accuracy race group 0": 0.8437418937683105, "accuracy race group 1": 0.9182338714599609, "accuracy sex group 0": 0.8142873644828796, "accuracy sex group 1": 0.9248759746551514, "accuracy subgroup 0": 0.8093919157981873, "accuracy subgroup 1": 0.9188222289085388, "auc": 0.8792967796325684, "auc race group 0": 0.8768491148948669, "auc race group 1": 0.8839828372001648, "auc sex group 0": 0.8639743328094482, "auc sex group 1": 0.8677366375923157, "auc subgroup 0": 0.8612865209579468, "auc subgroup 1": 0.8705825209617615, "aucpr": 0.7583495378494263, "fn": 1445.0, "fn race group 0": 1375.0, "fn race group 1": 70.0, "fn sex group 0": 1185.0, "fn sex group 1": 260.0, "fn subgroup 0": 1132.0, "fn subgroup 1": 243.0, "fn_th": [0.0, 280.0, 571.0, 882.0, 1166.0, 1445.0, 1786.0, 2205.0, 2538.0, 2795.0], "fn_th race group 0": [0.0, 262.0, 539.0, 839.0, 1107.0, 1375.0, 1697.0, 2105.0, 2428.0, 2666.0], "fn_th race group 1": [0.0, 18.0, 32.0, 43.0, 59.0, 70.0, 89.0, 100.0, 110.0, 129.0], "fn_th sex group 0": [0.0, 190.0, 432.0, 699.0, 941.0, 1185.0, 1478.0, 1843.0, 2132.0, 2356.0], "fn_th sex group 1": [0.0, 90.0, 139.0, 183.0, 225.0, 260.0, 308.0, 362.0, 406.0, 439.0], "fn_th subgroup 0": [0.0, 181.0, 412.0, 670.0, 898.0, 1132.0, 1410.0, 1768.0, 2048.0, 2258.0], "fn_th subgroup 1": [0.0, 81.0, 127.0, 169.0, 209.0, 243.0, 287.0, 337.0, 380.0, 408.0], "fnr": 0.48214882612228394, "fnr race group 0": 0.48110565543174744, "fnr race group 1": 0.5035971403121948, "fnr sex group 0": 0.4683794379234314, "fnr sex group 1": 0.556745171546936, "fnr subgroup 0": 0.46661171317100525, "fnr subgroup 1": 0.5625, "fp": 464.0, "fp race group 0": 434.0, "fp race group 1": 30.0, "fp sex group 0": 406.0, "fp sex group 1": 58.0, "fp subgroup 0": 382.0, "fp subgroup 1": 52.0, "fp_th": [9803.0, 2689.0, 1674.0, 1102.0, 713.0, 464.0, 253.0, 80.0, 22.0, 3.0], "fp_th race group 0": [8719.0, 2511.0, 1571.0, 1032.0, 670.0, 434.0, 237.0, 74.0, 21.0, 3.0], "fp_th race group 1": [1084.0, 178.0, 103.0, 70.0, 43.0, 30.0, 16.0, 6.0, 1.0, 0.0], "fp_th sex group 0": [6037.0, 2239.0, 1443.0, 965.0, 628.0, 406.0, 227.0, 66.0, 20.0, 2.0], "fp_th sex group 1": [3766.0, 450.0, 231.0, 137.0, 85.0, 58.0, 26.0, 14.0, 2.0, 1.0], "fp_th subgroup 0": [5517.0, 2110.0, 1364.0, 909.0, 596.0, 382.0, 214.0, 61.0, 19.0, 2.0], "fp_th subgroup 1": [3202.0, 401.0, 207.0, 123.0, 74.0, 52.0, 23.0, 13.0, 2.0, 1.0], "fpr": 0.04733245074748993, "fpr race group 0": 0.0497763492166996, "fpr race group 1": 0.02767527662217617, "fpr sex group 0": 0.06725194305181503, "fpr sex group 1": 0.015400956384837627, "fpr subgroup 0": 0.06924053281545639, "fpr subgroup 1": 0.016239849850535393, "loss": 0.9958673715591431, "precision": 0.7698412537574768, "precision race group 0": 0.7736045718193054, "precision race group 1": 0.6969696879386902, "precision sex group 0": 0.7681325078010559, "precision sex group 1": 0.7811321020126343, "precision subgroup 0": 0.7720763683319092, "precision subgroup 1": 0.7842323780059814, "precision_th": [0.23414061963558197, 0.5025897026062012, 0.5917072892189026, 0.6574448347091675, 0.7197327017784119, 0.7698412537574768, 0.8271858096122742, 0.9082568883895874, 0.9542619585990906, 0.9853658676147461], "precision_th race group 0": [0.2468687891960144, 0.5083219408988953, 0.5961439609527588, 0.6617502570152283, 0.7232548594474792, 0.7736045718193054, 0.8304721117019653, 0.9105199575424194, 0.9534367918968201, 0.9846153855323792], "precision_th race group 1": [0.11365494877099991, 0.4046822786331177, 0.5095238089561462, 0.5783132314682007, 0.6504064798355103, 0.6969696879386902, 0.7575757503509521, 0.8666666746139526, 0.9666666388511658, 1.0], "precision_th sex group 0": [0.29531925916671753, 0.5110285878181458, 0.5924879908561707, 0.6548640727996826, 0.7167343497276306, 0.7681325078010559, 0.8225175738334656, 0.912350594997406, 0.9521530866622925, 0.9886363744735718], "precision_th sex group 1": [0.11032364517450333, 0.4558645784854889, 0.5867620706558228, 0.6745843291282654, 0.7400611639022827, 0.7811321020126343, 0.8594594597816467, 0.8823529481887817, 0.9682539701461792, 0.9655172228813171], "precision_th subgroup 0": [0.30542615056037903, 0.5154994130134583, 0.596210777759552, 0.6589118242263794, 0.7193973660469055, 0.7720763683319092, 0.8260162472724915, 0.9151599407196045, 0.9521410465240479, 0.9882352948188782], "precision_th subgroup 1": [0.11887726932764053, 0.46675533056259155, 0.595703125, 0.681347131729126, 0.7508417367935181, 0.7842323780059814, 0.863095223903656, 0.8796296119689941, 0.9629629850387573, 0.9599999785423279], "recall": 0.5178511738777161, "recall race group 0": 0.5188943147659302, "recall race group 1": 0.49640288949012756, "recall sex group 0": 0.5316205620765686, "recall sex group 1": 0.44325482845306396, "recall subgroup 0": 0.5333883166313171, "recall subgroup 1": 0.4375, "recall_th": [1.0, 0.9065732359886169, 0.8094761371612549, 0.7057057023048401, 0.6109442710876465, 0.5178511738777161, 0.40407073497772217, 0.2642642557621002, 0.15315315127372742, 0.0674007311463356], "recall_th race group 0": [1.0, 0.9083275198936462, 0.8114065527915955, 0.7064380645751953, 0.6126661896705627, 0.5188943147659302, 0.40622812509536743, 0.26347094774246216, 0.15045486390590668, 0.0671798437833786], "recall_th race group 1": [1.0, 0.8705036044120789, 0.769784152507782, 0.6906474828720093, 0.5755395889282227, 0.49640288949012756, 0.35971224308013916, 0.28057554364204407, 0.20863309502601624, 0.07194244861602783], "recall_th sex group 0": [1.0, 0.9249011874198914, 0.8292490243911743, 0.7237154245376587, 0.6280632615089417, 0.5316205620765686, 0.4158102869987488, 0.2715415060520172, 0.15731225907802582, 0.06877470016479492], "recall_th sex group 1": [1.0, 0.8072805404663086, 0.7023554444313049, 0.6081370711326599, 0.5182012915611267, 0.44325482845306396, 0.340471088886261, 0.22483940422534943, 0.13062098622322083, 0.059957172721624374], "recall_th subgroup 0": [1.0, 0.9253916144371033, 0.830173134803772, 0.723825216293335, 0.6298433542251587, 0.5333883166313171, 0.4187963604927063, 0.2712283730506897, 0.15581203997135162, 0.06924979388713837], "recall_th subgroup 1": [1.0, 0.8125, 0.7060185074806213, 0.6087962985038757, 0.5162037014961243, 0.4375, 0.33564814925193787, 0.21990740299224854, 0.12037037312984467, 0.0555555559694767], "tn": 9339.0, "tn race group 0": 8285.0, "tn race group 1": 1054.0, "tn sex group 0": 5631.0, "tn sex group 1": 3708.0, "tn subgroup 0": 5135.0, "tn subgroup 1": 3150.0, "tn_th": [0.0, 7114.0, 8129.0, 8701.0, 9090.0, 9339.0, 9550.0, 9723.0, 9781.0, 9800.0], "tn_th race group 0": [0.0, 6208.0, 7148.0, 7687.0, 8049.0, 8285.0, 8482.0, 8645.0, 8698.0, 8716.0], "tn_th race group 1": [0.0, 906.0, 981.0, 1014.0, 1041.0, 1054.0, 1068.0, 1078.0, 1083.0, 1084.0], "tn_th sex group 0": [0.0, 3798.0, 4594.0, 5072.0, 5409.0, 5631.0, 5810.0, 5971.0, 6017.0, 6035.0], "tn_th sex group 1": [0.0, 3316.0, 3535.0, 3629.0, 3681.0, 3708.0, 3740.0, 3752.0, 3764.0, 3765.0], "tn_th subgroup 0": [0.0, 3407.0, 4153.0, 4608.0, 4921.0, 5135.0, 5303.0, 5456.0, 5498.0, 5515.0], "tn_th subgroup 1": [0.0, 2801.0, 2995.0, 3079.0, 3128.0, 3150.0, 3179.0, 3189.0, 3200.0, 3201.0], "tp": 1552.0, "tp race group 0": 1483.0, "tp race group 1": 69.0, "tp sex group 0": 1345.0, "tp sex group 1": 207.0, "tp subgroup 0": 1294.0, "tp subgroup 1": 189.0, "tp_th": [2997.0, 2717.0, 2426.0, 2115.0, 1831.0, 1552.0, 1211.0, 792.0, 459.0, 202.0], "tp_th race group 0": [2858.0, 2596.0, 2319.0, 2019.0, 1751.0, 1483.0, 1161.0, 753.0, 430.0, 192.0], "tp_th race group 1": [139.0, 121.0, 107.0, 96.0, 80.0, 69.0, 50.0, 39.0, 29.0, 10.0], "tp_th sex group 0": [2530.0, 2340.0, 2098.0, 1831.0, 1589.0, 1345.0, 1052.0, 687.0, 398.0, 174.0], "tp_th sex group 1": [467.0, 377.0, 328.0, 284.0, 242.0, 207.0, 159.0, 105.0, 61.0, 28.0], "tp_th subgroup 0": [2426.0, 2245.0, 2014.0, 1756.0, 1528.0, 1294.0, 1016.0, 658.0, 378.0, 168.0],