{"accuracy": 0.8510156273841858, "accuracy race group 0": 0.844519317150116, "accuracy race group 1": 0.9125102162361145, "accuracy sex group 0": 0.8146375417709351, "accuracy sex group 1": 0.9246397614479065, "accuracy subgroup 0": 0.8102731704711914, "accuracy subgroup 1": 0.9193726181983948, "auc": 0.8778931498527527, "auc race group 0": 0.8750461339950562, "auc race group 1": 0.8899194002151489, "auc sex group 0": 0.8619136810302734, "auc sex group 1": 0.8714314103126526, "auc subgroup 0": 0.8593866229057312, "auc subgroup 1": 0.8703165054321289, "aucpr": 0.7540169358253479, "fn": 1404.0, "fn race group 0": 1331.0, "fn race group 1": 73.0, "fn sex group 0": 1142.0, "fn sex group 1": 262.0, "fn subgroup 0": 1087.0, "fn subgroup 1": 244.0, "fn_th": [0.0, 281.0, 600.0, 873.0, 1141.0, 1404.0, 1720.0, 2166.0, 2552.0, 2812.0], "fn_th race group 0": [0.0, 265.0, 565.0, 827.0, 1087.0, 1331.0, 1635.0, 2066.0, 2443.0, 2682.0], "fn_th race group 1": [0.0, 16.0, 35.0, 46.0, 54.0, 73.0, 85.0, 100.0, 109.0, 130.0], "fn_th sex group 0": [0.0, 198.0, 446.0, 681.0, 914.0, 1142.0, 1430.0, 1812.0, 2145.0, 2369.0], "fn_th sex group 1": [0.0, 83.0, 154.0, 192.0, 227.0, 262.0, 290.0, 354.0, 407.0, 443.0], "fn_th subgroup 0": [0.0, 189.0, 423.0, 650.0, 877.0, 1087.0, 1365.0, 1736.0, 2062.0, 2271.0], "fn_th subgroup 1": [0.0, 76.0, 142.0, 177.0, 210.0, 244.0, 270.0, 330.0, 381.0, 411.0], "fnr": 0.46846845746040344, "fnr race group 0": 0.46571028232574463, "fnr race group 1": 0.5251798629760742, "fnr sex group 0": 0.45138341188430786, "fnr sex group 1": 0.5610278248786926, "fnr subgroup 0": 0.4480626583099365, "fnr subgroup 1": 0.5648148059844971, "fp": 503.0, "fp race group 0": 469.0, "fp race group 1": 34.0, "fp sex group 0": 446.0, "fp sex group 1": 57.0, "fp subgroup 0": 420.0, "fp subgroup 1": 49.0, "fp_th": [9803.0, 2655.0, 1661.0, 1128.0, 778.0, 503.0, 278.0, 114.0, 18.0, 3.0], "fp_th race group 0": [8719.0, 2484.0, 1562.0, 1061.0, 732.0, 469.0, 260.0, 106.0, 17.0, 3.0], "fp_th race group 1": [1084.0, 171.0, 99.0, 67.0, 46.0, 34.0, 18.0, 8.0, 1.0, 0.0], "fp_th sex group 0": [6037.0, 2206.0, 1427.0, 985.0, 693.0, 446.0, 248.0, 98.0, 15.0, 2.0], "fp_th sex group 1": [3766.0, 449.0, 234.0, 143.0, 85.0, 57.0, 30.0, 16.0, 3.0, 1.0], "fp_th subgroup 0": [5517.0, 2085.0, 1350.0, 934.0, 658.0, 420.0, 232.0, 91.0, 14.0, 2.0], "fp_th subgroup 1": [3202.0, 399.0, 212.0, 127.0, 74.0, 49.0, 28.0, 15.0, 3.0, 1.0], "fpr": 0.05131082236766815, "fpr race group 0": 0.05379057303071022, "fpr race group 1": 0.03136531263589859, "fpr sex group 0": 0.07387775182723999, "fpr sex group 1": 0.015135422348976135, "fpr subgroup 0": 0.07612833380699158, "fpr subgroup 1": 0.015302935615181923, "loss": 1.0005972385406494, "precision": 0.760019063949585, "precision race group 0": 0.7650300860404968, "precision race group 1": 0.6600000262260437, "precision sex group 0": 0.7568157315254211, "precision sex group 1": 0.7824427485466003, "precision subgroup 0": 0.7612279653549194, "precision subgroup 1": 0.7932489514350891, "precision_th": [0.23414061963558197, 0.505678653717041, 0.5906850695610046, 0.6531365513801575, 0.7046317458152771, 0.760019063949585, 0.8212218880653381, 0.879365086555481, 0.9611231088638306, 0.9840425252914429], "precision_th race group 0": [0.2468687891960144, 0.5107346773147583, 0.5948119163513184, 0.6568564176559448, 0.7075509428977966, 0.7650300860404968, 0.8246797323226929, 0.8819599151611328, 0.9606481194496155, 0.9832402467727661], "precision_th race group 1": [0.11365494877099991, 0.4183673560619354, 0.5123152732849121, 0.581250011920929, 0.6488549709320068, 0.6600000262260437, 0.75, 0.8297872543334961, 0.9677419066429138, 1.0], "precision_th sex group 0": [0.29531925916671753, 0.5138827562332153, 0.5935630798339844, 0.6524347066879272, 0.6998700499534607, 0.7568157315254211, 0.8160237669944763, 0.8799019455909729, 0.9624999761581421, 0.987730085849762], "precision_th sex group 1": [0.11032364517450333, 0.46098437905311584, 0.5722120404243469, 0.6578947305679321, 0.7384615540504456, 0.7824427485466003, 0.8550724387168884, 0.8759689927101135, 0.9523809552192688, 0.9599999785423279], "precision_th subgroup 0": [0.30542615056037903, 0.5175844430923462, 0.5973755121231079, 0.6553505659103394, 0.7018577456474304, 0.7612279653549194, 0.8205723166465759, 0.8834826946258545, 0.9629629850387573, 0.987261176109314], "precision_th subgroup 1": [0.11887726932764053, 0.4715231657028198, 0.5776892304420471, 0.6675392389297485, 0.75, 0.7932489514350891, 0.8526315689086914, 0.8717948794364929, 0.9444444179534912, 0.9545454382896423], "recall": 0.5315315127372742, "recall race group 0": 0.5342897176742554, "recall race group 1": 0.4748201370239258, "recall sex group 0": 0.5486165881156921, "recall sex group 1": 0.4389721751213074, "recall subgroup 0": 0.5519373416900635, "recall subgroup 1": 0.43518519401550293, "recall_th": [1.0, 0.9062395691871643, 0.7997997999191284, 0.7087087035179138, 0.6192859411239624, 0.5315315127372742, 0.4260927736759186, 0.27727729082107544, 0.1484818160533905, 0.06172839552164078], "recall_th race group 0": [1.0, 0.9072778224945068, 0.8023093342781067, 0.7106367945671082, 0.6196640729904175, 0.5342897176742554, 0.4279216229915619, 0.2771168649196625, 0.14520643651485443, 0.06158152595162392], "recall_th race group 1": [1.0, 0.8848921060562134, 0.7482014298439026, 0.6690647602081299, 0.6115108132362366, 0.4748201370239258, 0.3884892165660858, 0.28057554364204407, 0.2158273309469223, 0.06474819779396057], "recall_th sex group 0": [1.0, 0.9217391014099121, 0.8237153887748718, 0.7308300137519836, 0.6387351751327515, 0.5486165881156921, 0.43478259444236755, 0.28379446268081665, 0.15217390656471252, 0.06363636255264282], "recall_th sex group 1": [1.0, 0.8222697973251343, 0.6702355742454529, 0.5888651013374329, 0.5139186382293701, 0.4389721751213074, 0.3790149986743927, 0.2419700175523758, 0.12847965955734253, 0.05139186233282089], "recall_th subgroup 0": [1.0, 0.9220939874649048, 0.8256388902664185, 0.7320692539215088, 0.6384996175765991, 0.5519373416900635, 0.437345415353775, 0.2844187915325165, 0.15004122257232666, 0.06389117985963821], "recall_th subgroup 1": [1.0, 0.8240740895271301, 0.6712962985038757, 0.5902777910232544, 0.5138888955116272, 0.43518519401550293, 0.375, 0.2361111044883728, 0.1180555522441864, 0.0486111119389534], "tn": 9300.0, "tn race group 0": 8250.0, "tn race group 1": 1050.0, "tn sex group 0": 5591.0, "tn sex group 1": 3709.0, "tn subgroup 0": 5097.0, "tn subgroup 1": 3153.0, "tn_th": [0.0, 7148.0, 8142.0, 8675.0, 9025.0, 9300.0, 9525.0, 9689.0, 9785.0, 9800.0], "tn_th race group 0": [0.0, 6235.0, 7157.0, 7658.0, 7987.0, 8250.0, 8459.0, 8613.0, 8702.0, 8716.0], "tn_th race group 1": [0.0, 913.0, 985.0, 1017.0, 1038.0, 1050.0, 1066.0, 1076.0, 1083.0, 1084.0], "tn_th sex group 0": [0.0, 3831.0, 4610.0, 5052.0, 5344.0, 5591.0, 5789.0, 5939.0, 6022.0, 6035.0], "tn_th sex group 1": [0.0, 3317.0, 3532.0, 3623.0, 3681.0, 3709.0, 3736.0, 3750.0, 3763.0, 3765.0], "tn_th subgroup 0": [0.0, 3432.0, 4167.0, 4583.0, 4859.0, 5097.0, 5285.0, 5426.0, 5503.0, 5515.0], "tn_th subgroup 1": [0.0, 2803.0, 2990.0, 3075.0, 3128.0, 3153.0, 3174.0, 3187.0, 3199.0, 3201.0], "tp": 1593.0, "tp race group 0": 1527.0, "tp race group 1": 66.0, "tp sex group 0": 1388.0, "tp sex group 1": 205.0, "tp subgroup 0": 1339.0, "tp subgroup 1": 188.0, "tp_th": [2997.0, 2716.0, 2397.0, 2124.0, 1856.0, 1593.0, 1277.0, 831.0, 445.0, 185.0], "tp_th race group 0": [2858.0, 2593.0, 2293.0, 2031.0, 1771.0, 1527.0, 1223.0, 792.0, 415.0, 176.0], "tp_th race group 1": [139.0, 123.0, 104.0, 93.0, 85.0, 66.0, 54.0, 39.0, 30.0, 9.0], "tp_th sex group 0": [2530.0, 2332.0, 2084.0, 1849.0, 1616.0, 1388.0, 1100.0, 718.0, 385.0, 161.0], "tp_th sex group 1": [467.0, 384.0, 313.0, 275.0, 240.0, 205.0, 177.0, 113.0, 60.0, 24.0], "tp_th subgroup 0": [2426.0, 2237.0, 2003.0, 1776.0, 1549.0, 1339.0, 1061.0, 690.0, 364.0, 155.0],