{"accuracy": 0.8464062213897705, "accuracy race group 0": 0.839336633682251, "accuracy race group 1": 0.9133278727531433, "accuracy sex group 0": 0.8081008791923523, "accuracy sex group 1": 0.9239310026168823, "accuracy subgroup 0": 0.8030970692634583, "accuracy subgroup 1": 0.9185470342636108, "auc": 0.8777990937232971, "auc race group 0": 0.8745607733726501, "auc race group 1": 0.9004619121551514, "auc sex group 0": 0.8625631928443909, "auc sex group 1": 0.8642069697380066, "auc subgroup 0": 0.8595269322395325, "auc subgroup 1": 0.8636597394943237, "aucpr": 0.7537216544151306, "fn": 1576.0, "fn race group 0": 1496.0, "fn race group 1": 80.0, "fn sex group 0": 1302.0, "fn sex group 1": 274.0, "fn subgroup 0": 1242.0, "fn subgroup 1": 254.0, "fn_th": [0.0, 262.0, 585.0, 951.0, 1285.0, 1576.0, 1883.0, 2245.0, 2515.0, 2746.0], "fn_th race group 0": [0.0, 250.0, 552.0, 902.0, 1220.0, 1496.0, 1793.0, 2143.0, 2405.0, 2625.0], "fn_th race group 1": [0.0, 12.0, 33.0, 49.0, 65.0, 80.0, 90.0, 102.0, 110.0, 121.0], "fn_th sex group 0": [0.0, 174.0, 434.0, 751.0, 1045.0, 1302.0, 1572.0, 1882.0, 2123.0, 2318.0], "fn_th sex group 1": [0.0, 88.0, 151.0, 200.0, 240.0, 274.0, 311.0, 363.0, 392.0, 428.0], "fn_th subgroup 0": [0.0, 170.0, 414.0, 718.0, 998.0, 1242.0, 1502.0, 1804.0, 2039.0, 2226.0], "fn_th subgroup 1": [0.0, 80.0, 138.0, 184.0, 222.0, 254.0, 291.0, 339.0, 366.0, 399.0], "fnr": 0.5258591771125793, "fnr race group 0": 0.5234429836273193, "fnr race group 1": 0.5755395889282227, "fnr sex group 0": 0.5146244764328003, "fnr sex group 1": 0.5867237448692322, "fnr subgroup 0": 0.5119538307189941, "fnr subgroup 1": 0.5879629850387573, "fp": 390.0, "fp race group 0": 364.0, "fp race group 1": 26.0, "fp sex group 0": 342.0, "fp sex group 1": 48.0, "fp subgroup 0": 322.0, "fp subgroup 1": 42.0, "fp_th": [9803.0, 2816.0, 1699.0, 1037.0, 617.0, 390.0, 210.0, 78.0, 21.0, 4.0], "fp_th race group 0": [8719.0, 2625.0, 1589.0, 974.0, 577.0, 364.0, 195.0, 72.0, 20.0, 4.0], "fp_th race group 1": [1084.0, 191.0, 110.0, 63.0, 40.0, 26.0, 15.0, 6.0, 1.0, 0.0], "fp_th sex group 0": [6037.0, 2347.0, 1470.0, 911.0, 539.0, 342.0, 182.0, 66.0, 18.0, 3.0], "fp_th sex group 1": [3766.0, 469.0, 229.0, 126.0, 78.0, 48.0, 28.0, 12.0, 3.0, 1.0], "fp_th subgroup 0": [5517.0, 2207.0, 1386.0, 863.0, 509.0, 322.0, 171.0, 61.0, 17.0, 3.0], "fp_th subgroup 1": [3202.0, 418.0, 203.0, 111.0, 68.0, 42.0, 24.0, 11.0, 3.0, 1.0], "fpr": 0.03978373855352402, "fpr race group 0": 0.04174790531396866, "fpr race group 1": 0.02398524060845375, "fpr sex group 0": 0.05665065348148346, "fpr sex group 1": 0.01274561882019043, "fpr subgroup 0": 0.05836505442857742, "fpr subgroup 1": 0.013116802088916302, "loss": 1.004350185394287, "precision": 0.7846493721008301, "precision race group 0": 0.7891077399253845, "precision race group 1": 0.6941176652908325, "precision sex group 0": 0.7821655869483948, "precision sex group 1": 0.8008298873901367, "precision subgroup 0": 0.7861886024475098, "precision subgroup 1": 0.8090909123420715, "precision_th": [0.23414061963558197, 0.49270400404930115, 0.5867185592651367, 0.6636393070220947, 0.7350794076919556, 0.7846493721008301, 0.8413897156715393, 0.9060240983963013, 0.9582505226135254, 0.9843137264251709], "precision_th race group 0": [0.2468687891960144, 0.49837568402290344, 0.5920410752296448, 0.667576789855957, 0.7395033836364746, 0.7891077399253845, 0.8452380895614624, 0.9085133671760559, 0.957716703414917, 0.9831223487854004], "precision_th race group 1": [0.11365494877099991, 0.39937105774879456, 0.49074074625968933, 0.5882353186607361, 0.6491228342056274, 0.6941176652908325, 0.765625, 0.8604651093482971, 0.9666666388511658, 1.0], "precision_th sex group 0": [0.29531925916671753, 0.5009568333625793, 0.5877734422683716, 0.6613382697105408, 0.7336956262588501, 0.7821655869483948, 0.840350866317749, 0.9075630307197571, 0.9576470851898193, 0.9860464930534363], "precision_th sex group 1": [0.11032364517450333, 0.44693395495414734, 0.5798165202140808, 0.6793892979621887, 0.7442622780799866, 0.8008298873901367, 0.8478260636329651, 0.8965517282485962, 0.9615384340286255, 0.9750000238418579], "precision_th subgroup 0": [0.30542615056037903, 0.5054895877838135, 0.5921130180358887, 0.664332926273346, 0.7372224926948547, 0.7861886024475098, 0.8438355922698975, 0.9106881618499756, 0.9579207897186279, 0.9852216839790344], "precision_th subgroup 1": [0.11887726932764053, 0.4571428596973419, 0.591549277305603, 0.6908078193664551, 0.7553957104682922, 0.8090909123420715, 0.8545454740524292, 0.8942307829856873, 0.95652174949646, 0.970588207244873], "recall": 0.47414079308509827, "recall race group 0": 0.47655704617500305, "recall race group 1": 0.42446044087409973, "recall sex group 0": 0.4853754937648773, "recall sex group 1": 0.41327622532844543, "recall subgroup 0": 0.48804616928100586, "recall subgroup 1": 0.41203704476356506, "recall_th": [1.0, 0.9125792384147644, 0.804804801940918, 0.6826826930046082, 0.5712379217147827, 0.47414079308509827, 0.371705025434494, 0.25091758370399475, 0.16082748770713806, 0.083750419318676], "recall_th race group 0": [1.0, 0.9125262498855591, 0.8068579435348511, 0.6843946576118469, 0.5731280446052551, 0.47655704617500305, 0.37263819575309753, 0.25017493963241577, 0.15850244462490082, 0.0815255418419838], "recall_th race group 1": [1.0, 0.9136690497398376, 0.7625899314880371, 0.6474820375442505, 0.5323740839958191, 0.42446044087409973, 0.3525179922580719, 0.26618704199790955, 0.20863309502601624, 0.12949639558792114], "recall_th sex group 0": [1.0, 0.9312252998352051, 0.8284584879875183, 0.7031620740890503, 0.5869565010070801, 0.4853754937648773, 0.3786561191082001, 0.2561264932155609, 0.1608695685863495, 0.08379446715116501], "recall_th sex group 1": [1.0, 0.8115631937980652, 0.6766595244407654, 0.5717344880104065, 0.4860813617706299, 0.41327622532844543, 0.3340471088886261, 0.22269807755947113, 0.16059957444667816, 0.08351177722215652], "recall_th subgroup 0": [1.0, 0.929925799369812, 0.8293487429618835, 0.7040395736694336, 0.5886232256889343, 0.48804616928100586, 0.3808738589286804, 0.2563891112804413, 0.15952184796333313, 0.08244022727012634], "recall_th subgroup 1": [1.0, 0.8148148059844971, 0.6805555820465088, 0.5740740895271301, 0.4861111044883728, 0.41203704476356506, 0.3263888955116272, 0.2152777761220932, 0.1527777761220932, 0.0763888880610466], "tn": 9413.0, "tn race group 0": 8355.0, "tn race group 1": 1058.0, "tn sex group 0": 5695.0, "tn sex group 1": 3718.0, "tn subgroup 0": 5195.0, "tn subgroup 1": 3160.0, "tn_th": [0.0, 6987.0, 8104.0, 8766.0, 9186.0, 9413.0, 9593.0, 9725.0, 9782.0, 9799.0], "tn_th race group 0": [0.0, 6094.0, 7130.0, 7745.0, 8142.0, 8355.0, 8524.0, 8647.0, 8699.0, 8715.0], "tn_th race group 1": [0.0, 893.0, 974.0, 1021.0, 1044.0, 1058.0, 1069.0, 1078.0, 1083.0, 1084.0], "tn_th sex group 0": [0.0, 3690.0, 4567.0, 5126.0, 5498.0, 5695.0, 5855.0, 5971.0, 6019.0, 6034.0], "tn_th sex group 1": [0.0, 3297.0, 3537.0, 3640.0, 3688.0, 3718.0, 3738.0, 3754.0, 3763.0, 3765.0], "tn_th subgroup 0": [0.0, 3310.0, 4131.0, 4654.0, 5008.0, 5195.0, 5346.0, 5456.0, 5500.0, 5514.0], "tn_th subgroup 1": [0.0, 2784.0, 2999.0, 3091.0, 3134.0, 3160.0, 3178.0, 3191.0, 3199.0, 3201.0], "tp": 1421.0, "tp race group 0": 1362.0, "tp race group 1": 59.0, "tp sex group 0": 1228.0, "tp sex group 1": 193.0, "tp subgroup 0": 1184.0, "tp subgroup 1": 178.0, "tp_th": [2997.0, 2735.0, 2412.0, 2046.0, 1712.0, 1421.0, 1114.0, 752.0, 482.0, 251.0], "tp_th race group 0": [2858.0, 2608.0, 2306.0, 1956.0, 1638.0, 1362.0, 1065.0, 715.0, 453.0, 233.0], "tp_th race group 1": [139.0, 127.0, 106.0, 90.0, 74.0, 59.0, 49.0, 37.0, 29.0, 18.0], "tp_th sex group 0": [2530.0, 2356.0, 2096.0, 1779.0, 1485.0, 1228.0, 958.0, 648.0, 407.0, 212.0], "tp_th sex group 1": [467.0, 379.0, 316.0, 267.0, 227.0, 193.0, 156.0, 104.0, 75.0, 39.0], "tp_th subgroup 0": [2426.0, 2256.0, 2012.0, 1708.0, 1428.0, 1184.0, 924.0, 622.0, 387.0, 200.0],