{"accuracy": 0.8504687547683716, "accuracy race group 0": 0.843137264251709, "accuracy race group 1": 0.9198691844940186, "accuracy sex group 0": 0.8130033612251282, "accuracy sex group 1": 0.9262934327125549, "accuracy subgroup 0": 0.8077552318572998, "accuracy subgroup 1": 0.9204733371734619, "auc": 0.88103848695755, "auc race group 0": 0.8774130344390869, "auc race group 1": 0.9139876961708069, "auc sex group 0": 0.8647162318229675, "auc sex group 1": 0.8697136640548706, "auc subgroup 0": 0.8614521622657776, "auc subgroup 1": 0.8684430718421936, "aucpr": 0.7572735548019409, "fn": 1529.0, "fn race group 0": 1459.0, "fn race group 1": 70.0, "fn sex group 0": 1259.0, "fn sex group 1": 270.0, "fn subgroup 0": 1206.0, "fn subgroup 1": 253.0, "fn_th": [0.0, 258.0, 597.0, 960.0, 1263.0, 1529.0, 1830.0, 2171.0, 2551.0, 2796.0], "fn_th race group 0": [0.0, 247.0, 565.0, 909.0, 1205.0, 1459.0, 1744.0, 2070.0, 2441.0, 2667.0], "fn_th race group 1": [0.0, 11.0, 32.0, 51.0, 58.0, 70.0, 86.0, 101.0, 110.0, 129.0], "fn_th sex group 0": [0.0, 173.0, 449.0, 770.0, 1026.0, 1259.0, 1514.0, 1806.0, 2142.0, 2357.0], "fn_th sex group 1": [0.0, 85.0, 148.0, 190.0, 237.0, 270.0, 316.0, 365.0, 409.0, 439.0], "fn_th subgroup 0": [0.0, 169.0, 429.0, 734.0, 984.0, 1206.0, 1449.0, 1730.0, 2058.0, 2259.0], "fn_th subgroup 1": [0.0, 78.0, 136.0, 175.0, 221.0, 253.0, 295.0, 340.0, 383.0, 408.0], "fnr": 0.5101768374443054, "fnr race group 0": 0.5104968547821045, "fnr race group 1": 0.5035971403121948, "fnr sex group 0": 0.49762845039367676, "fnr sex group 1": 0.578158438205719, "fnr subgroup 0": 0.4971145987510681, "fnr subgroup 1": 0.5856481194496155, "fp": 385.0, "fp race group 0": 357.0, "fp race group 1": 28.0, "fp sex group 0": 343.0, "fp sex group 1": 42.0, "fp subgroup 0": 321.0, "fp subgroup 1": 36.0, "fp_th": [9803.0, 2749.0, 1634.0, 1015.0, 641.0, 385.0, 221.0, 103.0, 21.0, 2.0], "fp_th race group 0": [8719.0, 2568.0, 1528.0, 949.0, 598.0, 357.0, 206.0, 95.0, 20.0, 2.0], "fp_th race group 1": [1084.0, 181.0, 106.0, 66.0, 43.0, 28.0, 15.0, 8.0, 1.0, 0.0], "fp_th sex group 0": [6037.0, 2323.0, 1414.0, 888.0, 560.0, 343.0, 197.0, 88.0, 19.0, 1.0], "fp_th sex group 1": [3766.0, 426.0, 220.0, 127.0, 81.0, 42.0, 24.0, 15.0, 2.0, 1.0], "fp_th subgroup 0": [5517.0, 2192.0, 1332.0, 836.0, 528.0, 321.0, 184.0, 81.0, 18.0, 1.0], "fp_th subgroup 1": [3202.0, 376.0, 196.0, 113.0, 70.0, 36.0, 22.0, 14.0, 2.0, 1.0], "fpr": 0.039273690432310104, "fpr race group 0": 0.04094506427645683, "fpr race group 1": 0.025830257683992386, "fpr sex group 0": 0.05681629851460457, "fpr sex group 1": 0.011152416467666626, "fpr subgroup 0": 0.05818379670381546, "fpr subgroup 1": 0.011242972686886787, "loss": 1.0009381771087646, "precision": 0.7922288179397583, "precision race group 0": 0.7966970205307007, "precision race group 1": 0.7113401889801025, "precision sex group 0": 0.7874845266342163, "precision sex group 1": 0.8242678046226501, "precision subgroup 0": 0.7916936874389648, "precision subgroup 1": 0.8325581550598145, "precision_th": [0.23414061963558197, 0.49908891320228577, 0.5949429869651794, 0.6674311757087708, 0.7301052808761597, 0.7922288179397583, 0.840778112411499, 0.8891280889511108, 0.9550321102142334, 0.9901477694511414], "precision_th race group 0": [0.2468687891960144, 0.5041514039039612, 0.6001046895980835, 0.6725327968597412, 0.7343403100967407, 0.7966970205307007, 0.8439394235610962, 0.8924122452735901, 0.9542334079742432, 0.9896373152732849], "precision_th race group 1": [0.11365494877099991, 0.4142394959926605, 0.5023474097251892, 0.5714285969734192, 0.6532257795333862, 0.7113401889801025, 0.779411792755127, 0.8260869383811951, 0.9666666388511658, 1.0], "precision_th sex group 0": [0.29531925916671753, 0.5036324858665466, 0.5954220294952393, 0.6646525859832764, 0.7286821603775024, 0.7874845266342163, 0.8375927209854126, 0.8916256427764893, 0.9533169269561768, 0.9942528605461121], "precision_th sex group 1": [0.11032364517450333, 0.4727722704410553, 0.5918367505073547, 0.6856435537338257, 0.7395498156547546, 0.8242678046226501, 0.8628571629524231, 0.8717948794364929, 0.9666666388511658, 0.9655172228813171], "precision_th subgroup 0": [0.30542615056037903, 0.5073050260543823, 0.5998798608779907, 0.6693037748336792, 0.7319796681404114, 0.7916936874389648, 0.8415159583091736, 0.8957529067993164, 0.9533678889274597, 0.9940476417541504], "precision_th subgroup 1": [0.11887726932764053, 0.48493149876594543, 0.6016260385513306, 0.6945946216583252, 0.7508896589279175, 0.8325581550598145, 0.8616352081298828, 0.8679245114326477, 0.9607843160629272, 0.9599999785423279], "recall": 0.4898231625556946, "recall race group 0": 0.4895031452178955, "recall race group 1": 0.49640288949012756, "recall sex group 0": 0.5023715496063232, "recall sex group 1": 0.4218415319919586, "recall subgroup 0": 0.5028854012489319, "recall subgroup 1": 0.41435185074806213, "recall_th": [1.0, 0.913913905620575, 0.8008008003234863, 0.6796796917915344, 0.5785785913467407, 0.4898231625556946, 0.38938939571380615, 0.27560895681381226, 0.14881548285484314, 0.06706706434488297], "recall_th race group 0": [1.0, 0.9135759472846985, 0.8023093342781067, 0.6819454431533813, 0.5783764719963074, 0.4895031452178955, 0.3897830545902252, 0.27571728825569153, 0.1459062248468399, 0.06682994961738586], "recall_th race group 1": [1.0, 0.9208633303642273, 0.769784152507782, 0.633093535900116, 0.5827338099479675, 0.49640288949012756, 0.38129496574401855, 0.2733812928199768, 0.20863309502601624, 0.07194244861602783], "recall_th sex group 0": [1.0, 0.9316205382347107, 0.822529673576355, 0.695652186870575, 0.5944663882255554, 0.5023715496063232, 0.4015810191631317, 0.2861660122871399, 0.15335968136787415, 0.06837944686412811], "recall_th sex group 1": [1.0, 0.8179871439933777, 0.6830835342407227, 0.5931477546691895, 0.49250534176826477, 0.4218415319919586, 0.3233404755592346, 0.21841542422771454, 0.12419699877500534, 0.059957172721624374], "recall_th subgroup 0": [1.0, 0.9303380250930786, 0.8231657147407532, 0.6974443793296814, 0.5943940877914429, 0.5028854012489319, 0.40272054076194763, 0.28689199686050415, 0.1516900211572647, 0.06883759051561356], "recall_th subgroup 1": [1.0, 0.8194444179534912, 0.6851851940155029, 0.5949074029922485, 0.48842594027519226, 0.41435185074806213, 0.31712964177131653, 0.21296297013759613, 0.11342592537403107, 0.0555555559694767], "tn": 9418.0, "tn race group 0": 8362.0, "tn race group 1": 1056.0, "tn sex group 0": 5694.0, "tn sex group 1": 3724.0, "tn subgroup 0": 5196.0, "tn subgroup 1": 3166.0, "tn_th": [0.0, 7054.0, 8169.0, 8788.0, 9162.0, 9418.0, 9582.0, 9700.0, 9782.0, 9801.0], "tn_th race group 0": [0.0, 6151.0, 7191.0, 7770.0, 8121.0, 8362.0, 8513.0, 8624.0, 8699.0, 8717.0], "tn_th race group 1": [0.0, 903.0, 978.0, 1018.0, 1041.0, 1056.0, 1069.0, 1076.0, 1083.0, 1084.0], "tn_th sex group 0": [0.0, 3714.0, 4623.0, 5149.0, 5477.0, 5694.0, 5840.0, 5949.0, 6018.0, 6036.0], "tn_th sex group 1": [0.0, 3340.0, 3546.0, 3639.0, 3685.0, 3724.0, 3742.0, 3751.0, 3764.0, 3765.0], "tn_th subgroup 0": [0.0, 3325.0, 4185.0, 4681.0, 4989.0, 5196.0, 5333.0, 5436.0, 5499.0, 5516.0], "tn_th subgroup 1": [0.0, 2826.0, 3006.0, 3089.0, 3132.0, 3166.0, 3180.0, 3188.0, 3200.0, 3201.0], "tp": 1468.0, "tp race group 0": 1399.0, "tp race group 1": 69.0, "tp sex group 0": 1271.0, "tp sex group 1": 197.0, "tp subgroup 0": 1220.0, "tp subgroup 1": 179.0, "tp_th": [2997.0, 2739.0, 2400.0, 2037.0, 1734.0, 1468.0, 1167.0, 826.0, 446.0, 201.0], "tp_th race group 0": [2858.0, 2611.0, 2293.0, 1949.0, 1653.0, 1399.0, 1114.0, 788.0, 417.0, 191.0], "tp_th race group 1": [139.0, 128.0, 107.0, 88.0, 81.0, 69.0, 53.0, 38.0, 29.0, 10.0], "tp_th sex group 0": [2530.0, 2357.0, 2081.0, 1760.0, 1504.0, 1271.0, 1016.0, 724.0, 388.0, 173.0], "tp_th sex group 1": [467.0, 382.0, 319.0, 277.0, 230.0, 197.0, 151.0, 102.0, 58.0, 28.0], "tp_th subgroup 0": [2426.0, 2257.0, 1997.0, 1692.0, 1442.0, 1220.0, 977.0, 696.0, 368.0, 167.0],