{"accuracy": 0.8491406440734863, "accuracy race group 0": 0.8420143127441406, "accuracy race group 1": 0.9165984988212585, "accuracy sex group 0": 0.8106688261032104, "accuracy sex group 1": 0.9270021319389343, "accuracy subgroup 0": 0.8054891228675842, "accuracy subgroup 1": 0.9218491911888123, "auc": 0.8789636492729187, "auc race group 0": 0.8758354783058167, "auc race group 1": 0.8995295166969299, "auc sex group 0": 0.8630300164222717, "auc sex group 1": 0.8691080808639526, "auc subgroup 0": 0.8598580360412598, "auc subgroup 1": 0.8708348274230957, "aucpr": 0.7584174871444702, "fn": 1506.0, "fn race group 0": 1433.0, "fn race group 1": 73.0, "fn sex group 0": 1252.0, "fn sex group 1": 254.0, "fn subgroup 0": 1197.0, "fn subgroup 1": 236.0, "fn_th": [0.0, 278.0, 594.0, 909.0, 1212.0, 1506.0, 1824.0, 2189.0, 2513.0, 2758.0], "fn_th race group 0": [0.0, 264.0, 558.0, 859.0, 1151.0, 1433.0, 1735.0, 2091.0, 2404.0, 2635.0], "fn_th race group 1": [0.0, 14.0, 36.0, 50.0, 61.0, 73.0, 89.0, 98.0, 109.0, 123.0], "fn_th sex group 0": [0.0, 187.0, 445.0, 722.0, 988.0, 1252.0, 1530.0, 1848.0, 2126.0, 2329.0], "fn_th sex group 1": [0.0, 91.0, 149.0, 187.0, 224.0, 254.0, 294.0, 341.0, 387.0, 429.0], "fn_th subgroup 0": [0.0, 182.0, 422.0, 687.0, 944.0, 1197.0, 1462.0, 1772.0, 2043.0, 2235.0], "fn_th subgroup 1": [0.0, 82.0, 136.0, 172.0, 207.0, 236.0, 273.0, 319.0, 361.0, 400.0], "fnr": 0.5025025010108948, "fnr race group 0": 0.501399576663971, "fnr race group 1": 0.5251798629760742, "fnr sex group 0": 0.4948616623878479, "fnr sex group 1": 0.5438972115516663, "fnr subgroup 0": 0.4934047758579254, "fnr subgroup 1": 0.5462962985038757, "fp": 425.0, "fp race group 0": 396.0, "fp race group 1": 29.0, "fp sex group 0": 370.0, "fp sex group 1": 55.0, "fp subgroup 0": 348.0, "fp subgroup 1": 48.0, "fp_th": [9803.0, 2694.0, 1606.0, 1045.0, 665.0, 425.0, 221.0, 102.0, 22.0, 3.0], "fp_th race group 0": [8719.0, 2512.0, 1509.0, 981.0, 623.0, 396.0, 206.0, 96.0, 21.0, 3.0], "fp_th race group 1": [1084.0, 182.0, 97.0, 64.0, 42.0, 29.0, 15.0, 6.0, 1.0, 0.0], "fp_th sex group 0": [6037.0, 2276.0, 1390.0, 916.0, 577.0, 370.0, 188.0, 84.0, 18.0, 2.0], "fp_th sex group 1": [3766.0, 418.0, 216.0, 129.0, 88.0, 55.0, 33.0, 18.0, 4.0, 1.0], "fp_th subgroup 0": [5517.0, 2140.0, 1314.0, 864.0, 544.0, 348.0, 177.0, 79.0, 17.0, 2.0], "fp_th subgroup 1": [3202.0, 372.0, 195.0, 117.0, 79.0, 48.0, 29.0, 17.0, 4.0, 1.0], "fpr": 0.04335407540202141, "fpr race group 0": 0.04541805386543274, "fpr race group 1": 0.026752768084406853, "fpr sex group 0": 0.06128871813416481, "fpr sex group 1": 0.014604355208575726, "fpr subgroup 0": 0.06307776272296906, "fpr subgroup 1": 0.014990630559623241, "loss": 0.9922003149986267, "precision": 0.7781836986541748, "precision race group 0": 0.782537043094635, "precision race group 1": 0.6947368383407593, "precision sex group 0": 0.7754854559898376, "precision sex group 1": 0.7947761416435242, "precision subgroup 0": 0.7793278098106384, "precision subgroup 1": 0.8032786846160889, "precision_th": [0.23414061963558197, 0.502309262752533, 0.5994013547897339, 0.6664538979530334, 0.7285714149475098, 0.7781836986541748, 0.8414633870124817, 0.8879120945930481, 0.95652174949646, 0.9876033067703247], "precision_th race group 0": [0.2468687891960144, 0.5080297589302063, 0.603833019733429, 0.6708053946495056, 0.7326180338859558, 0.782537043094635, 0.8449962139129639, 0.8887601494789124, 0.9557894468307495, 0.9867256879806519], "precision_th race group 1": [0.11365494877099991, 0.40716612339019775, 0.5149999856948853, 0.5816993713378906, 0.6499999761581421, 0.6947368383407593, 0.7692307829856873, 0.8723404407501221, 0.9677419066429138, 1.0], "precision_th sex group 0": [0.29531925916671753, 0.5072526335716248, 0.6000000238418579, 0.6637297868728638, 0.727701723575592, 0.7754854559898376, 0.8417508602142334, 0.8903394341468811, 0.9573459625244141, 0.9901477694511414], "precision_th sex group 1": [0.11032364517450333, 0.4735516309738159, 0.5955055952072144, 0.684596598148346, 0.7341389656066895, 0.7947761416435242, 0.8398058414459229, 0.875, 0.9523809552192688, 0.9743589758872986], "precision_th subgroup 0": [0.30542615056037903, 0.5118613243103027, 0.6039782762527466, 0.6680753231048584, 0.7314906120300293, 0.7793278098106384, 0.8448728919029236, 0.8922237157821655, 0.9574999809265137, 0.9896373152732849], "precision_th subgroup 1": [0.11887726932764053, 0.48476454615592957, 0.6028513312339783, 0.6896551847457886, 0.7401315569877625, 0.8032786846160889, 0.8457446694374084, 0.8692307472229004, 0.9466666579246521, 0.9696969985961914], "recall": 0.4974974989891052, "recall race group 0": 0.49860042333602905, "recall race group 1": 0.4748201370239258, "recall sex group 0": 0.5051383376121521, "recall sex group 1": 0.45610278844833374, "recall subgroup 0": 0.5065951943397522, "recall subgroup 1": 0.45370370149612427, "recall_th": [1.0, 0.9072405695915222, 0.8018018007278442, 0.6966966986656189, 0.5955955982208252, 0.4974974989891052, 0.391391396522522, 0.2696029245853424, 0.16149482131004333, 0.07974641025066376], "recall_th race group 0": [1.0, 0.9076277017593384, 0.8047585487365723, 0.6994401812553406, 0.5972708463668823, 0.49860042333602905, 0.39293211698532104, 0.26836949586868286, 0.15885233879089355, 0.07802659273147583], "recall_th race group 1": [1.0, 0.8992805480957031, 0.7410072088241577, 0.6402877569198608, 0.5611510872840881, 0.4748201370239258, 0.35971224308013916, 0.2949640154838562, 0.2158273309469223, 0.11510791629552841], "recall_th sex group 0": [1.0, 0.926086962223053, 0.8241106867790222, 0.7146245241165161, 0.6094861626625061, 0.5051383376121521, 0.395256906747818, 0.269565224647522, 0.15968379378318787, 0.07944664359092712], "recall_th sex group 1": [1.0, 0.8051391839981079, 0.680942177772522, 0.599571704864502, 0.5203425884246826, 0.45610278844833374, 0.3704496920108795, 0.26980727910995483, 0.17130620777606964, 0.08137045055627823], "recall_th subgroup 0": [1.0, 0.9249793887138367, 0.8260511159896851, 0.7168177962303162, 0.6108821034431458, 0.5065951943397522, 0.3973619043827057, 0.26957955956459045, 0.15787304937839508, 0.07873041927814484], "recall_th subgroup 1": [1.0, 0.8101851940155029, 0.6851851940155029, 0.6018518805503845, 0.5208333134651184, 0.45370370149612427, 0.3680555522441864, 0.26157405972480774, 0.16435185074806213, 0.07407407462596893], "tn": 9378.0, "tn race group 0": 8323.0, "tn race group 1": 1055.0, "tn sex group 0": 5667.0, "tn sex group 1": 3711.0, "tn subgroup 0": 5169.0, "tn subgroup 1": 3154.0, "tn_th": [0.0, 7109.0, 8197.0, 8758.0, 9138.0, 9378.0, 9582.0, 9701.0, 9781.0, 9800.0], "tn_th race group 0": [0.0, 6207.0, 7210.0, 7738.0, 8096.0, 8323.0, 8513.0, 8623.0, 8698.0, 8716.0], "tn_th race group 1": [0.0, 902.0, 987.0, 1020.0, 1042.0, 1055.0, 1069.0, 1078.0, 1083.0, 1084.0], "tn_th sex group 0": [0.0, 3761.0, 4647.0, 5121.0, 5460.0, 5667.0, 5849.0, 5953.0, 6019.0, 6035.0], "tn_th sex group 1": [0.0, 3348.0, 3550.0, 3637.0, 3678.0, 3711.0, 3733.0, 3748.0, 3762.0, 3765.0], "tn_th subgroup 0": [0.0, 3377.0, 4203.0, 4653.0, 4973.0, 5169.0, 5340.0, 5438.0, 5500.0, 5515.0], "tn_th subgroup 1": [0.0, 2830.0, 3007.0, 3085.0, 3123.0, 3154.0, 3173.0, 3185.0, 3198.0, 3201.0], "tp": 1491.0, "tp race group 0": 1425.0, "tp race group 1": 66.0, "tp sex group 0": 1278.0, "tp sex group 1": 213.0, "tp subgroup 0": 1229.0, "tp subgroup 1": 196.0, "tp_th": [2997.0, 2719.0, 2403.0, 2088.0, 1785.0, 1491.0, 1173.0, 808.0, 484.0, 239.0], "tp_th race group 0": [2858.0, 2594.0, 2300.0, 1999.0, 1707.0, 1425.0, 1123.0, 767.0, 454.0, 223.0], "tp_th race group 1": [139.0, 125.0, 103.0, 89.0, 78.0, 66.0, 50.0, 41.0, 30.0, 16.0], "tp_th sex group 0": [2530.0, 2343.0, 2085.0, 1808.0, 1542.0, 1278.0, 1000.0, 682.0, 404.0, 201.0], "tp_th sex group 1": [467.0, 376.0, 318.0, 280.0, 243.0, 213.0, 173.0, 126.0, 80.0, 38.0], "tp_th subgroup 0": [2426.0, 2244.0, 2004.0, 1739.0, 1482.0, 1229.0, 964.0, 654.0, 383.0, 191.0],