{
    "accuracy": {
        "mean": 0.8506796896457672,
        "std": 0.001730102501473304
    },
    "micro_avg_auc": {
        "mean": 0.8801644444465637,
        "std": 0.0021062637733102385
    },
    "minority_auc": {
        "mean": 0.8693783044815063,
        "std": 0.00301352344482225
    }
}