{"min_auc": 0.5759349465370178, "macro_avg_auc": 0.693421483039856, "micro_avg_auc": 0.7910107970237732, "minority_auc": 0.5759349465370178, "accuracy": 0.7257384061813354}