{"min_auc": 0.8551591038703918, "macro_avg_auc": 0.910321444272995, "micro_avg_auc": 0.9580276012420654, "minority_auc": 0.8551591038703918, "accuracy": 0.8917672634124756}