{"min_auc": 0.9036038517951965, "macro_avg_auc": 0.9261782765388489, "micro_avg_auc": 0.9347536563873291, "minority_auc": 0.9036038517951965, "accuracy": 0.8620171546936035}