{"min_auc": 0.8053556084632874, "macro_avg_auc": 0.8254000693559647, "micro_avg_auc": 0.8281694054603577, "minority_auc": 0.8375177979469299, "accuracy": 0.8601556420326233}