{"min_auc": 0.7034156322479248, "macro_avg_auc": 0.7426480501890182, "micro_avg_auc": 0.7403435707092285, "minority_auc": 0.7602071762084961, "accuracy": 0.6757885217666626}