{"min_auc": 0.7012124061584473, "macro_avg_auc": 0.7387814670801163, "micro_avg_auc": 0.7385163307189941, "minority_auc": 0.7550788521766663, "accuracy": 0.6776437759399414}