{"min_auc": 0.7001553773880005, "macro_avg_auc": 0.7370321899652481, "micro_avg_auc": 0.7366602420806885, "minority_auc": 0.7481754422187805, "accuracy": 0.6785714030265808}