{"min_auc": 0.6991233825683594, "macro_avg_auc": 0.736228734254837, "micro_avg_auc": 0.7363659739494324, "minority_auc": 0.7625736594200134, "accuracy": 0.6730055809020996}