{"min_auc": 0.8064673542976379, "macro_avg_auc": 0.8240983635187149, "micro_avg_auc": 0.8291736841201782, "minority_auc": 0.8290598392486572, "accuracy": 0.860532283782959}