{"min_auc": 0.6918742060661316, "macro_avg_auc": 0.728827565908432, "micro_avg_auc": 0.728922426700592, "minority_auc": 0.7511340379714966, "accuracy": 0.6595547199249268}