{"min_auc": 0.803328275680542, "macro_avg_auc": 0.8120363503694534, "micro_avg_auc": 0.8230787515640259, "minority_auc": 0.8099180459976196, "accuracy": 0.8540045022964478}