{"min_auc": 0.8220609426498413, "macro_avg_auc": 0.8899656534194946, "micro_avg_auc": 0.9485163688659668, "minority_auc": 0.8220609426498413, "accuracy": 0.8732214570045471}