{"min_auc": 0.7025295495986938, "macro_avg_auc": 0.7358675748109818, "micro_avg_auc": 0.7379862666130066, "minority_auc": 0.7460058331489563, "accuracy": 0.6850649118423462}