{"min_auc": {"mean": 0.815028703212738, "std": 0.0053660242492792175}, "macro_avg_auc": {"mean": 0.8301831230521202, "std": 0.002950046761651818}, "micro_avg_auc": {"mean": 0.8371433317661285, "std": 0.0038309820288383073}, "minority_auc": {"mean": 0.8373931527137757, "std": 0.007228663031665757}, "accuracy": {"mean": 0.8351870477199554, "std": 0.010823343554077028}}