{"min_auc": 0.8766584396362305, "macro_avg_auc": 0.9138310104608536, "micro_avg_auc": 0.9036887288093567, "minority_auc": 0.9355702996253967, "accuracy": 0.8493335843086243}