{"min_auc": 0.6960464119911194, "macro_avg_auc": 0.7370376437902451, "micro_avg_auc": 0.7377507090568542, "minority_auc": 0.7444279193878174, "accuracy": 0.6637291312217712}