{"min_auc": 0.7940059304237366, "macro_avg_auc": 0.8123956471681595, "micro_avg_auc": 0.8172349333763123, "minority_auc": 0.8294159770011902, "accuracy": 0.7213155627250671}