{"accuracy": 0.8317968845367432, "accuracy race group 0": 0.8399530649185181, "accuracy race group 1": 0.7193995118141174, "accuracy sex group 0": 0.8329170346260071, "accuracy sex group 1": 0.8303539752960205, "accuracy subgroup 0": 0.8393533229827881, "accuracy subgroup 1": 0.8407655954360962, "auc": 0.7206672430038452, "auc race group 0": 0.7018017172813416, "auc race group 1": 0.7445634007453918, "auc sex group 0": 0.7190600633621216, "auc sex group 1": 0.7234201431274414, "auc subgroup 0": 0.7055317759513855, "auc subgroup 1": 0.6976714730262756, "aucpr": 0.9088721871376038, "fn": 189.0, "fn race group 0": 145.0, "fn race group 1": 44.0, "fn sex group 0": 89.0, "fn sex group 1": 100.0, "fn subgroup 0": 74.0, "fn subgroup 1": 71.0, "fn_th": [0.0, 2.0, 14.0, 24.0, 79.0, 189.0, 468.0, 1043.0, 2383.0, 6487.0], "fn_th race group 0": [0.0, 0.0, 6.0, 12.0, 51.0, 145.0, 376.0, 866.0, 2093.0, 6060.0], "fn_th race group 1": [0.0, 2.0, 8.0, 12.0, 28.0, 44.0, 92.0, 177.0, 290.0, 427.0], "fn_th sex group 0": [0.0, 0.0, 4.0, 9.0, 37.0, 89.0, 218.0, 509.0, 1208.0, 3472.0], "fn_th sex group 1": [0.0, 2.0, 10.0, 15.0, 42.0, 100.0, 250.0, 534.0, 1175.0, 3015.0], "fn_th subgroup 0": [0.0, 0.0, 0.0, 4.0, 25.0, 74.0, 188.0, 453.0, 1105.0, 3315.0], "fn_th subgroup 1": [0.0, 0.0, 6.0, 8.0, 26.0, 71.0, 188.0, 413.0, 988.0, 2745.0], "fnr": 0.018319278955459595, "fnr race group 0": 0.014723801985383034, "fnr race group 1": 0.09381663054227829, "fnr sex group 0": 0.015268485061824322, "fnr sex group 1": 0.022281639277935028, "fnr subgroup 0": 0.013074205256998539, "fnr subgroup 1": 0.016953200101852417, "fp": 1964.0, "fp race group 0": 1765.0, "fp race group 1": 199.0, "fp sex group 0": 1115.0, "fp sex group 1": 849.0, "fp subgroup 0": 1029.0, "fp subgroup 1": 736.0, "fp_th": [2483.0, 2433.0, 2344.0, 2224.0, 2107.0, 1964.0, 1779.0, 1505.0, 1082.0, 309.0], "fp_th race group 0": [2086.0, 2070.0, 2027.0, 1951.0, 1880.0, 1765.0, 1615.0, 1388.0, 1020.0, 293.0], "fp_th race group 1": [397.0, 363.0, 317.0, 273.0, 227.0, 199.0, 164.0, 117.0, 62.0, 16.0], "fp_th sex group 0": [1377.0, 1348.0, 1302.0, 1246.0, 1185.0, 1115.0, 1021.0, 878.0, 640.0, 189.0], "fp_th sex group 1": [1106.0, 1085.0, 1042.0, 978.0, 922.0, 849.0, 758.0, 627.0, 442.0, 120.0], "fp_th subgroup 0": [1206.0, 1198.0, 1169.0, 1128.0, 1085.0, 1029.0, 948.0, 823.0, 609.0, 182.0], "fp_th subgroup 1": [880.0, 872.0, 858.0, 823.0, 795.0, 736.0, 667.0, 565.0, 411.0, 111.0], "fpr": 0.7909786701202393, "fpr race group 0": 0.8461169600486755, "fpr race group 1": 0.501259446144104, "fpr sex group 0": 0.8097313046455383, "fpr sex group 1": 0.7676311135292053, "fpr subgroup 0": 0.853233814239502, "fpr subgroup 1": 0.8363636136054993, "loss": 0.4227007329463959, "precision": 0.837578535079956, "precision race group 0": 0.846093475818634, "precision race group 1": 0.6810897588729858, "precision sex group 0": 0.8373450040817261, "precision sex group 1": 0.8378843069076538, "precision subgroup 0": 0.8444444537162781, "precision subgroup 1": 0.8483412265777588, "precision_th": [0.8060156106948853, 0.809146523475647, 0.814659595489502, 0.8223216533660889, 0.8293235898017883, 0.837578535079956, 0.8470072150230408, 0.8603766560554504, 0.8799911141395569, 0.9253442883491516], "precision_th race group 0": [0.8252052664756775, 0.8263131380081177, 0.8292189836502075, 0.8344786763191223, 0.8389997482299805, 0.846093475818634, 0.8543338775634766, 0.8661523461341858, 0.8837606906890869, 0.9282038807868958], "precision_th race group 1": [0.5415704250335693, 0.5626506209373474, 0.5925449728965759, 0.6260274052619934, 0.660179615020752, 0.6810897588729858, 0.6968576908111572, 0.713936448097229, 0.7427386045455933, 0.7241379022598267], "precision_th sex group 0": [0.8089092373847961, 0.8121777772903442, 0.8173144459724426, 0.8236626386642456, 0.8301562070846558, 0.8373450040817261, 0.846049427986145, 0.85834139585495, 0.8783501386642456, 0.9257659316062927], "precision_th sex group 1": [0.8022881746292114, 0.8052414059638977, 0.8112319111824036, 0.8205834031105042, 0.8282414078712463, 0.8378843069076538, 0.8482786417007446, 0.8631303310394287, 0.8822903037071228, 0.9246704578399658], "precision_th subgroup 0": [0.8243519067764282, 0.8253135085105896, 0.8288182616233826, 0.8337264060974121, 0.8385416865348816, 0.8444444537162781, 0.8523364663124084, 0.8635157346725464, 0.8820681571960449, 0.9279778599739075], "precision_th subgroup 1": [0.8263614773750305, 0.8276680111885071, 0.8297619223594666, 0.8354986906051636, 0.8396207094192505, 0.8483412265777588, 0.8570816516876221, 0.8698156476020813, 0.886181116104126, 0.9285714030265808], "recall": 0.9816807508468628, "recall race group 0": 0.9852762222290039, "recall race group 1": 0.9061833620071411, "recall sex group 0": 0.9847314953804016, "recall sex group 1": 0.9777183532714844, "recall subgroup 0": 0.9869257807731628, "recall subgroup 1": 0.98304682970047, "recall_th": [1.0, 0.9998061656951904, 0.9986430406570435, 0.997673749923706, 0.9923427104949951, 0.9816807508468628, 0.9546380043029785, 0.8989047408103943, 0.7690219879150391, 0.37123194336891174], "recall_th race group 0": [1.0, 1.0, 0.999390721321106, 0.9987815022468567, 0.994821310043335, 0.9852762222290039, 0.9618196487426758, 0.9120633602142334, 0.7874695658683777, 0.38464662432670593], "recall_th race group 1": [1.0, 0.9957355856895447, 0.9829424023628235, 0.9744136333465576, 0.9402984976768494, 0.9061833620071411, 0.8038379549980164, 0.6226012706756592, 0.38166311383247375, 0.08955223858356476], "recall_th sex group 0": [1.0, 1.0, 0.9993137717247009, 0.9984560012817383, 0.9936524033546448, 0.9847314953804016, 0.9626007676124573, 0.9126780033111572, 0.7927603125572205, 0.40435752272605896], "recall_th sex group 1": [1.0, 0.9995543956756592, 0.9977718591690063, 0.9966577291488647, 0.990641713142395, 0.9777183532714844, 0.9442958831787109, 0.8810160160064697, 0.7381907105445862, 0.3282085657119751], "recall_th subgroup 0": [1.0, 1.0, 1.0, 0.9992932677268982, 0.9955830574035645, 0.9869257807731628, 0.9667844772338867, 0.9199646711349487, 0.804770290851593, 0.4143109619617462], "recall_th subgroup 1": [1.0, 1.0, 0.9985673427581787, 0.9980897903442383, 0.9937917590141296, 0.98304682970047, 0.9551098346710205, 0.9013848900794983, 0.7640878558158875, 0.34455588459968567], "tn": 519.0, "tn race group 0": 321.0, "tn race group 1": 198.0, "tn sex group 0": 262.0, "tn sex group 1": 257.0, "tn subgroup 0": 177.0, "tn subgroup 1": 144.0, "tn_th": [0.0, 50.0, 139.0, 259.0, 376.0, 519.0, 704.0, 978.0, 1401.0, 2174.0], "tn_th race group 0": [0.0, 16.0, 59.0, 135.0, 206.0, 321.0, 471.0, 698.0, 1066.0, 1793.0], "tn_th race group 1": [0.0, 34.0, 80.0, 124.0, 170.0, 198.0, 233.0, 280.0, 335.0, 381.0], "tn_th sex group 0": [0.0, 29.0, 75.0, 131.0, 192.0, 262.0, 356.0, 499.0, 737.0, 1188.0], "tn_th sex group 1": [0.0, 21.0, 64.0, 128.0, 184.0, 257.0, 348.0, 479.0, 664.0, 986.0], "tn_th subgroup 0": [0.0, 8.0, 37.0, 78.0, 121.0, 177.0, 258.0, 383.0, 597.0, 1024.0], "tn_th subgroup 1": [0.0, 8.0, 22.0, 57.0, 85.0, 144.0, 213.0, 315.0, 469.0, 769.0], "tp": 10128.0, "tp race group 0": 9703.0, "tp race group 1": 425.0, "tp sex group 0": 5740.0, "tp sex group 1": 4388.0, "tp subgroup 0": 5586.0, "tp subgroup 1": 4117.0, "tp_th": [10317.0, 10315.0, 10303.0, 10293.0, 10238.0, 10128.0, 9849.0, 9274.0, 7934.0, 3830.0], "tp_th race group 0": [9848.0, 9848.0, 9842.0, 9836.0, 9797.0, 9703.0, 9472.0, 8982.0, 7755.0, 3788.0], "tp_th race group 1": [469.0, 467.0, 461.0, 457.0, 441.0, 425.0, 377.0, 292.0, 179.0, 42.0], "tp_th sex group 0": [5829.0, 5829.0, 5825.0, 5820.0, 5792.0, 5740.0, 5611.0, 5320.0, 4621.0, 2357.0], "tp_th sex group 1": [4488.0, 4486.0, 4478.0, 4473.0, 4446.0, 4388.0, 4238.0, 3954.0, 3313.0, 1473.0], "tp_th subgroup 0": [5660.0, 5660.0, 5660.0, 5656.0, 5635.0, 5586.0, 5472.0, 5207.0, 4555.0, 2345.0], "tp_th subgroup 1": [4188.0, 4188.0, 4182.0, 4180.0, 4162.0, 4117.0, 4000.0, 3775.0, 3200.0, 1443.0], "global_step": 100.0}