{"accuracy": 0.8631015419960022, "accuracy race group 0": 0.8715103268623352, "accuracy race group 1": 0.7465459108352661, "accuracy sex group 0": 0.865590512752533, "accuracy sex group 1": 0.8598714470863342, "accuracy subgroup 0": 0.8724994659423828, "accuracy subgroup 1": 0.8701609969139099, "accuracy subgroup 2": 0.7259389758110046, "accuracy subgroup 3": 0.760038435459137, "auc": 0.8127782344818115, "auc race group 0": 0.7993871569633484, "auc race group 1": 0.8134990930557251, "auc sex group 0": 0.8152621388435364, "auc sex group 1": 0.8094496130943298, "auc subgroup 0": 0.8038543462753296, "auc subgroup 1": 0.7930886745452881, "auc subgroup 2": 0.8079303503036499, "auc subgroup 3": 0.8149677515029907, "aucpr": 0.9408596158027649, "fn": 2605.0, "fn race group 0": 2217.0, "fn race group 1": 388.0, "fn sex group 0": 1369.0, "fn sex group 1": 1236.0, "fn subgroup 0": 1125.0, "fn subgroup 1": 1092.0, "fn subgroup 2": 244.0, "fn subgroup 3": 144.0, "fn_th": [0.0, 145.0, 450.0, 886.0, 1560.0, 2605.0, 4532.0, 7561.0, 14359.0, 31473.0], "fn_th race group 0": [0.0, 80.0, 353.0, 740.0, 1333.0, 2217.0, 3904.0, 6353.0, 12248.0, 28061.0], "fn_th race group 1": [0.0, 65.0, 97.0, 146.0, 227.0, 388.0, 628.0, 1208.0, 2111.0, 3412.0], "fn_th sex group 0": [0.0, 81.0, 210.0, 436.0, 838.0, 1369.0, 2331.0, 3993.0, 7896.0, 17468.0], "fn_th sex group 1": [0.0, 64.0, 240.0, 450.0, 722.0, 1236.0, 2201.0, 3568.0, 6463.0, 14005.0], "fn_th subgroup 0": [0.0, 32.0, 161.0, 354.0, 691.0, 1125.0, 2023.0, 3508.0, 7073.0, 16243.0], "fn_th subgroup 1": [0.0, 48.0, 192.0, 386.0, 642.0, 1092.0, 1881.0, 2845.0, 5175.0, 11818.0], "fn_th subgroup 2": [0.0, 49.0, 49.0, 82.0, 147.0, 244.0, 308.0, 485.0, 823.0, 1225.0], "fn_th subgroup 3": [0.0, 16.0, 48.0, 64.0, 80.0, 144.0, 320.0, 723.0, 1288.0, 2187.0], "fnr": 0.025342438369989395, "fnr race group 0": 0.022589486092329025, "fnr race group 1": 0.083458811044693, "fnr sex group 0": 0.023553093895316124, "fnr sex group 1": 0.027670815587043762, "fnr subgroup 0": 0.019928786903619766, "fnr subgroup 1": 0.02619207464158535, "fnr subgroup 2": 0.14584578573703766, "fnr subgroup 3": 0.04838709533214569, "fp": 14918.0, "fp race group 0": 13123.0, "fp race group 1": 1795.0, "fp sex group 0": 8348.0, "fp sex group 1": 6570.0, "fp subgroup 0": 7658.0, "fp subgroup 1": 5465.0, "fp subgroup 2": 690.0, "fp subgroup 3": 1105.0, "fp_th": [25208.0, 21030.0, 19246.0, 17832.0, 16416.0, 14918.0, 12717.0, 10770.0, 8633.0, 5155.0], "fp_th race group 0": [21244.0, 18350.0, 16775.0, 15521.0, 14282.0, 13123.0, 11242.0, 9680.0, 7959.0, 5010.0], "fp_th race group 1": [3964.0, 2680.0, 2471.0, 2311.0, 2134.0, 1795.0, 1475.0, 1090.0, 674.0, 145.0], "fp_th sex group 0": [14170.0, 11774.0, 10696.0, 9926.0, 9042.0, 8348.0, 7047.0, 6065.0, 4908.0, 2894.0], "fp_th sex group 1": [11038.0, 9256.0, 8550.0, 7906.0, 7374.0, 6570.0, 5670.0, 4705.0, 3725.0, 2261.0], "fp_th subgroup 0": [12435.0, 10713.0, 9716.0, 9010.0, 8190.0, 7658.0, 6517.0, 5631.0, 4586.0, 2829.0], "fp_th subgroup 1": [8809.0, 7637.0, 7059.0, 6511.0, 6092.0, 5465.0, 4725.0, 4049.0, 3373.0, 2181.0], "fp_th subgroup 2": [1735.0, 1061.0, 980.0, 916.0, 852.0, 690.0, 530.0, 434.0, 322.0, 65.0], "fp_th subgroup 3": [2229.0, 1619.0, 1491.0, 1395.0, 1282.0, 1105.0, 945.0, 656.0, 352.0, 80.0], "fpr": 0.5917962789535522, "fpr race group 0": 0.6177273392677307, "fpr race group 1": 0.4528254270553589, "fpr sex group 0": 0.5891319513320923, "fpr sex group 1": 0.5952165126800537, "fpr subgroup 0": 0.6158424019813538, "fpr subgroup 1": 0.6203882098197937, "fpr subgroup 2": 0.39769452810287476, "fpr subgroup 3": 0.4957379996776581, "loss": 0.3494689166545868, "precision": 0.870396614074707, "precision race group 0": 0.8796595931053162, "precision race group 1": 0.703599750995636, "precision sex group 0": 0.8717724084854126, "precision sex group 1": 0.8686052560806274, "precision subgroup 0": 0.8784135580062866, "precision subgroup 1": 0.8813632726669312, "precision subgroup 2": 0.6743746995925903, "precision subgroup 3": 0.7193294167518616, "precision_th": [0.8030624985694885, 0.829960286617279, 0.8417113423347473, 0.8510748744010925, 0.8604651093482971, 0.870396614074707, 0.8854086995124817, 0.8983972072601318, 0.9110605120658875, 0.9325914978981018], "precision_th race group 0": [0.8220576643943787, 0.8423715829849243, 0.8535766005516052, 0.862553596496582, 0.8714398741722107, 0.8796595931053162, 0.8934215903282166, 0.9046023488044739, 0.9151980876922607, 0.9332818388938904], "precision_th race group 1": [0.539765477180481, 0.6310572624206543, 0.6481560468673706, 0.6608453392982483, 0.6744966506958008, 0.703599750995636, 0.7316229939460754, 0.7594349980354309, 0.7901619076728821, 0.8950796127319336], "precision_th sex group 0": [0.8039947748184204, 0.8313591480255127, 0.8441043496131897, 0.8531960844993591, 0.8636775016784668, 0.8717724084854126, 0.8878580331802368, 0.8992457985877991, 0.9109837412834167, 0.9335476756095886], "precision_th sex group 1": [0.8018525838851929, 0.8281470537185669, 0.8386122584342957, 0.8483232259750366, 0.8563133478164673, 0.8686052560806274, 0.8822112083435059, 0.8972819447517395, 0.911161482334137, 0.931326687335968], "precision_th subgroup 0": [0.8194843530654907, 0.8404188752174377, 0.8528012633323669, 0.8616124391555786, 0.8719311952590942, 0.8784135580062866, 0.8930675387382507, 0.9038652181625366, 0.9150174260139465, 0.9342658519744873], "precision_th subgroup 1": [0.8255677819252014, 0.8450315594673157, 0.8546304702758789, 0.8638350367546082, 0.870773434638977, 0.8813632726669312, 0.8939060568809509, 0.9056088924407959, 0.9154424667358398, 0.9319607019424438], "precision_th subgroup 2": [0.49090376496315, 0.6048417091369629, 0.6236559152603149, 0.6346230506896973, 0.6417157053947449, 0.6743746995925903, 0.7203166484832764, 0.7324290871620178, 0.7252559661865234, 0.8732943534851074], "precision_th subgroup 3": [0.5717579126358032, 0.6464293599128723, 0.6625933647155762, 0.6761086583137512, 0.6931546330451965, 0.7193294167518616, 0.7375729084014893, 0.7744929790496826, 0.8274509906768799, 0.907940149307251], "recall": 0.9746575355529785, "recall race group 0": 0.9774104952812195, "recall race group 1": 0.9165412187576294, "recall sex group 0": 0.9764469265937805, "recall sex group 1": 0.9723291993141174, "recall subgroup 0": 0.9800711870193481, "recall subgroup 1": 0.9738079309463501, "recall subgroup 2": 0.8541542291641235, "recall subgroup 3": 0.9516128897666931, "recall_th": [1.0, 0.9985893964767456, 0.9956222176551819, 0.9913806319236755, 0.9848237037658691, 0.9746575355529785, 0.9559109807014465, 0.9264436960220337, 0.8603101372718811, 0.6938185691833496], "recall_th race group 0": [1.0, 0.9991848468780518, 0.9964032173156738, 0.9924599528312683, 0.9864177703857422, 0.9774104952812195, 0.9602212905883789, 0.9352679252624512, 0.8752025365829468, 0.7140804529190063], "recall_th race group 1": [1.0, 0.9860184788703918, 0.979135274887085, 0.9685953855514526, 0.9511722922325134, 0.9165412187576294, 0.8649171590805054, 0.7401591539382935, 0.5459238290786743, 0.26607874035835266], "recall_th sex group 0": [1.0, 0.9986064434051514, 0.9963870048522949, 0.9924988150596619, 0.9855825304985046, 0.9764469265937805, 0.9598960876464844, 0.9313020706176758, 0.8641524910926819, 0.6994701027870178], "recall_th sex group 1": [1.0, 0.9985672235488892, 0.9946269989013672, 0.9899256825447083, 0.98383629322052, 0.9723291993141174, 0.9507253766059875, 0.9201217889785767, 0.8553102612495422, 0.6864646077156067], "recall_th subgroup 0": [1.0, 0.999433159828186, 0.9971479773521423, 0.9937290549278259, 0.9877592921257019, 0.9800711870193481, 0.964163601398468, 0.9378576278686523, 0.8747054934501648, 0.7122637629508972], "recall_th subgroup 1": [1.0, 0.9988486766815186, 0.9953948259353638, 0.9907416105270386, 0.9846013784408569, 0.9738079309463501, 0.9548834562301636, 0.9317615032196045, 0.8758754730224609, 0.7165403366088867],