{"accuracy": 0.8633437752723694, "accuracy race group 0": 0.8716443181037903, "accuracy race group 1": 0.7482874989509583, "accuracy sex group 0": 0.865811824798584, "accuracy sex group 1": 0.8601407408714294, "accuracy subgroup 0": 0.8722672462463379, "accuracy subgroup 1": 0.8707946538925171, "accuracy subgroup 2": 0.7353286147117615, "accuracy subgroup 3": 0.7567723393440247, "auc": 0.8151707649230957, "auc race group 0": 0.8026546239852905, "auc race group 1": 0.8144728541374207, "auc sex group 0": 0.8216621279716492, "auc sex group 1": 0.8068584203720093, "auc subgroup 0": 0.8115909695625305, "auc subgroup 1": 0.7901738882064819, "auc subgroup 2": 0.807715654373169, "auc subgroup 3": 0.8154866695404053, "aucpr": 0.9413624405860901, "fn": 2733.0, "fn race group 0": 2394.0, "fn race group 1": 339.0, "fn sex group 0": 1433.0, "fn sex group 1": 1300.0, "fn subgroup 0": 1238.0, "fn subgroup 1": 1156.0, "fn subgroup 2": 195.0, "fn subgroup 3": 144.0, "fn_th": [0.0, 113.0, 307.0, 789.0, 1642.0, 2733.0, 4551.0, 7736.0, 14040.0, 30519.0], "fn_th race group 0": [0.0, 48.0, 226.0, 676.0, 1431.0, 2394.0, 3891.0, 6528.0, 11882.0, 27156.0], "fn_th race group 1": [0.0, 65.0, 81.0, 113.0, 211.0, 339.0, 660.0, 1208.0, 2158.0, 3363.0], "fn_th sex group 0": [0.0, 65.0, 162.0, 355.0, 871.0, 1433.0, 2301.0, 4102.0, 7432.0, 16722.0], "fn_th sex group 1": [0.0, 48.0, 145.0, 434.0, 771.0, 1300.0, 2250.0, 3634.0, 6608.0, 13797.0], "fn_th subgroup 0": [0.0, 16.0, 113.0, 306.0, 756.0, 1238.0, 2010.0, 3601.0, 6577.0, 15465.0], "fn_th subgroup 1": [0.0, 32.0, 113.0, 370.0, 675.0, 1156.0, 1881.0, 2927.0, 5305.0, 11691.0], "fn_th subgroup 2": [0.0, 49.0, 49.0, 49.0, 115.0, 195.0, 291.0, 501.0, 855.0, 1257.0], "fn_th subgroup 3": [0.0, 16.0, 32.0, 64.0, 96.0, 144.0, 369.0, 707.0, 1303.0, 2106.0], "fnr": 0.026587672531604767, "fnr race group 0": 0.024392977356910706, "fnr race group 1": 0.07291890680789948, "fnr sex group 0": 0.024654187262058258, "fnr sex group 1": 0.029103608801960945, "fnr subgroup 0": 0.021930523216724396, "fnr subgroup 1": 0.027727141976356506, "fnr subgroup 2": 0.11655708402395248, "fnr subgroup 3": 0.04838709533214569, "fp": 14759.0, "fp race group 0": 12930.0, "fp race group 1": 1829.0, "fp sex group 0": 8268.0, "fp sex group 1": 6491.0, "fp subgroup 0": 7561.0, "fp subgroup 1": 5369.0, "fp subgroup 2": 707.0, "fp subgroup 3": 1122.0, "fp_th": [25208.0, 20970.0, 19440.0, 17961.0, 16675.0, 14759.0, 12827.0, 10803.0, 8698.0, 5124.0], "fp_th race group 0": [21244.0, 18322.0, 17016.0, 15731.0, 14573.0, 12930.0, 11336.0, 9760.0, 7991.0, 4980.0], "fp_th race group 1": [3964.0, 2648.0, 2424.0, 2230.0, 2102.0, 1829.0, 1491.0, 1043.0, 707.0, 144.0], "fp_th sex group 0": [14170.0, 11697.0, 10874.0, 9991.0, 9203.0, 8268.0, 7174.0, 6049.0, 4957.0, 2749.0], "fp_th sex group 1": [11038.0, 9273.0, 8566.0, 7970.0, 7472.0, 6491.0, 5653.0, 4754.0, 3741.0, 2375.0], "fp_th subgroup 0": [12435.0, 10636.0, 9909.0, 9075.0, 8319.0, 7561.0, 6612.0, 5647.0, 4667.0, 2701.0], "fp_th subgroup 1": [8809.0, 7686.0, 7107.0, 6656.0, 6254.0, 5369.0, 4724.0, 4113.0, 3324.0, 2279.0], "fp_th subgroup 2": [1735.0, 1061.0, 965.0, 916.0, 884.0, 707.0, 562.0, 402.0, 290.0, 48.0], "fp_th subgroup 3": [2229.0, 1587.0, 1459.0, 1314.0, 1218.0, 1122.0, 929.0, 641.0, 417.0, 96.0], "fpr": 0.5854887366294861, "fpr race group 0": 0.6086424589157104, "fpr race group 1": 0.46140262484550476, "fpr sex group 0": 0.5834862589836121, "fpr sex group 1": 0.5880594253540039, "fpr subgroup 0": 0.6080418229103088, "fpr subgroup 1": 0.6094902753829956, "fpr subgroup 2": 0.4074927866458893, "fpr subgroup 3": 0.5033647418022156, "loss": 0.3491726219654083, "precision": 0.8714574575424194, "precision race group 0": 0.8810257911682129, "precision race group 1": 0.7020687460899353, "precision sex group 0": 0.8727197051048279, "precision sex group 1": 0.8698128461837769, "precision subgroup 0": 0.8795520663261414, "precision subgroup 1": 0.8830410838127136, "precision subgroup 2": 0.6764302253723145, "precision subgroup 3": 0.7162367105484009, "precision_th": [0.8030624985694885, 0.8304070234298706, 0.8405576944351196, 0.8502801060676575, 0.8584765791893005, 0.8714574575424194, 0.884512186050415, 0.8979491591453552, 0.9107439517974854, 0.9337958693504333], "precision_th race group 0": [0.8220576643943787, 0.8426175117492676, 0.8519484996795654, 0.8610311150550842, 0.8690479397773743, 0.8810257911682129, 0.8926393389701843, 0.9037237763404846, 0.9152166247367859, 0.9344452023506165], "precision_th race group 1": [0.539765477180481, 0.633849561214447, 0.6533181071281433, 0.6704108715057373, 0.6785932779312134, 0.7020687460899353, 0.7279196977615356, 0.7673951983451843, 0.7789243459701538, 0.8993006944656372], "precision_th sex group 0": [0.8039947748184204, 0.8323155045509338, 0.8420303463935852, 0.852553129196167, 0.8615173697471619, 0.8727197051048279, 0.8861215710639954, 0.8993024826049805, 0.9109238386154175, 0.9377363920211792], "precision_th sex group 1": [0.8018525838851929, 0.8279368281364441, 0.8386483192443848, 0.8473297357559204, 0.85454261302948, 0.8698128461837769, 0.8824031352996826, 0.8961736559867859, 0.9105045199394226, 0.9285628199577332], "precision_th subgroup 0": [0.8194843530654907, 0.8414217829704285, 0.8504233956336975, 0.8608555793762207, 0.8700440526008606, 0.8795520663261414, 0.8917006254196167, 0.9034651517868042, 0.9144313335418701, 0.9381738305091858], "precision_th subgroup 1": [0.8255677819252014, 0.8442426919937134, 0.8540237545967102, 0.8612697720527649, 0.8676990270614624, 0.8830410838127136, 0.8939261436462402, 0.9040766954421997, 0.9162952303886414, 0.9293990135192871], "precision_th subgroup 2": [0.49090376496315, 0.6048417091369629, 0.6272692084312439, 0.6393700838088989, 0.6380016207695007, 0.6764302253723145, 0.7109053730964661, 0.7445997595787048, 0.7382671236991882, 0.8965517282485962], "precision_th subgroup 3": [0.5717579126358032, 0.650978684425354, 0.6686350107192993, 0.6890676617622375, 0.7027818560600281, 0.7162367105484009, 0.7372737526893616, 0.7797250747680664, 0.800478458404541, 0.9006211161613464], "recall": 0.9734123349189758, "recall race group 0": 0.9756070375442505, "recall race group 1": 0.9270811080932617, "recall sex group 0": 0.9753457903862, "recall sex group 1": 0.9708963632583618, "recall subgroup 0": 0.9780694842338562, "recall subgroup 1": 0.9722728729248047, "recall subgroup 2": 0.8834429383277893, "recall subgroup 3": 0.9516128897666931, "recall_th": [1.0, 0.9989007115364075, 0.9970133900642395, 0.9923242926597595, 0.9840260148048401, 0.9734123349189758, 0.955726146697998, 0.9247412085533142, 0.8634135127067566, 0.7030994892120361], "recall_th race group 0": [1.0, 0.9995109438896179, 0.9976972341537476, 0.9931120872497559, 0.9854192137718201, 0.9756070375442505, 0.9603537917137146, 0.9334847927093506, 0.8789317607879639, 0.7233017086982727], "recall_th race group 1": [1.0, 0.9860184788703918, 0.9825769066810608, 0.9756937026977539, 0.9546139240264893, 0.9270811080932617, 0.8580340147018433, 0.7401591539382935, 0.5358141660690308, 0.276618629693985], "recall_th sex group 0": [1.0, 0.9988816976547241, 0.997212827205658, 0.9938923716545105, 0.985014796257019, 0.9753457903862, 0.9604122042655945, 0.9294267296791077, 0.8721354603767395, 0.7123047113418579], "recall_th sex group 1": [1.0, 0.9989253878593445, 0.9967538118362427, 0.9902838468551636, 0.9827393293380737, 0.9708963632583618, 0.9496283531188965, 0.9186441898345947, 0.8520641326904297, 0.6911211609840393], "recall_th subgroup 0": [1.0, 0.999716579914093, 0.9979982376098633, 0.9945793747901917, 0.9866078495979309, 0.9780694842338562, 0.9643939137458801, 0.9362101554870605, 0.8834918737411499, 0.7260456085205078], "recall_th subgroup 1": [1.0, 0.9992324709892273, 0.9972896575927734, 0.9911254048347473, 0.9838098287582397, 0.9722728729248047, 0.9548834562301636, 0.9297946691513062, 0.8727573752403259, 0.7195864915847778],