{"accuracy": 0.8299219012260437, "accuracy race group 0": 0.8377744555473328, "accuracy race group 1": 0.7217090129852295, "accuracy sex group 0": 0.8312517404556274, "accuracy sex group 1": 0.8282088041305542, "accuracy subgroup 0": 0.8370230197906494, "accuracy subgroup 1": 0.8387924432754517, "auc": 0.7230774164199829, "auc race group 0": 0.7019327878952026, "auc race group 1": 0.7656598091125488, "auc sex group 0": 0.7209253907203674, "auc sex group 1": 0.7266899347305298, "auc subgroup 0": 0.7038928866386414, "auc subgroup 1": 0.7003470063209534, "aucpr": 0.9110889434814453, "fn": 181.0, "fn race group 0": 132.0, "fn race group 1": 49.0, "fn sex group 0": 86.0, "fn sex group 1": 95.0, "fn subgroup 0": 71.0, "fn subgroup 1": 61.0, "fn_th": [0.0, 0.0, 6.0, 19.0, 56.0, 181.0, 444.0, 1064.0, 2311.0, 6283.0], "fn_th race group 0": [0.0, 0.0, 2.0, 8.0, 37.0, 132.0, 363.0, 888.0, 2033.0, 5862.0], "fn_th race group 1": [0.0, 0.0, 4.0, 11.0, 19.0, 49.0, 81.0, 176.0, 278.0, 421.0], "fn_th sex group 0": [0.0, 0.0, 0.0, 7.0, 25.0, 86.0, 208.0, 524.0, 1171.0, 3392.0], "fn_th sex group 1": [0.0, 0.0, 6.0, 12.0, 31.0, 95.0, 236.0, 540.0, 1140.0, 2891.0], "fn_th subgroup 0": [0.0, 0.0, 0.0, 2.0, 17.0, 71.0, 180.0, 470.0, 1074.0, 3235.0], "fn_th subgroup 1": [0.0, 0.0, 2.0, 6.0, 20.0, 61.0, 183.0, 418.0, 959.0, 2627.0], "fnr": 0.017543859779834747, "fnr race group 0": 0.013403736986219883, "fnr race group 1": 0.10447761416435242, "fnr sex group 0": 0.014753817580640316, "fnr sex group 1": 0.021167557686567307, "fnr subgroup 0": 0.012544170022010803, "fnr subgroup 1": 0.014565424993634224, "fp": 1996.0, "fp race group 0": 1804.0, "fp race group 1": 192.0, "fp sex group 0": 1130.0, "fp sex group 1": 866.0, "fp subgroup 0": 1048.0, "fp subgroup 1": 756.0, "fp_th": [2483.0, 2442.0, 2373.0, 2282.0, 2129.0, 1996.0, 1813.0, 1520.0, 1103.0, 314.0], "fp_th race group 0": [2086.0, 2075.0, 2047.0, 2004.0, 1905.0, 1804.0, 1648.0, 1414.0, 1045.0, 305.0], "fp_th race group 1": [397.0, 367.0, 326.0, 278.0, 224.0, 192.0, 165.0, 106.0, 58.0, 9.0], "fp_th sex group 0": [1377.0, 1355.0, 1319.0, 1273.0, 1195.0, 1130.0, 1041.0, 892.0, 659.0, 191.0], "fp_th sex group 1": [1106.0, 1087.0, 1054.0, 1009.0, 934.0, 866.0, 772.0, 628.0, 444.0, 123.0], "fp_th subgroup 0": [1206.0, 1201.0, 1184.0, 1157.0, 1102.0, 1048.0, 967.0, 842.0, 631.0, 187.0], "fp_th subgroup 1": [880.0, 874.0, 863.0, 847.0, 803.0, 756.0, 681.0, 572.0, 414.0, 118.0], "fpr": 0.8038662672042847, "fpr race group 0": 0.8648130297660828, "fpr race group 1": 0.48362720012664795, "fpr sex group 0": 0.8206245303153992, "fpr sex group 1": 0.7830017805099487, "fpr subgroup 0": 0.8689883947372437, "fpr subgroup 1": 0.8590909242630005, "loss": 0.42343711853027344, "precision": 0.8354763984680176, "precision race group 0": 0.8434028029441833, "precision race group 1": 0.686274528503418, "precision sex group 0": 0.8355885148048401, "precision sex group 1": 0.8353298902511597, "precision subgroup 0": 0.8420973420143127, "precision subgroup 1": 0.845177173614502, "precision_th": [0.8060156106948853, 0.8086056709289551, 0.8129138946533203, 0.8186009526252747, 0.8281678557395935, 0.8354763984680176, 0.8448570966720581, 0.8589065074920654, 0.8789109587669373, 0.9277828931808472], "precision_th race group 0": [0.8252052664756775, 0.8259665966033936, 0.827881932258606, 0.8308004140853882, 0.8374018669128418, 0.8434028029441833, 0.8519716262817383, 0.8636977076530457, 0.8820541501045227, 0.9289209842681885], "precision_th race group 1": [0.5415704250335693, 0.5610047578811646, 0.5878634452819824, 0.6222826242446899, 0.6676557660102844, 0.686274528503418, 0.7016274929046631, 0.7343358397483826, 0.7670682668685913, 0.8421052694320679], "precision_th sex group 0": [0.8089092373847961, 0.8113864064216614, 0.8154728412628174, 0.82057785987854, 0.829261302947998, 0.8355885148048401, 0.8437406420707703, 0.8560593724250793, 0.8760579228401184, 0.9273211359977722], "precision_th sex group 1": [0.8022881746292114, 0.8050224184989929, 0.8096098303794861, 0.8160437345504761, 0.8267483115196228, 0.8353298902511597, 0.8463375568389893, 0.8627622127532959, 0.8829113841056824, 0.9284883737564087], "precision_th subgroup 0": [0.8243519067764282, 0.8249526023864746, 0.8270017504692078, 0.8302274346351624, 0.8366197347640991, 0.8420973420143127, 0.8500077724456787, 0.8604111671447754, 0.8790492415428162, 0.9284073710441589], "precision_th subgroup 1": [0.8263614773750305, 0.8273409605026245, 0.829075038433075, 0.8315768837928772, 0.8384630680084229, 0.845177173614502, 0.8546735048294067, 0.8682634830474854, 0.8863574266433716, 0.9297200441360474], "recall": 0.9824561476707458, "recall race group 0": 0.9865962862968445, "recall race group 1": 0.89552241563797, "recall sex group 0": 0.9852461814880371, "recall sex group 1": 0.9788324236869812, "recall subgroup 0": 0.9874558448791504, "recall subgroup 1": 0.9854345917701721, "recall_th": [1.0, 1.0, 0.9994184374809265, 0.9981583952903748, 0.9945720434188843, 0.9824561476707458, 0.9569642543792725, 0.8968692421913147, 0.7760007977485657, 0.39100512862205505], "recall_th race group 0": [1.0, 1.0, 0.9997969269752502, 0.9991876482963562, 0.996242880821228, 0.9865962862968445, 0.9631397128105164, 0.9098293781280518, 0.7935621738433838, 0.4047522246837616], "recall_th race group 1": [1.0, 1.0, 0.9914712309837341, 0.9765458703041077, 0.9594882726669312, 0.89552241563797, 0.8272920846939087, 0.6247334480285645, 0.40724948048591614, 0.10234541445970535], "recall_th sex group 0": [1.0, 1.0, 1.0, 0.9987990856170654, 0.995711088180542, 0.9852461814880371, 0.9643163681030273, 0.9101046323776245, 0.7991079092025757, 0.41808199882507324], "recall_th sex group 1": [1.0, 1.0, 0.9986631274223328, 0.9973261952400208, 0.9930927157402039, 0.9788324236869812, 0.9474153518676758, 0.8796791434288025, 0.7459893226623535, 0.35583779215812683], "recall_th subgroup 0": [1.0, 1.0, 1.0, 0.9996466636657715, 0.9969964623451233, 0.9874558448791504, 0.9681978821754456, 0.916961133480072, 0.8102473616600037, 0.4284452199935913], "recall_th subgroup 1": [1.0, 1.0, 0.9995224475860596, 0.9985673427581787, 0.9952244758605957, 0.9854345917701721, 0.9563037157058716, 0.9001910090446472, 0.7710124254226685, 0.37273162603378296], "tn": 487.0, "tn race group 0": 282.0, "tn race group 1": 205.0, "tn sex group 0": 247.0, "tn sex group 1": 240.0, "tn subgroup 0": 158.0, "tn subgroup 1": 124.0, "tn_th": [0.0, 41.0, 110.0, 201.0, 354.0, 487.0, 670.0, 963.0, 1380.0, 2169.0], "tn_th race group 0": [0.0, 11.0, 39.0, 82.0, 181.0, 282.0, 438.0, 672.0, 1041.0, 1781.0], "tn_th race group 1": [0.0, 30.0, 71.0, 119.0, 173.0, 205.0, 232.0, 291.0, 339.0, 388.0], "tn_th sex group 0": [0.0, 22.0, 58.0, 104.0, 182.0, 247.0, 336.0, 485.0, 718.0, 1186.0], "tn_th sex group 1": [0.0, 19.0, 52.0, 97.0, 172.0, 240.0, 334.0, 478.0, 662.0, 983.0], "tn_th subgroup 0": [0.0, 5.0, 22.0, 49.0, 104.0, 158.0, 239.0, 364.0, 575.0, 1019.0], "tn_th subgroup 1": [0.0, 6.0, 17.0, 33.0, 77.0, 124.0, 199.0, 308.0, 466.0, 762.0], "tp": 10136.0, "tp race group 0": 9716.0, "tp race group 1": 420.0, "tp sex group 0": 5743.0, "tp sex group 1": 4393.0, "tp subgroup 0": 5589.0, "tp subgroup 1": 4127.0, "tp_th": [10317.0, 10317.0, 10311.0, 10298.0, 10261.0, 10136.0, 9873.0, 9253.0, 8006.0, 4034.0], "tp_th race group 0": [9848.0, 9848.0, 9846.0, 9840.0, 9811.0, 9716.0, 9485.0, 8960.0, 7815.0, 3986.0], "tp_th race group 1": [469.0, 469.0, 465.0, 458.0, 450.0, 420.0, 388.0, 293.0, 191.0, 48.0], "tp_th sex group 0": [5829.0, 5829.0, 5829.0, 5822.0, 5804.0, 5743.0, 5621.0, 5305.0, 4658.0, 2437.0], "tp_th sex group 1": [4488.0, 4488.0, 4482.0, 4476.0, 4457.0, 4393.0, 4252.0, 3948.0, 3348.0, 1597.0], "tp_th subgroup 0": [5660.0, 5660.0, 5660.0, 5658.0, 5643.0, 5589.0, 5480.0, 5190.0, 4586.0, 2425.0], "tp_th subgroup 1": [4188.0, 4188.0, 4186.0, 4182.0, 4168.0, 4127.0, 4005.0, 3770.0, 3229.0, 1561.0], "global_step": 100.0}