{"accuracy": 0.8595312237739563, "accuracy race group 0": 0.8686372637748718, "accuracy race group 1": 0.7333101034164429, "accuracy sex group 0": 0.8639582991600037, "accuracy sex group 1": 0.8537859320640564, "accuracy subgroup 0": 0.8708010315895081, "accuracy subgroup 1": 0.8656858205795288, "accuracy subgroup 2": 0.7256455421447754, "accuracy subgroup 3": 0.7383285164833069, "auc": 0.8127074241638184, "auc race group 0": 0.8003627061843872, "auc race group 1": 0.8050834536552429, "auc sex group 0": 0.8188995122909546, "auc sex group 1": 0.8046786785125732, "auc subgroup 0": 0.8084902167320251, "auc subgroup 1": 0.7889256477355957, "auc subgroup 2": 0.8033851385116577, "auc subgroup 3": 0.8028057217597961, "aucpr": 0.9426740407943726, "fn": 2720.0, "fn race group 0": 2252.0, "fn race group 1": 468.0, "fn sex group 0": 1450.0, "fn sex group 1": 1270.0, "fn subgroup 0": 1223.0, "fn subgroup 1": 1029.0, "fn subgroup 2": 227.0, "fn subgroup 3": 241.0, "fn_th": [0.0, 97.0, 355.0, 853.0, 1526.0, 2720.0, 4053.0, 7010.0, 13716.0, 30099.0], "fn_th race group 0": [0.0, 32.0, 274.0, 692.0, 1252.0, 2252.0, 3393.0, 5916.0, 11574.0, 26847.0], "fn_th race group 1": [0.0, 65.0, 81.0, 161.0, 274.0, 468.0, 660.0, 1094.0, 2142.0, 3252.0], "fn_th sex group 0": [0.0, 65.0, 194.0, 387.0, 772.0, 1450.0, 2107.0, 3571.0, 7333.0, 16730.0], "fn_th sex group 1": [0.0, 32.0, 161.0, 466.0, 754.0, 1270.0, 1946.0, 3439.0, 6383.0, 13369.0], "fn_th subgroup 0": [0.0, 16.0, 145.0, 322.0, 626.0, 1223.0, 1816.0, 3135.0, 6510.0, 15537.0], "fn_th subgroup 1": [0.0, 16.0, 129.0, 370.0, 626.0, 1029.0, 1577.0, 2781.0, 5064.0, 11310.0], "fn_th subgroup 2": [0.0, 49.0, 49.0, 65.0, 146.0, 227.0, 291.0, 436.0, 823.0, 1193.0], "fn_th subgroup 3": [0.0, 16.0, 32.0, 96.0, 128.0, 241.0, 369.0, 658.0, 1319.0, 2059.0], "fnr": 0.026461202651262283, "fnr race group 0": 0.022946109995245934, "fnr race group 1": 0.10066681355237961, "fnr sex group 0": 0.02494666539132595, "fnr sex group 1": 0.028431987389922142, "fnr subgroup 0": 0.021664807572960854, "fnr subgroup 1": 0.02468099445104599, "fnr subgroup 2": 0.13568440079689026, "fnr subgroup 3": 0.08098118007183075, "fp": 15260.0, "fp race group 0": 13431.0, "fp race group 1": 1829.0, "fp sex group 0": 8385.0, "fp sex group 1": 6875.0, "fp subgroup 0": 7677.0, "fp subgroup 1": 5754.0, "fp subgroup 2": 708.0, "fp subgroup 3": 1121.0, "fp_th": [25208.0, 21160.0, 19423.0, 17927.0, 16690.0, 15260.0, 13311.0, 11091.0, 8694.0, 5200.0], "fp_th race group 0": [21244.0, 18464.0, 16952.0, 15745.0, 14685.0, 13431.0, 11868.0, 9937.0, 7988.0, 5008.0], "fp_th race group 1": [3964.0, 2696.0, 2471.0, 2182.0, 2005.0, 1829.0, 1443.0, 1154.0, 706.0, 192.0], "fp_th sex group 0": [14170.0, 11824.0, 10809.0, 9958.0, 9218.0, 8385.0, 7352.0, 6241.0, 4986.0, 2778.0], "fp_th sex group 1": [11038.0, 9336.0, 8614.0, 7969.0, 7472.0, 6875.0, 5959.0, 4850.0, 3708.0, 2422.0], "fp_th subgroup 0": [12435.0, 10747.0, 9829.0, 9058.0, 8398.0, 7677.0, 6774.0, 5791.0, 4680.0, 2730.0], "fp_th subgroup 1": [8809.0, 7717.0, 7123.0, 6687.0, 6287.0, 5754.0, 5094.0, 4146.0, 3308.0, 2278.0], "fp_th subgroup 2": [1735.0, 1077.0, 980.0, 900.0, 820.0, 708.0, 578.0, 450.0, 306.0, 48.0], "fp_th subgroup 3": [2229.0, 1619.0, 1491.0, 1282.0, 1185.0, 1121.0, 865.0, 704.0, 400.0, 144.0], "fpr": 0.6053633689880371, "fpr race group 0": 0.6322255730628967, "fpr race group 1": 0.46140262484550476, "fpr sex group 0": 0.5917431116104126, "fpr sex group 1": 0.6228483319282532, "fpr subgroup 0": 0.6173703074455261, "fpr subgroup 1": 0.6531956195831299, "fpr subgroup 2": 0.4080691635608673, "fpr subgroup 3": 0.5029160976409912, "loss": 0.35018789768218994, "precision": 0.8676863312721252, "precision race group 0": 0.8771427273750305, "precision race group 1": 0.6956738829612732, "precision sex group 0": 0.8711169958114624, "precision sex group 1": 0.8632466793060303, "precision subgroup 0": 0.8779588341712952, "precision subgroup 1": 0.8760368227958679, "precision subgroup 2": 0.6713091731071472, "precision subgroup 3": 0.709284245967865, "precision_th": [0.8030624985694885, 0.8291550874710083, 0.8406121730804443, 0.8504413366317749, 0.8585065603256226, 0.8676863312721252, 0.8812048435211182, 0.8962225914001465, 0.9110770225524902, 0.9332417249679565], "precision_th race group 0": [0.8220576643943787, 0.841612696647644, 0.8523615002632141, 0.8609049916267395, 0.8683856725692749, 0.8771427273750305, 0.8886867165565491, 0.9027348160743713, 0.9155218601226807, 0.9343677759170532], "precision_th race group 1": [0.539765477180481, 0.6296703219413757, 0.6489558219909668, 0.6728635430335999, 0.6857366561889648, 0.6956738829612732, 0.7343519926071167, 0.7549373507499695, 0.7802676558494568, 0.8791692852973938], "precision_th sex group 0": [0.8039947748184204, 0.8308029174804688, 0.842752993106842, 0.8528990149497986, 0.8615292310714722, 0.8711169958114624, 0.8839811086654663, 0.8973418474197388, 0.9106082916259766, 0.9371094703674316], "precision_th sex group 1": [0.8018525838851929, 0.8270214200019836, 0.8378419280052185, 0.8472523093223572, 0.8545907735824585, 0.8632466793060303, 0.8775908350944519, 0.8947460055351257, 0.9116995930671692, 0.9281753301620483], "precision_th subgroup 0": [0.8194843530654907, 0.8400315642356873, 0.8513797521591187, 0.8610458970069885, 0.8692368865013123, 0.8779588341712952, 0.8896904587745667, 0.9020251631736755, 0.9143186807632446, 0.9374484419822693], "precision_th subgroup 1": [0.8255677819252014, 0.8437632918357849, 0.8536950945854187, 0.8607136011123657, 0.8672312498092651, 0.8760368227958679, 0.8873233199119568, 0.9037090539932251, 0.9171674847602844, 0.9302510619163513], "precision_th subgroup 2": [0.49090376496315, 0.6012588143348694, 0.6236559152603149, 0.6411483287811279, 0.6506178379058838, 0.6713091731071472, 0.7051020264625549, 0.7332543134689331, 0.7352941036224365, 0.9090909361839294], "precision_th subgroup 3": [0.5717579126358032, 0.6464293599128723, 0.6638106107711792, 0.6919749975204468, 0.7061740756034851, 0.709284245967865, 0.7508640289306641, 0.7670416831970215, 0.8055420517921448, 0.8642789721488953], "recall": 0.9735388159751892, "recall race group 0": 0.9770538806915283, "recall race group 1": 0.8993331789970398, "recall sex group 0": 0.9750533103942871, "recall sex group 1": 0.9715679883956909, "recall subgroup 0": 0.9783352017402649, "recall subgroup 1": 0.9753190279006958, "recall subgroup 2": 0.8643156290054321, "recall subgroup 3": 0.9190188050270081, "recall_th": [1.0, 0.999056339263916, 0.9965464472770691, 0.9917016625404358, 0.9851545095443726, 0.9735388159751892, 0.9605708718299866, 0.9318040609359741, 0.866565465927124, 0.7071853876113892], "recall_th race group 0": [1.0, 0.9996739625930786, 0.9972081780433655, 0.9929490685462952, 0.987243115901947, 0.9770538806915283, 0.9654279947280884, 0.939720630645752, 0.8820700645446777, 0.7264502048492432], "recall_th race group 1": [1.0, 0.9860184788703918, 0.9825769066810608, 0.9653688669204712, 0.9410625696182251, 0.8993331789970398, 0.8580340147018433, 0.7646805644035339, 0.5392557382583618, 0.3004947304725647], "recall_th sex group 0": [1.0, 0.9988816976547241, 0.9966623187065125, 0.9933418035507202, 0.9867180585861206, 0.9750533103942871, 0.963749885559082, 0.9385623931884766, 0.8738386631011963, 0.7121670842170715], "recall_th sex group 1": [1.0, 0.9992836117744446, 0.9963956475257874, 0.9895674586296082, 0.9831199049949646, 0.9715679883956909, 0.9564341306686401, 0.9230097532272339, 0.8571012616157532, 0.700702965259552], "recall_th subgroup 0": [1.0, 0.999716579914093, 0.9974313974380493, 0.9942959547042847, 0.9889107346534729, 0.9783352017402649, 0.96783047914505, 0.9444651007652283, 0.8846787214279175, 0.7247701287269592], "recall_th subgroup 1": [1.0, 0.9996162056922913, 0.9969058632850647, 0.9911254048347473, 0.9849851131439209, 0.9753190279006958, 0.9621750116348267, 0.9332965612411499, 0.8785378336906433, 0.7287249565124512],