{"accuracy": 0.8326562643051147, "accuracy race group 0": 0.8411262035369873, "accuracy race group 1": 0.7159353494644165, "accuracy sex group 0": 0.8347210884094238, "accuracy sex group 1": 0.8299964070320129, "accuracy subgroup 0": 0.8411010503768921, "accuracy subgroup 1": 0.841160237789154, "auc": 0.7253811955451965, "auc race group 0": 0.7046345472335815, "auc race group 1": 0.7519428730010986, "auc sex group 0": 0.7233454585075378, "auc sex group 1": 0.7284726500511169, "auc subgroup 0": 0.7063871026039124, "auc subgroup 1": 0.7031423449516296, "aucpr": 0.9101383090019226, "fn": 173.0, "fn race group 0": 128.0, "fn race group 1": 45.0, "fn sex group 0": 84.0, "fn sex group 1": 89.0, "fn subgroup 0": 68.0, "fn subgroup 1": 60.0, "fn_th": [0.0, 4.0, 13.0, 37.0, 72.0, 173.0, 485.0, 1095.0, 2342.0, 6429.0], "fn_th race group 0": [0.0, 2.0, 6.0, 22.0, 50.0, 128.0, 391.0, 926.0, 2055.0, 6001.0], "fn_th race group 1": [0.0, 2.0, 7.0, 15.0, 22.0, 45.0, 94.0, 169.0, 287.0, 428.0], "fn_th sex group 0": [0.0, 0.0, 3.0, 17.0, 40.0, 84.0, 221.0, 536.0, 1181.0, 3450.0], "fn_th sex group 1": [0.0, 4.0, 10.0, 20.0, 32.0, 89.0, 264.0, 559.0, 1161.0, 2979.0], "fn_th subgroup 0": [0.0, 0.0, 0.0, 10.0, 32.0, 68.0, 188.0, 479.0, 1079.0, 3289.0], "fn_th subgroup 1": [0.0, 2.0, 6.0, 12.0, 18.0, 60.0, 203.0, 447.0, 976.0, 2712.0], "fnr": 0.0167684406042099, "fnr race group 0": 0.012997562997043133, "fnr race group 1": 0.09594883024692535, "fnr sex group 0": 0.014410705305635929, "fnr sex group 1": 0.01983065903186798, "fnr subgroup 0": 0.012014133855700493, "fnr subgroup 1": 0.014326647855341434, "fp": 1969.0, "fp race group 0": 1768.0, "fp race group 1": 201.0, "fp sex group 0": 1107.0, "fp sex group 1": 862.0, "fp subgroup 0": 1023.0, "fp subgroup 1": 745.0, "fp_th": [2483.0, 2432.0, 2342.0, 2228.0, 2103.0, 1969.0, 1766.0, 1489.0, 1101.0, 306.0], "fp_th race group 0": [2086.0, 2067.0, 2021.0, 1951.0, 1875.0, 1768.0, 1607.0, 1391.0, 1045.0, 296.0], "fp_th race group 1": [397.0, 365.0, 321.0, 277.0, 228.0, 201.0, 159.0, 98.0, 56.0, 10.0], "fp_th sex group 0": [1377.0, 1344.0, 1300.0, 1241.0, 1178.0, 1107.0, 997.0, 873.0, 647.0, 185.0], "fp_th sex group 1": [1106.0, 1088.0, 1042.0, 987.0, 925.0, 862.0, 769.0, 616.0, 454.0, 121.0], "fp_th subgroup 0": [1206.0, 1193.0, 1168.0, 1127.0, 1081.0, 1023.0, 931.0, 825.0, 620.0, 181.0], "fp_th subgroup 1": [880.0, 874.0, 853.0, 824.0, 794.0, 745.0, 676.0, 566.0, 425.0, 115.0], "fpr": 0.792992353439331, "fpr race group 0": 0.8475551009178162, "fpr race group 1": 0.50629723072052, "fpr sex group 0": 0.8039215803146362, "fpr sex group 1": 0.7793851494789124, "fpr subgroup 0": 0.8482587337493896, "fpr subgroup 1": 0.8465909361839294, "loss": 0.42172539234161377, "precision": 0.8374473452568054, "precision race group 0": 0.8461002707481384, "precision race group 1": 0.6783999800682068, "precision sex group 0": 0.8384413123130798, "precision sex group 1": 0.8361528515815735, "precision subgroup 0": 0.8453514575958252, "precision subgroup 1": 0.8471167683601379, "precision_th": [0.8060156106948853, 0.8091800808906555, 0.8148031234741211, 0.8218740224838257, 0.8296890258789062, 0.8374473452568054, 0.8477323651313782, 0.8609840273857117, 0.8786910772323608, 0.9270386099815369], "precision_th race group 0": [0.8252052664756775, 0.8264920711517334, 0.8296383619308472, 0.8343381285667419, 0.8393729329109192, 0.8461002707481384, 0.8547541499137878, 0.8651216626167297, 0.8817605972290039, 0.9285541772842407], "precision_th race group 1": [0.5415704250335693, 0.5612980723381042, 0.5900382995605469, 0.6210670471191406, 0.6622222065925598, 0.6783999800682068, 0.7022472023963928, 0.7537688612937927, 0.7647058963775635, 0.8039215803146362], "precision_th sex group 0": [0.8089092373847961, 0.8126307129859924, 0.8175694346427917, 0.8240464925765991, 0.8309171795845032, 0.8384413123130798, 0.8490537405014038, 0.8584171533584595, 0.8778092265129089, 0.9278470873832703], "precision_th sex group 1": [0.8022881746292114, 0.8047379851341248, 0.8112319111824036, 0.8190650939941406, 0.8280988931655884, 0.8361528515815735, 0.8459843993186951, 0.8644664287567139, 0.8799259662628174, 0.9257668852806091], "precision_th subgroup 0": [0.8243519067764282, 0.8259156346321106, 0.82893967628479, 0.8337022066116333, 0.8388731479644775, 0.8453514575958252, 0.8545994162559509, 0.8626373410224915, 0.8807921409606934, 0.9290752410888672], "precision_th subgroup 1": [0.8263614773750305, 0.8272727131843567, 0.8305858969688416, 0.8352000117301941, 0.8400483727455139, 0.8471167683601379, 0.8549667596817017, 0.868586003780365, 0.8831454515457153, 0.9277184009552002], "recall": 0.9832315444946289, "recall race group 0": 0.987002432346344, "recall race group 1": 0.9040511846542358, "recall sex group 0": 0.9855892658233643, "recall sex group 1": 0.9801693558692932, "recall subgroup 0": 0.9879858493804932, "recall subgroup 1": 0.9856733679771423, "recall_th": [1.0, 0.9996122717857361, 0.9987399578094482, 0.9964137077331543, 0.9930212497711182, 0.9832315444946289, 0.9529902338981628, 0.8938645124435425, 0.7729960083961487, 0.37685373425483704], "recall_th race group 0": [1.0, 0.9997969269752502, 0.999390721321106, 0.9977660179138184, 0.9949228167533875, 0.987002432346344, 0.9602965116500854, 0.9059707522392273, 0.7913281917572021, 0.39063769578933716], "recall_th race group 1": [1.0, 0.9957355856895447, 0.9850746393203735, 0.968017041683197, 0.9530916810035706, 0.9040511846542358, 0.799573540687561, 0.6396588683128357, 0.38805970549583435, 0.08742004632949829], "recall_th sex group 0": [1.0, 1.0, 0.9994853138923645, 0.9970835447311401, 0.993137776851654, 0.9855892658233643, 0.9620861411094666, 0.9080459475517273, 0.7973923683166504, 0.40813174843788147], "recall_th sex group 1": [1.0, 0.9991087317466736, 0.9977718591690063, 0.9955436587333679, 0.9928698539733887, 0.9801693558692932, 0.9411764740943909, 0.8754456043243408, 0.741310179233551, 0.33622995018959045], "recall_th subgroup 0": [1.0, 1.0, 1.0, 0.9982331991195679, 0.9943462610244751, 0.9879858493804932, 0.9667844772338867, 0.9153710007667542, 0.8093639612197876, 0.4189046025276184], "recall_th subgroup 1": [1.0, 0.9995224475860596, 0.9985673427581787, 0.9971346855163574, 0.9957020282745361, 0.9856733679771423, 0.9515281915664673, 0.893266499042511, 0.76695317029953, 0.35243552923202515], "tn": 514.0, "tn race group 0": 318.0, "tn race group 1": 196.0, "tn sex group 0": 270.0, "tn sex group 1": 244.0, "tn subgroup 0": 183.0, "tn subgroup 1": 135.0, "tn_th": [0.0, 51.0, 141.0, 255.0, 380.0, 514.0, 717.0, 994.0, 1382.0, 2177.0], "tn_th race group 0": [0.0, 19.0, 65.0, 135.0, 211.0, 318.0, 479.0, 695.0, 1041.0, 1790.0], "tn_th race group 1": [0.0, 32.0, 76.0, 120.0, 169.0, 196.0, 238.0, 299.0, 341.0, 387.0], "tn_th sex group 0": [0.0, 33.0, 77.0, 136.0, 199.0, 270.0, 380.0, 504.0, 730.0, 1192.0], "tn_th sex group 1": [0.0, 18.0, 64.0, 119.0, 181.0, 244.0, 337.0, 490.0, 652.0, 985.0], "tn_th subgroup 0": [0.0, 13.0, 38.0, 79.0, 125.0, 183.0, 275.0, 381.0, 586.0, 1025.0], "tn_th subgroup 1": [0.0, 6.0, 27.0, 56.0, 86.0, 135.0, 204.0, 314.0, 455.0, 765.0], "tp": 10144.0, "tp race group 0": 9720.0, "tp race group 1": 424.0, "tp sex group 0": 5745.0, "tp sex group 1": 4399.0, "tp subgroup 0": 5592.0, "tp subgroup 1": 4128.0, "tp_th": [10317.0, 10313.0, 10304.0, 10280.0, 10245.0, 10144.0, 9832.0, 9222.0, 7975.0, 3888.0], "tp_th race group 0": [9848.0, 9846.0, 9842.0, 9826.0, 9798.0, 9720.0, 9457.0, 8922.0, 7793.0, 3847.0], "tp_th race group 1": [469.0, 467.0, 462.0, 454.0, 447.0, 424.0, 375.0, 300.0, 182.0, 41.0], "tp_th sex group 0": [5829.0, 5829.0, 5826.0, 5812.0, 5789.0, 5745.0, 5608.0, 5293.0, 4648.0, 2379.0], "tp_th sex group 1": [4488.0, 4484.0, 4478.0, 4468.0, 4456.0, 4399.0, 4224.0, 3929.0, 3327.0, 1509.0], "tp_th subgroup 0": [5660.0, 5660.0, 5660.0, 5650.0, 5628.0, 5592.0, 5472.0, 5181.0, 4581.0, 2371.0], "tp_th subgroup 1": [4188.0, 4186.0, 4182.0, 4176.0, 4170.0, 4128.0, 3985.0, 3741.0, 3212.0, 1476.0],