{"accuracy": 0.8298437595367432, "accuracy race group 0": 0.8377744555473328, "accuracy race group 1": 0.7205542922019958, "accuracy sex group 0": 0.8306966423988342, "accuracy sex group 1": 0.8287450671195984, "accuracy subgroup 0": 0.8373143076896667, "accuracy subgroup 1": 0.8383978009223938, "auc": 0.7266947627067566, "auc race group 0": 0.7077991366386414, "auc race group 1": 0.7481780052185059, "auc sex group 0": 0.7255369424819946, "auc sex group 1": 0.7286961078643799, "auc subgroup 0": 0.7114916443824768, "auc subgroup 1": 0.7033926844596863, "aucpr": 0.9123889207839966, "fn": 192.0, "fn race group 0": 148.0, "fn race group 1": 44.0, "fn sex group 0": 101.0, "fn sex group 1": 91.0, "fn subgroup 0": 85.0, "fn subgroup 1": 63.0, "fn_th": [0.0, 0.0, 6.0, 24.0, 77.0, 192.0, 498.0, 1086.0, 2683.0, 6550.0], "fn_th race group 0": [0.0, 0.0, 2.0, 12.0, 54.0, 148.0, 413.0, 906.0, 2367.0, 6123.0], "fn_th race group 1": [0.0, 0.0, 4.0, 12.0, 23.0, 44.0, 85.0, 180.0, 316.0, 427.0], "fn_th sex group 0": [0.0, 0.0, 2.0, 11.0, 44.0, 101.0, 253.0, 549.0, 1380.0, 3541.0], "fn_th sex group 1": [0.0, 0.0, 4.0, 13.0, 33.0, 91.0, 245.0, 537.0, 1303.0, 3009.0], "fn_th subgroup 0": [0.0, 0.0, 0.0, 6.0, 34.0, 85.0, 220.0, 489.0, 1268.0, 3382.0], "fn_th subgroup 1": [0.0, 0.0, 2.0, 6.0, 20.0, 63.0, 193.0, 417.0, 1099.0, 2741.0], "fnr": 0.018610060214996338, "fnr race group 0": 0.015028432011604309, "fnr race group 1": 0.09381663054227829, "fnr sex group 0": 0.01732715778052807, "fnr sex group 1": 0.02027629315853119, "fnr subgroup 0": 0.015017667785286903, "fnr subgroup 1": 0.015042980201542377, "fp": 1986.0, "fp race group 0": 1788.0, "fp race group 1": 198.0, "fp sex group 0": 1119.0, "fp sex group 1": 867.0, "fp subgroup 0": 1032.0, "fp subgroup 1": 756.0, "fp_th": [2483.0, 2457.0, 2391.0, 2296.0, 2143.0, 1986.0, 1803.0, 1484.0, 1013.0, 272.0], "fp_th race group 0": [2086.0, 2077.0, 2054.0, 2004.0, 1907.0, 1788.0, 1652.0, 1379.0, 963.0, 258.0], "fp_th race group 1": [397.0, 380.0, 337.0, 292.0, 236.0, 198.0, 151.0, 105.0, 50.0, 14.0], "fp_th sex group 0": [1377.0, 1359.0, 1327.0, 1276.0, 1205.0, 1119.0, 1025.0, 862.0, 599.0, 178.0], "fp_th sex group 1": [1106.0, 1098.0, 1064.0, 1020.0, 938.0, 867.0, 778.0, 622.0, 414.0, 94.0], "fp_th subgroup 0": [1206.0, 1201.0, 1184.0, 1153.0, 1107.0, 1032.0, 960.0, 813.0, 575.0, 170.0], "fp_th subgroup 1": [880.0, 876.0, 870.0, 851.0, 800.0, 756.0, 692.0, 566.0, 388.0, 88.0], "fpr": 0.7998389005661011, "fpr race group 0": 0.8571428656578064, "fpr race group 1": 0.498740553855896, "fpr sex group 0": 0.812636137008667, "fpr sex group 1": 0.7839059829711914, "fpr subgroup 0": 0.8557214140892029, "fpr subgroup 1": 0.8590909242630005, "loss": 0.42293164134025574, "precision": 0.836016833782196, "precision race group 0": 0.8443593382835388, "precision race group 1": 0.6821829676628113, "precision sex group 0": 0.8365707397460938, "precision sex group 1": 0.8352963328361511, "precision subgroup 0": 0.8438020348548889, "precision subgroup 1": 0.8451136946678162, "precision_th": [0.8060156106948853, 0.8076561689376831, 0.8117619156837463, 0.8176185488700867, 0.8269401788711548, 0.836016833782196, 0.8448631763458252, 0.8615025877952576, 0.8828495144844055, 0.9326565861701965], "precision_th race group 0": [0.8252052664756775, 0.8258280754089355, 0.827394962310791, 0.8307432532310486, 0.8370224833488464, 0.8443593382835388, 0.8509966731071472, 0.8663889169692993, 0.8859544992446899, 0.935224711894989], "precision_th race group 1": [0.5415704250335693, 0.55241459608078, 0.5798004865646362, 0.6101468801498413, 0.6539589166641235, 0.6821829676628113, 0.717756986618042, 0.7335025668144226, 0.7536945939064026, 0.75], "precision_th sex group 0": [0.8089092373847961, 0.8109349012374878, 0.814509391784668, 0.8201296925544739, 0.8276108503341675, 0.8365707397460938, 0.8447204828262329, 0.8596548438072205, 0.8813391327857971, 0.9278183579444885], "precision_th sex group 1": [0.8022881746292114, 0.8034371733665466, 0.8082191944122314, 0.814376711845398, 0.8260708451271057, 0.8352963328361511, 0.8450508117675781, 0.863984227180481, 0.8849680423736572, 0.9402415752410889], "precision_th subgroup 0": [0.8243519067764282, 0.8249526023864746, 0.8270017504692078, 0.8306155204772949, 0.83558589220047, 0.8438020348548889, 0.8500000238418579, 0.8641377091407776, 0.8842359781265259, 0.9305555820465088], "precision_th subgroup 1": [0.8263614773750305, 0.8270142078399658, 0.8279272317886353, 0.8309159278869629, 0.8389694094657898, 0.8451136946678162, 0.8523575663566589, 0.8694950342178345, 0.8884095549583435, 0.942671000957489], "recall": 0.9813899397850037, "recall race group 0": 0.9849715828895569, "recall race group 1": 0.9061833620071411, "recall sex group 0": 0.9826728701591492, "recall sex group 1": 0.9797236919403076, "recall subgroup 0": 0.9849823117256165, "recall subgroup 1": 0.9849570393562317, "recall_th": [1.0, 1.0, 0.9994184374809265, 0.997673749923706, 0.9925366044044495, 0.9813899397850037, 0.9517301321029663, 0.8947368264198303, 0.73994380235672, 0.36512550711631775], "recall_th race group 0": [1.0, 1.0, 0.9997969269752502, 0.9987815022468567, 0.9945166707038879, 0.9849715828895569, 0.9580625295639038, 0.9080016016960144, 0.7596466541290283, 0.3782493770122528], "recall_th race group 1": [1.0, 1.0, 0.9914712309837341, 0.9744136333465576, 0.9509595036506653, 0.9061833620071411, 0.8187633156776428, 0.6162046790122986, 0.32622602581977844, 0.08955223858356476], "recall_th sex group 0": [1.0, 1.0, 0.9996569156646729, 0.9981128573417664, 0.992451548576355, 0.9826728701591492, 0.956596314907074, 0.9058157205581665, 0.7632526755332947, 0.39252015948295593], "recall_th sex group 1": [1.0, 1.0, 0.9991087317466736, 0.9971033930778503, 0.9926470518112183, 0.9797236919403076, 0.9454099535942078, 0.8803476095199585, 0.7096702456474304, 0.3295454680919647], "recall_th subgroup 0": [1.0, 1.0, 1.0, 0.9989399313926697, 0.9939929246902466, 0.9849823117256165, 0.9611307382583618, 0.9136042594909668, 0.7759717106819153, 0.402473509311676], "recall_th subgroup 1": [1.0, 1.0, 0.9995224475860596, 0.9985673427581787, 0.9952244758605957, 0.9849570393562317, 0.9539159536361694, 0.9004297852516174, 0.737583577632904, 0.34551098942756653], "tn": 497.0, "tn race group 0": 298.0, "tn race group 1": 199.0, "tn sex group 0": 258.0, "tn sex group 1": 239.0, "tn subgroup 0": 174.0, "tn subgroup 1": 124.0, "tn_th": [0.0, 26.0, 92.0, 187.0, 340.0, 497.0, 680.0, 999.0, 1470.0, 2211.0], "tn_th race group 0": [0.0, 9.0, 32.0, 82.0, 179.0, 298.0, 434.0, 707.0, 1123.0, 1828.0], "tn_th race group 1": [0.0, 17.0, 60.0, 105.0, 161.0, 199.0, 246.0, 292.0, 347.0, 383.0], "tn_th sex group 0": [0.0, 18.0, 50.0, 101.0, 172.0, 258.0, 352.0, 515.0, 778.0, 1199.0], "tn_th sex group 1": [0.0, 8.0, 42.0, 86.0, 168.0, 239.0, 328.0, 484.0, 692.0, 1012.0], "tn_th subgroup 0": [0.0, 5.0, 22.0, 53.0, 99.0, 174.0, 246.0, 393.0, 631.0, 1036.0], "tn_th subgroup 1": [0.0, 4.0, 10.0, 29.0, 80.0, 124.0, 188.0, 314.0, 492.0, 792.0], "tp": 10125.0, "tp race group 0": 9700.0, "tp race group 1": 425.0, "tp sex group 0": 5728.0, "tp sex group 1": 4397.0, "tp subgroup 0": 5575.0, "tp subgroup 1": 4125.0, "tp_th": [10317.0, 10317.0, 10311.0, 10293.0, 10240.0, 10125.0, 9819.0, 9231.0, 7634.0, 3767.0], "tp_th race group 0": [9848.0, 9848.0, 9846.0, 9836.0, 9794.0, 9700.0, 9435.0, 8942.0, 7481.0, 3725.0], "tp_th race group 1": [469.0, 469.0, 465.0, 457.0, 446.0, 425.0, 384.0, 289.0, 153.0, 42.0], "tp_th sex group 0": [5829.0, 5829.0, 5827.0, 5818.0, 5785.0, 5728.0, 5576.0, 5280.0, 4449.0, 2288.0], "tp_th sex group 1": [4488.0, 4488.0, 4484.0, 4475.0, 4455.0, 4397.0, 4243.0, 3951.0, 3185.0, 1479.0], "tp_th subgroup 0": [5660.0, 5660.0, 5660.0, 5654.0, 5626.0, 5575.0, 5440.0, 5171.0, 4392.0, 2278.0], "tp_th subgroup 1": [4188.0, 4188.0, 4186.0, 4182.0, 4168.0, 4125.0, 3995.0, 3771.0, 3089.0, 1447.0], "global_step": 100.0}