{"accuracy": 0.8639765381813049, "accuracy race group 0": 0.8729928731918335, "accuracy race group 1": 0.7389991879463196, "accuracy sex group 0": 0.86824631690979, "accuracy sex group 1": 0.858435332775116, "accuracy subgroup 0": 0.8755334615707397, "accuracy subgroup 1": 0.8695273399353027, "accuracy subgroup 2": 0.720950722694397, "accuracy subgroup 3": 0.7508165240287781, "auc": 0.8116415739059448, "auc race group 0": 0.797773003578186, "auc race group 1": 0.8144640922546387, "auc sex group 0": 0.8153567314147949, "auc sex group 1": 0.8067882657051086, "auc subgroup 0": 0.8054106831550598, "auc subgroup 1": 0.7869825959205627, "auc subgroup 2": 0.7964253425598145, "auc subgroup 3": 0.824698269367218, "aucpr": 0.9427037835121155, "fn": 2862.0, "fn race group 0": 2443.0, "fn race group 1": 419.0, "fn sex group 0": 1416.0, "fn sex group 1": 1446.0, "fn subgroup 0": 1205.0, "fn subgroup 1": 1238.0, "fn subgroup 2": 211.0, "fn subgroup 3": 208.0, "fn_th": [0.0, 226.0, 548.0, 1077.0, 1735.0, 2862.0, 4295.0, 7077.0, 12980.0, 28965.0], "fn_th race group 0": [0.0, 161.0, 435.0, 899.0, 1493.0, 2443.0, 3635.0, 5917.0, 10871.0, 25793.0], "fn_th race group 1": [0.0, 65.0, 113.0, 178.0, 242.0, 419.0, 660.0, 1160.0, 2109.0, 3172.0], "fn_th sex group 0": [0.0, 146.0, 274.0, 563.0, 852.0, 1416.0, 2222.0, 3847.0, 6900.0, 16126.0], "fn_th sex group 1": [0.0, 80.0, 274.0, 514.0, 883.0, 1446.0, 2073.0, 3230.0, 6080.0, 12839.0], "fn_th subgroup 0": [0.0, 97.0, 209.0, 449.0, 722.0, 1205.0, 1914.0, 3329.0, 6094.0, 14917.0], "fn_th subgroup 1": [0.0, 64.0, 226.0, 450.0, 771.0, 1238.0, 1721.0, 2588.0, 4777.0, 10876.0], "fn_th subgroup 2": [0.0, 49.0, 65.0, 114.0, 130.0, 211.0, 308.0, 518.0, 806.0, 1209.0], "fn_th subgroup 3": [0.0, 16.0, 48.0, 64.0, 112.0, 208.0, 352.0, 642.0, 1303.0, 1963.0], "fnr": 0.027842633426189423, "fnr race group 0": 0.024892248213291168, "fnr race group 1": 0.09012690931558609, "fnr sex group 0": 0.024361709132790565, "fnr sex group 1": 0.03237216919660568, "fnr subgroup 0": 0.021345946937799454, "fnr subgroup 1": 0.02969394624233246, "fnr subgroup 2": 0.12612074613571167, "fnr subgroup 3": 0.06989247351884842, "fp": 14549.0, "fp race group 0": 12720.0, "fp race group 1": 1829.0, "fp sex group 0": 8109.0, "fp sex group 1": 6440.0, "fp subgroup 0": 7369.0, "fp subgroup 1": 5351.0, "fp subgroup 2": 740.0, "fp subgroup 3": 1089.0, "fp_th": [25208.0, 20725.0, 19101.0, 17572.0, 16286.0, 14549.0, 12522.0, 10755.0, 8741.0, 5332.0], "fp_th race group 0": [21244.0, 18189.0, 16709.0, 15341.0, 14216.0, 12720.0, 11063.0, 9696.0, 8068.0, 5188.0], "fp_th race group 1": [3964.0, 2536.0, 2392.0, 2231.0, 2070.0, 1829.0, 1459.0, 1059.0, 673.0, 144.0], "fp_th sex group 0": [14170.0, 11662.0, 10649.0, 9668.0, 8977.0, 8109.0, 6982.0, 6065.0, 4986.0, 2910.0], "fp_th sex group 1": [11038.0, 9063.0, 8452.0, 7904.0, 7309.0, 6440.0, 5540.0, 4690.0, 3755.0, 2422.0], "fp_th subgroup 0": [12435.0, 10633.0, 9700.0, 8768.0, 8125.0, 7369.0, 6404.0, 5615.0, 4697.0, 2878.0], "fp_th subgroup 1": [8809.0, 7556.0, 7009.0, 6573.0, 6091.0, 5351.0, 4659.0, 4081.0, 3371.0, 2310.0], "fp_th subgroup 2": [1735.0, 1029.0, 949.0, 900.0, 852.0, 740.0, 578.0, 450.0, 289.0, 32.0], "fp_th subgroup 3": [2229.0, 1507.0, 1443.0, 1331.0, 1218.0, 1089.0, 881.0, 609.0, 384.0, 112.0], "fpr": 0.5771580338478088, "fpr race group 0": 0.598757266998291, "fpr race group 1": 0.46140262484550476, "fpr sex group 0": 0.5722653269767761, "fpr sex group 1": 0.58343905210495, "fpr subgroup 0": 0.5926015377044678, "fpr subgroup 1": 0.6074469089508057, "fpr subgroup 2": 0.4265129566192627, "fpr subgroup 3": 0.48855990171432495, "loss": 0.3482126295566559, "precision": 0.8729112148284912, "precision race group 0": 0.8826784491539001, "precision race group 1": 0.6981350183486938, "precision sex group 0": 0.8748939037322998, "precision sex group 1": 0.8703233599662781, "precision subgroup 0": 0.882312536239624, "precision subgroup 1": 0.8831787109375, "precision subgroup 2": 0.6639418601989746, "precision subgroup 3": 0.7176561951637268, "precision_th": [0.8030624985694885, 0.8319017887115479, 0.8425893187522888, 0.8526914119720459, 0.861210286617279, 0.8729112148284912, 0.8872085213661194, 0.8989856243133545, 0.911306619644165, 0.9326419234275818], "precision_th race group 0": [0.8220576643943787, 0.8434290885925293, 0.8539640307426453, 0.8637385368347168, 0.8717731237411499, 0.8826784491539001, 0.895207941532135, 0.9048684239387512, 0.9153765439987183, 0.93309086561203], "precision_th race group 1": [0.539765477180481, 0.6438202261924744, 0.6547344326972961, 0.6671143174171448, 0.6804075837135315, 0.6981350183486938, 0.7321953177452087, 0.7671504020690918, 0.7905384302139282, 0.9111659526824951], "precision_th sex group 0": [0.8039947748184204, 0.8325387835502625, 0.8445378541946411, 0.8561930060386658, 0.8644960522651672, 0.8748939037322998, 0.8889701962471008, 0.8994895815849304, 0.9112969040870667, 0.9352008700370789], "precision_th sex group 1": [0.8018525838851929, 0.8310748934745789, 0.8400635719299316, 0.8481693267822266, 0.8569499254226685, 0.8703233599662781, 0.8849070072174072, 0.8983263969421387, 0.9113194346427917, 0.9292867183685303], "precision_th subgroup 0": [0.8194843530654907, 0.8412677049636841, 0.852901041507721, 0.8646286725997925, 0.8727566003799438, 0.882312536239624, 0.8949147462844849, 0.9044044017791748, 0.9146837592124939, 0.9351977109909058], "precision_th subgroup 1": [0.8255677819252014, 0.8463727831840515, 0.8554099798202515, 0.8625326752662659, 0.8704373240470886, 0.8831787109375, 0.8956083059310913, 0.9054995775222778, 0.9163233041763306, 0.930266261100769], "precision_th subgroup 2": [0.49090376496315, 0.6121371984481812, 0.6288619637489319, 0.6339975595474243, 0.6442588567733765, 0.6639418601989746, 0.7025218605995178, 0.7196261882781982, 0.75, 0.9354838728904724], "precision_th subgroup 3": [0.5717579126358032, 0.6626371145248413, 0.669869601726532, 0.6863068342208862, 0.7016168832778931, 0.7176561951637268, 0.7486447691917419, 0.7930682897567749, 0.8133203983306885, 0.9004444479942322], "recall": 0.97215735912323, "recall race group 0": 0.975107729434967, "recall race group 1": 0.9098730683326721, "recall sex group 0": 0.9756382703781128, "recall sex group 1": 0.9676278233528137, "recall subgroup 0": 0.9786540269851685, "recall subgroup 1": 0.9703060388565063, "recall subgroup 2": 0.8738792538642883, "recall subgroup 3": 0.9301075339317322, "recall_th": [1.0, 0.9978013634681702, 0.9946688413619995, 0.9895225167274475, 0.9831212759017944, 0.97215735912323, 0.9582166075706482, 0.9311522245407104, 0.8737255930900574, 0.7182173728942871], "recall_th race group 0": [1.0, 0.9983595609664917, 0.9955676794052124, 0.9908398985862732, 0.9847875237464905, 0.975107729434967, 0.9629622101783752, 0.9397104382514954, 0.8892330527305603, 0.7371895909309387], "recall_th race group 1": [1.0, 0.9860184788703918, 0.9756937026977539, 0.9617121815681458, 0.947945773601532, 0.9098730683326721, 0.8580340147018433, 0.7504839897155762, 0.5463540554046631, 0.3177027404308319], "recall_th sex group 0": [1.0, 0.9974881410598755, 0.9952859282493591, 0.9903138279914856, 0.9853416681289673, 0.9756382703781128, 0.9617713689804077, 0.9338139295578003, 0.8812882900238037, 0.7225586771965027], "recall_th sex group 1": [1.0, 0.9982089996337891, 0.9938658475875854, 0.9884929060935974, 0.9802319407463074, 0.9676278233528137, 0.9535909295082092, 0.927688717842102, 0.863884687423706, 0.7125682830810547], "recall_th subgroup 0": [1.0, 0.998281717300415, 0.9962976574897766, 0.9920461773872375, 0.9872101545333862, 0.9786540269851685, 0.9660944938659668, 0.9410284757614136, 0.8920479416847229, 0.7357531189918518], "recall_th subgroup 1": [1.0, 0.9984649419784546, 0.9945793151855469, 0.9892065525054932, 0.9815072417259216, 0.9703060388565063, 0.9587211012840271, 0.9379257559776306, 0.8854216933250427, 0.7391346096992493],