{"accuracy": 0.8295312523841858, "accuracy race group 0": 0.8381096124649048, "accuracy race group 1": 0.7113164067268372, "accuracy sex group 0": 0.8323619365692139, "accuracy sex group 1": 0.8258848786354065, "accuracy subgroup 0": 0.8389164209365845, "accuracy subgroup 1": 0.8370165824890137, "auc": 0.7198746204376221, "auc race group 0": 0.6994771957397461, "auc race group 1": 0.7478503584861755, "auc sex group 0": 0.7155004739761353, "auc sex group 1": 0.7259646058082581, "auc subgroup 0": 0.6995598077774048, "auc subgroup 1": 0.7001935839653015, "aucpr": 0.9107116460800171, "fn": 190.0, "fn race group 0": 142.0, "fn race group 1": 48.0, "fn sex group 0": 93.0, "fn sex group 1": 97.0, "fn subgroup 0": 76.0, "fn subgroup 1": 66.0, "fn_th": [0.0, 0.0, 10.0, 27.0, 75.0, 190.0, 487.0, 1040.0, 2421.0, 6512.0], "fn_th race group 0": [0.0, 0.0, 4.0, 11.0, 52.0, 142.0, 398.0, 863.0, 2115.0, 6087.0], "fn_th race group 1": [0.0, 0.0, 6.0, 16.0, 23.0, 48.0, 89.0, 177.0, 306.0, 425.0], "fn_th sex group 0": [0.0, 0.0, 2.0, 12.0, 39.0, 93.0, 237.0, 527.0, 1225.0, 3499.0], "fn_th sex group 1": [0.0, 0.0, 8.0, 15.0, 36.0, 97.0, 250.0, 513.0, 1196.0, 3013.0], "fn_th subgroup 0": [0.0, 0.0, 0.0, 5.0, 29.0, 76.0, 209.0, 462.0, 1113.0, 3340.0], "fn_th subgroup 1": [0.0, 0.0, 4.0, 6.0, 23.0, 66.0, 189.0, 401.0, 1002.0, 2747.0], "fnr": 0.018416205421090126, "fnr race group 0": 0.014419171027839184, "fnr race group 1": 0.10234541445970535, "fnr sex group 0": 0.01595470868051052, "fnr sex group 1": 0.021613189950585365, "fnr subgroup 0": 0.013427562080323696, "fnr subgroup 1": 0.015759311616420746, "fp": 1992.0, "fp race group 0": 1790.0, "fp race group 1": 202.0, "fp sex group 0": 1115.0, "fp sex group 1": 877.0, "fp subgroup 0": 1030.0, "fp subgroup 1": 760.0, "fp_th": [2483.0, 2451.0, 2378.0, 2276.0, 2137.0, 1992.0, 1778.0, 1510.0, 1088.0, 306.0], "fp_th race group 0": [2086.0, 2075.0, 2050.0, 1994.0, 1899.0, 1790.0, 1616.0, 1396.0, 1028.0, 293.0], "fp_th race group 1": [397.0, 376.0, 328.0, 282.0, 238.0, 202.0, 162.0, 114.0, 60.0, 13.0], "fp_th sex group 0": [1377.0, 1358.0, 1324.0, 1270.0, 1202.0, 1115.0, 1019.0, 878.0, 642.0, 191.0], "fp_th sex group 1": [1106.0, 1093.0, 1054.0, 1006.0, 935.0, 877.0, 759.0, 632.0, 446.0, 115.0], "fp_th subgroup 0": [1206.0, 1201.0, 1185.0, 1153.0, 1103.0, 1030.0, 945.0, 822.0, 613.0, 185.0], "fp_th subgroup 1": [880.0, 874.0, 865.0, 841.0, 796.0, 760.0, 671.0, 574.0, 415.0, 108.0], "fpr": 0.8022553324699402, "fpr race group 0": 0.8581016063690186, "fpr race group 1": 0.508816123008728, "fpr sex group 0": 0.8097313046455383, "fpr sex group 1": 0.79294753074646, "fpr subgroup 0": 0.8540630340576172, "fpr subgroup 1": 0.8636363744735718, "loss": 0.4236288368701935, "precision": 0.8356299996376038, "precision race group 0": 0.8442936539649963, "precision race group 1": 0.675762414932251, "precision sex group 0": 0.8372500538825989, "precision sex group 1": 0.833523154258728, "precision subgroup 0": 0.8442697525024414, "precision subgroup 1": 0.8443260788917542, "precision_th": [0.8060156106948853, 0.8080357313156128, 0.812534511089325, 0.818876326084137, 0.8273689150810242, 0.8356299996376038, 0.8468297719955444, 0.8600167036056519, 0.8788958191871643, 0.9255655407905579], "precision_th race group 0": [0.8252052664756775, 0.8259665966033936, 0.8276441693305969, 0.8314597010612488, 0.8376229405403137, 0.8442936539649963, 0.8539671301841736, 0.8655235767364502, 0.8826618194580078, 0.9277257323265076], "precision_th race group 1": [0.5415704250335693, 0.555029571056366, 0.5853350162506104, 0.6163265109062195, 0.652046799659729, 0.675762414932251, 0.7011070251464844, 0.7192118167877197, 0.7309417128562927, 0.7719298005104065], "precision_th sex group 0": [0.8089092373847961, 0.8110477328300476, 0.8148510456085205, 0.8207986354827881, 0.8280892372131348, 0.8372500538825989, 0.8458629846572876, 0.8579288125038147, 0.877621054649353, 0.9242364168167114], "precision_th sex group 1": [0.8022881746292114, 0.8041569590568542, 0.8095410466194153, 0.8163898587226868, 0.8264340162277222, 0.833523154258728, 0.8481088876724243, 0.8628174662590027, 0.8806848526000977, 0.9276729822158813], "precision_th subgroup 0": [0.8243519067764282, 0.8249526023864746, 0.826880931854248, 0.830640435218811, 0.8362043499946594, 0.8442697525024414, 0.852251410484314, 0.8634551763534546, 0.8812015652656555, 0.9261476993560791], "precision_th subgroup 1": [0.8263614773750305, 0.8273409605026245, 0.8286789655685425, 0.8325701951980591, 0.8395484685897827, 0.8443260788917542, 0.8563169240951538, 0.8683788180351257, 0.8847542405128479, 0.9302775859832764], "recall": 0.9815837740898132, "recall race group 0": 0.9855808019638062, "recall race group 1": 0.8976545929908752, "recall sex group 0": 0.9840452671051025, "recall sex group 1": 0.9783868193626404, "recall subgroup 0": 0.9865724444389343, "recall subgroup 1": 0.984240710735321, "recall_th": [1.0, 1.0, 0.9990307092666626, 0.9973829388618469, 0.992730438709259, 0.9815837740898132, 0.9527963399887085, 0.8991954922676086, 0.7653387784957886, 0.368808776140213], "recall_th race group 0": [1.0, 1.0, 0.9995938539505005, 0.9988830089569092, 0.9947197437286377, 0.9855808019638062, 0.9595857262611389, 0.9123679995536804, 0.785235583782196, 0.3819049596786499], "recall_th race group 1": [1.0, 1.0, 0.9872068166732788, 0.9658848643302917, 0.9509595036506653, 0.8976545929908752, 0.810234546661377, 0.6226012706756592, 0.3475479781627655, 0.09381663054227829], "recall_th sex group 0": [1.0, 1.0, 0.9996569156646729, 0.9979413151741028, 0.9933093190193176, 0.9840452671051025, 0.9593412280082703, 0.9095900058746338, 0.7898438572883606, 0.3997254967689514], "recall_th sex group 1": [1.0, 1.0, 0.9982174634933472, 0.9966577291488647, 0.9919785857200623, 0.9783868193626404, 0.9442958831787109, 0.8856951594352722, 0.7335115671157837, 0.3286541998386383], "recall_th subgroup 0": [1.0, 1.0, 1.0, 0.9991165995597839, 0.9948763251304626, 0.9865724444389343, 0.9630742073059082, 0.9183745384216309, 0.8033568859100342, 0.4098939895629883], "recall_th subgroup 1": [1.0, 1.0, 0.9990448951721191, 0.9985673427581787, 0.9945081472396851, 0.984240710735321, 0.9548710584640503, 0.9042502641677856, 0.7607449889183044, 0.34407833218574524], "tn": 491.0, "tn race group 0": 296.0, "tn race group 1": 195.0, "tn sex group 0": 262.0, "tn sex group 1": 229.0, "tn subgroup 0": 176.0, "tn subgroup 1": 120.0, "tn_th": [0.0, 32.0, 105.0, 207.0, 346.0, 491.0, 705.0, 973.0, 1395.0, 2177.0], "tn_th race group 0": [0.0, 11.0, 36.0, 92.0, 187.0, 296.0, 470.0, 690.0, 1058.0, 1793.0], "tn_th race group 1": [0.0, 21.0, 69.0, 115.0, 159.0, 195.0, 235.0, 283.0, 337.0, 384.0], "tn_th sex group 0": [0.0, 19.0, 53.0, 107.0, 175.0, 262.0, 358.0, 499.0, 735.0, 1186.0], "tn_th sex group 1": [0.0, 13.0, 52.0, 100.0, 171.0, 229.0, 347.0, 474.0, 660.0, 991.0], "tn_th subgroup 0": [0.0, 5.0, 21.0, 53.0, 103.0, 176.0, 261.0, 384.0, 593.0, 1021.0], "tn_th subgroup 1": [0.0, 6.0, 15.0, 39.0, 84.0, 120.0, 209.0, 306.0, 465.0, 772.0], "tp": 10127.0, "tp race group 0": 9706.0, "tp race group 1": 421.0, "tp sex group 0": 5736.0, "tp sex group 1": 4391.0, "tp subgroup 0": 5584.0, "tp subgroup 1": 4122.0, "tp_th": [10317.0, 10317.0, 10307.0, 10290.0, 10242.0, 10127.0, 9830.0, 9277.0, 7896.0, 3805.0], "tp_th race group 0": [9848.0, 9848.0, 9844.0, 9837.0, 9796.0, 9706.0, 9450.0, 8985.0, 7733.0, 3761.0], "tp_th race group 1": [469.0, 469.0, 463.0, 453.0, 446.0, 421.0, 380.0, 292.0, 163.0, 44.0], "tp_th sex group 0": [5829.0, 5829.0, 5827.0, 5817.0, 5790.0, 5736.0, 5592.0, 5302.0, 4604.0, 2330.0], "tp_th sex group 1": [4488.0, 4488.0, 4480.0, 4473.0, 4452.0, 4391.0, 4238.0, 3975.0, 3292.0, 1475.0], "tp_th subgroup 0": [5660.0, 5660.0, 5660.0, 5655.0, 5631.0, 5584.0, 5451.0, 5198.0, 4547.0, 2320.0], "tp_th subgroup 1": [4188.0, 4188.0, 4184.0, 4182.0, 4165.0, 4122.0, 3999.0, 3787.0, 3186.0, 1441.0], "global_step": 100.0}