{"accuracy": 0.8614218831062317, "accuracy race group 0": 0.8697261810302734, "accuracy race group 1": 0.7463136911392212, "accuracy sex group 0": 0.8653138279914856, "accuracy sex group 1": 0.8563709259033203, "accuracy subgroup 0": 0.8722236752510071, "accuracy subgroup 1": 0.866319477558136, "accuracy subgroup 2": 0.7256455421447754, "accuracy subgroup 3": 0.7598463296890259, "auc": 0.8066591024398804, "auc race group 0": 0.7929158210754395, "auc race group 1": 0.8052020072937012, "auc sex group 0": 0.8121496438980103, "auc sex group 1": 0.799448549747467, "auc subgroup 0": 0.8001593947410583, "auc subgroup 1": 0.782775342464447, "auc subgroup 2": 0.808721125125885, "auc subgroup 3": 0.7989495396614075, "aucpr": 0.9405751824378967, "fn": 2461.0, "fn race group 0": 2154.0, "fn race group 1": 307.0, "fn sex group 0": 1176.0, "fn sex group 1": 1285.0, "fn subgroup 0": 997.0, "fn subgroup 1": 1157.0, "fn subgroup 2": 179.0, "fn subgroup 3": 128.0, "fn_th": [0.0, 129.0, 275.0, 775.0, 1401.0, 2461.0, 4114.0, 7348.0, 13454.0, 30983.0], "fn_th race group 0": [0.0, 64.0, 210.0, 644.0, 1222.0, 2154.0, 3566.0, 6270.0, 11393.0, 27539.0], "fn_th race group 1": [0.0, 65.0, 65.0, 131.0, 179.0, 307.0, 548.0, 1078.0, 2061.0, 3444.0], "fn_th sex group 0": [0.0, 65.0, 162.0, 421.0, 743.0, 1176.0, 2075.0, 3684.0, 7347.0, 16878.0], "fn_th sex group 1": [0.0, 64.0, 113.0, 354.0, 658.0, 1285.0, 2039.0, 3664.0, 6107.0, 14105.0], "fn_th subgroup 0": [0.0, 16.0, 113.0, 338.0, 628.0, 997.0, 1815.0, 3248.0, 6525.0, 15621.0], "fn_th subgroup 1": [0.0, 48.0, 97.0, 306.0, 594.0, 1157.0, 1751.0, 3022.0, 4868.0, 11918.0], "fn_th subgroup 2": [0.0, 49.0, 49.0, 83.0, 115.0, 179.0, 260.0, 436.0, 822.0, 1257.0], "fn_th subgroup 3": [0.0, 16.0, 16.0, 48.0, 64.0, 128.0, 288.0, 642.0, 1239.0, 2187.0], "fnr": 0.02394155226647854, "fnr race group 0": 0.02194756641983986, "fnr race group 1": 0.06603571027517319, "fnr sex group 0": 0.020232606679201126, "fnr sex group 1": 0.028767798095941544, "fnr subgroup 0": 0.017661334946751595, "fnr subgroup 1": 0.027751127257943153, "fnr subgroup 2": 0.1069934219121933, "fnr subgroup 3": 0.04301075264811516, "fp": 15277.0, "fp race group 0": 13399.0, "fp race group 1": 1878.0, "fp sex group 0": 8561.0, "fp sex group 1": 6716.0, "fp subgroup 0": 7805.0, "fp subgroup 1": 5594.0, "fp subgroup 2": 756.0, "fp subgroup 3": 1122.0, "fp_th": [25208.0, 21418.0, 19633.0, 18348.0, 16978.0, 15277.0, 13228.0, 10900.0, 8840.0, 5363.0], "fp_th race group 0": [21244.0, 18754.0, 17178.0, 16053.0, 14828.0, 13399.0, 11672.0, 9745.0, 8150.0, 5187.0], "fp_th race group 1": [3964.0, 2664.0, 2455.0, 2295.0, 2150.0, 1878.0, 1556.0, 1155.0, 690.0, 176.0], "fp_th sex group 0": [14170.0, 12082.0, 10970.0, 10232.0, 9411.0, 8561.0, 7288.0, 6067.0, 5005.0, 2861.0], "fp_th sex group 1": [11038.0, 9336.0, 8663.0, 8116.0, 7567.0, 6716.0, 5940.0, 4833.0, 3835.0, 2502.0], "fp_th subgroup 0": [12435.0, 11021.0, 9974.0, 9332.0, 8559.0, 7805.0, 6709.0, 5633.0, 4699.0, 2813.0], "fp_th subgroup 1": [8809.0, 7733.0, 7204.0, 6721.0, 6269.0, 5594.0, 4963.0, 4112.0, 3451.0, 2374.0], "fp_th subgroup 2": [1735.0, 1061.0, 996.0, 900.0, 852.0, 756.0, 579.0, 434.0, 306.0, 48.0], "fp_th subgroup 3": [2229.0, 1603.0, 1459.0, 1395.0, 1298.0, 1122.0, 977.0, 721.0, 384.0, 128.0], "fpr": 0.6060377955436707, "fpr race group 0": 0.6307192444801331, "fpr race group 1": 0.4737638831138611, "fpr sex group 0": 0.6041637063026428, "fpr sex group 1": 0.608443558216095, "fpr subgroup 0": 0.6276638507843018, "fpr subgroup 1": 0.6350323557853699, "fpr subgroup 2": 0.4357348680496216, "fpr subgroup 3": 0.5033647418022156, "loss": 0.3519604504108429, "precision": 0.8678551912307739, "precision race group 0": 0.8775094151496887, "precision race group 1": 0.698070764541626, "precision sex group 0": 0.8693156838417053, "precision sex group 1": 0.8659453988075256, "precision subgroup 0": 0.8766183257102966, "precision subgroup 1": 0.878731369972229, "precision subgroup 2": 0.6639999747276306, "precision subgroup 3": 0.7173803448677063, "precision_th": [0.8030624985694885, 0.8273869752883911, 0.8392713665962219, 0.8475636839866638, 0.8565672039985657, 0.8678551912307739, 0.8817936778068542, 0.8975024223327637, 0.9099594354629517, 0.9305058717727661], "precision_th race group 0": [0.8220576643943787, 0.8394802808761597, 0.850770115852356, 0.8586286306381226, 0.8673097491264343, 0.8775094151496887, 0.8901448249816895, 0.9041016101837158, 0.9141201376914978, 0.9315617680549622], "precision_th race group 1": [0.539765477180481, 0.6324503421783447, 0.6512288451194763, 0.6631439924240112, 0.6752265691757202, 0.698070764541626, 0.7249425649642944, 0.7556073069572449, 0.7895057797431946, 0.8725560903549194], "precision_th sex group 0": [0.8039947748184204, 0.8277469873428345, 0.8408576846122742, 0.8493854403495789, 0.8590998649597168, 0.8693156838417053, 0.8849329948425293, 0.8997306227684021, 0.9102756977081299, 0.935135006904602], "precision_th sex group 1": [0.8018525838851929, 0.8269187808036804, 0.8372167348861694, 0.8452031016349792, 0.8532873392105103, 0.8659453988075256, 0.8776997923851013, 0.8945611715316772, 0.9095433354377747, 0.9243308901786804], "precision_th subgroup 0": [0.8194843530654907, 0.8366194367408752, 0.8495898246765137, 0.8574069738388062, 0.8670591115951538, 0.8766183257102966, 0.8906349539756775, 0.9042593240737915, 0.9139771461486816, 0.9355452060699463], "precision_th subgroup 1": [0.8255677819252014, 0.8433886170387268, 0.8523740172386169, 0.8602905869483948, 0.8676504492759705, 0.878731369972229, 0.8894753456115723, 0.9038848280906677, 0.9143140912055969, 0.9261540174484253], "precision_th subgroup 2": [0.49090376496315, 0.6048417091369629, 0.6198473572731018, 0.6385542154312134, 0.6464730501174927, 0.6639999747276306, 0.7093373537063599, 0.7402752637863159, 0.7355229258537292, 0.8965517282485962], "precision_th subgroup 3": [0.5717579126358032, 0.6486960053443909, 0.6698347926139832, 0.6773074269294739, 0.6916864514350891, 0.7173803448677063, 0.7334243059158325, 0.7639934420585632, 0.8189533352851868, 0.8604143857955933], "recall": 0.9760584235191345, "recall race group 0": 0.9780524373054504, "recall race group 1": 0.9339643120765686, "recall sex group 0": 0.979767382144928, "recall sex group 1": 0.9712321758270264, "recall subgroup 0": 0.9823386669158936, "recall subgroup 1": 0.9722488522529602, "recall subgroup 2": 0.8930065631866455, "recall subgroup 3": 0.9569892287254333, "recall_th": [1.0, 0.9987450242042542, 0.9973247051239014, 0.9924604892730713, 0.9863705635070801, 0.9760584235191345, 0.9599774479866028, 0.9285158514976501, 0.869114339351654, 0.6985855102539062], "recall_th race group 0": [1.0, 0.9993478655815125, 0.9978602528572083, 0.9934381246566772, 0.9875487685203552, 0.9780524373054504, 0.963665246963501, 0.9361136555671692, 0.8839142918586731, 0.7193992733955383], "recall_th race group 1": [1.0, 0.9860184788703918, 0.9860184788703918, 0.9718219041824341, 0.9614970684051514, 0.9339643120765686, 0.882125198841095, 0.7681221961975098, 0.556678831577301, 0.2591955363750458], "recall_th sex group 0": [1.0, 0.9988816976547241, 0.997212827205658, 0.9927568435668945, 0.9872170090675354, 0.979767382144928, 0.9643004536628723, 0.9366182684898376, 0.8735978007316589, 0.7096208333969116], "recall_th sex group 1": [1.0, 0.9985672235488892, 0.9974702000617981, 0.9920748472213745, 0.9852690696716309, 0.9712321758270264, 0.954352080821991, 0.9179726243019104, 0.863280177116394, 0.684225857257843], "recall_th subgroup 0": [1.0, 0.999716579914093, 0.9979982376098633, 0.9940125346183777, 0.9888753294944763, 0.9823386669158936, 0.9678482413291931, 0.9424633979797363, 0.8844130039215088, 0.7232821583747864], "recall_th subgroup 1": [1.0, 0.9988486766815186, 0.9976733922958374, 0.9926604628562927, 0.9857526421546936, 0.9722488522529602, 0.9580015540122986, 0.9275160431861877, 0.8832389712333679, 0.7141417860984802],