{"accuracy": 0.8623281121253967, "accuracy race group 0": 0.8712338805198669, "accuracy race group 1": 0.7388830780982971, "accuracy sex group 0": 0.8660193085670471, "accuracy sex group 1": 0.8575378060340881, "accuracy subgroup 0": 0.8729640245437622, "accuracy subgroup 1": 0.8688738942146301, "accuracy subgroup 2": 0.7256455421447754, "accuracy subgroup 3": 0.7475504279136658, "auc": 0.8122311234474182, "auc race group 0": 0.7980358004570007, "auc race group 1": 0.8163092136383057, "auc sex group 0": 0.8169110417366028, "auc sex group 1": 0.8060904741287231, "auc subgroup 0": 0.804852306842804, "auc subgroup 1": 0.7884343862533569, "auc subgroup 2": 0.8161660432815552, "auc subgroup 3": 0.8134312033653259, "aucpr": 0.9421195983886719, "fn": 2687.0, "fn race group 0": 2251.0, "fn race group 1": 436.0, "fn sex group 0": 1337.0, "fn sex group 1": 1350.0, "fn subgroup 0": 1126.0, "fn subgroup 1": 1125.0, "fn subgroup 2": 211.0, "fn subgroup 3": 225.0, "fn_th": [0.0, 178.0, 435.0, 951.0, 1739.0, 2687.0, 4264.0, 7221.0, 13555.0, 29399.0], "fn_th race group 0": [0.0, 113.0, 338.0, 757.0, 1399.0, 2251.0, 3570.0, 5947.0, 11445.0, 26180.0], "fn_th race group 1": [0.0, 65.0, 97.0, 194.0, 340.0, 436.0, 694.0, 1274.0, 2110.0, 3219.0], "fn_th sex group 0": [0.0, 114.0, 242.0, 469.0, 855.0, 1337.0, 2077.0, 3670.0, 7349.0, 16480.0], "fn_th sex group 1": [0.0, 64.0, 193.0, 482.0, 884.0, 1350.0, 2187.0, 3551.0, 6206.0, 12919.0], "fn_th subgroup 0": [0.0, 65.0, 193.0, 371.0, 676.0, 1126.0, 1817.0, 3153.0, 6510.0, 15320.0], "fn_th subgroup 1": [0.0, 48.0, 145.0, 386.0, 723.0, 1125.0, 1753.0, 2794.0, 4935.0, 10860.0], "fn_th subgroup 2": [0.0, 49.0, 49.0, 98.0, 179.0, 211.0, 260.0, 517.0, 839.0, 1160.0], "fn_th subgroup 3": [0.0, 16.0, 48.0, 96.0, 161.0, 225.0, 434.0, 757.0, 1271.0, 2059.0], "fnr": 0.02614016644656658, "fnr race group 0": 0.02293591946363449, "fnr race group 1": 0.09378360956907272, "fnr sex group 0": 0.023002546280622482, "fnr sex group 1": 0.030222978442907333, "fnr subgroup 0": 0.019946502521634102, "fnr subgroup 1": 0.02698359452188015, "fnr subgroup 2": 0.12612074613571167, "fnr subgroup 3": 0.07560484111309052, "fp": 14935.0, "fp race group 0": 13122.0, "fp race group 1": 1813.0, "fp sex group 0": 8349.0, "fp sex group 1": 6586.0, "fp subgroup 0": 7625.0, "fp subgroup 1": 5497.0, "fp subgroup 2": 724.0, "fp subgroup 3": 1089.0, "fp_th": [25208.0, 20854.0, 19122.0, 17802.0, 16241.0, 14935.0, 12859.0, 10705.0, 8613.0, 5412.0], "fp_th race group 0": [21244.0, 18255.0, 16779.0, 15652.0, 14219.0, 13122.0, 11368.0, 9646.0, 7955.0, 5268.0], "fp_th race group 1": [3964.0, 2599.0, 2343.0, 2150.0, 2022.0, 1813.0, 1491.0, 1059.0, 658.0, 144.0], "fp_th sex group 0": [14170.0, 11631.0, 10683.0, 9960.0, 9027.0, 8349.0, 7093.0, 5985.0, 4874.0, 2990.0], "fp_th sex group 1": [11038.0, 9223.0, 8439.0, 7842.0, 7214.0, 6586.0, 5766.0, 4720.0, 3739.0, 2422.0], "fp_th subgroup 0": [12435.0, 10603.0, 9735.0, 9076.0, 8207.0, 7625.0, 6515.0, 5567.0, 4584.0, 2958.0], "fp_th subgroup 1": [8809.0, 7652.0, 7044.0, 6576.0, 6012.0, 5497.0, 4853.0, 4079.0, 3371.0, 2310.0], "fp_th subgroup 2": [1735.0, 1028.0, 948.0, 884.0, 820.0, 724.0, 578.0, 418.0, 290.0, 32.0], "fp_th subgroup 3": [2229.0, 1571.0, 1395.0, 1266.0, 1202.0, 1089.0, 913.0, 641.0, 368.0, 112.0], "fpr": 0.592470645904541, "fpr race group 0": 0.6176803112030029, "fpr race group 1": 0.45736628770828247, "fpr sex group 0": 0.5892025232315063, "fpr sex group 1": 0.5966660380363464, "fpr subgroup 0": 0.6131885647773743, "fpr subgroup 1": 0.6240208745002747, "fpr subgroup 2": 0.4172910749912262, "fpr subgroup 3": 0.48855990171432495, "loss": 0.34828391671180725, "precision": 0.8701756000518799, "precision race group 0": 0.8796301484107971, "precision race group 1": 0.6991370916366577, "precision sex group 0": 0.8718220591545105, "precision sex group 1": 0.868026614189148, "precision subgroup 0": 0.8788720965385437, "precision subgroup 1": 0.8806660175323486, "precision subgroup 2": 0.668801486492157, "precision subgroup 3": 0.7164062261581421, "precision_th": [0.8030624985694885, 0.8310979604721069, 0.8425900936126709, 0.8512073159217834, 0.8615359663963318, 0.8701756000518799, 0.8845556378364563, 0.8992717266082764, 0.9119775295257568, 0.9313241839408875], "precision_th race group 0": [0.8220576643943787, 0.8430150151252747, 0.8535659313201904, 0.8615332841873169, 0.8718581795692444, 0.8796301484107971, 0.8926950097084045, 0.9052846431732178, 0.9159561991691589, 0.9317890405654907], "precision_th race group 1": [0.539765477180481, 0.6381734609603882, 0.6601885557174683, 0.6744890213012695, 0.6806191802024841, 0.6991370916366577, 0.7262210845947266, 0.7611637115478516, 0.7941820621490479, 0.9085133671760559], "precision_th sex group 0": [0.8039947748184204, 0.8329862952232361, 0.8441916704177856, 0.8526954054832458, 0.8638379573822021, 0.8718220591545105, 0.8876623511314392, 0.9009745121002197, 0.9124153256416321, 0.9330106973648071], "precision_th sex group 1": [0.8018525838851929, 0.8286547660827637, 0.8405147790908813, 0.8492734432220459, 0.8585434556007385, 0.868026614189148, 0.8804900050163269, 0.8970264196395874, 0.9114001989364624, 0.929121196269989], "precision_th subgroup 0": [0.8194843530654907, 0.8417202830314636, 0.8524843454360962, 0.8607035279273987, 0.8717295527458191, 0.8788720965385437, 0.8934569954872131, 0.9054276943206787, 0.9159284830093384, 0.9329084157943726], "precision_th subgroup 1": [0.8255677819252014, 0.8447744250297546, 0.8550348877906799, 0.8626623749732971, 0.8720333576202393, 0.8806660175323486, 0.8916547894477844, 0.9050887823104858, 0.9159938097000122, 0.9302999377250671], "precision_th subgroup 2": [0.49090376496315, 0.6123680472373962, 0.6314152479171753, 0.6405042409896851, 0.6456352472305298, 0.668801486492157, 0.7096936106681824, 0.7344345450401306, 0.7419928908348083, 0.9412844181060791], "precision_th subgroup 3": [0.5717579126358032, 0.6532773971557617, 0.6773074269294739, 0.6946454644203186, 0.7007717490196228, 0.7164062261581421, 0.7357453107833862, 0.775874137878418, 0.8224794864654541, 0.8911564350128174], "recall": 0.9738598465919495, "recall race group 0": 0.9770640730857849, "recall race group 1": 0.9062163829803467, "recall sex group 0": 0.976997435092926, "recall sex group 1": 0.9697770476341248, "recall subgroup 0": 0.9800534844398499, "recall subgroup 1": 0.9730163812637329, "recall subgroup 2": 0.8738792538642883, "recall subgroup 3": 0.9243951439857483, "recall_th": [1.0, 0.9982683658599854, 0.995768129825592, 0.9907482862472534, 0.9830823540687561, 0.9738598465919495, 0.9585181474685669, 0.9297513365745544, 0.8681317567825317, 0.7139952778816223], "recall_th race group 0": [1.0, 0.9988486170768738, 0.9965560436248779, 0.992286741733551, 0.9857453107833862, 0.9770640730857849, 0.9636244773864746, 0.9394047260284424, 0.8833844661712646, 0.733246386051178], "recall_th race group 1": [1.0, 0.9860184788703918, 0.979135274887085, 0.9582706093788147, 0.9268659949302673, 0.9062163829803467, 0.8507205843925476, 0.7259625792503357, 0.5461389422416687, 0.3075930178165436], "recall_th sex group 0": [1.0, 0.998038649559021, 0.9958364963531494, 0.9919310212135315, 0.9852900505065918, 0.976997435092926, 0.9642660617828369, 0.936859130859375, 0.8735634088516235, 0.7164682149887085], "recall_th sex group 1": [1.0, 0.9985672235488892, 0.9956792593002319, 0.9892092943191528, 0.9802095293998718, 0.9697770476341248, 0.9510387778282166, 0.9205023646354675, 0.8610638380050659, 0.7107772827148438], "recall_th subgroup 0": [1.0, 0.998848557472229, 0.9965810775756836, 0.9934279322624207, 0.9880250096321106, 0.9800534844398499, 0.9678127765655518, 0.9441462755203247, 0.8846787214279175, 0.7286142110824585], "recall_th subgroup 1": [1.0, 0.9988486766815186, 0.9965221285820007, 0.9907416105270386, 0.9826585650444031, 0.9730163812637329, 0.9579535722732544, 0.9329847693443298, 0.8816319704055786, 0.7395183444023132],