{"accuracy": 0.8317968845367432, "accuracy race group 0": 0.839617908000946, "accuracy race group 1": 0.7240184545516968, "accuracy sex group 0": 0.8329170346260071, "accuracy sex group 1": 0.8303539752960205, "accuracy subgroup 0": 0.8392077088356018, "accuracy subgroup 1": 0.8401736617088318, "auc": 0.7174069881439209, "auc race group 0": 0.6959994435310364, "auc race group 1": 0.7492226362228394, "auc sex group 0": 0.7167234420776367, "auc sex group 1": 0.719245195388794, "auc subgroup 0": 0.7004783153533936, "auc subgroup 1": 0.6910886764526367, "aucpr": 0.9097958207130432, "fn": 145.0, "fn race group 0": 100.0, "fn race group 1": 45.0, "fn sex group 0": 66.0, "fn sex group 1": 79.0, "fn subgroup 0": 51.0, "fn subgroup 1": 49.0, "fn_th": [0.0, 0.0, 2.0, 17.0, 52.0, 145.0, 423.0, 1055.0, 2589.0, 6646.0], "fn_th race group 0": [0.0, 0.0, 0.0, 6.0, 32.0, 100.0, 329.0, 857.0, 2271.0, 6217.0], "fn_th race group 1": [0.0, 0.0, 2.0, 11.0, 20.0, 45.0, 94.0, 198.0, 318.0, 429.0], "fn_th sex group 0": [0.0, 0.0, 0.0, 5.0, 20.0, 66.0, 189.0, 515.0, 1307.0, 3588.0], "fn_th sex group 1": [0.0, 0.0, 2.0, 12.0, 32.0, 79.0, 234.0, 540.0, 1282.0, 3058.0], "fn_th subgroup 0": [0.0, 0.0, 0.0, 0.0, 14.0, 51.0, 157.0, 453.0, 1191.0, 3427.0], "fn_th subgroup 1": [0.0, 0.0, 0.0, 6.0, 18.0, 49.0, 172.0, 404.0, 1080.0, 2790.0], "fnr": 0.014054473489522934, "fnr race group 0": 0.010154346004128456, "fnr race group 1": 0.09594883024692535, "fnr sex group 0": 0.011322696693241596, "fnr sex group 1": 0.017602495849132538, "fnr subgroup 0": 0.009010600857436657, "fnr subgroup 1": 0.011700095608830452, "fp": 2008.0, "fp race group 0": 1814.0, "fp race group 1": 194.0, "fp sex group 0": 1138.0, "fp sex group 1": 870.0, "fp subgroup 0": 1053.0, "fp subgroup 1": 761.0, "fp_th": [2483.0, 2453.0, 2398.0, 2300.0, 2151.0, 2008.0, 1801.0, 1498.0, 1085.0, 267.0], "fp_th race group 0": [2086.0, 2077.0, 2060.0, 2016.0, 1929.0, 1814.0, 1653.0, 1399.0, 1033.0, 259.0], "fp_th race group 1": [397.0, 376.0, 338.0, 284.0, 222.0, 194.0, 148.0, 99.0, 52.0, 8.0], "fp_th sex group 0": [1377.0, 1359.0, 1330.0, 1281.0, 1213.0, 1138.0, 1030.0, 872.0, 639.0, 169.0], "fp_th sex group 1": [1106.0, 1094.0, 1068.0, 1019.0, 938.0, 870.0, 771.0, 626.0, 446.0, 98.0], "fp_th subgroup 0": [1206.0, 1201.0, 1191.0, 1161.0, 1120.0, 1053.0, 969.0, 828.0, 612.0, 165.0], "fp_th subgroup 1": [880.0, 876.0, 869.0, 855.0, 809.0, 761.0, 684.0, 571.0, 421.0, 94.0], "fpr": 0.8086991310119629, "fpr race group 0": 0.8696069121360779, "fpr race group 1": 0.48866498470306396, "fpr sex group 0": 0.8264342546463013, "fpr sex group 1": 0.7866184711456299, "fpr subgroup 0": 0.8731343150138855, "fpr subgroup 1": 0.8647727370262146, "loss": 0.4239013195037842, "precision": 0.8351395726203918, "precision race group 0": 0.843106746673584, "precision race group 1": 0.6860841512680054, "precision sex group 0": 0.8350963592529297, "precision sex group 1": 0.8351960778236389, "precision subgroup 0": 0.8419393301010132, "precision subgroup 1": 0.8446938991546631, "precision_th": [0.8060156106948853, 0.8079091906547546, 0.8113741874694824, 0.817460298538208, 0.8267558217048645, 0.8351395726203918, 0.8460025787353516, 0.860780656337738, 0.8768864274024963, 0.9321990609169006], "precision_th race group 0": [0.8252052664756775, 0.8258280754089355, 0.8270070552825928, 0.8299881815910339, 0.8357598781585693, 0.843106746673584, 0.8520408272743225, 0.8653513193130493, 0.8800232410430908, 0.9334190487861633], "precision_th race group 1": [0.5415704250335693, 0.555029571056366, 0.5801241993904114, 0.6172506809234619, 0.6691505312919617, 0.6860841512680054, 0.7170172333717346, 0.7324324250221252, 0.743842363357544, 0.8333333134651184], "precision_th sex group 0": [0.8089092373847961, 0.8109349012374878, 0.8142198920249939, 0.8197044134140015, 0.8272572159767151, 0.8350963592529297, 0.8455772399902344, 0.8590365052223206, 0.8761867880821228, 0.9298754930496216], "precision_th sex group 1": [0.8022881746292114, 0.8040128946304321, 0.8077061772346497, 0.8145586848258972, 0.8261030912399292, 0.8351960778236389, 0.8465671539306641, 0.8631395101547241, 0.8778751492500305, 0.9358638525009155], "precision_th subgroup 0": [0.8243519067764282, 0.8249526023864746, 0.8261567950248718, 0.8297903537750244, 0.8344664573669434, 0.8419393301010132, 0.8502781391143799, 0.8628003597259521, 0.8795512914657593, 0.9311926364898682], "precision_th subgroup 1": [0.8263614773750305, 0.8270142078399658, 0.828158974647522, 0.8302561044692993, 0.8375175595283508, 0.8446938991546631, 0.8544681072235107, 0.8688863515853882, 0.8807027339935303, 0.9369972944259644], "recall": 0.9859455227851868, "recall race group 0": 0.9898456335067749, "recall race group 1": 0.9040511846542358, "recall sex group 0": 0.9886773228645325, "recall sex group 1": 0.9823974967002869, "recall subgroup 0": 0.9909893870353699, "recall subgroup 1": 0.9882999062538147, "recall_th": [1.0, 1.0, 0.9998061656951904, 0.9983522295951843, 0.9949597716331482, 0.9859455227851868, 0.9589996933937073, 0.8977416157722473, 0.7490549683570862, 0.3558204770088196], "recall_th race group 0": [1.0, 1.0, 1.0, 0.999390721321106, 0.9967505931854248, 0.9898456335067749, 0.9665921926498413, 0.9129772782325745, 0.7693948149681091, 0.36870431900024414], "recall_th race group 1": [1.0, 1.0, 0.9957355856895447, 0.9765458703041077, 0.9573560953140259, 0.9040511846542358, 0.799573540687561, 0.5778251886367798, 0.3219616115093231, 0.08528784662485123], "recall_th sex group 0": [1.0, 1.0, 1.0, 0.9991422295570374, 0.9965688586235046, 0.9886773228645325, 0.9675759077072144, 0.9116486310958862, 0.7757762670516968, 0.3844570219516754], "recall_th sex group 1": [1.0, 1.0, 0.9995543956756592, 0.9973261952400208, 0.9928698539733887, 0.9823974967002869, 0.9478609561920166, 0.8796791434288025, 0.7143493890762329, 0.3186274468898773], "recall_th subgroup 0": [1.0, 1.0, 1.0, 1.0, 0.9975265264511108, 0.9909893870353699, 0.9722614884376526, 0.9199646711349487, 0.78957599401474, 0.3945229649543762], "recall_th subgroup 1": [1.0, 1.0, 1.0, 0.9985673427581787, 0.9957020282745361, 0.9882999062538147, 0.958930253982544, 0.903533935546875, 0.7421203255653381, 0.3338108956813812], "tn": 475.0, "tn race group 0": 272.0, "tn race group 1": 203.0, "tn sex group 0": 239.0, "tn sex group 1": 236.0, "tn subgroup 0": 153.0, "tn subgroup 1": 119.0, "tn_th": [0.0, 30.0, 85.0, 183.0, 332.0, 475.0, 682.0, 985.0, 1398.0, 2216.0], "tn_th race group 0": [0.0, 9.0, 26.0, 70.0, 157.0, 272.0, 433.0, 687.0, 1053.0, 1827.0], "tn_th race group 1": [0.0, 21.0, 59.0, 113.0, 175.0, 203.0, 249.0, 298.0, 345.0, 389.0], "tn_th sex group 0": [0.0, 18.0, 47.0, 96.0, 164.0, 239.0, 347.0, 505.0, 738.0, 1208.0], "tn_th sex group 1": [0.0, 12.0, 38.0, 87.0, 168.0, 236.0, 335.0, 480.0, 660.0, 1008.0], "tn_th subgroup 0": [0.0, 5.0, 15.0, 45.0, 86.0, 153.0, 237.0, 378.0, 594.0, 1041.0], "tn_th subgroup 1": [0.0, 4.0, 11.0, 25.0, 71.0, 119.0, 196.0, 309.0, 459.0, 786.0], "tp": 10172.0, "tp race group 0": 9748.0, "tp race group 1": 424.0, "tp sex group 0": 5763.0, "tp sex group 1": 4409.0, "tp subgroup 0": 5609.0, "tp subgroup 1": 4139.0, "tp_th": [10317.0, 10317.0, 10315.0, 10300.0, 10265.0, 10172.0, 9894.0, 9262.0, 7728.0, 3671.0], "tp_th race group 0": [9848.0, 9848.0, 9848.0, 9842.0, 9816.0, 9748.0, 9519.0, 8991.0, 7577.0, 3631.0], "tp_th race group 1": [469.0, 469.0, 467.0, 458.0, 449.0, 424.0, 375.0, 271.0, 151.0, 40.0], "tp_th sex group 0": [5829.0, 5829.0, 5829.0, 5824.0, 5809.0, 5763.0, 5640.0, 5314.0, 4522.0, 2241.0], "tp_th sex group 1": [4488.0, 4488.0, 4486.0, 4476.0, 4456.0, 4409.0, 4254.0, 3948.0, 3206.0, 1430.0], "tp_th subgroup 0": [5660.0, 5660.0, 5660.0, 5660.0, 5646.0, 5609.0, 5503.0, 5207.0, 4469.0, 2233.0], "tp_th subgroup 1": [4188.0, 4188.0, 4188.0, 4182.0, 4170.0, 4139.0, 4016.0, 3784.0, 3108.0, 1398.0], "global_step": 100.0}