{"accuracy": 0.8262500166893005, "accuracy race group 0": 0.8350092172622681, "accuracy race group 1": 0.7055427432060242, "accuracy sex group 0": 0.827643632888794, "accuracy sex group 1": 0.8244547843933105, "accuracy subgroup 0": 0.8344013690948486, "accuracy subgroup 1": 0.8358326554298401, "auc": 0.7230088710784912, "auc race group 0": 0.7027432918548584, "auc race group 1": 0.7487204074859619, "auc sex group 0": 0.7198985815048218, "auc sex group 1": 0.7275116443634033, "auc subgroup 0": 0.7035499811172485, "auc subgroup 1": 0.7025930881500244, "aucpr": 0.9107127785682678, "fn": 178.0, "fn race group 0": 147.0, "fn race group 1": 31.0, "fn sex group 0": 89.0, "fn sex group 1": 89.0, "fn subgroup 0": 79.0, "fn subgroup 1": 68.0, "fn_th": [0.0, 0.0, 0.0, 8.0, 45.0, 178.0, 501.0, 1078.0, 2340.0, 6172.0], "fn_th race group 0": [0.0, 0.0, 0.0, 4.0, 32.0, 147.0, 421.0, 905.0, 2048.0, 5752.0], "fn_th race group 1": [0.0, 0.0, 0.0, 4.0, 13.0, 31.0, 80.0, 173.0, 292.0, 420.0], "fn_th sex group 0": [0.0, 0.0, 0.0, 0.0, 23.0, 89.0, 230.0, 523.0, 1190.0, 3311.0], "fn_th sex group 1": [0.0, 0.0, 0.0, 8.0, 22.0, 89.0, 271.0, 555.0, 1150.0, 2861.0], "fn_th subgroup 0": [0.0, 0.0, 0.0, 0.0, 16.0, 79.0, 204.0, 475.0, 1084.0, 3152.0], "fn_th subgroup 1": [0.0, 0.0, 0.0, 4.0, 16.0, 68.0, 217.0, 430.0, 964.0, 2600.0], "fnr": 0.017253076657652855, "fnr race group 0": 0.014926888979971409, "fnr race group 1": 0.06609807908535004, "fnr sex group 0": 0.015268485061824322, "fnr sex group 1": 0.01983065903186798, "fnr subgroup 0": 0.013957597315311432, "fnr subgroup 1": 0.016236867755651474, "fp": 2046.0, "fp race group 0": 1822.0, "fp race group 1": 224.0, "fp sex group 0": 1153.0, "fp sex group 1": 893.0, "fp subgroup 0": 1058.0, "fp subgroup 1": 764.0, "fp_th": [2483.0, 2483.0, 2473.0, 2407.0, 2218.0, 2046.0, 1826.0, 1514.0, 1084.0, 350.0], "fp_th race group 0": [2086.0, 2086.0, 2080.0, 2059.0, 1941.0, 1822.0, 1651.0, 1395.0, 1024.0, 337.0], "fp_th race group 1": [397.0, 397.0, 393.0, 348.0, 277.0, 224.0, 175.0, 119.0, 60.0, 13.0], "fp_th sex group 0": [1377.0, 1377.0, 1371.0, 1338.0, 1247.0, 1153.0, 1051.0, 890.0, 634.0, 207.0], "fp_th sex group 1": [1106.0, 1106.0, 1102.0, 1069.0, 971.0, 893.0, 775.0, 624.0, 450.0, 143.0], "fp_th subgroup 0": [1206.0, 1206.0, 1202.0, 1190.0, 1126.0, 1058.0, 975.0, 834.0, 605.0, 203.0], "fp_th subgroup 1": [880.0, 880.0, 878.0, 869.0, 815.0, 764.0, 676.0, 561.0, 419.0, 134.0], "fpr": 0.8240032196044922, "fpr race group 0": 0.8734419941902161, "fpr race group 1": 0.5642317533493042, "fpr sex group 0": 0.8373275399208069, "fpr sex group 1": 0.8074141144752502, "fpr subgroup 0": 0.8772802948951721, "fpr subgroup 1": 0.8681818246841431, "loss": 0.42749258875846863, "precision": 0.8320886492729187, "precision race group 0": 0.8418814539909363, "precision race group 1": 0.6616314053535461, "precision sex group 0": 0.8327288627624512, "precision sex group 1": 0.8312547206878662, "precision subgroup 0": 0.8406386375427246, "precision subgroup 1": 0.8435708284378052, "precision_th": [0.8060156106948853, 0.8060156106948853, 0.8066458106040955, 0.8107109069824219, 0.8224179148674011, 0.8320886492729187, 0.8431540727615356, 0.8592020869255066, 0.8803663849830627, 0.9221357107162476], "precision_th race group 0": [0.8252052664756775, 0.8252052664756775, 0.8256204128265381, 0.8270183801651001, 0.8349068760871887, 0.8418814539909363, 0.8509658575057983, 0.8650609254837036, 0.8839528560638428, 0.9239792227745056], "precision_th race group 1": [0.5415704250335693, 0.5415704250335693, 0.5440835356712341, 0.5719557404518127, 0.6221009492874146, 0.6616314053535461, 0.6897163391113281, 0.7132530212402344, 0.746835470199585, 0.7903226017951965], "precision_th sex group 0": [0.8089092373847961, 0.8089092373847961, 0.809583306312561, 0.813310980796814, 0.8231958150863647, 0.8327288627624512, 0.8419548869132996, 0.8563589453697205, 0.8797648549079895, 0.9240366816520691], "precision_th sex group 1": [0.8022881746292114, 0.8022881746292114, 0.8028622269630432, 0.8073526620864868, 0.8214088678359985, 0.8312547206878662, 0.8447515964508057, 0.8630678057670593, 0.881203830242157, 0.9192090630531311], "precision_th subgroup 0": [0.8243519067764282, 0.8243519067764282, 0.8248324394226074, 0.8262773752212524, 0.8336780071258545, 0.8406386375427246, 0.8483905792236328, 0.8614387512207031, 0.8832271695137024, 0.9251198768615723], "precision_th subgroup 1": [0.8263614773750305, 0.8263614773750305, 0.8266876935958862, 0.8280229568481445, 0.8365750908851624, 0.8435708284378052, 0.8545297980308533, 0.8701088428497314, 0.8849849104881287, 0.9221835136413574], "recall": 0.9827468991279602, "recall race group 0": 0.9850730895996094, "recall race group 1": 0.9339019060134888, "recall sex group 0": 0.9847314953804016, "recall sex group 1": 0.9801693558692932, "recall subgroup 0": 0.9860423803329468, "recall subgroup 1": 0.9837631583213806, "recall_th": [1.0, 1.0, 1.0, 0.9992246031761169, 0.9956382513046265, 0.9827468991279602, 0.951439380645752, 0.8955122828483582, 0.773189902305603, 0.40176406502723694], "recall_th race group 0": [1.0, 1.0, 1.0, 0.9995938539505005, 0.9967505931854248, 0.9850730895996094, 0.95725017786026, 0.9081031680107117, 0.7920389771461487, 0.41592201590538025], "recall_th race group 1": [1.0, 1.0, 1.0, 0.9914712309837341, 0.9722814559936523, 0.9339019060134888, 0.8294243216514587, 0.631130039691925, 0.3773987293243408, 0.10447761416435242], "recall_th sex group 0": [1.0, 1.0, 1.0, 1.0, 0.9960542321205139, 0.9847314953804016, 0.9605421423912048, 0.9102762341499329, 0.7958483695983887, 0.4319780468940735], "recall_th sex group 1": [1.0, 1.0, 1.0, 0.9982174634933472, 0.9950980544090271, 0.9801693558692932, 0.9396167397499084, 0.8763368725776672, 0.7437611222267151, 0.36252227425575256], "recall_th subgroup 0": [1.0, 1.0, 1.0, 1.0, 0.9971731305122375, 0.9860423803329468, 0.9639576077461243, 0.916077733039856, 0.8084805607795715, 0.44310954213142395], "recall_th subgroup 1": [1.0, 1.0, 1.0, 0.9990448951721191, 0.9961795806884766, 0.9837631583213806, 0.9481852650642395, 0.8973256945610046, 0.7698185443878174, 0.37917861342430115], "tn": 437.0, "tn race group 0": 264.0, "tn race group 1": 173.0, "tn sex group 0": 224.0, "tn sex group 1": 213.0, "tn subgroup 0": 148.0, "tn subgroup 1": 116.0, "tn_th": [0.0, 0.0, 10.0, 76.0, 265.0, 437.0, 657.0, 969.0, 1399.0, 2133.0], "tn_th race group 0": [0.0, 0.0, 6.0, 27.0, 145.0, 264.0, 435.0, 691.0, 1062.0, 1749.0], "tn_th race group 1": [0.0, 0.0, 4.0, 49.0, 120.0, 173.0, 222.0, 278.0, 337.0, 384.0], "tn_th sex group 0": [0.0, 0.0, 6.0, 39.0, 130.0, 224.0, 326.0, 487.0, 743.0, 1170.0], "tn_th sex group 1": [0.0, 0.0, 4.0, 37.0, 135.0, 213.0, 331.0, 482.0, 656.0, 963.0], "tn_th subgroup 0": [0.0, 0.0, 4.0, 16.0, 80.0, 148.0, 231.0, 372.0, 601.0, 1003.0], "tn_th subgroup 1": [0.0, 0.0, 2.0, 11.0, 65.0, 116.0, 204.0, 319.0, 461.0, 746.0], "tp": 10139.0, "tp race group 0": 9701.0, "tp race group 1": 438.0, "tp sex group 0": 5740.0, "tp sex group 1": 4399.0, "tp subgroup 0": 5581.0, "tp subgroup 1": 4120.0, "tp_th": [10317.0, 10317.0, 10317.0, 10309.0, 10272.0, 10139.0, 9816.0, 9239.0, 7977.0, 4145.0], "tp_th race group 0": [9848.0, 9848.0, 9848.0, 9844.0, 9816.0, 9701.0, 9427.0, 8943.0, 7800.0, 4096.0], "tp_th race group 1": [469.0, 469.0, 469.0, 465.0, 456.0, 438.0, 389.0, 296.0, 177.0, 49.0], "tp_th sex group 0": [5829.0, 5829.0, 5829.0, 5829.0, 5806.0, 5740.0, 5599.0, 5306.0, 4639.0, 2518.0], "tp_th sex group 1": [4488.0, 4488.0, 4488.0, 4480.0, 4466.0, 4399.0, 4217.0, 3933.0, 3338.0, 1627.0], "tp_th subgroup 0": [5660.0, 5660.0, 5660.0, 5660.0, 5644.0, 5581.0, 5456.0, 5185.0, 4576.0, 2508.0], "tp_th subgroup 1": [4188.0, 4188.0, 4188.0, 4184.0, 4172.0, 4120.0, 3971.0, 3758.0, 3224.0, 1588.0], "global_step": 100.0}