{"accuracy": 0.8643515706062317, "accuracy race group 0": 0.8720547556877136, "accuracy race group 1": 0.7575757503509521, "accuracy sex group 0": 0.8669322729110718, "accuracy sex group 1": 0.8610023856163025, "accuracy subgroup 0": 0.8729930520057678, "accuracy subgroup 1": 0.8707748651504517, "accuracy subgroup 2": 0.7444248795509338, "accuracy subgroup 3": 0.7661863565444946, "auc": 0.8135626912117004, "auc race group 0": 0.8003073334693909, "auc race group 1": 0.8114702105522156, "auc sex group 0": 0.8159964680671692, "auc sex group 1": 0.8103057146072388, "auc subgroup 0": 0.8049551248550415, "auc subgroup 1": 0.7937303781509399, "auc subgroup 2": 0.8049811124801636, "auc subgroup 3": 0.8138618469238281, "aucpr": 0.9418694376945496, "fn": 2975.0, "fn race group 0": 2620.0, "fn race group 1": 355.0, "fn sex group 0": 1609.0, "fn sex group 1": 1366.0, "fn subgroup 0": 1414.0, "fn subgroup 1": 1206.0, "fn subgroup 2": 195.0, "fn subgroup 3": 160.0, "fn_th": [0.0, 193.0, 515.0, 1111.0, 1914.0, 2975.0, 4775.0, 7928.0, 14263.0, 30822.0], "fn_th race group 0": [0.0, 96.0, 402.0, 948.0, 1671.0, 2620.0, 3937.0, 6657.0, 12138.0, 27538.0], "fn_th race group 1": [0.0, 97.0, 113.0, 163.0, 243.0, 355.0, 838.0, 1271.0, 2125.0, 3284.0], "fn_th sex group 0": [0.0, 113.0, 258.0, 581.0, 934.0, 1609.0, 2476.0, 4200.0, 7786.0, 16845.0], "fn_th sex group 1": [0.0, 80.0, 257.0, 530.0, 980.0, 1366.0, 2299.0, 3728.0, 6477.0, 13977.0], "fn_th subgroup 0": [0.0, 64.0, 209.0, 482.0, 787.0, 1414.0, 2120.0, 3667.0, 6931.0, 15652.0], "fn_th subgroup 1": [0.0, 32.0, 193.0, 466.0, 884.0, 1206.0, 1817.0, 2990.0, 5207.0, 11886.0], "fn_th subgroup 2": [0.0, 49.0, 49.0, 99.0, 147.0, 195.0, 356.0, 533.0, 855.0, 1193.0], "fn_th subgroup 3": [0.0, 48.0, 64.0, 64.0, 96.0, 160.0, 482.0, 738.0, 1270.0, 2091.0], "fnr": 0.028941940516233444, "fnr race group 0": 0.02669573947787285, "fnr race group 1": 0.07636050879955292, "fnr sex group 0": 0.027682196348905563, "fnr sex group 1": 0.030581176280975342, "fnr subgroup 0": 0.0250482726842165, "fnr subgroup 1": 0.028926413506269455, "fnr subgroup 2": 0.11655708402395248, "fnr subgroup 3": 0.05376344174146652, "fp": 14388.0, "fp race group 0": 12655.0, "fp race group 1": 1733.0, "fp sex group 0": 8011.0, "fp sex group 1": 6377.0, "fp subgroup 0": 7335.0, "fp subgroup 1": 5320.0, "fp subgroup 2": 676.0, "fp subgroup 3": 1057.0, "fp_th": [25208.0, 20694.0, 19007.0, 17384.0, 15935.0, 14388.0, 12410.0, 10661.0, 8294.0, 5251.0], "fp_th race group 0": [21244.0, 18046.0, 16567.0, 15169.0, 13881.0, 12655.0, 11031.0, 9538.0, 7716.0, 5059.0], "fp_th race group 1": [3964.0, 2648.0, 2440.0, 2215.0, 2054.0, 1733.0, 1379.0, 1123.0, 578.0, 192.0], "fp_th sex group 0": [14170.0, 11534.0, 10522.0, 9575.0, 8785.0, 8011.0, 6966.0, 6018.0, 4651.0, 2942.0], "fp_th sex group 1": [11038.0, 9160.0, 8485.0, 7809.0, 7150.0, 6377.0, 5444.0, 4643.0, 3643.0, 2309.0], "fp_th subgroup 0": [12435.0, 10473.0, 9541.0, 8691.0, 7965.0, 7335.0, 6436.0, 5552.0, 4409.0, 2878.0], "fp_th subgroup 1": [8809.0, 7573.0, 7026.0, 6478.0, 5916.0, 5320.0, 4595.0, 3986.0, 3307.0, 2181.0], "fp_th subgroup 2": [1735.0, 1061.0, 981.0, 884.0, 820.0, 676.0, 530.0, 466.0, 242.0, 64.0], "fp_th subgroup 3": [2229.0, 1587.0, 1459.0, 1331.0, 1234.0, 1057.0, 849.0, 657.0, 336.0, 128.0], "fpr": 0.5707711577415466, "fpr race group 0": 0.5956975817680359, "fpr race group 1": 0.4371846616268158, "fpr sex group 0": 0.5653493404388428, "fpr sex group 1": 0.5777314901351929, "fpr subgroup 0": 0.5898672938346863, "fpr subgroup 1": 0.6039277911186218, "fpr subgroup 2": 0.3896253705024719, "fpr subgroup 3": 0.4742036759853363, "loss": 0.34748807549476624, "precision": 0.8740160465240479, "precision race group 0": 0.8830168843269348, "precision race group 1": 0.7124605774879456, "precision sex group 0": 0.8758484721183777, "precision sex group 1": 0.871635913848877, "precision subgroup 0": 0.8823991417884827, "precision subgroup 1": 0.8838580250740051, "precision subgroup 2": 0.6861652731895447, "precision subgroup 3": 0.7270849347114563, "precision_th": [0.8030624985694885, 0.8321559429168701, 0.8432852029800415, 0.8539957404136658, 0.8635854125022888, 0.8740160465240479, 0.8876180648803711, 0.8989717960357666, 0.9143385291099548, 0.9320003390312195], "precision_th race group 0": [0.8220576643943787, 0.844555675983429, 0.8550670146942139, 0.8650012612342834, 0.8742127418518066, 0.8830168843269348, 0.8951794505119324, 0.9055867791175842, 0.9176705479621887, 0.9331386089324951], "precision_th race group 1": [0.539765477180481, 0.6322222352027893, 0.6502293348312378, 0.6694523096084595, 0.6820433139801025, 0.7124605774879456, 0.7342967391014099, 0.7504999041557312, 0.8136686086654663, 0.8766859173774719], "precision_th sex group 0": [0.8039947748184204, 0.8341505527496338, 0.846142590045929, 0.8573408126831055, 0.8668435215950012, 0.8758484721183777, 0.8887469172477722, 0.8996029496192932, 0.9154194593429565, 0.9334705471992493], "precision_th sex group 1": [0.8018525838851929, 0.8295750617980957, 0.8395909070968628, 0.8496736884117126, 0.8593571782112122, 0.871635913848877, 0.8861397504806519, 0.8981418609619141, 0.9129177331924438, 0.9300302863121033], "precision_th subgroup 0": [0.8194843530654907, 0.8433592319488525, 0.8549625277519226, 0.8655892610549927, 0.8748212456703186, 0.8823991417884827, 0.8940872550010681, 0.9048272371292114, 0.9182443618774414, 0.9341071844100952], "precision_th subgroup 1": [0.8255677819252014, 0.8461803793907166, 0.8552086353302002, 0.8642042875289917, 0.8733841180801392, 0.8838580250740051, 0.8966718912124634, 0.9066247940063477, 0.9168928265571594, 0.931816041469574], "precision_th subgroup 2": [0.49090376496315, 0.6048417091369629, 0.6234164834022522, 0.640358030796051, 0.6504688858985901, 0.6861652731895447, 0.7130481600761414, 0.7098380923271179, 0.7716981172561646, 0.8823529481887817], "precision_th subgroup 3": [0.5717579126358032, 0.6485049724578857, 0.6662091016769409, 0.6863068342208862, 0.7000486254692078, 0.7270849347114563, 0.7460364699363708, 0.7730569839477539, 0.8354554176330566, 0.87364262342453], "recall": 0.9710580706596375, "recall race group 0": 0.973304271697998, "recall race group 1": 0.9236394762992859, "recall sex group 0": 0.9723178148269653, "recall sex group 1": 0.9694188237190247, "recall subgroup 0": 0.9749517440795898, "recall subgroup 1": 0.971073567867279, "recall subgroup 2": 0.8834429383277893, "recall subgroup 3": 0.9462365508079529, "recall_th": [1.0, 0.9981223940849304, 0.9949898719787598, 0.9891917705535889, 0.9813798666000366, 0.9710580706596375, 0.953546941280365, 0.9228733777999878, 0.8612440824508667, 0.7001517415046692], "recall_th race group 0": [1.0, 0.9990218281745911, 0.9959039092063904, 0.9903406500816345, 0.9829738140106201, 0.973304271697998, 0.9598850607872009, 0.9321703910827637, 0.8763233423233032, 0.7194094061851501], "recall_th race group 1": [1.0, 0.979135274887085, 0.9756937026977539, 0.9649387001991272, 0.9477307200431824, 0.9236394762992859, 0.819746196269989, 0.7266078591346741, 0.542912483215332, 0.2936115264892578], "recall_th sex group 0": [1.0, 0.9980558753013611, 0.9955612421035767, 0.9900041222572327, 0.9839308857917786, 0.9723178148269653, 0.9574013948440552, 0.9277406930923462, 0.8660449981689453, 0.7101885676383972], "recall_th sex group 1": [1.0, 0.9982089996337891, 0.9942464232444763, 0.9881346821784973, 0.9780603647232056, 0.9694188237190247, 0.9485313892364502, 0.9165397882461548, 0.8549968600273132, 0.6870914101600647], "recall_th subgroup 0": [1.0, 0.9988662600517273, 0.9962976574897766, 0.9914616346359253, 0.9860587120056152, 0.9749517440795898, 0.9624453186988831, 0.9350410103797913, 0.8772209286689758, 0.7227329611778259], "recall_th subgroup 1": [1.0, 0.9992324709892273, 0.9953708052635193, 0.9888228178024292, 0.9787968993186951, 0.971073567867279, 0.956418514251709, 0.9282836318016052, 0.8751079440116882, 0.7149093151092529],