{"accuracy": 0.8285937309265137, "accuracy race group 0": 0.8362661600112915, "accuracy race group 1": 0.7228637337684631, "accuracy sex group 0": 0.8306966423988342, "accuracy sex group 1": 0.8258848786354065, "accuracy subgroup 0": 0.836586058139801, "accuracy subgroup 1": 0.8358326554298401, "auc": 0.7218449115753174, "auc race group 0": 0.6995486617088318, "auc race group 1": 0.7671528458595276, "auc sex group 0": 0.7182418704032898, "auc sex group 1": 0.7274144291877747, "auc subgroup 0": 0.6995987892150879, "auc subgroup 1": 0.700836181640625, "aucpr": 0.9102444052696228, "fn": 187.0, "fn race group 0": 130.0, "fn race group 1": 57.0, "fn sex group 0": 86.0, "fn sex group 1": 101.0, "fn subgroup 0": 68.0, "fn subgroup 1": 62.0, "fn_th": [0.0, 0.0, 8.0, 27.0, 79.0, 187.0, 497.0, 1062.0, 2304.0, 6510.0], "fn_th race group 0": [0.0, 0.0, 2.0, 13.0, 48.0, 130.0, 386.0, 872.0, 2002.0, 6084.0], "fn_th race group 1": [0.0, 0.0, 6.0, 14.0, 31.0, 57.0, 111.0, 190.0, 302.0, 426.0], "fn_th sex group 0": [0.0, 0.0, 2.0, 6.0, 39.0, 86.0, 241.0, 533.0, 1166.0, 3512.0], "fn_th sex group 1": [0.0, 0.0, 6.0, 21.0, 40.0, 101.0, 256.0, 529.0, 1138.0, 2998.0], "fn_th subgroup 0": [0.0, 0.0, 0.0, 1.0, 25.0, 68.0, 203.0, 469.0, 1057.0, 3351.0], "fn_th subgroup 1": [0.0, 0.0, 2.0, 12.0, 23.0, 62.0, 183.0, 403.0, 945.0, 2733.0], "fnr": 0.018125424161553383, "fnr race group 0": 0.013200649991631508, "fnr race group 1": 0.12153518199920654, "fnr sex group 0": 0.014753817580640316, "fnr sex group 1": 0.022504456341266632, "fnr subgroup 0": 0.012014133855700493, "fnr subgroup 1": 0.014804202131927013, "fp": 2007.0, "fp race group 0": 1824.0, "fp race group 1": 183.0, "fp sex group 0": 1134.0, "fp sex group 1": 873.0, "fp subgroup 0": 1054.0, "fp subgroup 1": 770.0, "fp_th": [2483.0, 2452.0, 2389.0, 2300.0, 2160.0, 2007.0, 1814.0, 1520.0, 1102.0, 304.0], "fp_th race group 0": [2086.0, 2079.0, 2059.0, 2020.0, 1936.0, 1824.0, 1678.0, 1422.0, 1054.0, 293.0], "fp_th race group 1": [397.0, 373.0, 330.0, 280.0, 224.0, 183.0, 136.0, 98.0, 48.0, 11.0], "fp_th sex group 0": [1377.0, 1357.0, 1326.0, 1279.0, 1215.0, 1134.0, 1046.0, 898.0, 656.0, 188.0], "fp_th sex group 1": [1106.0, 1095.0, 1063.0, 1021.0, 945.0, 873.0, 768.0, 622.0, 446.0, 116.0], "fp_th subgroup 0": [1206.0, 1201.0, 1190.0, 1162.0, 1119.0, 1054.0, 989.0, 850.0, 631.0, 184.0], "fp_th subgroup 1": [880.0, 878.0, 869.0, 858.0, 817.0, 770.0, 689.0, 572.0, 423.0, 109.0], "fpr": 0.8082964420318604, "fpr race group 0": 0.874400794506073, "fpr race group 1": 0.4609571695327759, "fpr sex group 0": 0.8235294222831726, "fpr sex group 1": 0.7893308997154236, "fpr subgroup 0": 0.8739635348320007, "fpr subgroup 1": 0.875, "loss": 0.4259262979030609, "precision": 0.8346378803253174, "precision race group 0": 0.8419684767723083, "precision race group 1": 0.6924369931221008, "precision sex group 0": 0.8351024985313416, "precision sex group 1": 0.8340303897857666, "precision subgroup 0": 0.841408371925354, "precision subgroup 1": 0.8427287340164185, "precision_th": [0.8060156106948853, 0.8079724311828613, 0.8118601441383362, 0.8173153400421143, 0.8257783651351929, 0.8346378803253174, 0.8440777063369751, 0.8589327335357666, 0.8791003823280334, 0.9260520339012146], "precision_th race group 0": [0.8252052664756775, 0.8256896138191223, 0.8270474672317505, 0.8296077847480774, 0.8350374698638916, 0.8419684767723083, 0.849371612071991, 0.8632429242134094, 0.8815730214118958, 0.9277791380882263], "precision_th race group 1": [0.5415704250335693, 0.5570071339607239, 0.5838587880134583, 0.6190476417541504, 0.6616314053535461, 0.6924369931221008, 0.7246963381767273, 0.7400530576705933, 0.7767441868782043, 0.7962962985038757], "precision_th sex group 0": [0.8089092373847961, 0.8111605644226074, 0.814623236656189, 0.8199098706245422, 0.8265524506568909, 0.8351024985313416, 0.8423274159431458, 0.8550209999084473, 0.8766685724258423, 0.924950122833252], "precision_th sex group 1": [0.8022881746292114, 0.8038688898086548, 0.8082957863807678, 0.8139577507972717, 0.824772834777832, 0.8340303897857666, 0.8464000225067139, 0.8642218112945557, 0.8825079202651978, 0.9277708530426025], "precision_th subgroup 0": [0.8243519067764282, 0.8249526023864746, 0.8262773752212524, 0.829643726348877, 0.8343204259872437, 0.841408371925354, 0.8465715050697327, 0.8592948317527771, 0.8794420957565308, 0.926193356513977], "precision_th subgroup 1": [0.8263614773750305, 0.8266876935958862, 0.828091025352478, 0.8295590281486511, 0.8360096216201782, 0.8427287340164185, 0.8532168865203857, 0.8687170147895813, 0.8846153616905212, 0.9303069114685059], "recall": 0.9818745851516724, "recall race group 0": 0.9867993593215942, "recall race group 1": 0.8784648180007935, "recall sex group 0": 0.9852461814880371, "recall sex group 1": 0.977495551109314, "recall subgroup 0": 0.9879858493804932, "recall subgroup 1": 0.9851958155632019, "recall_th": [1.0, 1.0, 0.9992246031761169, 0.9973829388618469, 0.9923427104949951, 0.9818745851516724, 0.9518271088600159, 0.8970630764961243, 0.776679277420044, 0.3690026104450226], "recall_th race group 0": [1.0, 1.0, 0.9997969269752502, 0.9986799359321594, 0.9951258897781372, 0.9867993593215942, 0.9608042240142822, 0.9114540815353394, 0.7967100143432617, 0.3822095990180969], "recall_th race group 1": [1.0, 1.0, 0.9872068166732788, 0.9701492786407471, 0.9339019060134888, 0.8784648180007935, 0.7633262276649475, 0.5948827266693115, 0.35607674717903137, 0.09168443828821182], "recall_th sex group 0": [1.0, 1.0, 0.9996569156646729, 0.9989706873893738, 0.9933093190193176, 0.9852461814880371, 0.9586549997329712, 0.9085606336593628, 0.7999656796455383, 0.3974952697753906], "recall_th sex group 1": [1.0, 1.0, 0.9986631274223328, 0.9953208565711975, 0.9910873174667358, 0.977495551109314, 0.9429590106010437, 0.8821301460266113, 0.7464349269866943, 0.33199644088745117], "recall_th subgroup 0": [1.0, 1.0, 1.0, 0.9998233318328857, 0.9955830574035645, 0.9879858493804932, 0.9641342759132385, 0.9171378016471863, 0.8132508993148804, 0.4079505205154419], "recall_th subgroup 1": [1.0, 1.0, 0.9995224475860596, 0.9971346855163574, 0.9945081472396851, 0.9851958155632019, 0.9563037157058716, 0.9037727117538452, 0.7743552923202515, 0.34742119908332825], "tn": 476.0, "tn race group 0": 262.0, "tn race group 1": 214.0, "tn sex group 0": 243.0, "tn sex group 1": 233.0, "tn subgroup 0": 152.0, "tn subgroup 1": 110.0, "tn_th": [0.0, 31.0, 94.0, 183.0, 323.0, 476.0, 669.0, 963.0, 1381.0, 2179.0], "tn_th race group 0": [0.0, 7.0, 27.0, 66.0, 150.0, 262.0, 408.0, 664.0, 1032.0, 1793.0], "tn_th race group 1": [0.0, 24.0, 67.0, 117.0, 173.0, 214.0, 261.0, 299.0, 349.0, 386.0], "tn_th sex group 0": [0.0, 20.0, 51.0, 98.0, 162.0, 243.0, 331.0, 479.0, 721.0, 1189.0], "tn_th sex group 1": [0.0, 11.0, 43.0, 85.0, 161.0, 233.0, 338.0, 484.0, 660.0, 990.0], "tn_th subgroup 0": [0.0, 5.0, 16.0, 44.0, 87.0, 152.0, 217.0, 356.0, 575.0, 1022.0], "tn_th subgroup 1": [0.0, 2.0, 11.0, 22.0, 63.0, 110.0, 191.0, 308.0, 457.0, 771.0], "tp": 10130.0, "tp race group 0": 9718.0, "tp race group 1": 412.0, "tp sex group 0": 5743.0, "tp sex group 1": 4387.0, "tp subgroup 0": 5592.0, "tp subgroup 1": 4126.0, "tp_th": [10317.0, 10317.0, 10309.0, 10290.0, 10238.0, 10130.0, 9820.0, 9255.0, 8013.0, 3807.0], "tp_th race group 0": [9848.0, 9848.0, 9846.0, 9835.0, 9800.0, 9718.0, 9462.0, 8976.0, 7846.0, 3764.0], "tp_th race group 1": [469.0, 469.0, 463.0, 455.0, 438.0, 412.0, 358.0, 279.0, 167.0, 43.0], "tp_th sex group 0": [5829.0, 5829.0, 5827.0, 5823.0, 5790.0, 5743.0, 5588.0, 5296.0, 4663.0, 2317.0], "tp_th sex group 1": [4488.0, 4488.0, 4482.0, 4467.0, 4448.0, 4387.0, 4232.0, 3959.0, 3350.0, 1490.0], "tp_th subgroup 0": [5660.0, 5660.0, 5660.0, 5659.0, 5635.0, 5592.0, 5457.0, 5191.0, 4603.0, 2309.0], "tp_th subgroup 1": [4188.0, 4188.0, 4186.0, 4176.0, 4165.0, 4126.0, 4005.0, 3785.0, 3243.0, 1455.0], "global_step": 100.0}