{"accuracy": 0.8668906092643738, "accuracy race group 0": 0.8754470944404602, "accuracy race group 1": 0.7482874989509583, "accuracy sex group 0": 0.8704871535301208, "accuracy sex group 1": 0.8622230887413025, "accuracy subgroup 0": 0.8776529431343079, "accuracy subgroup 1": 0.8724381923675537, "accuracy subgroup 2": 0.7256455421447754, "accuracy subgroup 3": 0.7631123661994934, "auc": 0.8148607015609741, "auc race group 0": 0.802139937877655, "auc race group 1": 0.8073604106903076, "auc sex group 0": 0.8190938234329224, "auc sex group 1": 0.8092818260192871, "auc subgroup 0": 0.8095263242721558, "auc subgroup 1": 0.7916670441627502, "auc subgroup 2": 0.8006879687309265, "auc subgroup 3": 0.8090126514434814, "aucpr": 0.9417235851287842, "fn": 2926.0, "fn race group 0": 2522.0, "fn race group 1": 404.0, "fn sex group 0": 1496.0, "fn sex group 1": 1430.0, "fn subgroup 0": 1252.0, "fn subgroup 1": 1270.0, "fn subgroup 2": 244.0, "fn subgroup 3": 160.0, "fn_th": [0.0, 130.0, 516.0, 1065.0, 1770.0, 2926.0, 4613.0, 7705.0, 14135.0, 30665.0], "fn_th race group 0": [0.0, 48.0, 386.0, 870.0, 1495.0, 2522.0, 3952.0, 6610.0, 11929.0, 27398.0], "fn_th race group 1": [0.0, 82.0, 130.0, 195.0, 275.0, 404.0, 661.0, 1095.0, 2206.0, 3267.0], "fn_th sex group 0": [0.0, 82.0, 307.0, 598.0, 934.0, 1496.0, 2396.0, 4152.0, 7801.0, 16992.0], "fn_th sex group 1": [0.0, 48.0, 209.0, 467.0, 836.0, 1430.0, 2217.0, 3553.0, 6334.0, 13673.0], "fn_th subgroup 0": [0.0, 16.0, 241.0, 467.0, 755.0, 1252.0, 2071.0, 3683.0, 6962.0, 15816.0], "fn_th subgroup 1": [0.0, 32.0, 145.0, 403.0, 740.0, 1270.0, 1881.0, 2927.0, 4967.0, 11582.0], "fn_th subgroup 2": [0.0, 66.0, 66.0, 131.0, 179.0, 244.0, 325.0, 469.0, 839.0, 1176.0], "fn_th subgroup 3": [0.0, 16.0, 64.0, 64.0, 96.0, 160.0, 336.0, 626.0, 1367.0, 2091.0], "fnr": 0.02846525050699711, "fnr race group 0": 0.025697197765111923, "fnr race group 1": 0.08690040558576584, "fnr sex group 0": 0.025738077238202095, "fnr sex group 1": 0.032013971358537674, "fnr subgroup 0": 0.0221785269677639, "fnr subgroup 1": 0.030461478978395462, "fnr subgroup 2": 0.14584578573703766, "fnr subgroup 3": 0.05376344174146652, "fp": 14112.0, "fp race group 0": 12348.0, "fp race group 1": 1764.0, "fp sex group 0": 7867.0, "fp sex group 1": 6245.0, "fp subgroup 0": 7176.0, "fp subgroup 1": 5172.0, "fp subgroup 2": 691.0, "fp subgroup 3": 1073.0, "fp_th": [25208.0, 20582.0, 18863.0, 17464.0, 15869.0, 14112.0, 12087.0, 10566.0, 8597.0, 5236.0], "fp_th race group 0": [21244.0, 17966.0, 16455.0, 15217.0, 13815.0, 12348.0, 10627.0, 9490.0, 7891.0, 5059.0], "fp_th race group 1": [3964.0, 2616.0, 2408.0, 2247.0, 2054.0, 1764.0, 1460.0, 1076.0, 706.0, 177.0], "fp_th sex group 0": [14170.0, 11470.0, 10473.0, 9640.0, 8753.0, 7867.0, 6629.0, 5988.0, 4857.0, 2861.0], "fp_th sex group 1": [11038.0, 9112.0, 8390.0, 7824.0, 7116.0, 6245.0, 5458.0, 4578.0, 3740.0, 2375.0], "fp_th subgroup 0": [12435.0, 10441.0, 9492.0, 8723.0, 7917.0, 7176.0, 6098.0, 5553.0, 4567.0, 2780.0], "fp_th subgroup 1": [8809.0, 7525.0, 6963.0, 6494.0, 5898.0, 5172.0, 4529.0, 3937.0, 3324.0, 2279.0], "fp_th subgroup 2": [1735.0, 1029.0, 981.0, 917.0, 836.0, 691.0, 531.0, 435.0, 290.0, 81.0], "fp_th subgroup 3": [2229.0, 1587.0, 1427.0, 1330.0, 1218.0, 1073.0, 929.0, 641.0, 416.0, 96.0], "fpr": 0.5598222613334656, "fpr race group 0": 0.5812464952468872, "fpr race group 1": 0.44500505924224854, "fpr sex group 0": 0.5551869869232178, "fpr sex group 1": 0.5657727718353271, "fpr subgroup 0": 0.5770808458328247, "fpr subgroup 1": 0.5871267914772034, "fpr subgroup 2": 0.3982709050178528, "fpr subgroup 3": 0.48138177394866943, "loss": 0.34562188386917114, "precision": 0.8761866092681885, "precision race group 0": 0.8856338262557983, "precision race group 1": 0.7064403295516968, "precision sex group 0": 0.8780215382575989, "precision sex group 1": 0.8737950325012207, "precision subgroup 0": 0.8849539160728455, "precision subgroup 1": 0.8865640163421631, "precision subgroup 2": 0.6740565896034241, "precision subgroup 3": 0.7240936160087585, "precision_th": [0.8030624985694885, 0.8329979777336121, 0.844286322593689, 0.8534788489341736, 0.8642410635948181, 0.8761866092681885, 0.890383243560791, 0.899993360042572, 0.9116026163101196, 0.9323190450668335], "precision_th race group 0": [0.8220576643943787, 0.8452020883560181, 0.8559257984161377, 0.8647257685661316, 0.874935507774353, 0.8856338262557983, 0.898614764213562, 0.9060609936714172, 0.9161468744277954, 0.9332621097564697], "precision_th race group 1": [0.539765477180481, 0.6358067393302917, 0.6523747444152832, 0.6646769046783447, 0.680460512638092, 0.7064403295516968, 0.7320117354393005, 0.7676025629043579, 0.7758018374443054, 0.8864656686782837], "precision_th sex group 0": [0.8039947748184204, 0.834992527961731, 0.8466393351554871, 0.8564749956130981, 0.8672641515731812, 0.8780215382575989, 0.8936927914619446, 0.9001334309577942, 0.9119789600372314, 0.9349669218063354], "precision_th sex group 1": [0.8018525838851929, 0.8304176330566406, 0.8412458300590515, 0.8496107459068298, 0.860328197479248, 0.8737950325012207, 0.8860756754875183, 0.8998095989227295, 0.9111089706420898, 0.9288282990455627], "precision_th subgroup 0": [0.8194843530654907, 0.8438752293586731, 0.8555294871330261, 0.8651923537254333, 0.8755443096160889, 0.8849539160728455, 0.899169921875, 0.9047855734825134, 0.9155135154724121, 0.9359668493270874], "precision_th subgroup 1": [0.8255677819252014, 0.8470062017440796, 0.8564625978469849, 0.8640938997268677, 0.8741088509559631, 0.8865640163421631, 0.8978574872016907, 0.907802939414978, 0.9170016646385193, 0.9296365976333618], "precision_th subgroup 2": [0.49090376496315, 0.6096358299255371, 0.6209428310394287, 0.6270841956138611, 0.6412017345428467, 0.6740565896034241, 0.7174028754234314, 0.7345942854881287, 0.7419928908348083, 0.8598616123199463], "precision_th subgroup 3": [0.5717579126358032, 0.650978684425354, 0.6711223721504211, 0.6864686608314514, 0.7027818560600281, 0.7240936160087585, 0.7397029995918274, 0.785690426826477, 0.794567883014679, 0.9021406769752502], "recall": 0.9715347290039062, "recall race group 0": 0.9743028283119202, "recall race group 1": 0.9130995869636536, "recall sex group 0": 0.9742619395256042, "recall sex group 1": 0.9679860472679138, "recall subgroup 0": 0.9778214693069458, "recall subgroup 1": 0.9695385098457336, "recall subgroup 2": 0.8541542291641235, "recall subgroup 3": 0.9462365508079529, "recall_th": [1.0, 0.9987353086471558, 0.9949801564216614, 0.9896392822265625, 0.9827807545661926, 0.9715347290039062, 0.9551229476928711, 0.9250428080558777, 0.8624892830848694, 0.7016791105270386], "recall_th race group 0": [1.0, 0.9995109438896179, 0.9960669875144958, 0.9911353588104248, 0.9847671389579773, 0.9743028283119202, 0.9597322344779968, 0.9326493144035339, 0.8784528970718384, 0.7208359241485596], "recall_th race group 1": [1.0, 0.9823617935180664, 0.9720370173454285, 0.9580554962158203, 0.9408475160598755, 0.9130995869636536, 0.8578189015388489, 0.7644654512405396, 0.525489330291748, 0.29726824164390564], "recall_th sex group 0": [1.0, 0.9985892176628113, 0.9947181940078735, 0.9897116422653198, 0.9839308857917786, 0.9742619395256042, 0.9587777853012085, 0.9285665154457092, 0.8657869100570679, 0.7076594829559326], "recall_th sex group 1": [1.0, 0.9989253878593445, 0.9953210353851318, 0.9895451068878174, 0.9812841415405273, 0.9679860472679138, 0.9503671526908875, 0.9204576015472412, 0.8581982851028442, 0.6938971877098083], "recall_th subgroup 0": [1.0, 0.999716579914093, 0.9957308173179626, 0.991727352142334, 0.9866255521774292, 0.9778214693069458, 0.9633133411407471, 0.9347575902938843, 0.8766717910766602, 0.7198278307914734], "recall_th subgroup 1": [1.0, 0.9992324709892273, 0.9965221285820007, 0.9903338551521301, 0.9822508096694946, 0.9695385098457336, 0.9548834562301636, 0.9297946691513062, 0.8808644413948059, 0.7222009301185608],