{"accuracy": 0.8310937285423279, "accuracy race group 0": 0.8393664956092834, "accuracy race group 1": 0.7170900702476501, "accuracy sex group 0": 0.8315292596817017, "accuracy sex group 1": 0.8305327296257019, "accuracy subgroup 0": 0.8378968834877014, "accuracy subgroup 1": 0.8413575291633606, "auc": 0.7261292338371277, "auc race group 0": 0.7057742476463318, "auc race group 1": 0.7505518794059753, "auc sex group 0": 0.7233880162239075, "auc sex group 1": 0.729960560798645, "auc subgroup 0": 0.7078919410705566, "auc subgroup 1": 0.7035703659057617, "aucpr": 0.9122440218925476, "fn": 165.0, "fn race group 0": 122.0, "fn race group 1": 43.0, "fn sex group 0": 87.0, "fn sex group 1": 78.0, "fn subgroup 0": 71.0, "fn subgroup 1": 51.0, "fn_th": [0.0, 0.0, 6.0, 19.0, 51.0, 165.0, 433.0, 1091.0, 2460.0, 6338.0], "fn_th race group 0": [0.0, 0.0, 2.0, 8.0, 30.0, 122.0, 347.0, 912.0, 2153.0, 5915.0], "fn_th race group 1": [0.0, 0.0, 4.0, 11.0, 21.0, 43.0, 86.0, 179.0, 307.0, 423.0], "fn_th sex group 0": [0.0, 0.0, 0.0, 7.0, 22.0, 87.0, 213.0, 536.0, 1222.0, 3418.0], "fn_th sex group 1": [0.0, 0.0, 6.0, 12.0, 29.0, 78.0, 220.0, 555.0, 1238.0, 2920.0], "fn_th subgroup 0": [0.0, 0.0, 0.0, 2.0, 14.0, 71.0, 179.0, 476.0, 1109.0, 3259.0], "fn_th subgroup 1": [0.0, 0.0, 2.0, 6.0, 16.0, 51.0, 168.0, 436.0, 1044.0, 2656.0], "fnr": 0.015993021428585052, "fnr race group 0": 0.012388302013278008, "fnr race group 1": 0.09168443828821182, "fnr sex group 0": 0.014925372786819935, "fnr sex group 1": 0.017379678785800934, "fnr subgroup 0": 0.012544170022010803, "fnr subgroup 1": 0.012177650816738605, "fp": 1997.0, "fp race group 0": 1795.0, "fp race group 1": 202.0, "fp sex group 0": 1127.0, "fp sex group 1": 870.0, "fp subgroup 0": 1042.0, "fp subgroup 1": 753.0, "fp_th": [2483.0, 2455.0, 2391.0, 2299.0, 2154.0, 1997.0, 1798.0, 1474.0, 1067.0, 311.0], "fp_th race group 0": [2086.0, 2079.0, 2055.0, 2008.0, 1914.0, 1795.0, 1633.0, 1362.0, 1018.0, 302.0], "fp_th race group 1": [397.0, 376.0, 336.0, 291.0, 240.0, 202.0, 165.0, 112.0, 49.0, 9.0], "fp_th sex group 0": [1377.0, 1359.0, 1327.0, 1283.0, 1212.0, 1127.0, 1012.0, 855.0, 627.0, 187.0], "fp_th sex group 1": [1106.0, 1096.0, 1064.0, 1016.0, 942.0, 870.0, 786.0, 619.0, 440.0, 124.0], "fp_th subgroup 0": [1206.0, 1203.0, 1185.0, 1162.0, 1111.0, 1042.0, 941.0, 805.0, 601.0, 185.0], "fp_th subgroup 1": [880.0, 876.0, 870.0, 846.0, 803.0, 753.0, 692.0, 557.0, 417.0, 117.0], "fpr": 0.804269015789032, "fpr race group 0": 0.8604985475540161, "fpr race group 1": 0.508816123008728, "fpr sex group 0": 0.8184459209442139, "fpr sex group 1": 0.7866184711456299, "fpr subgroup 0": 0.8640132546424866, "fpr subgroup 1": 0.855681836605072, "loss": 0.4219147861003876, "precision": 0.8356243371963501, "precision race group 0": 0.8441975712776184, "precision race group 1": 0.6783439517021179, "precision sex group 0": 0.8359295129776001, "precision sex group 1": 0.8352272510528564, "precision subgroup 0": 0.8428592681884766, "precision subgroup 1": 0.84601229429245, "precision_th": [0.8060156106948853, 0.8077826499938965, 0.8117619156837463, 0.8174962401390076, 0.8265700340270996, 0.8356243371963501, 0.8460879921913147, 0.8622429966926575, 0.8804348111152649, 0.9275058507919312], "precision_th race group 0": [0.8252052664756775, 0.8256896138191223, 0.8273254632949829, 0.8305199146270752, 0.836856484413147, 0.8441975712776184, 0.8533321619033813, 0.8677412867546082, 0.8831630945205688, 0.9286894798278809], "precision_th race group 1": [0.5415704250335693, 0.555029571056366, 0.5805243253707886, 0.6114819645881653, 0.6511628031730652, 0.6783439517021179, 0.6989051103591919, 0.7213930487632751, 0.7677724957466125, 0.8363636136054993], "precision_th sex group 0": [0.8089092373847961, 0.8109349012374878, 0.8145611882209778, 0.8194229602813721, 0.8273258209228516, 0.8359295129776001, 0.8473144173622131, 0.8609303832054138, 0.8802063465118408, 0.9280215501785278], "precision_th sex group 1": [0.8022881746292114, 0.8037249445915222, 0.8081499934196472, 0.8150036334991455, 0.8255878686904907, 0.8352272510528564, 0.8444796204566956, 0.8640158176422119, 0.8807588219642639, 0.9267139434814453], "precision_th subgroup 0": [0.8243519067764282, 0.8247122168540955, 0.826880931854248, 0.8296187520027161, 0.8355779051780701, 0.8428592681884766, 0.8534724116325378, 0.8655869364738464, 0.8833462595939636, 0.928460955619812], "precision_th subgroup 1": [0.8263614773750305, 0.8270142078399658, 0.8279272317886353, 0.8317422270774841, 0.8385929465293884, 0.84601229429245, 0.8531408905982971, 0.8707356452941895, 0.8828980326652527, 0.9290478825569153], "recall": 0.9840070009231567, "recall race group 0": 0.987611711025238, "recall race group 1": 0.9083155393600464, "recall sex group 0": 0.9850746393203735, "recall sex group 1": 0.9826202988624573, "recall subgroup 0": 0.9874558448791504, "recall subgroup 1": 0.9878223538398743, "recall_th": [1.0, 1.0, 0.9994184374809265, 0.9981583952903748, 0.995056688785553, 0.9840070009231567, 0.9580304622650146, 0.8942521810531616, 0.7615585923194885, 0.3856741189956665], "recall_th race group 0": [1.0, 1.0, 0.9997969269752502, 0.9991876482963562, 0.9969537258148193, 0.987611711025238, 0.964764416217804, 0.9073923826217651, 0.7813769578933716, 0.3993704319000244], "recall_th race group 1": [1.0, 1.0, 0.9914712309837341, 0.9765458703041077, 0.9552238583564758, 0.9083155393600464, 0.8166311383247375, 0.6183369159698486, 0.34541577100753784, 0.09808102250099182], "recall_th sex group 0": [1.0, 1.0, 1.0, 0.9987990856170654, 0.9962257742881775, 0.9850746393203735, 0.9634585976600647, 0.9080459475517273, 0.7903585433959961, 0.41362154483795166], "recall_th sex group 1": [1.0, 1.0, 0.9986631274223328, 0.9973261952400208, 0.9935383200645447, 0.9826202988624573, 0.9509803652763367, 0.8763368725776672, 0.7241532802581787, 0.3493761122226715], "recall_th subgroup 0": [1.0, 1.0, 1.0, 0.9996466636657715, 0.9975265264511108, 0.9874558448791504, 0.9683745503425598, 0.9159010648727417, 0.804063618183136, 0.42420494556427], "recall_th subgroup 1": [1.0, 1.0, 0.9995224475860596, 0.9985673427581787, 0.9961795806884766, 0.9878223538398743, 0.9598853588104248, 0.8958930373191833, 0.7507163286209106, 0.36580705642700195], "tn": 486.0, "tn race group 0": 291.0, "tn race group 1": 195.0, "tn sex group 0": 250.0, "tn sex group 1": 236.0, "tn subgroup 0": 164.0, "tn subgroup 1": 127.0, "tn_th": [0.0, 28.0, 92.0, 184.0, 329.0, 486.0, 685.0, 1009.0, 1416.0, 2172.0], "tn_th race group 0": [0.0, 7.0, 31.0, 78.0, 172.0, 291.0, 453.0, 724.0, 1068.0, 1784.0], "tn_th race group 1": [0.0, 21.0, 61.0, 106.0, 157.0, 195.0, 232.0, 285.0, 348.0, 388.0], "tn_th sex group 0": [0.0, 18.0, 50.0, 94.0, 165.0, 250.0, 365.0, 522.0, 750.0, 1190.0], "tn_th sex group 1": [0.0, 10.0, 42.0, 90.0, 164.0, 236.0, 320.0, 487.0, 666.0, 982.0], "tn_th subgroup 0": [0.0, 3.0, 21.0, 44.0, 95.0, 164.0, 265.0, 401.0, 605.0, 1021.0], "tn_th subgroup 1": [0.0, 4.0, 10.0, 34.0, 77.0, 127.0, 188.0, 323.0, 463.0, 763.0], "tp": 10152.0, "tp race group 0": 9726.0, "tp race group 1": 426.0, "tp sex group 0": 5742.0, "tp sex group 1": 4410.0, "tp subgroup 0": 5589.0, "tp subgroup 1": 4137.0, "tp_th": [10317.0, 10317.0, 10311.0, 10298.0, 10266.0, 10152.0, 9884.0, 9226.0, 7857.0, 3979.0], "tp_th race group 0": [9848.0, 9848.0, 9846.0, 9840.0, 9818.0, 9726.0, 9501.0, 8936.0, 7695.0, 3933.0], "tp_th race group 1": [469.0, 469.0, 465.0, 458.0, 448.0, 426.0, 383.0, 290.0, 162.0, 46.0], "tp_th sex group 0": [5829.0, 5829.0, 5829.0, 5822.0, 5807.0, 5742.0, 5616.0, 5293.0, 4607.0, 2411.0], "tp_th sex group 1": [4488.0, 4488.0, 4482.0, 4476.0, 4459.0, 4410.0, 4268.0, 3933.0, 3250.0, 1568.0], "tp_th subgroup 0": [5660.0, 5660.0, 5660.0, 5658.0, 5646.0, 5589.0, 5481.0, 5184.0, 4551.0, 2401.0], "tp_th subgroup 1": [4188.0, 4188.0, 4186.0, 4182.0, 4172.0, 4137.0, 4020.0, 3752.0, 3144.0, 1532.0], "global_step": 100.0}