{"accuracy": 0.8605781197547913, "accuracy race group 0": 0.8690811991691589, "accuracy race group 1": 0.742714524269104, "accuracy sex group 0": 0.8649126887321472, "accuracy sex group 1": 0.8549528121948242, "accuracy subgroup 0": 0.8713381290435791, "accuracy subgroup 1": 0.8660026788711548, "accuracy subgroup 2": 0.735035240650177, "accuracy subgroup 3": 0.7477425336837769, "auc": 0.8135496377944946, "auc race group 0": 0.8010586500167847, "auc race group 1": 0.8099068999290466, "auc sex group 0": 0.8196873068809509, "auc sex group 1": 0.8055500984191895, "auc subgroup 0": 0.8085612058639526, "auc subgroup 1": 0.7905361652374268, "auc subgroup 2": 0.8156440854072571, "auc subgroup 3": 0.8019802570343018, "aucpr": 0.9401654601097107, "fn": 2798.0, "fn race group 0": 2378.0, "fn race group 1": 420.0, "fn sex group 0": 1417.0, "fn sex group 1": 1381.0, "fn subgroup 0": 1189.0, "fn subgroup 1": 1189.0, "fn subgroup 2": 228.0, "fn subgroup 3": 192.0, "fn_th": [0.0, 129.0, 356.0, 758.0, 1514.0, 2798.0, 4421.0, 7590.0, 14502.0, 32370.0], "fn_th race group 0": [0.0, 64.0, 258.0, 611.0, 1271.0, 2378.0, 3712.0, 6366.0, 12263.0, 28990.0], "fn_th race group 1": [0.0, 65.0, 98.0, 147.0, 243.0, 420.0, 709.0, 1224.0, 2239.0, 3380.0], "fn_th sex group 0": [0.0, 81.0, 195.0, 404.0, 759.0, 1417.0, 2108.0, 3944.0, 7752.0, 17653.0], "fn_th sex group 1": [0.0, 48.0, 161.0, 354.0, 755.0, 1381.0, 2313.0, 3646.0, 6750.0, 14717.0], "fn_th subgroup 0": [0.0, 32.0, 129.0, 289.0, 628.0, 1189.0, 1816.0, 3459.0, 6897.0, 16444.0], "fn_th subgroup 1": [0.0, 32.0, 129.0, 322.0, 643.0, 1189.0, 1896.0, 2907.0, 5366.0, 12546.0], "fn_th subgroup 2": [0.0, 49.0, 66.0, 115.0, 131.0, 228.0, 292.0, 485.0, 855.0, 1209.0], "fn_th subgroup 3": [0.0, 16.0, 32.0, 32.0, 112.0, 192.0, 417.0, 739.0, 1384.0, 2171.0], "fnr": 0.027220016345381737, "fnr race group 0": 0.024229949340224266, "fnr race group 1": 0.09034200757741928, "fnr sex group 0": 0.024378914386034012, "fnr sex group 1": 0.030916986986994743, "fnr subgroup 0": 0.021062513813376427, "fnr subgroup 1": 0.028518659994006157, "fnr subgroup 2": 0.13628213107585907, "fnr subgroup 3": 0.06451612710952759, "fp": 15048.0, "fp race group 0": 13252.0, "fp race group 1": 1796.0, "fp sex group 0": 8349.0, "fp sex group 1": 6699.0, "fp subgroup 0": 7674.0, "fp subgroup 1": 5578.0, "fp subgroup 2": 675.0, "fp subgroup 3": 1121.0, "fp_th": [25208.0, 21113.0, 19470.0, 18153.0, 16692.0, 15048.0, 12973.0, 10853.0, 8612.0, 4946.0], "fp_th race group 0": [21244.0, 18465.0, 17063.0, 15858.0, 14606.0, 13252.0, 11514.0, 9907.0, 7971.0, 4802.0], "fp_th race group 1": [3964.0, 2648.0, 2407.0, 2295.0, 2086.0, 1796.0, 1459.0, 946.0, 641.0, 144.0], "fp_th sex group 0": [14170.0, 11842.0, 10874.0, 10135.0, 9204.0, 8349.0, 7208.0, 6212.0, 4889.0, 2652.0], "fp_th sex group 1": [11038.0, 9271.0, 8596.0, 8018.0, 7488.0, 6699.0, 5765.0, 4641.0, 3723.0, 2294.0], "fp_th subgroup 0": [12435.0, 10781.0, 9910.0, 9203.0, 8352.0, 7674.0, 6678.0, 5826.0, 4632.0, 2636.0], "fp_th subgroup 1": [8809.0, 7684.0, 7153.0, 6655.0, 6254.0, 5578.0, 4836.0, 4081.0, 3339.0, 2166.0], "fp_th subgroup 2": [1735.0, 1061.0, 964.0, 932.0, 852.0, 675.0, 530.0, 386.0, 257.0, 16.0], "fp_th subgroup 3": [2229.0, 1587.0, 1443.0, 1363.0, 1234.0, 1121.0, 929.0, 560.0, 384.0, 128.0], "fpr": 0.5969533324241638, "fpr race group 0": 0.6237996816635132, "fpr race group 1": 0.4530777037143707, "fpr sex group 0": 0.5892025232315063, "fpr sex group 1": 0.6069034337997437, "fpr subgroup 0": 0.6171290874481201, "fpr subgroup 1": 0.6332160234451294, "fpr subgroup 2": 0.3890489935874939, "fpr subgroup 3": 0.5029160976409912, "loss": 0.3505343794822693, "precision": 0.8691955804824829, "precision race group 0": 0.8784409761428833, "precision race group 1": 0.7019087076187134, "precision sex group 0": 0.8716644048690796, "precision sex group 1": 0.8659824728965759, "precision subgroup 0": 0.8780665993690491, "precision subgroup 1": 0.8789522647857666, "precision subgroup 2": 0.6816037893295288, "precision subgroup 3": 0.7129321098327637, "precision_th": [0.8030624985694885, 0.8294257521629333, 0.8402867913246155, 0.8489603996276855, 0.8585063815116882, 0.8691955804824829, 0.8834872245788574, 0.8976662755012512, 0.9111267328262329, 0.9343753457069397], "precision_th race group 0": [0.8220576643943787, 0.8415619730949402, 0.8515589833259583, 0.8601464033126831, 0.8689786195755005, 0.8784409761428833, 0.8913209438323975, 0.9025707244873047, 0.9150674939155579, 0.9350686073303223], "precision_th race group 1": [0.539765477180481, 0.633849561214447, 0.6540672779083252, 0.6623510122299194, 0.6786814332008362, 0.7019087076187134, 0.7297647595405579, 0.783573567867279, 0.7899049520492554, 0.8980891704559326], "precision_th sex group 0": [0.8039947748184204, 0.8305501937866211, 0.8419545888900757, 0.8506373763084412, 0.8617374300956726, 0.8716644048690796, 0.8859926462173462, 0.8971387147903442, 0.9115289449691772, 0.9385014772415161], "precision_th sex group 1": [0.8018525838851929, 0.8279675841331482, 0.8381258845329285, 0.8467859029769897, 0.8543218970298767, 0.8659824728965759, 0.8801953196525574, 0.8983641266822815, 0.9105929136276245, 0.9288572072982788], "precision_th subgroup 0": [0.8194843530654907, 0.8395684361457825, 0.8503744602203369, 0.8592060208320618, 0.8698558807373047, 0.8780665993690491, 0.8910834789276123, 0.900948703289032, 0.9145166873931885, 0.9381844401359558], "precision_th subgroup 1": [0.8255677819252014, 0.8442769050598145, 0.8531693816184998, 0.8614263534545898, 0.8677884936332703, 0.8789522647857666, 0.891647219657898, 0.9047963619232178, 0.9158200025558472, 0.9308252334594727], "precision_th subgroup 2": [0.49090376496315, 0.6048417091369629, 0.6250486373901367, 0.6257027983665466, 0.6441102623939514, 0.6816037893295288, 0.7226582765579224, 0.7547649145126343, 0.7609302401542664, 0.9666666388511658], "precision_th subgroup 3": [0.5717579126358032, 0.650978684425354, 0.6710736155509949, 0.6835384368896484, 0.6988775134086609, 0.7129321098327637, 0.7336582541465759, 0.7997854948043823, 0.8056679964065552, 0.8628081679344177], "recall": 0.9727799892425537, "recall race group 0": 0.9757700562477112, "recall race group 1": 0.9096580147743225, "recall sex group 0": 0.9756211042404175, "recall sex group 1": 0.9690830111503601, "recall subgroup 0": 0.9789375066757202, "recall subgroup 1": 0.9714813232421875, "recall subgroup 2": 0.8637178540229797, "recall subgroup 3": 0.9354838728904724, "recall_th": [1.0, 0.9987450242042542, 0.9965366721153259, 0.992625892162323, 0.9852712154388428, 0.9727799892425537, 0.9569908380508423, 0.9261615872383118, 0.8589189648628235, 0.6850922107696533], "recall_th race group 0": [1.0, 0.9993478655815125, 0.9973711967468262, 0.9937744140625, 0.9870495200157166, 0.9757700562477112, 0.9621776342391968, 0.9351354837417603, 0.8750496506690979, 0.7046146988868713], "recall_th race group 1": [1.0, 0.9860184788703918, 0.9789202213287354, 0.9683802723884583, 0.9477307200431824, 0.9096580147743225, 0.8474940657615662, 0.7367175817489624, 0.5183910727500916, 0.27296191453933716], "recall_th sex group 0": [1.0, 0.9986064434051514, 0.9966450929641724, 0.9930493235588074, 0.9869416952133179, 0.9756211042404175, 0.9637327194213867, 0.9321450591087341, 0.866629958152771, 0.6962872743606567], "recall_th sex group 1": [1.0, 0.9989253878593445, 0.9963956475257874, 0.9920748472213745, 0.983097493648529, 0.9690830111503601, 0.9482179880142212, 0.918375551700592, 0.8488851189613342, 0.6705247759819031], "recall_th subgroup 0": [1.0, 0.999433159828186, 0.9977148175239563, 0.9948804974555969, 0.9888753294944763, 0.9789375066757202, 0.96783047914505, 0.9387255907058716, 0.8778232336044312, 0.7087031006813049], "recall_th subgroup 1": [1.0, 0.9992324709892273, 0.9969058632850647, 0.992276668548584, 0.9845773577690125, 0.9714813232421875, 0.9545236229896545, 0.9302743673324585, 0.8712942600250244, 0.6990789771080017],