{"accuracy": 0.8295312523841858, "accuracy race group 0": 0.8381096124649048, "accuracy race group 1": 0.7113164067268372, "accuracy sex group 0": 0.8308354020118713, "accuracy sex group 1": 0.8278512954711914, "accuracy subgroup 0": 0.8373143076896667, "accuracy subgroup 1": 0.8391870856285095, "auc": 0.7231287360191345, "auc race group 0": 0.7004492878913879, "auc race group 1": 0.7673596739768982, "auc sex group 0": 0.7182662487030029, "auc sex group 1": 0.7298067212104797, "auc subgroup 0": 0.7004014849662781, "auc subgroup 1": 0.7011731863021851, "aucpr": 0.9106722474098206, "fn": 188.0, "fn race group 0": 138.0, "fn race group 1": 50.0, "fn sex group 0": 101.0, "fn sex group 1": 87.0, "fn subgroup 0": 82.0, "fn subgroup 1": 56.0, "fn_th": [0.0, 0.0, 4.0, 13.0, 54.0, 188.0, 491.0, 1113.0, 2518.0, 6271.0], "fn_th race group 0": [0.0, 0.0, 2.0, 4.0, 33.0, 138.0, 390.0, 919.0, 2195.0, 5846.0], "fn_th race group 1": [0.0, 0.0, 2.0, 9.0, 21.0, 50.0, 101.0, 194.0, 323.0, 425.0], "fn_th sex group 0": [0.0, 0.0, 0.0, 3.0, 25.0, 101.0, 244.0, 569.0, 1303.0, 3372.0], "fn_th sex group 1": [0.0, 0.0, 4.0, 10.0, 29.0, 87.0, 247.0, 544.0, 1215.0, 2899.0], "fn_th subgroup 0": [0.0, 0.0, 0.0, 0.0, 18.0, 82.0, 206.0, 499.0, 1184.0, 3213.0], "fn_th subgroup 1": [0.0, 0.0, 2.0, 4.0, 15.0, 56.0, 184.0, 420.0, 1011.0, 2633.0], "fnr": 0.018222350627183914, "fnr race group 0": 0.014012997969985008, "fnr race group 1": 0.10660980641841888, "fnr sex group 0": 0.01732715778052807, "fnr sex group 1": 0.019385026767849922, "fnr subgroup 0": 0.014487632550299168, "fnr subgroup 1": 0.013371537439525127, "fp": 1994.0, "fp race group 0": 1794.0, "fp race group 1": 200.0, "fp sex group 0": 1118.0, "fp sex group 1": 876.0, "fp subgroup 0": 1035.0, "fp subgroup 1": 759.0, "fp_th": [2483.0, 2471.0, 2422.0, 2341.0, 2183.0, 1994.0, 1791.0, 1488.0, 1073.0, 337.0], "fp_th race group 0": [2086.0, 2081.0, 2068.0, 2028.0, 1929.0, 1794.0, 1647.0, 1402.0, 1029.0, 325.0], "fp_th race group 1": [397.0, 390.0, 354.0, 313.0, 254.0, 200.0, 144.0, 86.0, 44.0, 12.0], "fp_th sex group 0": [1377.0, 1367.0, 1344.0, 1301.0, 1221.0, 1118.0, 1031.0, 863.0, 642.0, 213.0], "fp_th sex group 1": [1106.0, 1104.0, 1078.0, 1040.0, 962.0, 876.0, 760.0, 625.0, 431.0, 124.0], "fp_th subgroup 0": [1206.0, 1203.0, 1196.0, 1172.0, 1117.0, 1035.0, 965.0, 819.0, 619.0, 207.0], "fp_th subgroup 1": [880.0, 878.0, 872.0, 856.0, 812.0, 759.0, 682.0, 583.0, 410.0, 118.0], "fpr": 0.8030608296394348, "fpr race group 0": 0.8600191473960876, "fpr race group 1": 0.503778338432312, "fpr sex group 0": 0.8119099736213684, "fpr sex group 1": 0.7920433878898621, "fpr subgroup 0": 0.858208954334259, "fpr subgroup 1": 0.862500011920929, "loss": 0.42501452565193176, "precision": 0.8355192542076111, "precision race group 0": 0.8440542221069336, "precision race group 1": 0.6768982410430908, "precision sex group 0": 0.8366929888725281, "precision sex group 1": 0.833996593952179, "precision subgroup 0": 0.8434901237487793, "precision subgroup 1": 0.8448169827461243, "precision_th": [0.8060156106948853, 0.806771993637085, 0.8098154664039612, 0.8148675560951233, 0.8246023058891296, 0.8355192542076111, 0.8458293676376343, 0.860830545425415, 0.8790577054023743, 0.9231120347976685], "precision_th race group 0": [0.8252052664756775, 0.8255511522293091, 0.8264226913452148, 0.8291779160499573, 0.8357459306716919, 0.8440542221069336, 0.8516884446144104, 0.8642919659614563, 0.8814789056777954, 0.9248902201652527], "precision_th race group 1": [0.5415704250335693, 0.5459837317466736, 0.5688185095787048, 0.5950840711593628, 0.6381766200065613, 0.6768982410430908, 0.71875, 0.761772871017456, 0.7684210538864136, 0.7857142686843872], "precision_th sex group 0": [0.8089092373847961, 0.81003338098526, 0.8126307129859924, 0.8174547553062439, 0.8261922001838684, 0.8366929888725281, 0.8441656827926636, 0.8590559959411621, 0.8757739663124084, 0.9202247262001038], "precision_th sex group 1": [0.8022881746292114, 0.8025751113891602, 0.8061848282814026, 0.8115259408950806, 0.8225419521331787, 0.833996593952179, 0.8480303883552551, 0.8632085919380188, 0.8836393356323242, 0.9276123642921448], "precision_th subgroup 0": [0.8243519067764282, 0.8247122168540955, 0.8255542516708374, 0.828454315662384, 0.8347388505935669, 0.8434901237487793, 0.8496650457382202, 0.863043487071991, 0.8785083293914795, 0.9220045208930969], "precision_th subgroup 1": [0.8263614773750305, 0.8266876935958862, 0.827599823474884, 0.8301587104797363, 0.8371113538742065, 0.8448169827461243, 0.8544601202011108, 0.8660078048706055, 0.8856983780860901, 0.929468035697937], "recall": 0.9817776679992676, "recall race group 0": 0.9859870076179504, "recall race group 1": 0.8933901786804199, "recall sex group 0": 0.9826728701591492, "recall sex group 1": 0.980614960193634, "recall subgroup 0": 0.985512375831604, "recall subgroup 1": 0.9866284728050232, "recall_th": [1.0, 1.0, 0.9996122717857361, 0.9987399578094482, 0.9947659373283386, 0.9817776679992676, 0.9524086713790894, 0.892119824886322, 0.7559368014335632, 0.392168253660202], "recall_th race group 0": [1.0, 1.0, 0.9997969269752502, 0.9995938539505005, 0.9966490864753723, 0.9859870076179504, 0.9603980779647827, 0.9066815376281738, 0.7771121263504028, 0.4063769280910492], "recall_th race group 1": [1.0, 1.0, 0.9957355856895447, 0.9808102250099182, 0.9552238583564758, 0.8933901786804199, 0.7846481800079346, 0.5863539576530457, 0.3113006353378296, 0.09381663054227829], "recall_th sex group 0": [1.0, 1.0, 1.0, 0.9994853138923645, 0.995711088180542, 0.9826728701591492, 0.9581403136253357, 0.9023846387863159, 0.7764624953269958, 0.4215131103992462], "recall_th sex group 1": [1.0, 1.0, 0.9991087317466736, 0.9977718591690063, 0.9935383200645447, 0.980614960193634, 0.9449643492698669, 0.8787878751754761, 0.7292780876159668, 0.354055255651474], "recall_th subgroup 0": [1.0, 1.0, 1.0, 1.0, 0.996819794178009, 0.985512375831604, 0.963604211807251, 0.9118374586105347, 0.7908127307891846, 0.4323321580886841], "recall_th subgroup 1": [1.0, 1.0, 0.9995224475860596, 0.9990448951721191, 0.9964183568954468, 0.9866284728050232, 0.9560649394989014, 0.8997134566307068, 0.7585960030555725, 0.3712989389896393], "tn": 489.0, "tn race group 0": 292.0, "tn race group 1": 197.0, "tn sex group 0": 259.0, "tn sex group 1": 230.0, "tn subgroup 0": 171.0, "tn subgroup 1": 121.0, "tn_th": [0.0, 12.0, 61.0, 142.0, 300.0, 489.0, 692.0, 995.0, 1410.0, 2146.0], "tn_th race group 0": [0.0, 5.0, 18.0, 58.0, 157.0, 292.0, 439.0, 684.0, 1057.0, 1761.0], "tn_th race group 1": [0.0, 7.0, 43.0, 84.0, 143.0, 197.0, 253.0, 311.0, 353.0, 385.0], "tn_th sex group 0": [0.0, 10.0, 33.0, 76.0, 156.0, 259.0, 346.0, 514.0, 735.0, 1164.0], "tn_th sex group 1": [0.0, 2.0, 28.0, 66.0, 144.0, 230.0, 346.0, 481.0, 675.0, 982.0], "tn_th subgroup 0": [0.0, 3.0, 10.0, 34.0, 89.0, 171.0, 241.0, 387.0, 587.0, 999.0], "tn_th subgroup 1": [0.0, 2.0, 8.0, 24.0, 68.0, 121.0, 198.0, 297.0, 470.0, 762.0], "tp": 10129.0, "tp race group 0": 9710.0, "tp race group 1": 419.0, "tp sex group 0": 5728.0, "tp sex group 1": 4401.0, "tp subgroup 0": 5578.0, "tp subgroup 1": 4132.0, "tp_th": [10317.0, 10317.0, 10313.0, 10304.0, 10263.0, 10129.0, 9826.0, 9204.0, 7799.0, 4046.0], "tp_th race group 0": [9848.0, 9848.0, 9846.0, 9844.0, 9815.0, 9710.0, 9458.0, 8929.0, 7653.0, 4002.0], "tp_th race group 1": [469.0, 469.0, 467.0, 460.0, 448.0, 419.0, 368.0, 275.0, 146.0, 44.0], "tp_th sex group 0": [5829.0, 5829.0, 5829.0, 5826.0, 5804.0, 5728.0, 5585.0, 5260.0, 4526.0, 2457.0], "tp_th sex group 1": [4488.0, 4488.0, 4484.0, 4478.0, 4459.0, 4401.0, 4241.0, 3944.0, 3273.0, 1589.0], "tp_th subgroup 0": [5660.0, 5660.0, 5660.0, 5660.0, 5642.0, 5578.0, 5454.0, 5161.0, 4476.0, 2447.0], "tp_th subgroup 1": [4188.0, 4188.0, 4186.0, 4184.0, 4173.0, 4132.0, 4004.0, 3768.0, 3177.0, 1555.0], "global_step": 100.0}