{"accuracy": 0.868414044380188, "accuracy race group 0": 0.8769380450248718, "accuracy race group 1": 0.7502612471580505, "accuracy sex group 0": 0.8713862895965576, "accuracy sex group 1": 0.8645567893981934, "accuracy subgroup 0": 0.8783497214317322, "accuracy subgroup 1": 0.8750123977661133, "accuracy subgroup 2": 0.7306337952613831, "accuracy subgroup 3": 0.7631123661994934, "auc": 0.8134264945983887, "auc race group 0": 0.7998165488243103, "auc race group 1": 0.8160562515258789, "auc sex group 0": 0.8206229209899902, "auc sex group 1": 0.80413818359375, "auc subgroup 0": 0.8102303147315979, "auc subgroup 1": 0.7851344347000122, "auc subgroup 2": 0.8067982792854309, "auc subgroup 3": 0.8189921975135803, "aucpr": 0.9418668150901794, "fn": 3006.0, "fn race group 0": 2619.0, "fn race group 1": 387.0, "fn sex group 0": 1546.0, "fn sex group 1": 1460.0, "fn subgroup 0": 1335.0, "fn subgroup 1": 1284.0, "fn subgroup 2": 211.0, "fn subgroup 3": 176.0, "fn_th": [0.0, 130.0, 502.0, 936.0, 1736.0, 3006.0, 4989.0, 7734.0, 14085.0, 31549.0], "fn_th race group 0": [0.0, 48.0, 355.0, 773.0, 1509.0, 2619.0, 4263.0, 6527.0, 11879.0, 28232.0], "fn_th race group 1": [0.0, 82.0, 147.0, 163.0, 227.0, 387.0, 726.0, 1207.0, 2206.0, 3317.0], "fn_th sex group 0": [0.0, 82.0, 228.0, 502.0, 886.0, 1546.0, 2497.0, 4005.0, 7732.0, 17330.0], "fn_th sex group 1": [0.0, 48.0, 274.0, 434.0, 850.0, 1460.0, 2492.0, 3729.0, 6353.0, 14219.0], "fn_th subgroup 0": [0.0, 16.0, 145.0, 403.0, 771.0, 1335.0, 2141.0, 3521.0, 6829.0, 16137.0], "fn_th subgroup 1": [0.0, 32.0, 210.0, 370.0, 738.0, 1284.0, 2122.0, 3006.0, 5050.0, 12095.0], "fn_th subgroup 2": [0.0, 66.0, 83.0, 99.0, 115.0, 211.0, 356.0, 484.0, 903.0, 1193.0], "fn_th subgroup 3": [0.0, 16.0, 64.0, 64.0, 112.0, 176.0, 370.0, 723.0, 1303.0, 2124.0], "fnr": 0.02924352139234543, "fnr race group 0": 0.026685550808906555, "fnr race group 1": 0.0832437053322792, "fnr sex group 0": 0.026598306372761726, "fnr sex group 1": 0.03268559277057648, "fnr subgroup 0": 0.023648828268051147, "fnr subgroup 1": 0.03079727478325367, "fnr subgroup 2": 0.12612074613571167, "fnr subgroup 3": 0.059139784425497055, "fp": 13837.0, "fp race group 0": 12073.0, "fp race group 1": 1764.0, "fp sex group 0": 7752.0, "fp sex group 1": 6085.0, "fp subgroup 0": 7045.0, "fp subgroup 1": 5028.0, "fp subgroup 2": 707.0, "fp subgroup 3": 1057.0, "fp_th": [25208.0, 20793.0, 19166.0, 17481.0, 15755.0, 13837.0, 12103.0, 10545.0, 8615.0, 5186.0], "fp_th race group 0": [21244.0, 18241.0, 16775.0, 15299.0, 13686.0, 12073.0, 10627.0, 9518.0, 7941.0, 5009.0], "fp_th race group 1": [3964.0, 2552.0, 2391.0, 2182.0, 2069.0, 1764.0, 1476.0, 1027.0, 674.0, 177.0], "fp_th sex group 0": [14170.0, 11648.0, 10728.0, 9703.0, 8752.0, 7752.0, 6773.0, 5968.0, 4811.0, 2780.0], "fp_th sex group 1": [11038.0, 9145.0, 8438.0, 7778.0, 7003.0, 6085.0, 5330.0, 4577.0, 3804.0, 2406.0], "fp_th subgroup 0": [12435.0, 10635.0, 9780.0, 8803.0, 7884.0, 7045.0, 6210.0, 5550.0, 4553.0, 2699.0], "fp_th subgroup 1": [8809.0, 7606.0, 6995.0, 6496.0, 5802.0, 5028.0, 4417.0, 3968.0, 3388.0, 2310.0], "fp_th subgroup 2": [1735.0, 1013.0, 948.0, 900.0, 868.0, 707.0, 563.0, 418.0, 258.0, 81.0], "fp_th subgroup 3": [2229.0, 1539.0, 1443.0, 1282.0, 1201.0, 1057.0, 913.0, 609.0, 416.0, 96.0], "fpr": 0.5489130616188049, "fpr race group 0": 0.5683016180992126, "fpr race group 1": 0.44500505924224854, "fpr sex group 0": 0.5470712780952454, "fpr sex group 1": 0.5512773990631104, "fpr subgroup 0": 0.5665460228919983, "fpr subgroup 1": 0.5707798600196838, "fpr subgroup 2": 0.4074927866458893, "fpr subgroup 3": 0.4742036759853363, "loss": 0.3472896218299866, "precision": 0.8782200813293457, "precision race group 0": 0.8877942562103271, "precision race group 1": 0.707268476486206, "precision sex group 0": 0.8794963359832764, "precision sex group 1": 0.8765544891357422, "precision subgroup 0": 0.8866652846336365, "precision subgroup 1": 0.8893388509750366, "precision subgroup 2": 0.6740433573722839, "precision subgroup 3": 0.7259528040885925, "precision_th": [0.8030624985694885, 0.8315742611885071, 0.8421980142593384, 0.8535156846046448, 0.865123987197876, 0.8782200813293457, 0.8898786306381226, 0.9001448750495911, 0.9114794135093689, 0.9321461915969849], "precision_th race group 0": [0.8220576643943787, 0.843204140663147, 0.8535740375518799, 0.8642128705978394, 0.8759427070617676, 0.8877942562103271, 0.898313045501709, 0.905887246131897, 0.9157050848007202, 0.9331420063972473], "precision_th race group 1": [0.539765477180481, 0.6415227055549622, 0.6531263589859009, 0.6727654337882996, 0.6812509894371033, 0.707268476486206, 0.7266160249710083, 0.7701946496963501, 0.7837664484977722, 0.8827037811279297], "precision_th sex group 0": [0.8039947748184204, 0.8328598141670227, 0.8436698317527771, 0.8558781743049622, 0.8673738241195679, 0.8794963359832764, 0.8914583325386047, 0.9006773233413696, 0.912848949432373, 0.9362004995346069], "precision_th sex group 1": [0.8018525838851929, 0.8299079537391663, 0.8402861952781677, 0.8504576086997986, 0.8622026443481445, 0.8765544891357422, 0.8878036737442017, 0.8994419574737549, 0.9096844792366028, 0.9267691373825073], "precision_th subgroup 0": [0.8194843530654907, 0.8414342999458313, 0.8520110249519348, 0.8642580509185791, 0.8759675025939941, 0.8866652846336365, 0.89738929271698, 0.9050957560539246, 0.9159575700759888, 0.9372515082359314], "precision_th subgroup 1": [0.8255677819252014, 0.8456135988235474, 0.8557047843933105, 0.8641515970230103, 0.8759089708328247, 0.8893388509750366, 0.8995839953422546, 0.9069724082946777, 0.9153634905815125, 0.9276021122932434], "precision_th subgroup 2": [0.49090376496315, 0.6133587956428528, 0.6264775395393372, 0.6362166404724121, 0.6422094106674194, 0.6740433573722839, 0.7005318999290466, 0.7398880124092102, 0.7490272521972656, 0.855614960193634], "precision_th subgroup 3": [0.5717579126358032, 0.6579239964485168, 0.6686567068099976, 0.6943252086639404, 0.7045510411262512, 0.7259528040885925, 0.7405512928962708, 0.7872117161750793, 0.800861656665802, 0.8987341523170471], "recall": 0.970756471157074, "recall race group 0": 0.9733144640922546, "recall race group 1": 0.916756272315979, "recall sex group 0": 0.973401665687561, "recall sex group 1": 0.9673144221305847, "recall subgroup 0": 0.9763512015342712, "recall subgroup 1": 0.9692026972770691, "recall subgroup 2": 0.8738792538642883, "recall subgroup 3": 0.9408602118492126, "recall_th": [1.0, 0.9987353086471558, 0.9951163530349731, 0.9908942580223083, 0.9831115007400513, 0.970756471157074, 0.9514650702476501, 0.9247606992721558, 0.8629757165908813, 0.6930792331695557], "recall_th race group 0": [1.0, 0.9995109438896179, 0.9963828325271606, 0.9921237230300903, 0.9846245050430298, 0.9733144640922546, 0.9565633535385132, 0.9334949851036072, 0.8789623379707336, 0.7123380899429321], "recall_th race group 1": [1.0, 0.9823617935180664, 0.9683802723884583, 0.9649387001991272, 0.9511722922325134, 0.916756272315979, 0.8438373804092407, 0.7403742671012878, 0.525489330291748, 0.28651323914527893], "recall_th sex group 0": [1.0, 0.9985892176628113, 0.9960773587226868, 0.9913632869720459, 0.9847567081451416, 0.973401665687561, 0.9570401310920715, 0.9310956001281738, 0.8669740557670593, 0.701844334602356], "recall_th sex group 1": [1.0, 0.9989253878593445, 0.9938658475875854, 0.9902838468551636, 0.9809707403182983, 0.9673144221305847, 0.9442106485366821, 0.916517436504364, 0.8577728867530823, 0.6816737055778503], "recall_th subgroup 0": [1.0, 0.999716579914093, 0.9974313974380493, 0.9928610920906067, 0.9863421320915222, 0.9763512015342712, 0.9620733261108398, 0.9376273155212402, 0.8790278434753418, 0.7141414880752563], "recall_th subgroup 1": [1.0, 0.9992324709892273, 0.9949630498886108, 0.9911254048347473, 0.9822987914085388, 0.9692026972770691, 0.9491029381752014, 0.9278998374938965, 0.8788736462593079, 0.7098963856697083],