{
    "accuracy": {
        "mean": 0.8301015675067902,
        "std": 0.00176398235162461
    },
    "micro_avg_auc": {
        "mean": 0.7227213978767395,
        "std": 0.0027601754495707423
    },
    "minority_auc": {
        "mean": 0.7004008591175079,
        "std": 0.0035541040696534065
    }
}