{
    "accuracy": {
        "mean": 0.8633937418460846,
        "std": 0.0025816090214834998
    },
    "micro_avg_auc": {
        "mean": 0.8126587748527527,
        "std": 0.0022491989779820985
    },
    "minority_auc": {
        "mean": 0.8114186108112336,
        "std": 0.007729196177583013
    },
    "macro_avg_auc": {
        "mean": 0.8035430163145065,
        "std": 0.0024613121882233018
    },
    "min_auc": {
        "mean": 0.7891448557376861,
        "std": 0.0032835829482069823
    }
}