{"min_auc": 0.9085565209388733, "macro_avg_auc": 0.9310300052165985, "micro_avg_auc": 0.9396015405654907, "minority_auc": 0.9085565209388733, "accuracy": 0.8660944104194641}