{"min_auc": 0.7762190103530884, "macro_avg_auc": 0.7986753731966019, "micro_avg_auc": 0.8000298142433167, "minority_auc": 0.8186431527137756, "accuracy": 0.8440873622894287}