{"min_auc": 0.7974807620048523, "macro_avg_auc": 0.8081932365894318, "micro_avg_auc": 0.8143572807312012, "minority_auc": 0.8252315521240234, "accuracy": 0.8546321988105774}