{"min_auc": 0.8828626275062561, "macro_avg_auc": 0.9179424345493317, "micro_avg_auc": 0.9088115692138672, "minority_auc": 0.9465541243553162, "accuracy": 0.8536330461502075}