{"min_auc": 0.6890566349029541, "macro_avg_auc": 0.7214242219924927, "micro_avg_auc": 0.7237960696220398, "minority_auc": 0.7164201140403748, "accuracy": 0.6614100337028503}