{"min_auc": 0.7009084820747375, "macro_avg_auc": 0.7295200377702713, "micro_avg_auc": 0.7339047789573669, "minority_auc": 0.7507396936416626, "accuracy": 0.6641929745674133}