{"min_auc": 0.9262793660163879, "macro_avg_auc": 0.9439912140369415, "micro_avg_auc": 0.9507461190223694, "minority_auc": 0.9262793660163879, "accuracy": 0.8790121674537659}