{"min_auc": {"mean": 0.8858548104763031, "std": 0.0009749523617090153}, "macro_avg_auc": {"mean": 0.9209401607513428, "std": 0.0020079927026957047}, "micro_avg_auc": {"mean": 0.9110168039798736, "std": 0.0009485988563515816}, "minority_auc": {"mean": 0.9464905261993408, "std": 0.00474765444554837}, "accuracy": {"mean": 0.7427615046501159, "std": 0.016013912450744894}}