{"min_auc": 0.8071557879447937, "macro_avg_auc": 0.8237996250391006, "micro_avg_auc": 0.8309671878814697, "minority_auc": 0.8327100872993469, "accuracy": 0.863042950630188}