{"min_auc": 0.8048729300498962, "macro_avg_auc": 0.8229704797267914, "micro_avg_auc": 0.8267342448234558, "minority_auc": 0.8313745856285095, "accuracy": 0.8595280051231384}