{"min_auc": 0.7002186179161072, "macro_avg_auc": 0.7341736257076263, "micro_avg_auc": 0.7351913452148438, "minority_auc": 0.7555719017982483, "accuracy": 0.6753246784210205}