{"min_auc": 0.6999272108078003, "macro_avg_auc": 0.7306797653436661, "micro_avg_auc": 0.7354958653450012, "minority_auc": 0.7487672567367554, "accuracy": 0.6669758558273315}