{"min_auc": 0.692114531993866, "macro_avg_auc": 0.7239454090595245, "micro_avg_auc": 0.7264901399612427, "minority_auc": 0.7497531771659851, "accuracy": 0.6706864833831787}