{"min_auc": 0.8160668611526489, "macro_avg_auc": 0.8291531056165695, "micro_avg_auc": 0.8356916308403015, "minority_auc": 0.8319088220596313, "accuracy": 0.8620386719703674}