{"min_auc": 0.8003952503204346, "macro_avg_auc": 0.821156695485115, "micro_avg_auc": 0.823884904384613, "minority_auc": 0.8357372283935547, "accuracy": 0.8516193628311157}