{"min_auc": 0.812976598739624, "macro_avg_auc": 0.8313290923833847, "micro_avg_auc": 0.8364425897598267, "minority_auc": 0.8425925970077515, "accuracy": 0.8650514483451843}