{"min_auc": {"mean": 0.7870349168777466, "std": 0.006611413827233918}, "macro_avg_auc": {"mean": 0.8062602519989014, "std": 0.009125115444270854}, "micro_avg_auc": {"mean": 0.8121891498565674, "std": 0.0062661862055438415}, "minority_auc": {"mean": 0.8263799846172333, "std": 0.01985299888920426}, "accuracy": {"mean": 0.7501004159450531, "std": 0.028954358941967292}}