{"accuracy": 0.6813535094261169, "accuracy race group 0": 0.6584748029708862, "accuracy race group 1": 0.7018576860427856, "accuracy sex group 0": 0.6745536923408508, "accuracy sex group 1": 0.7089701294898987, "accuracy subgroup 0": 0.6466695070266724, "accuracy subgroup 1": 0.7018604874610901, "accuracy subgroup 2": 0.6985971331596375, "accuracy subgroup 3": 0.71642005443573, "auc": 0.7297593951225281, "auc race group 0": 0.7013988494873047, "auc race group 1": 0.7424436211585999, "auc sex group 0": 0.7247438430786133, "auc sex group 1": 0.7298031449317932, "auc subgroup 0": 0.6913323402404785, "auc subgroup 1": 0.729952335357666, "auc subgroup 2": 0.7358093857765198, "auc subgroup 3": 0.7437167763710022, "aucpr": 0.7148711681365967, "fn": 92135.0, "fn race group 0": 54143.0, "fn race group 1": 37992.0, "fn sex group 0": 74092.0, "fn sex group 1": 18043.0, "fn subgroup 0": 42035.0, "fn subgroup 1": 12108.0, "fn subgroup 2": 32057.0, "fn subgroup 3": 5935.0, "fn_th": [0.0, 0.0, 7126.0, 32530.0, 55563.0, 92135.0, 131311.0, 156723.0, 201853.0, 239371.0], "fn_th race group 0": [0.0, 0.0, 5463.0, 21846.0, 35145.0, 54143.0, 69098.0, 77175.0, 91189.0, 101872.0], "fn_th race group 1": [0.0, 0.0, 1663.0, 10684.0, 20418.0, 37992.0, 62213.0, 79548.0, 110664.0, 137499.0], "fn_th sex group 0": [0.0, 0.0, 5702.0, 25884.0, 45120.0, 74092.0, 106383.0, 127045.0, 167422.0, 201854.0], "fn_th sex group 1": [0.0, 0.0, 1424.0, 6646.0, 10443.0, 18043.0, 24928.0, 29678.0, 34431.0, 37517.0], "fn_th subgroup 0": [0.0, 0.0, 4277.0, 16862.0, 28499.0, 42035.0, 54381.0, 60558.0, 72908.0, 82405.0], "fn_th subgroup 1": [0.0, 0.0, 1186.0, 4984.0, 6646.0, 12108.0, 14717.0, 16617.0, 18281.0, 19467.0], "fn_th subgroup 2": [0.0, 0.0, 1425.0, 9022.0, 16621.0, 32057.0, 52002.0, 66487.0, 94514.0, 119449.0], "fn_th subgroup 3": [0.0, 0.0, 238.0, 1662.0, 3797.0, 5935.0, 10211.0, 13061.0, 16150.0, 18050.0], "fnr": 0.3748677670955658, "fnr race group 0": 0.5265753269195557, "fnr race group 1": 0.2657545208930969, "fnr sex group 0": 0.35657498240470886, "fnr sex group 1": 0.4749157726764679, "fnr subgroup 0": 0.5042949318885803, "fnr subgroup 1": 0.6219756603240967, "fnr subgroup 2": 0.25762251019477844, "fnr subgroup 3": 0.3203778564929962, "fp": 71012.0, "fp race group 0": 28502.0, "fp race group 1": 42510.0, "fp sex group 0": 59615.0, "fp sex group 1": 11397.0, "fp subgroup 0": 25178.0, "fp subgroup 1": 3324.0, "fp subgroup 2": 34437.0, "fp subgroup 3": 8073.0, "fp_th": [266220.0, 266220.0, 232022.0, 156730.0, 113988.0, 71012.0, 43696.0, 24695.0, 8547.0, 1187.0], "fp_th race group 0": [139167.0, 139167.0, 113522.0, 67208.0, 46549.0, 28502.0, 17102.0, 9027.0, 2611.0, 237.0], "fp_th race group 1": [127053.0, 127053.0, 118500.0, 89522.0, 67439.0, 42510.0, 26594.0, 15668.0, 5936.0, 950.0], "fp_th sex group 0": [203054.0, 203054.0, 180493.0, 124676.0, 90247.0, 59615.0, 37285.0, 21609.0, 8309.0, 1187.0], "fp_th sex group 1": [63166.0, 63166.0, 51529.0, 32054.0, 23741.0, 11397.0, 6411.0, 3086.0, 238.0, 0.0], "fp_th subgroup 0": [106873.0, 106873.0, 90726.0, 54859.0, 38239.0, 25178.0, 15203.0, 8077.0, 2611.0, 237.0], "fp_th subgroup 1": [32294.0, 32294.0, 22796.0, 12349.0, 8310.0, 3324.0, 1899.0, 950.0, 0.0, 0.0], "fp_th subgroup 2": [96181.0, 96181.0, 89767.0, 69817.0, 52008.0, 34437.0, 22082.0, 13532.0, 5698.0, 950.0], "fp_th subgroup 3": [30872.0, 30872.0, 28733.0, 19705.0, 15431.0, 8073.0, 4512.0, 2136.0, 238.0, 0.0], "fpr": 0.2667417824268341, "fpr race group 0": 0.20480430126190186, "fpr race group 1": 0.3345847725868225, "fpr sex group 0": 0.29359185695648193, "fpr sex group 1": 0.1804293394088745, "fpr subgroup 0": 0.23558802902698517, "fpr subgroup 1": 0.10292933881282806, "fpr subgroup 2": 0.35804370045661926, "fpr subgroup 3": 0.2614991068840027, "loss": 0.6037401556968689, "precision": 0.6839092373847961, "precision race group 0": 0.6307074427604675, "precision race group 1": 0.7117516398429871, "precision sex group 0": 0.6916109323501587, "precision sex group 1": 0.6364129185676575, "precision subgroup 0": 0.6213663816452026, "precision subgroup 1": 0.6888514757156372, "precision subgroup 2": 0.7284448146820068, "precision subgroup 3": 0.6093016266822815, "precision_th": [0.4800390601158142, 0.4800390601158142, 0.5070452094078064, 0.5763825178146362, 0.625292181968689, 0.6839092373847961, 0.723731517791748, 0.7829049229621887, 0.8371193408966064, 0.843733549118042], "precision_th race group 0": [0.42490124702453613, 0.42490124702453613, 0.46167489886283875, 0.5464527010917664, 0.5924797654151917, 0.6307074427604675, 0.6635120511054993, 0.7396533489227295, 0.8166818618774414, 0.8001686334609985], "precision_th race group 1": [0.529454231262207, 0.529454231262207, 0.5438728928565979, 0.5963786840438843, 0.6450205445289612, 0.7117516398429871, 0.7522451877593994, 0.8018690347671509, 0.8447333574295044, 0.8517940640449524], "precision_th sex group 0": [0.5057613253593445, 0.5057613253593445, 0.5282202959060669, 0.5933328866958618, 0.6431726217269897, 0.6916109323501587, 0.7311630249023438, 0.7888756394386292, 0.829296350479126, 0.8333099484443665], "precision_th sex group 1": [0.3755708932876587, 0.3755708932876587, 0.41508790850639343, 0.49441641569137573, 0.5371222496032715, 0.6364129185676575, 0.670808732509613, 0.7292982339859009, 0.9373519420623779, 1.0], "precision_th subgroup 0": [0.4381817579269409, 0.4381817579269409, 0.4656984806060791, 0.5479311943054199, 0.5892431139945984, 0.6213663816452026, 0.6558538675308228, 0.7383798360824585, 0.8000306487083435, 0.8001686334609985], "precision_th subgroup 1": [0.3760939836502075, 0.3760939836502075, 0.4450422525405884, 0.5397659540176392, 0.6067389249801636, 0.6888514757156372, 0.714393138885498, 0.75, 1.0, 0.0], "precision_th subgroup 2": [0.5640323758125305, 0.5640323758125305, 0.5781149864196777, 0.623077392578125, 0.6745859384536743, 0.7284448146820068, 0.7663626670837402, 0.8106856346130371, 0.8400247097015381, 0.8399326205253601], "precision_th subgroup 3": [0.3750227689743042, 0.3750227689743042, 0.3889196217060089, 0.461140900850296, 0.48834511637687683, 0.6093016266822815, 0.64821457862854, 0.7189473509788513, 0.9089169502258301, 1.0], "recall": 0.6251322031021118, "recall race group 0": 0.4734247028827667, "recall race group 1": 0.7342454791069031, "recall sex group 0": 0.6434250473976135, "recall sex group 1": 0.5250842571258545, "recall subgroup 0": 0.4957050681114197, "recall subgroup 1": 0.3780243396759033, "recall subgroup 2": 0.7423774600028992, "recall subgroup 3": 0.6796221137046814, "recall_th": [1.0, 1.0, 0.9710065722465515, 0.8676458597183228, 0.7739319801330566, 0.6251322031021118, 0.46573764085769653, 0.3623443841934204, 0.17872487008571625, 0.026076165959239006], "recall_th race group 0": [1.0, 1.0, 0.9468688368797302, 0.787533700466156, 0.6581923961639404, 0.4734247028827667, 0.3279777467250824, 0.24942375719547272, 0.11312863975763321, 0.009229632094502449], "recall_th race group 1": [1.0, 1.0, 0.9883673191070557, 0.9252653121948242, 0.8571758270263672, 0.7342454791069031, 0.5648192763328552, 0.44356074929237366, 0.2259039282798767, 0.03819276764988899], "recall_th sex group 0": [1.0, 1.0, 0.9725585579872131, 0.875430703163147, 0.7828556299209595, 0.6434250473976135, 0.4880214333534241, 0.38858357071876526, 0.19426530599594116, 0.028557952493429184], "recall_th sex group 1": [1.0, 1.0, 0.9625184535980225, 0.8250684142112732, 0.725126326084137, 0.5250842571258545, 0.3438618779182434, 0.21883554756641388, 0.09373025596141815, 0.012502632103860378], "recall_th subgroup 0": [1.0, 1.0, 0.9486887454986572, 0.7977061867713928, 0.6580967903137207, 0.4957050681114197, 0.34758979082107544, 0.27348417043685913, 0.1253209263086319, 0.011385176330804825], "recall_th subgroup 1": [1.0, 1.0, 0.9390763640403748, 0.7439770102500916, 0.6586017608642578, 0.3780243396759033, 0.24400267004966736, 0.14640159904956818, 0.06092361360788345, 0.0],