{"accuracy": 0.671875, "accuracy race group 0": 0.6524975299835205, "accuracy race group 1": 0.689221203327179, "accuracy sex group 0": 0.6642037630081177, "accuracy sex group 1": 0.7032617330551147, "accuracy subgroup 0": 0.6453170776367188, "accuracy subgroup 1": 0.6791277527809143, "auc": 0.7292823791503906, "auc race group 0": 0.7007554769515991, "auc race group 1": 0.7419350147247314, "auc sex group 0": 0.7238162159919739, "auc sex group 1": 0.7338510751724243, "auc subgroup 0": 0.6913449764251709, "auc subgroup 1": 0.7292191982269287, "aucpr": 0.7059513926506042, "fn": 2713.0, "fn race group 0": 1523.0, "fn race group 1": 1190.0, "fn sex group 0": 2168.0, "fn sex group 1": 545.0, "fn subgroup 0": 1177.0, "fn subgroup 1": 346.0, "fn_th": [0.0, 0.0, 313.0, 1014.0, 1748.0, 2713.0, 3580.0, 4570.0, 5694.0, 6073.0], "fn_th race group 0": [0.0, 0.0, 236.0, 655.0, 1011.0, 1523.0, 1826.0, 2137.0, 2471.0, 2554.0], "fn_th race group 1": [0.0, 0.0, 77.0, 359.0, 737.0, 1190.0, 1754.0, 2433.0, 3223.0, 3519.0], "fn_th sex group 0": [0.0, 0.0, 249.0, 824.0, 1445.0, 2168.0, 2900.0, 3770.0, 4792.0, 5129.0], "fn_th sex group 1": [0.0, 0.0, 64.0, 190.0, 303.0, 545.0, 680.0, 800.0, 902.0, 944.0], "fn_th subgroup 0": [0.0, 0.0, 178.0, 523.0, 819.0, 1177.0, 1433.0, 1708.0, 2006.0, 2071.0], "fn_th subgroup 1": [0.0, 0.0, 58.0, 132.0, 192.0, 346.0, 393.0, 429.0, 465.0, 483.0], "fnr": 0.4419286549091339, "fnr race group 0": 0.5935307741165161, "fnr race group 1": 0.33305346965789795, "fnr sex group 0": 0.41732436418533325, "fnr sex group 1": 0.5773305296897888, "fnr subgroup 0": 0.5650504231452942, "fnr subgroup 1": 0.716356098651886, "fp": 1487.0, "fp race group 0": 578.0, "fp race group 1": 909.0, "fp sex group 0": 1286.0, "fp sex group 1": 201.0, "fp subgroup 0": 512.0, "fp subgroup 1": 66.0, "fp_th": [6661.0, 6650.0, 5525.0, 3618.0, 2484.0, 1487.0, 897.0, 388.0, 84.0, 12.0], "fp_th race group 0": [3480.0, 3469.0, 2624.0, 1528.0, 999.0, 578.0, 321.0, 108.0, 30.0, 0.0], "fp_th race group 1": [3181.0, 3181.0, 2901.0, 2090.0, 1485.0, 909.0, 576.0, 280.0, 54.0, 12.0], "fp_th sex group 0": [5091.0, 5080.0, 4310.0, 2871.0, 2037.0, 1286.0, 761.0, 359.0, 78.0, 12.0], "fp_th sex group 1": [1570.0, 1570.0, 1215.0, 747.0, 447.0, 201.0, 136.0, 29.0, 6.0, 0.0], "fp_th subgroup 0": [2679.0, 2668.0, 2113.0, 1246.0, 852.0, 512.0, 279.0, 108.0, 30.0, 0.0], "fp_th subgroup 1": [801.0, 801.0, 511.0, 282.0, 147.0, 66.0, 42.0, 0.0, 0.0, 0.0], "fpr": 0.2232397496700287, "fpr race group 0": 0.1660919487476349, "fpr race group 1": 0.28575918078422546, "fpr sex group 0": 0.25260263681411743, "fpr sex group 1": 0.12802547216415405, "fpr subgroup 0": 0.1911160945892334, "fpr subgroup 1": 0.08239700645208359, "loss": 0.6087718605995178, "precision": 0.6973336338996887, "precision race group 0": 0.6434299945831299, "precision race group 1": 0.7238760590553284, "precision sex group 0": 0.7018316984176636, "precision sex group 1": 0.6650000214576721, "precision subgroup 0": 0.6389280557632446, "precision subgroup 1": 0.674876868724823, "precision_th": [0.4796093702316284, 0.4800218939781189, 0.5132587552070618, 0.5861832499504089, 0.6386908888816833, 0.6973336338996887, 0.7404513955116272, 0.801737368106842, 0.8412098288536072, 0.8461538553237915], "precision_th race group 0": [0.4244128465652466, 0.425186425447464, 0.4703270196914673, 0.5556848049163818, 0.6088488698005676, 0.6434299945831299, 0.6974552273750305, 0.7988826632499695, 0.7599999904632568, 1.0], "precision_th race group 1": [0.529019832611084, 0.529019832611084, 0.5465061664581299, 0.6059577465057373, 0.6563295722007751, 0.7238760590553284, 0.7594989538192749, 0.8028169274330139, 0.8663366436958313, 0.8181818127632141], "precision_th sex group 0": [0.5050554275512695, 0.5055961012840271, 0.5343561172485352, 0.6035625338554382, 0.6480041742324829, 0.7018316984176636, 0.7509816884994507, 0.7987667918205261, 0.837837815284729, 0.8461538553237915], "precision_th sex group 1": [0.3754972219467163, 0.3754972219467163, 0.42004773020744324, 0.5023317933082581, 0.5891544222831726, 0.6650000214576721, 0.6600000262260437, 0.8323699235916138, 0.875, 0.0], "precision_th subgroup 0": [0.4374212622642517, 0.43843400478363037, 0.4741164743900299, 0.5559515357017517, 0.5973535180091858, 0.6389280557632446, 0.699677050113678, 0.7763975262641907, 0.7196261882781982, 1.0], "precision_th subgroup 1": [0.37616822123527527, 0.37616822123527527, 0.4540598392486572, 0.5545023679733276, 0.664383590221405, 0.674876868724823, 0.6818181872367859, 1.0, 1.0, 0.0], "recall": 0.5580713748931885, "recall race group 0": 0.4064692258834839, "recall race group 1": 0.666946530342102, "recall sex group 0": 0.5826756358146667, "recall sex group 1": 0.42266950011253357, "recall subgroup 0": 0.4349496066570282, "recall subgroup 1": 0.283643901348114, "recall_th": [1.0, 1.0, 0.9490144848823547, 0.8348265290260315, 0.7152630686759949, 0.5580713748931885, 0.41684314608573914, 0.2555790841579437, 0.07248737663030624, 0.010750936344265938], "recall_th race group 0": [1.0, 1.0, 0.9080280661582947, 0.7447388768196106, 0.6060015559196472, 0.4064692258834839, 0.28838658332824707, 0.16718627512454987, 0.03702260181307793, 0.004676539450883865], "recall_th race group 1": [1.0, 1.0, 0.9784494638442993, 0.8995242118835449, 0.7937307357788086, 0.666946530342102, 0.5090960264205933, 0.3190596103668213, 0.09795689582824707, 0.015113350003957748], "recall_th sex group 0": [1.0, 1.0, 0.9520692825317383, 0.8413859605789185, 0.7218479514122009, 0.5826756358146667, 0.4417709410190582, 0.274302214384079, 0.07757458835840225, 0.012704523280262947], "recall_th sex group 1": [1.0, 1.0, 0.9322034120559692, 0.7987288236618042, 0.679025411605835, 0.42266950011253357, 0.27966102957725525, 0.1525423675775528, 0.04449152573943138, 0.0], "recall_th subgroup 0": [1.0, 1.0, 0.9145463109016418, 0.7489198446273804, 0.6068170666694641, 0.4349496066570282, 0.312049925327301, 0.18002881109714508, 0.03696591407060623, 0.005760921631008387], "recall_th subgroup 1": [1.0, 1.0, 0.8799172043800354, 0.7267080545425415, 0.6024844646453857, 0.283643901348114, 0.18633539974689484, 0.11180124431848526, 0.03726708143949509, 0.0], "tn": 5174.0, "tn race group 0": 2902.0, "tn race group 1": 2272.0, "tn sex group 0": 3805.0, "tn sex group 1": 1369.0, "tn subgroup 0": 2167.0, "tn subgroup 1": 735.0, "tn_th": [0.0, 11.0, 1136.0, 3043.0, 4177.0, 5174.0, 5764.0, 6273.0, 6577.0, 6649.0], "tn_th race group 0": [0.0, 11.0, 856.0, 1952.0, 2481.0, 2902.0, 3159.0, 3372.0, 3450.0, 3480.0], "tn_th race group 1": [0.0, 0.0, 280.0, 1091.0, 1696.0, 2272.0, 2605.0, 2901.0, 3127.0, 3169.0], "tn_th sex group 0": [0.0, 11.0, 781.0, 2220.0, 3054.0, 3805.0, 4330.0, 4732.0, 5013.0, 5079.0], "tn_th sex group 1": [0.0, 0.0, 355.0, 823.0, 1123.0, 1369.0, 1434.0, 1541.0, 1564.0, 1570.0], "tn_th subgroup 0": [0.0, 11.0, 566.0, 1433.0, 1827.0, 2167.0, 2400.0, 2571.0, 2649.0, 2679.0], "tn_th subgroup 1": [0.0, 0.0, 290.0, 519.0, 654.0, 735.0, 759.0, 801.0, 801.0, 801.0], "tp": 3426.0, "tp race group 0": 1043.0, "tp race group 1": 2383.0, "tp sex group 0": 3027.0, "tp sex group 1": 399.0, "tp subgroup 0": 906.0, "tp subgroup 1": 137.0, "tp_th": [6139.0, 6139.0, 5826.0, 5125.0, 4391.0, 3426.0, 2559.0, 1569.0, 445.0, 66.0], "tp_th race group 0": [2566.0, 2566.0, 2330.0, 1911.0, 1555.0, 1043.0, 740.0, 429.0, 95.0, 12.0], "tp_th race group 1": [3573.0, 3573.0, 3496.0, 3214.0, 2836.0, 2383.0, 1819.0, 1140.0, 350.0, 54.0], "tp_th sex group 0": [5195.0, 5195.0, 4946.0, 4371.0, 3750.0, 3027.0, 2295.0, 1425.0, 403.0, 66.0], "tp_th sex group 1": [944.0, 944.0, 880.0, 754.0, 641.0, 399.0, 264.0, 144.0, 42.0, 0.0], "tp_th subgroup 0": [2083.0, 2083.0, 1905.0, 1560.0, 1264.0, 906.0, 650.0, 375.0, 77.0, 12.0], "tp_th subgroup 1": [483.0, 483.0, 425.0, 351.0, 291.0, 137.0, 90.0, 54.0, 18.0, 0.0], "global_step": 100.0}