{"accuracy": 0.666015625, "accuracy race group 0": 0.6415812373161316, "accuracy race group 1": 0.6878886818885803, "accuracy sex group 0": 0.656426191329956, "accuracy sex group 1": 0.70525062084198, "accuracy subgroup 0": 0.6314573884010315, "accuracy subgroup 1": 0.6791277527809143, "auc": 0.7259031534194946, "auc race group 0": 0.6948505640029907, "auc race group 1": 0.7406871318817139, "auc sex group 0": 0.7188198566436768, "auc sex group 1": 0.7387675046920776, "auc subgroup 0": 0.6809806823730469, "auc subgroup 1": 0.7410199046134949, "aucpr": 0.707283079624176, "fn": 2935.0, "fn race group 0": 1654.0, "fn race group 1": 1281.0, "fn sex group 0": 2389.0, "fn sex group 1": 546.0, "fn subgroup 0": 1302.0, "fn subgroup 1": 352.0, "fn_th": [0.0, 0.0, 231.0, 1073.0, 1836.0, 2935.0, 3861.0, 4782.0, 5611.0, 6061.0], "fn_th race group 0": [0.0, 0.0, 196.0, 684.0, 1074.0, 1654.0, 1940.0, 2220.0, 2429.0, 2548.0], "fn_th race group 1": [0.0, 0.0, 35.0, 389.0, 762.0, 1281.0, 1921.0, 2562.0, 3182.0, 3513.0], "fn_th sex group 0": [0.0, 0.0, 184.0, 882.0, 1491.0, 2389.0, 3139.0, 3958.0, 4709.0, 5117.0], "fn_th sex group 1": [0.0, 0.0, 47.0, 191.0, 345.0, 546.0, 722.0, 824.0, 902.0, 944.0], "fn_th subgroup 0": [0.0, 0.0, 149.0, 552.0, 846.0, 1302.0, 1529.0, 1779.0, 1964.0, 2065.0], "fn_th subgroup 1": [0.0, 0.0, 47.0, 132.0, 228.0, 352.0, 411.0, 441.0, 465.0, 483.0], "fnr": 0.47809088230133057, "fnr race group 0": 0.644582986831665, "fnr race group 1": 0.3585222363471985, "fnr sex group 0": 0.4598652422428131, "fnr sex group 1": 0.5783898234367371, "fnr subgroup 0": 0.6250600218772888, "fnr subgroup 1": 0.7287784814834595, "fp": 1340.0, "fp race group 0": 513.0, "fp race group 1": 827.0, "fp sex group 0": 1145.0, "fp sex group 1": 195.0, "fp subgroup 0": 453.0, "fp subgroup 1": 60.0, "fp_th": [6661.0, 6661.0, 5693.0, 3483.0, 2333.0, 1340.0, 719.0, 287.0, 84.0, 24.0], "fp_th race group 0": [3480.0, 3480.0, 2737.0, 1475.0, 921.0, 513.0, 250.0, 84.0, 30.0, 0.0], "fp_th race group 1": [3181.0, 3181.0, 2956.0, 2008.0, 1412.0, 827.0, 469.0, 203.0, 54.0, 24.0], "fp_th sex group 0": [5091.0, 5091.0, 4395.0, 2759.0, 1893.0, 1145.0, 625.0, 258.0, 84.0, 24.0], "fp_th sex group 1": [1570.0, 1570.0, 1298.0, 724.0, 440.0, 195.0, 94.0, 29.0, 0.0, 0.0], "fp_th subgroup 0": [2679.0, 2679.0, 2161.0, 1205.0, 780.0, 453.0, 220.0, 84.0, 30.0, 0.0], "fp_th subgroup 1": [801.0, 801.0, 576.0, 270.0, 141.0, 60.0, 30.0, 0.0, 0.0, 0.0], "fpr": 0.20117099583148956, "fpr race group 0": 0.14741379022598267, "fpr race group 1": 0.2599811255931854, "fpr sex group 0": 0.22490669786930084, "fpr sex group 1": 0.12420382350683212, "fpr subgroup 0": 0.16909293830394745, "fpr subgroup 1": 0.0749063640832901, "loss": 0.6108098030090332, "precision": 0.7051056623458862, "precision race group 0": 0.6399999856948853, "precision race group 1": 0.7348509430885315, "precision sex group 0": 0.7101999521255493, "precision sex group 1": 0.6711635589599609, "precision subgroup 0": 0.632901132106781, "precision subgroup 1": 0.6858638525009155, "precision_th": [0.4796093702316284, 0.4796093702316284, 0.5092664361000061, 0.592583954334259, 0.6484327912330627, 0.7051056623458862, 0.7600934505462646, 0.8254258036613464, 0.8627451062202454, 0.7647058963775635], "precision_th race group 0": [0.4244128465652466, 0.4244128465652466, 0.4640689194202423, 0.560619592666626, 0.6183174252510071, 0.6399999856948853, 0.7146118879318237, 0.804651141166687, 0.8203592896461487, 1.0], "precision_th race group 1": [0.529019832611084, 0.529019832611084, 0.5448105931282043, 0.6132511496543884, 0.6656405329704285, 0.7348509430885315, 0.7788779139518738, 0.8327841758728027, 0.8786516785621643, 0.7142857313156128], "precision_th sex group 0": [0.5050554275512695, 0.5050554275512695, 0.5327450633049011, 0.6098698973655701, 0.6617830991744995, 0.7101999521255493, 0.7668780088424683, 0.8274247646331787, 0.8526315689086914, 0.7647058963775635], "precision_th sex group 1": [0.3754972219467163, 0.3754972219467163, 0.4086560308933258, 0.5098171830177307, 0.5765158534049988, 0.6711635589599609, 0.702531635761261, 0.8053691387176514, 1.0, 0.0], "precision_th subgroup 0": [0.4374212622642517, 0.4374212622642517, 0.472283273935318, 0.5595760345458984, 0.6132870316505432, 0.632901132106781, 0.7157622575759888, 0.7835051417350769, 0.7986577153205872, 1.0], "precision_th subgroup 1": [0.37616822123527527, 0.37616822123527527, 0.4308300316333771, 0.5652173757553101, 0.6439393758773804, 0.6858638525009155, 0.7058823704719543, 1.0, 1.0, 0.0], "recall": 0.5219091176986694, "recall race group 0": 0.3554169833660126, "recall race group 1": 0.6414777636528015, "recall sex group 0": 0.5401347279548645, "recall sex group 1": 0.42161017656326294, "recall subgroup 0": 0.3749399781227112, "recall subgroup 1": 0.2712215185165405, "recall_th": [1.0, 1.0, 0.9623717069625854, 0.8252158164978027, 0.7009285092353821, 0.5219091176986694, 0.3710702061653137, 0.22104577720165253, 0.0860074907541275, 0.012705652043223381], "recall_th race group 0": [1.0, 1.0, 0.9236165285110474, 0.7334372401237488, 0.5814497470855713, 0.3554169833660126, 0.2439594715833664, 0.1348402202129364, 0.053390491753816605, 0.007014809176325798], "recall_th race group 1": [1.0, 1.0, 0.9902043342590332, 0.89112788438797, 0.786733865737915, 0.6414777636528015, 0.4623565673828125, 0.28295549750328064, 0.10943184792995453, 0.01679261215031147], "recall_th sex group 0": [1.0, 1.0, 0.964581310749054, 0.8302213549613953, 0.7129932641983032, 0.5401347279548645, 0.39576515555381775, 0.23811356723308563, 0.09355149418115616, 0.015014437027275562], "recall_th sex group 1": [1.0, 1.0, 0.9502118825912476, 0.7976694703102112, 0.6345338821411133, 0.42161017656326294, 0.23516948521137238, 0.12711864709854126, 0.04449152573943138, 0.0], "recall_th subgroup 0": [1.0, 1.0, 0.9284685254096985, 0.734997570514679, 0.5938550233840942, 0.3749399781227112, 0.26596254110336304, 0.14594334363937378, 0.0571291409432888, 0.008641382679343224], "recall_th subgroup 1": [1.0, 1.0, 0.9026914834976196, 0.7267080545425415, 0.5279502868652344, 0.2712215185165405, 0.14906832575798035, 0.08695652335882187, 0.03726708143949509, 0.0], "tn": 5321.0, "tn race group 0": 2967.0, "tn race group 1": 2354.0, "tn sex group 0": 3946.0, "tn sex group 1": 1375.0, "tn subgroup 0": 2226.0, "tn subgroup 1": 741.0, "tn_th": [0.0, 0.0, 968.0, 3178.0, 4328.0, 5321.0, 5942.0, 6374.0, 6577.0, 6637.0], "tn_th race group 0": [0.0, 0.0, 743.0, 2005.0, 2559.0, 2967.0, 3230.0, 3396.0, 3450.0, 3480.0], "tn_th race group 1": [0.0, 0.0, 225.0, 1173.0, 1769.0, 2354.0, 2712.0, 2978.0, 3127.0, 3157.0], "tn_th sex group 0": [0.0, 0.0, 696.0, 2332.0, 3198.0, 3946.0, 4466.0, 4833.0, 5007.0, 5067.0], "tn_th sex group 1": [0.0, 0.0, 272.0, 846.0, 1130.0, 1375.0, 1476.0, 1541.0, 1570.0, 1570.0], "tn_th subgroup 0": [0.0, 0.0, 518.0, 1474.0, 1899.0, 2226.0, 2459.0, 2595.0, 2649.0, 2679.0], "tn_th subgroup 1": [0.0, 0.0, 225.0, 531.0, 660.0, 741.0, 771.0, 801.0, 801.0, 801.0], "tp": 3204.0, "tp race group 0": 912.0, "tp race group 1": 2292.0, "tp sex group 0": 2806.0, "tp sex group 1": 398.0, "tp subgroup 0": 781.0, "tp subgroup 1": 131.0, "tp_th": [6139.0, 6139.0, 5908.0, 5066.0, 4303.0, 3204.0, 2278.0, 1357.0, 528.0, 78.0], "tp_th race group 0": [2566.0, 2566.0, 2370.0, 1882.0, 1492.0, 912.0, 626.0, 346.0, 137.0, 18.0], "tp_th race group 1": [3573.0, 3573.0, 3538.0, 3184.0, 2811.0, 2292.0, 1652.0, 1011.0, 391.0, 60.0], "tp_th sex group 0": [5195.0, 5195.0, 5011.0, 4313.0, 3704.0, 2806.0, 2056.0, 1237.0, 486.0, 78.0], "tp_th sex group 1": [944.0, 944.0, 897.0, 753.0, 599.0, 398.0, 222.0, 120.0, 42.0, 0.0], "tp_th subgroup 0": [2083.0, 2083.0, 1934.0, 1531.0, 1237.0, 781.0, 554.0, 304.0, 119.0, 18.0], "tp_th subgroup 1": [483.0, 483.0, 436.0, 351.0, 255.0, 131.0, 72.0, 42.0, 18.0, 0.0], "global_step": 100.0}