{"accuracy": 0.6781054735183716, "accuracy race group 0": 0.6604377031326294, "accuracy race group 1": 0.6939395070075989, "accuracy sex group 0": 0.6687729358673096, "accuracy sex group 1": 0.7160086035728455, "accuracy subgroup 0": 0.6466642618179321, "accuracy subgroup 1": 0.7110565900802612, "accuracy subgroup 2": 0.6878362894058228, "accuracy subgroup 3": 0.7211976647377014, "auc": 0.734734296798706, "auc race group 0": 0.7084475755691528, "auc race group 1": 0.745713472366333, "auc sex group 0": 0.7294976711273193, "auc sex group 1": 0.7353020906448364, "auc subgroup 0": 0.6984202861785889, "auc subgroup 1": 0.740142822265625, "auc subgroup 2": 0.7384633421897888, "auc subgroup 3": 0.7452412843704224, "aucpr": 0.717523992061615, "fn": 93323.0, "fn race group 0": 53191.0, "fn race group 1": 40132.0, "fn sex group 0": 75042.0, "fn sex group 1": 18281.0, "fn subgroup 0": 41797.0, "fn subgroup 1": 11394.0, "fn subgroup 2": 33245.0, "fn subgroup 3": 6887.0, "fn_th": [0.0, 0.0, 6177.0, 31342.0, 53430.0, 93323.0, 129886.0, 161716.0, 201383.0, 236523.0], "fn_th race group 0": [0.0, 0.0, 5227.0, 20659.0, 33959.0, 53191.0, 68862.0, 78364.0, 91429.0, 100687.0], "fn_th race group 1": [0.0, 0.0, 950.0, 10683.0, 19471.0, 40132.0, 61024.0, 83352.0, 109954.0, 135836.0], "fn_th sex group 0": [0.0, 0.0, 5227.0, 24458.0, 43699.0, 75042.0, 105433.0, 131325.0, 167427.0, 199006.0], "fn_th sex group 1": [0.0, 0.0, 950.0, 6884.0, 9731.0, 18281.0, 24453.0, 30391.0, 33956.0, 37517.0], "fn_th subgroup 0": [0.0, 0.0, 4277.0, 15674.0, 27550.0, 41797.0, 54383.0, 61747.0, 73148.0, 81220.0], "fn_th subgroup 1": [0.0, 0.0, 950.0, 4985.0, 6409.0, 11394.0, 14479.0, 16617.0, 18281.0, 19467.0], "fn_th subgroup 2": [0.0, 0.0, 950.0, 8784.0, 16149.0, 33245.0, 51050.0, 69578.0, 94279.0, 117786.0], "fn_th subgroup 3": [0.0, 0.0, 0.0, 1899.0, 3322.0, 6887.0, 9974.0, 13774.0, 15675.0, 18050.0], "fnr": 0.3797013461589813, "fnr race group 0": 0.5173165202140808, "fnr race group 1": 0.28072383999824524, "fnr sex group 0": 0.3611469268798828, "fnr sex group 1": 0.48118025064468384, "fnr subgroup 0": 0.50143963098526, "fnr subgroup 1": 0.5852981805801392, "fnr subgroup 2": 0.2671697437763214, "fnr subgroup 3": 0.37176787853240967, "fp": 71487.0, "fp race group 0": 28979.0, "fp race group 1": 42508.0, "fp sex group 0": 61040.0, "fp sex group 1": 10447.0, "fp subgroup 0": 25417.0, "fp subgroup 1": 3562.0, "fp subgroup 2": 35623.0, "fp subgroup 3": 6885.0, "fp_th": [266220.0, 266220.0, 237012.0, 159348.0, 115412.0, 71487.0, 44646.0, 23269.0, 7596.0, 949.0], "fp_th race group 0": [139167.0, 139167.0, 118984.0, 68398.0, 48927.0, 28979.0, 16152.0, 7601.0, 2373.0, 0.0], "fp_th race group 1": [127053.0, 127053.0, 118028.0, 90950.0, 66485.0, 42508.0, 28494.0, 15668.0, 5223.0, 949.0], "fp_th sex group 0": [203054.0, 203054.0, 182157.0, 126106.0, 92146.0, 61040.0, 38472.0, 20896.0, 7358.0, 949.0], "fp_th sex group 1": [63166.0, 63166.0, 54855.0, 33242.0, 23266.0, 10447.0, 6174.0, 2373.0, 238.0, 0.0], "fp_th subgroup 0": [106873.0, 106873.0, 92863.0, 55813.0, 40379.0, 25417.0, 14728.0, 7364.0, 2373.0, 0.0], "fp_th subgroup 1": [32294.0, 32294.0, 26121.0, 12585.0, 8548.0, 3562.0, 1424.0, 237.0, 0.0, 0.0], "fp_th subgroup 2": [96181.0, 96181.0, 89294.0, 70293.0, 51767.0, 35623.0, 23744.0, 13532.0, 4985.0, 949.0], "fp_th subgroup 3": [30872.0, 30872.0, 28734.0, 20657.0, 14718.0, 6885.0, 4750.0, 2136.0, 238.0, 0.0], "fpr": 0.26852601766586304, "fpr race group 0": 0.2082318365573883, "fpr race group 1": 0.3345690369606018, "fpr sex group 0": 0.30060967803001404, "fpr sex group 1": 0.16538961231708527, "fpr subgroup 0": 0.23782433569431305, "fpr subgroup 1": 0.11029912531375885, "fpr subgroup 2": 0.3703746199607849, "fpr subgroup 3": 0.223017618060112, "loss": 0.6025510430335999, "precision": 0.6807817816734314, "precision race group 0": 0.6313526630401611, "precision race group 1": 0.7075170874595642, "precision sex group 0": 0.6850133538246155, "precision sex group 1": 0.6535910964012146, "precision subgroup 0": 0.620494544506073, "precision subgroup 1": 0.6938547492027283, "precision subgroup 2": 0.719088077545166, "precision subgroup 3": 0.6282999515533447, "precision_th": [0.4800390601158142, 0.4800390601158142, 0.5027181506156921, 0.5736919045448303, 0.6249959468841553, 0.6807817816734314, 0.7219010591506958, 0.7832074165344238, 0.8539034128189087, 0.9070155024528503], "precision_th race group 0": [0.42490124702453613, 0.42490124702453613, 0.45061826705932617, 0.5457093715667725, 0.5846216678619385, 0.6313526630401611, 0.6776755452156067, 0.7628985047340393, 0.8276062607765198, 1.0], "precision_th race group 1": [0.529454231262207, 0.529454231262207, 0.5461107492446899, 0.5925653576850891, 0.6500292420387268, 0.7075170874595642, 0.7419699430465698, 0.7918565273284912, 0.8633723855018616, 0.8824331164360046], "precision_th sex group 0": [0.5057613253593445, 0.5057613253593445, 0.5265181064605713, 0.5924649834632874, 0.6403847932815552, 0.6850133538246155, 0.7268137335777283, 0.7853716611862183, 0.8458056449890137, 0.9024766087532043], "precision_th sex group 1": [0.3755708932876587, 0.3755708932876587, 0.4030817151069641, 0.4834187924861908, 0.5484697222709656, 0.6535910964012146, 0.6868056654930115, 0.7620813846588135, 0.9443144798278809, 1.0], "precision_th subgroup 0": [0.4381817579269409, 0.4381817579269409, 0.45991042256355286, 0.5480472445487976, 0.5801857113838196, 0.620494544506073, 0.6629671454429626, 0.7458148002624512, 0.8113522529602051, 1.0], "precision_th subgroup 1": [0.3760939836502075, 0.3760939836502075, 0.4148259460926056, 0.5350426435470581, 0.6043691635131836, 0.6938547492027283, 0.777916431427002, 0.9232264161109924, 1.0, 0.0], "precision_th subgroup 2": [0.5640323758125305, 0.5640323758125305, 0.5803419351577759, 0.6219648122787476, 0.6765613555908203, 0.719088077545166, 0.755539059638977, 0.8021290302276611, 0.8581388592720032, 0.87508225440979], "precision_th subgroup 3": [0.3750227689743042, 0.3750227689743042, 0.3919888138771057, 0.4459404945373535, 0.508104681968689, 0.6282999515533447, 0.6428840160369873, 0.6898504495620728, 0.9229274392127991, 1.0], "recall": 0.6202986240386963, "recall race group 0": 0.4826835095882416, "recall race group 1": 0.7192761301994324, "recall sex group 0": 0.6388530731201172, "recall sex group 1": 0.5188197493553162, "recall subgroup 0": 0.49856036901474, "recall subgroup 1": 0.41470178961753845, "recall subgroup 2": 0.7328302264213562, "recall subgroup 3": 0.6282321214675903, "recall_th": [1.0, 1.0, 0.9748677611351013, 0.8724794387817383, 0.7826104760169983, 0.6202986240386963, 0.4715355336666107, 0.3420294523239136, 0.1806371510028839, 0.037663765251636505], "recall_th race group 0": [1.0, 1.0, 0.949164092540741, 0.7990779876708984, 0.6697270274162292, 0.4826835095882416, 0.33027300238609314, 0.23785996437072754, 0.11079448461532593, 0.020754514262080193], "recall_th race group 1": [1.0, 1.0, 0.9933547377586365, 0.9252722859382629, 0.8638001084327698, 0.7192761301994324, 0.5731363296508789, 0.4169517159461975, 0.23087039589881897, 0.04982547461986542], "recall_th sex group 0": [1.0, 1.0, 0.9748445749282837, 0.8822934627532959, 0.7896943092346191, 0.6388530731201172, 0.4925934076309204, 0.36798563599586487, 0.1942412406206131, 0.04226423054933548], "recall_th sex group 1": [1.0, 1.0, 0.9749947190284729, 0.8188039660453796, 0.7438671588897705, 0.5188197493553162, 0.35636448860168457, 0.2000684291124344, 0.1062328889966011, 0.012502632103860378], "recall_th subgroup 0": [1.0, 1.0, 0.9486887454986572, 0.8119586110115051, 0.6694819927215576, 0.49856036901474, 0.34756579995155334, 0.2592197060585022, 0.12244163453578949, 0.025601651519536972], "recall_th subgroup 1": [1.0, 1.0, 0.951199471950531, 0.7439256310462952, 0.6707761883735657, 0.41470178961753845, 0.2562284767627716, 0.14640159904956818, 0.06092361360788345, 0.0],