{"accuracy": 0.667187511920929, "accuracy race group 0": 0.6447237730026245, "accuracy race group 1": 0.6872963905334473, "accuracy sex group 0": 0.6596344709396362, "accuracy sex group 1": 0.698090672492981, "accuracy subgroup 0": 0.6354472637176514, "accuracy subgroup 1": 0.6791277527809143, "auc": 0.72585129737854, "auc race group 0": 0.6916190981864929, "auc race group 1": 0.7414827942848206, "auc sex group 0": 0.7197613716125488, "auc sex group 1": 0.7304163575172424, "auc subgroup 0": 0.6806941032409668, "auc subgroup 1": 0.7260696887969971, "aucpr": 0.7056165337562561, "fn": 2826.0, "fn race group 0": 1582.0, "fn race group 1": 1244.0, "fn sex group 0": 2280.0, "fn sex group 1": 546.0, "fn subgroup 0": 1242.0, "fn subgroup 1": 340.0, "fn_th": [0.0, 0.0, 196.0, 997.0, 1784.0, 2826.0, 3773.0, 4736.0, 5598.0, 6043.0], "fn_th race group 0": [0.0, 0.0, 166.0, 637.0, 1040.0, 1582.0, 1899.0, 2214.0, 2441.0, 2548.0], "fn_th race group 1": [0.0, 0.0, 30.0, 360.0, 744.0, 1244.0, 1874.0, 2522.0, 3157.0, 3495.0], "fn_th sex group 0": [0.0, 0.0, 149.0, 818.0, 1457.0, 2280.0, 3056.0, 3924.0, 4696.0, 5099.0], "fn_th sex group 1": [0.0, 0.0, 47.0, 179.0, 327.0, 546.0, 717.0, 812.0, 902.0, 944.0], "fn_th subgroup 0": [0.0, 0.0, 119.0, 511.0, 818.0, 1242.0, 1493.0, 1773.0, 1976.0, 2065.0], "fn_th subgroup 1": [0.0, 0.0, 47.0, 126.0, 222.0, 340.0, 406.0, 441.0, 465.0, 483.0], "fnr": 0.46033555269241333, "fnr race group 0": 0.6165237426757812, "fnr race group 1": 0.3481667935848236, "fnr sex group 0": 0.43888354301452637, "fnr sex group 1": 0.5783898234367371, "fnr subgroup 0": 0.5962554216384888, "fnr subgroup 1": 0.7039337754249573, "fp": 1434.0, "fp race group 0": 566.0, "fp race group 1": 868.0, "fp sex group 0": 1221.0, "fp sex group 1": 213.0, "fp subgroup 0": 494.0, "fp subgroup 1": 72.0, "fp_th": [6661.0, 6661.0, 5805.0, 3660.0, 2328.0, 1434.0, 779.0, 329.0, 108.0, 24.0], "fp_th race group 0": [3480.0, 3480.0, 2844.0, 1586.0, 910.0, 566.0, 280.0, 90.0, 36.0, 0.0], "fp_th race group 1": [3181.0, 3181.0, 2961.0, 2074.0, 1418.0, 868.0, 499.0, 239.0, 72.0, 24.0], "fp_th sex group 0": [5091.0, 5091.0, 4466.0, 2914.0, 1899.0, 1221.0, 667.0, 306.0, 108.0, 24.0], "fp_th sex group 1": [1570.0, 1570.0, 1339.0, 746.0, 429.0, 213.0, 112.0, 23.0, 0.0, 0.0], "fp_th subgroup 0": [2679.0, 2679.0, 2233.0, 1305.0, 780.0, 494.0, 244.0, 90.0, 36.0, 0.0], "fp_th subgroup 1": [801.0, 801.0, 611.0, 281.0, 130.0, 72.0, 36.0, 0.0, 0.0, 0.0], "fpr": 0.21528299152851105, "fpr race group 0": 0.1626436710357666, "fpr race group 1": 0.27287015318870544, "fpr sex group 0": 0.2398350089788437, "fpr sex group 1": 0.1356687843799591, "fpr subgroup 0": 0.1843971610069275, "fpr subgroup 1": 0.08988764137029648, "loss": 0.6107396483421326, "precision": 0.6979144811630249, "precision race group 0": 0.6348387002944946, "precision race group 1": 0.7284954786300659, "precision sex group 0": 0.7047872543334961, "precision sex group 1": 0.6513911485671997, "precision subgroup 0": 0.6299625635147095, "precision subgroup 1": 0.6651162505149841, "precision_th": [0.4796093702316284, 0.4796093702316284, 0.5058733224868774, 0.5841854214668274, 0.6516534686088562, 0.6979144811630249, 0.752305269241333, 0.8100461959838867, 0.8335901498794556, 0.800000011920929], "precision_th race group 0": [0.4244128465652466, 0.4244128465652466, 0.45766589045524597, 0.5487908720970154, 0.6264367699623108, 0.6348387002944946, 0.7043294906616211, 0.7963801026344299, 0.7763975262641907, 1.0], "precision_th race group 1": [0.529019832611084, 0.529019832611084, 0.544741690158844, 0.6077170372009277, 0.666117250919342, 0.7284954786300659, 0.7729754447937012, 0.8147286772727966, 0.8524590134620667, 0.7647058963775635], "precision_th sex group 0": [0.5050554275512695, 0.5050554275512695, 0.5304877758026123, 0.6003291606903076, 0.6631186604499817, 0.7047872543334961, 0.7622950673103333, 0.8059606552124023, 0.8220757842063904, 0.800000011920929], "precision_th sex group 1": [0.3754972219467163, 0.3754972219467163, 0.4011628031730652, 0.5062872171401978, 0.5898661613464355, 0.6513911485671997, 0.6696165204048157, 0.85161292552948, 1.0, 0.0], "precision_th subgroup 0": [0.4374212622642517, 0.4374212622642517, 0.46795329451560974, 0.5464025139808655, 0.6185818910598755, 0.6299625635147095, 0.7074340581893921, 0.7749999761581421, 0.748251736164093, 1.0], "precision_th subgroup 1": [0.37616822123527527, 0.37616822123527527, 0.416427880525589, 0.5595611333847046, 0.6675191521644592, 0.6651162505149841, 0.6814159154891968, 1.0, 1.0, 0.0], "recall": 0.5396644473075867, "recall race group 0": 0.38347622752189636, "recall race group 1": 0.651833176612854, "recall sex group 0": 0.5611164569854736, "recall sex group 1": 0.42161017656326294, "recall subgroup 0": 0.4037446081638336, "recall subgroup 1": 0.2960662543773651, "recall_th": [1.0, 1.0, 0.9680729508399963, 0.8375957012176514, 0.7093989253044128, 0.5396644473075867, 0.3854047954082489, 0.2285388559103012, 0.08812510222196579, 0.015637725591659546], "recall_th race group 0": [1.0, 1.0, 0.9353078603744507, 0.7517536878585815, 0.5946999192237854, 0.38347622752189636, 0.2599376440048218, 0.1371784806251526, 0.04871395230293274, 0.007014809176325798], "recall_th race group 1": [1.0, 1.0, 0.991603672504425, 0.8992443084716797, 0.7917715907096863, 0.651833176612854, 0.47551077604293823, 0.29415056109428406, 0.11642877012491226, 0.021830394864082336], "recall_th sex group 0": [1.0, 1.0, 0.9713186025619507, 0.8425409197807312, 0.7195380330085754, 0.5611164569854736, 0.41174206137657166, 0.24465832114219666, 0.09605389833450317, 0.018479306250810623], "recall_th sex group 1": [1.0, 1.0, 0.9502118825912476, 0.8103813529014587, 0.6536017060279846, 0.42161017656326294, 0.24046610295772552, 0.13983051478862762, 0.04449152573943138, 0.0], "recall_th subgroup 0": [1.0, 1.0, 0.9428708553314209, 0.7546807527542114, 0.6072971820831299, 0.4037446081638336, 0.283245325088501, 0.1488238126039505, 0.051368217915296555, 0.008641382679343224], "recall_th subgroup 1": [1.0, 1.0, 0.9026914834976196, 0.739130437374115, 0.5403726696968079, 0.2960662543773651, 0.15942029654979706, 0.08695652335882187, 0.03726708143949509, 0.0], "tn": 5227.0, "tn race group 0": 2914.0, "tn race group 1": 2313.0, "tn sex group 0": 3870.0, "tn sex group 1": 1357.0, "tn subgroup 0": 2185.0, "tn subgroup 1": 729.0, "tn_th": [0.0, 0.0, 856.0, 3001.0, 4333.0, 5227.0, 5882.0, 6332.0, 6553.0, 6637.0], "tn_th race group 0": [0.0, 0.0, 636.0, 1894.0, 2570.0, 2914.0, 3200.0, 3390.0, 3444.0, 3480.0], "tn_th race group 1": [0.0, 0.0, 220.0, 1107.0, 1763.0, 2313.0, 2682.0, 2942.0, 3109.0, 3157.0], "tn_th sex group 0": [0.0, 0.0, 625.0, 2177.0, 3192.0, 3870.0, 4424.0, 4785.0, 4983.0, 5067.0], "tn_th sex group 1": [0.0, 0.0, 231.0, 824.0, 1141.0, 1357.0, 1458.0, 1547.0, 1570.0, 1570.0], "tn_th subgroup 0": [0.0, 0.0, 446.0, 1374.0, 1899.0, 2185.0, 2435.0, 2589.0, 2643.0, 2679.0], "tn_th subgroup 1": [0.0, 0.0, 190.0, 520.0, 671.0, 729.0, 765.0, 801.0, 801.0, 801.0], "tp": 3313.0, "tp race group 0": 984.0, "tp race group 1": 2329.0, "tp sex group 0": 2915.0, "tp sex group 1": 398.0, "tp subgroup 0": 841.0, "tp subgroup 1": 143.0, "tp_th": [6139.0, 6139.0, 5943.0, 5142.0, 4355.0, 3313.0, 2366.0, 1403.0, 541.0, 96.0], "tp_th race group 0": [2566.0, 2566.0, 2400.0, 1929.0, 1526.0, 984.0, 667.0, 352.0, 125.0, 18.0], "tp_th race group 1": [3573.0, 3573.0, 3543.0, 3213.0, 2829.0, 2329.0, 1699.0, 1051.0, 416.0, 78.0], "tp_th sex group 0": [5195.0, 5195.0, 5046.0, 4377.0, 3738.0, 2915.0, 2139.0, 1271.0, 499.0, 96.0], "tp_th sex group 1": [944.0, 944.0, 897.0, 765.0, 617.0, 398.0, 227.0, 132.0, 42.0, 0.0], "tp_th subgroup 0": [2083.0, 2083.0, 1964.0, 1572.0, 1265.0, 841.0, 590.0, 310.0, 107.0, 18.0], "tp_th subgroup 1": [483.0, 483.0, 436.0, 357.0, 261.0, 143.0, 77.0, 42.0, 18.0, 0.0], "global_step": 100.0}