{"accuracy": 0.6785761713981628, "accuracy race group 0": 0.6643635034561157, "accuracy race group 1": 0.6913137435913086, "accuracy sex group 0": 0.6705132126808167, "accuracy sex group 1": 0.7113229036331177, "accuracy subgroup 0": 0.6541553139686584, "accuracy subgroup 1": 0.7018797993659973, "accuracy subgroup 2": 0.6846179962158203, "accuracy subgroup 3": 0.7212178707122803, "auc": 0.7329410314559937, "auc race group 0": 0.7070433497428894, "auc race group 1": 0.7450225949287415, "auc sex group 0": 0.7281262874603271, "auc sex group 1": 0.7347599267959595, "auc subgroup 0": 0.6966327428817749, "auc subgroup 1": 0.7404703497886658, "auc subgroup 2": 0.7387948036193848, "auc subgroup 3": 0.7461302876472473, "aucpr": 0.7208157777786255, "fn": 93796.0, "fn race group 0": 53667.0, "fn race group 1": 40129.0, "fn sex group 0": 75991.0, "fn sex group 1": 17805.0, "fn subgroup 0": 41561.0, "fn subgroup 1": 12106.0, "fn subgroup 2": 34430.0, "fn subgroup 3": 5699.0, "fn_th": [0.0, 0.0, 7125.0, 33478.0, 55805.0, 93796.0, 128695.0, 156960.0, 199719.0, 237000.0], "fn_th race group 0": [0.0, 0.0, 5938.0, 22558.0, 34433.0, 53667.0, 68624.0, 76699.0, 89290.0, 100212.0], "fn_th race group 1": [0.0, 0.0, 1187.0, 10920.0, 21372.0, 40129.0, 60071.0, 80261.0, 110429.0, 136788.0], "fn_th sex group 0": [0.0, 0.0, 5226.0, 27070.0, 46075.0, 75991.0, 103530.0, 126332.0, 165051.0, 199483.0], "fn_th sex group 1": [0.0, 0.0, 1899.0, 6408.0, 9730.0, 17805.0, 25165.0, 30628.0, 34668.0, 37517.0], "fn_th subgroup 0": [0.0, 0.0, 4039.0, 18049.0, 27788.0, 41561.0, 53907.0, 59607.0, 71009.0, 80745.0], "fn_th subgroup 1": [0.0, 0.0, 1899.0, 4509.0, 6645.0, 12106.0, 14717.0, 17092.0, 18281.0, 19467.0], "fn_th subgroup 2": [0.0, 0.0, 1187.0, 9021.0, 18287.0, 34430.0, 49623.0, 66725.0, 94042.0, 118738.0], "fn_th subgroup 3": [0.0, 0.0, 0.0, 1899.0, 3085.0, 5699.0, 10448.0, 13536.0, 16387.0, 18050.0], "fnr": 0.38162583112716675, "fnr race group 0": 0.5219458937644958, "fnr race group 1": 0.2807028591632843, "fnr sex group 0": 0.36571410298347473, "fnr sex group 1": 0.46865129470825195, "fnr subgroup 0": 0.4986083507537842, "fnr subgroup 1": 0.6218729019165039, "fnr subgroup 2": 0.27669286727905273, "fnr subgroup 3": 0.3076383173465729, "fp": 70773.0, "fp race group 0": 27553.0, "fp race group 1": 43220.0, "fp sex group 0": 59376.0, "fp sex group 1": 11397.0, "fp subgroup 0": 24228.0, "fp subgroup 1": 3325.0, "fp subgroup 2": 35148.0, "fp subgroup 3": 8072.0, "fp_th": [266220.0, 266220.0, 236539.0, 161951.0, 109949.0, 70773.0, 44645.0, 26359.0, 9493.0, 474.0], "fp_th race group 0": [139167.0, 139167.0, 116135.0, 69344.0, 44649.0, 27553.0, 16626.0, 9265.0, 3086.0, 0.0], "fp_th race group 1": [127053.0, 127053.0, 120404.0, 92607.0, 65300.0, 43220.0, 28019.0, 17094.0, 6407.0, 474.0], "fp_th sex group 0": [203054.0, 203054.0, 181682.0, 128712.0, 87394.0, 59376.0, 38234.0, 23274.0, 8780.0, 474.0], "fp_th sex group 1": [63166.0, 63166.0, 54857.0, 33239.0, 22555.0, 11397.0, 6411.0, 3085.0, 713.0, 0.0], "fp_th subgroup 0": [106873.0, 106873.0, 90011.0, 56759.0, 36814.0, 24228.0, 14726.0, 8078.0, 3086.0, 0.0], "fp_th subgroup 1": [32294.0, 32294.0, 26124.0, 12585.0, 7835.0, 3325.0, 1900.0, 1187.0, 0.0, 0.0], "fp_th subgroup 2": [96181.0, 96181.0, 91671.0, 71953.0, 50580.0, 35148.0, 23508.0, 15196.0, 5694.0, 474.0], "fp_th subgroup 3": [30872.0, 30872.0, 28733.0, 20654.0, 14720.0, 8072.0, 4511.0, 1898.0, 713.0, 0.0], "fpr": 0.26584404706954956, "fpr race group 0": 0.19798515737056732, "fpr race group 1": 0.34017300605773926, "fpr sex group 0": 0.2924148142337799, "fpr sex group 1": 0.1804293394088745, "fpr subgroup 0": 0.22669897973537445, "fpr subgroup 1": 0.10296030342578888, "fpr subgroup 2": 0.36543598771095276, "fpr subgroup 3": 0.26146671175956726, "loss": 0.6013768315315247, "precision": 0.6822860836982727, "precision race group 0": 0.6408020257949829, "precision race group 1": 0.704073965549469, "precision sex group 0": 0.6894122362136841, "precision sex group 1": 0.6391527652740479, "precision subgroup 0": 0.6330258846282959, "precision subgroup 1": 0.6888452172279358, "precision subgroup 2": 0.7191575169563293, "precision subgroup 3": 0.6137429475784302, "precision_th": [0.4800390601158142, 0.4800390601158142, 0.5022264719009399, 0.5672686696052551, 0.6334104537963867, 0.6822860836982727, 0.7239534854888916, 0.7711474895477295, 0.8291212320327759, 0.9487789273262024], "precision_th race group 0": [0.42490124702453613, 0.42490124702453613, 0.45481133460998535, 0.5364922881126404, 0.6050054430961609, 0.6408020257949829, 0.6728646755218506, 0.7381806969642639, 0.8142865896224976, 1.0], "precision_th race group 1": [0.529454231262207, 0.529454231262207, 0.5407512784004211, 0.5877647399902344, 0.6505910158157349, 0.704073965549469, 0.7473649382591248, 0.7857679724693298, 0.835452139377594, 0.928668200969696], "precision_th sex group 0": [0.5057613253593445, 0.5057613253593445, 0.5271702408790588, 0.5840351581573486, 0.6491708159446716, 0.6894122362136841, 0.7316761612892151, 0.7777714133262634, 0.8295708298683167, 0.946007490158081], "precision_th sex group 1": [0.3755708932876587, 0.3755708932876587, 0.39684441685676575, 0.4872344732284546, 0.5561524629592896, 0.6391527652740479, 0.6667532920837402, 0.7047564387321472, 0.8233836889266968, 1.0], "precision_th subgroup 0": [0.4381817579269409, 0.4381817579269409, 0.4684159457683563, 0.5350062251091003, 0.6014938354492188, 0.6330258846282959, 0.6666289567947388, 0.7461743950843811, 0.8000129461288452, 1.0], "precision_th subgroup 1": [0.3760939836502075, 0.3760939836502075, 0.40208733081817627, 0.5430781245231628, 0.6207096576690674, 0.6888452172279358, 0.7142857313156128, 0.666760265827179, 1.0, 0.0], "precision_th subgroup 2": [0.5640323758125305, 0.5640323758125305, 0.573460578918457, 0.6159762144088745, 0.6772732138633728, 0.7191575169563293, 0.7609007358551025, 0.7915643453598022, 0.8422102928161621, 0.923176646232605], "precision_th subgroup 3": [0.3750227689743042, 0.3750227689743042, 0.3919971287250519, 0.4459764063358307, 0.511936366558075, 0.6137429475784302, 0.6416428089141846, 0.7244083285331726, 0.7499123215675354, 1.0], "recall": 0.6183741688728333, "recall race group 0": 0.47805410623550415, "recall race group 1": 0.7192971706390381, "recall sex group 0": 0.6342859268188477, "recall sex group 1": 0.531348705291748, "recall subgroup 0": 0.5013916492462158, "recall subgroup 1": 0.3781270980834961, "recall subgroup 2": 0.7233071327209473, "recall subgroup 3": 0.6923616528511047, "recall_th": [1.0, 1.0, 0.971010684967041, 0.8637887835502625, 0.772947371006012, 0.6183741688728333, 0.4763813018798828, 0.36138010025024414, 0.18740743398666382, 0.0357230044901371], "recall_th race group 0": [1.0, 1.0, 0.9422491788864136, 0.7806090116500854, 0.6651170253753662, 0.47805410623550415, 0.33258768916130066, 0.25405314564704895, 0.131597638130188, 0.025374194607138634], "recall_th race group 1": [1.0, 1.0, 0.9916968941688538, 0.9236144423484802, 0.850502610206604, 0.7192971706390381, 0.5798025727272034, 0.43857330083847046, 0.2275477647781372, 0.04316622391343117], "recall_th sex group 0": [1.0, 1.0, 0.9748493432998657, 0.8697229623794556, 0.7782595753669739, 0.6342859268188477, 0.5017517805099487, 0.3920149505138397, 0.20567597448825836, 0.039968620985746384], "recall_th sex group 1": [1.0, 1.0, 0.9500157833099365, 0.8313329219818115, 0.7438934445381165, 0.531348705291748, 0.3376237154006958, 0.19383028149604797, 0.08749210089445114, 0.012502632103860378], "recall_th subgroup 0": [1.0, 1.0, 0.9515440464019775, 0.7834656834602356, 0.6666266918182373, 0.5013916492462158, 0.35327640175819397, 0.28489333391189575, 0.148103266954422, 0.03130023926496506], "recall_th subgroup 1": [1.0, 1.0, 0.9024503231048584, 0.7683772444725037, 0.6586530804634094, 0.3781270980834961, 0.24400267004966736, 0.12200133502483368, 0.06092361360788345, 0.0],