{"accuracy": 0.6732031106948853, "accuracy race group 0": 0.6563016772270203, "accuracy race group 1": 0.6883328557014465, "accuracy sex group 0": 0.663523256778717, "accuracy sex group 1": 0.7128082513809204, "accuracy subgroup 0": 0.647627055644989, "accuracy subgroup 1": 0.6884735226631165, "auc": 0.7292929291725159, "auc race group 0": 0.7037605047225952, "auc race group 1": 0.7397802472114563, "auc sex group 0": 0.72328782081604, "auc sex group 1": 0.7332127690315247, "auc subgroup 0": 0.6954991221427917, "auc subgroup 1": 0.7266137599945068, "aucpr": 0.7015513181686401, "fn": 2684.0, "fn race group 0": 1488.0, "fn race group 1": 1196.0, "fn sex group 0": 2163.0, "fn sex group 1": 521.0, "fn subgroup 0": 1160.0, "fn subgroup 1": 328.0, "fn_th": [0.0, 0.0, 284.0, 989.0, 1642.0, 2684.0, 3647.0, 4647.0, 5668.0, 6079.0], "fn_th race group 0": [0.0, 0.0, 219.0, 648.0, 994.0, 1488.0, 1862.0, 2173.0, 2459.0, 2554.0], "fn_th race group 1": [0.0, 0.0, 65.0, 341.0, 648.0, 1196.0, 1785.0, 2474.0, 3209.0, 3525.0], "fn_th sex group 0": [0.0, 0.0, 219.0, 804.0, 1333.0, 2163.0, 2960.0, 3835.0, 4766.0, 5135.0], "fn_th sex group 1": [0.0, 0.0, 65.0, 185.0, 309.0, 521.0, 687.0, 812.0, 902.0, 944.0], "fn_th subgroup 0": [0.0, 0.0, 160.0, 522.0, 784.0, 1160.0, 1462.0, 1738.0, 1994.0, 2071.0], "fn_th subgroup 1": [0.0, 0.0, 59.0, 126.0, 210.0, 328.0, 400.0, 435.0, 465.0, 483.0], "fnr": 0.4372047483921051, "fnr race group 0": 0.5798909068107605, "fnr race group 1": 0.33473271131515503, "fnr sex group 0": 0.41636189818382263, "fnr sex group 1": 0.5519067645072937, "fnr subgroup 0": 0.5568891167640686, "fnr subgroup 1": 0.6790890097618103, "fp": 1499.0, "fp race group 0": 590.0, "fp race group 1": 909.0, "fp sex group 0": 1298.0, "fp sex group 1": 201.0, "fp subgroup 0": 518.0, "fp subgroup 1": 72.0, "fp_th": [6661.0, 6655.0, 5466.0, 3647.0, 2560.0, 1499.0, 846.0, 365.0, 90.0, 18.0], "fp_th race group 0": [3480.0, 3474.0, 2601.0, 1539.0, 1028.0, 590.0, 293.0, 96.0, 24.0, 6.0], "fp_th race group 1": [3181.0, 3181.0, 2865.0, 2108.0, 1532.0, 909.0, 553.0, 269.0, 66.0, 12.0], "fp_th sex group 0": [5091.0, 5085.0, 4257.0, 2890.0, 2061.0, 1298.0, 739.0, 330.0, 84.0, 18.0], "fp_th sex group 1": [1570.0, 1570.0, 1209.0, 757.0, 499.0, 201.0, 107.0, 35.0, 6.0, 0.0], "fp_th subgroup 0": [2679.0, 2673.0, 2090.0, 1247.0, 858.0, 518.0, 257.0, 96.0, 24.0, 6.0], "fp_th subgroup 1": [801.0, 801.0, 511.0, 292.0, 170.0, 72.0, 36.0, 0.0, 0.0, 0.0], "fpr": 0.22504128515720367, "fpr race group 0": 0.16954022645950317, "fpr race group 1": 0.28575918078422546, "fpr sex group 0": 0.25495973229408264, "fpr sex group 1": 0.12802547216415405, "fpr subgroup 0": 0.1933557242155075, "fpr subgroup 1": 0.08988764137029648, "loss": 0.6099265217781067, "precision": 0.6974162459373474, "precision race group 0": 0.646282970905304, "precision race group 1": 0.7233718633651733, "precision sex group 0": 0.7002309560775757, "precision sex group 1": 0.6778846383094788, "precision subgroup 0": 0.6405274271965027, "precision subgroup 1": 0.6828193664550781, "precision_th": [0.4796093702316284, 0.47983428835868835, 0.5171804428100586, 0.5854268670082092, 0.6372396349906921, 0.6974162459373474, 0.7465548515319824, 0.8034464120864868, 0.8395721912384033, 0.7692307829856873], "precision_th race group 0": [0.4244128465652466, 0.4248344302177429, 0.4743330776691437, 0.5548163056373596, 0.6046153903007507, 0.646282970905304, 0.7061183452606201, 0.803680956363678, 0.8167939186096191, 0.6666666865348816], "precision_th race group 1": [0.529019832611084, 0.529019832611084, 0.5504472255706787, 0.605243444442749, 0.6562710404396057, 0.7233718633651733, 0.7637761831283569, 0.8033625483512878, 0.8465116024017334, 0.800000011920929], "precision_th sex group 0": [0.5050554275512695, 0.5053501725196838, 0.5389364361763, 0.6030765175819397, 0.6520344614982605, 0.7002309560775757, 0.7515131235122681, 0.8047337532043457, 0.8362573385238647, 0.7692307829856873], "precision_th sex group 1": [0.3754972219467163, 0.3754972219467163, 0.42097702622413635, 0.5006596446037292, 0.5599647164344788, 0.6778846383094788, 0.7060439586639404, 0.7904191613197327, 0.875, 0.0], "precision_th subgroup 0": [0.4374212622642517, 0.4379730820655823, 0.4791926145553589, 0.555911660194397, 0.6022253036499023, 0.6405274271965027, 0.7072892785072327, 0.7823129296302795, 0.7876105904579163, 0.6666666865348816], "precision_th subgroup 1": [0.37616822123527527, 0.37616822123527527, 0.4534759223461151, 0.5500770211219788, 0.6162528395652771, 0.6828193664550781, 0.6974790096282959, 1.0, 1.0, 0.0], "recall": 0.5627952218055725, "recall race group 0": 0.4201091229915619, "recall race group 1": 0.665267288684845, "recall sex group 0": 0.5836381316184998, "recall sex group 1": 0.4480932056903839, "recall subgroup 0": 0.4431108832359314, "recall subgroup 1": 0.3209109604358673, "recall_th": [1.0, 1.0, 0.9537383913993835, 0.8388988375663757, 0.7325296998023987, 0.5627952218055725, 0.405929297208786, 0.24303632974624634, 0.07672259211540222, 0.009773578494787216], "recall_th race group 0": [1.0, 1.0, 0.9146531820297241, 0.7474668622016907, 0.6126266717910767, 0.4201091229915619, 0.2743569612503052, 0.15315666794776917, 0.04169914126396179, 0.004676539450883865], "recall_th race group 1": [1.0, 1.0, 0.9818080067634583, 0.9045619964599609, 0.8186398148536682, 0.665267288684845, 0.5004197955131531, 0.307584673166275, 0.1018751785159111, 0.013434088788926601], "recall_th sex group 0": [1.0, 1.0, 0.957844078540802, 0.8452358245849609, 0.743407130241394, 0.5836381316184998, 0.4302213788032532, 0.2617901861667633, 0.08257940411567688, 0.011549566872417927], "recall_th sex group 1": [1.0, 1.0, 0.9311440587043762, 0.804025411605835, 0.6726694703102112, 0.4480932056903839, 0.27224576473236084, 0.13983051478862762, 0.04449152573943138, 0.0], "recall_th subgroup 0": [1.0, 1.0, 0.9231877326965332, 0.7493999004364014, 0.623619794845581, 0.4431108832359314, 0.2981277108192444, 0.16562649607658386, 0.04272683709859848, 0.005760921631008387], "recall_th subgroup 1": [1.0, 1.0, 0.8778467774391174, 0.739130437374115, 0.5652173757553101, 0.3209109604358673, 0.17184264957904816, 0.09937888383865356, 0.03726708143949509, 0.0], "tn": 5162.0, "tn race group 0": 2890.0, "tn race group 1": 2272.0, "tn sex group 0": 3793.0, "tn sex group 1": 1369.0, "tn subgroup 0": 2161.0, "tn subgroup 1": 729.0, "tn_th": [0.0, 6.0, 1195.0, 3014.0, 4101.0, 5162.0, 5815.0, 6296.0, 6571.0, 6643.0], "tn_th race group 0": [0.0, 6.0, 879.0, 1941.0, 2452.0, 2890.0, 3187.0, 3384.0, 3456.0, 3474.0], "tn_th race group 1": [0.0, 0.0, 316.0, 1073.0, 1649.0, 2272.0, 2628.0, 2912.0, 3115.0, 3169.0], "tn_th sex group 0": [0.0, 6.0, 834.0, 2201.0, 3030.0, 3793.0, 4352.0, 4761.0, 5007.0, 5073.0], "tn_th sex group 1": [0.0, 0.0, 361.0, 813.0, 1071.0, 1369.0, 1463.0, 1535.0, 1564.0, 1570.0], "tn_th subgroup 0": [0.0, 6.0, 589.0, 1432.0, 1821.0, 2161.0, 2422.0, 2583.0, 2655.0, 2673.0], "tn_th subgroup 1": [0.0, 0.0, 290.0, 509.0, 631.0, 729.0, 765.0, 801.0, 801.0, 801.0], "tp": 3455.0, "tp race group 0": 1078.0, "tp race group 1": 2377.0, "tp sex group 0": 3032.0, "tp sex group 1": 423.0, "tp subgroup 0": 923.0, "tp subgroup 1": 155.0, "tp_th": [6139.0, 6139.0, 5855.0, 5150.0, 4497.0, 3455.0, 2492.0, 1492.0, 471.0, 60.0], "tp_th race group 0": [2566.0, 2566.0, 2347.0, 1918.0, 1572.0, 1078.0, 704.0, 393.0, 107.0, 12.0], "tp_th race group 1": [3573.0, 3573.0, 3508.0, 3232.0, 2925.0, 2377.0, 1788.0, 1099.0, 364.0, 48.0], "tp_th sex group 0": [5195.0, 5195.0, 4976.0, 4391.0, 3862.0, 3032.0, 2235.0, 1360.0, 429.0, 60.0], "tp_th sex group 1": [944.0, 944.0, 879.0, 759.0, 635.0, 423.0, 257.0, 132.0, 42.0, 0.0], "tp_th subgroup 0": [2083.0, 2083.0, 1923.0, 1561.0, 1299.0, 923.0, 621.0, 345.0, 89.0, 12.0], "tp_th subgroup 1": [483.0, 483.0, 424.0, 357.0, 273.0, 155.0, 83.0, 48.0, 18.0, 0.0], "global_step": 100.0}