{"accuracy": 0.6785703301429749, "accuracy race group 0": 0.6633800268173218, "accuracy race group 1": 0.6921840310096741, "accuracy sex group 0": 0.6705083847045898, "accuracy sex group 1": 0.711313009262085, "accuracy subgroup 0": 0.6491612792015076, "accuracy subgroup 1": 0.7156352996826172, "accuracy subgroup 2": 0.6889150738716125, "accuracy subgroup 3": 0.7067838311195374, "auc": 0.7327809929847717, "auc race group 0": 0.7056576013565063, "auc race group 1": 0.7444889545440674, "auc sex group 0": 0.7267466187477112, "auc sex group 1": 0.7369983196258545, "auc subgroup 0": 0.6928526163101196, "auc subgroup 1": 0.7487560510635376, "auc subgroup 2": 0.7374908924102783, "auc subgroup 3": 0.7424275875091553, "aucpr": 0.720852255821228, "fn": 92845.0, "fn race group 0": 52954.0, "fn race group 1": 39891.0, "fn sex group 0": 75039.0, "fn sex group 1": 17806.0, "fn subgroup 0": 41797.0, "fn subgroup 1": 11157.0, "fn subgroup 2": 33242.0, "fn subgroup 3": 6649.0, "fn_th": [0.0, 0.0, 8554.0, 33955.0, 53668.0, 92845.0, 129412.0, 158864.0, 205658.0, 238896.0], "fn_th race group 0": [0.0, 0.0, 6178.0, 22558.0, 33958.0, 52954.0, 67677.0, 77414.0, 91902.0, 101398.0], "fn_th race group 1": [0.0, 0.0, 2376.0, 11397.0, 19710.0, 39891.0, 61735.0, 81450.0, 113756.0, 137498.0], "fn_th sex group 0": [0.0, 0.0, 6653.0, 26834.0, 44175.0, 75039.0, 104959.0, 129661.0, 170515.0, 201379.0], "fn_th sex group 1": [0.0, 0.0, 1901.0, 7121.0, 9493.0, 17806.0, 24453.0, 29203.0, 35143.0, 37517.0], "fn_th subgroup 0": [0.0, 0.0, 4515.0, 17811.0, 27550.0, 41797.0, 53197.0, 61510.0, 73383.0, 81931.0], "fn_th subgroup 1": [0.0, 0.0, 1663.0, 4747.0, 6408.0, 11157.0, 14480.0, 15904.0, 18519.0, 19467.0], "fn_th subgroup 2": [0.0, 0.0, 2138.0, 9023.0, 16625.0, 33242.0, 51762.0, 68151.0, 97132.0, 119448.0], "fn_th subgroup 3": [0.0, 0.0, 238.0, 2374.0, 3085.0, 6649.0, 9973.0, 13299.0, 16624.0, 18050.0], "fnr": 0.3777565360069275, "fnr race group 0": 0.5150115489959717, "fnr race group 1": 0.27903804183006287, "fnr sex group 0": 0.36113250255584717, "fnr sex group 1": 0.4686776101589203, "fnr subgroup 0": 0.50143963098526, "fnr subgroup 1": 0.5731237530708313, "fnr subgroup 2": 0.26714563369750977, "fnr subgroup 3": 0.3589203655719757, "fp": 71727.0, "fp race group 0": 28504.0, "fp race group 1": 43223.0, "fp sex group 0": 60330.0, "fp sex group 1": 11397.0, "fp subgroup 0": 24942.0, "fp subgroup 1": 3562.0, "fp subgroup 2": 35388.0, "fp subgroup 3": 7835.0, "fp_th": [266220.0, 266220.0, 230125.0, 162904.0, 114462.0, 71727.0, 44646.0, 24219.0, 7597.0, 950.0], "fp_th race group 0": [139167.0, 139167.0, 111859.0, 71482.0, 47028.0, 28504.0, 16391.0, 8076.0, 2613.0, 0.0], "fp_th race group 1": [127053.0, 127053.0, 118266.0, 91422.0, 67434.0, 43223.0, 28255.0, 16143.0, 4984.0, 950.0], "fp_th sex group 0": [203054.0, 203054.0, 177406.0, 128479.0, 90723.0, 60330.0, 38473.0, 20896.0, 7360.0, 950.0], "fp_th sex group 1": [63166.0, 63166.0, 52719.0, 34425.0, 23739.0, 11397.0, 6173.0, 3323.0, 237.0, 0.0], "fp_th subgroup 0": [106873.0, 106873.0, 87875.0, 57949.0, 38481.0, 24942.0, 15204.0, 7127.0, 2613.0, 0.0], "fp_th subgroup 1": [32294.0, 32294.0, 23984.0, 13533.0, 8547.0, 3562.0, 1187.0, 949.0, 0.0, 0.0], "fp_th subgroup 2": [96181.0, 96181.0, 89531.0, 70530.0, 52242.0, 35388.0, 23269.0, 13769.0, 4747.0, 950.0], "fp_th subgroup 3": [30872.0, 30872.0, 28735.0, 20892.0, 15192.0, 7835.0, 4986.0, 2374.0, 237.0, 0.0], "fpr": 0.2694275379180908, "fpr race group 0": 0.20481866598129272, "fpr race group 1": 0.3401966094970703, "fpr sex group 0": 0.2971130907535553, "fpr sex group 1": 0.1804293394088745, "fpr subgroup 0": 0.2333798110485077, "fpr subgroup 1": 0.11029912531375885, "fpr subgroup 2": 0.3679313063621521, "fpr subgroup 3": 0.25378984212875366, "loss": 0.6009867191314697, "precision": 0.6807337403297424, "precision race group 0": 0.6362940669059753, "precision race group 1": 0.7045409679412842, "precision sex group 0": 0.6875372529029846, "precision sex group 1": 0.639141321182251, "precision subgroup 0": 0.6249266862869263, "precision subgroup 1": 0.699966311454773, "precision subgroup 2": 0.7204297780990601, "precision subgroup 3": 0.6025062203407288, "precision_th": [0.4800390601158142, 0.4800390601158142, 0.5075970888137817, 0.5652751922607422, 0.6266415119171143, 0.6807337403297424, 0.7227197885513306, 0.7820758819580078, 0.8407971858978271, 0.87873375415802], "precision_th race group 0": [0.42490124702453613, 0.42490124702453613, 0.4635111391544342, 0.5289334058761597, 0.5942049026489258, 0.6362940669059753, 0.6819443106651306, 0.7588029503822327, 0.8069021701812744, 1.0], "precision_th race group 1": [0.529454231262207, 0.529454231262207, 0.5431081652641296, 0.5900064706802368, 0.6463554501533508, 0.7045409679412842, 0.7419139742851257, 0.7921109795570374, 0.8542135953903198, 0.8518171906471252], "precision_th sex group 0": [0.5057613253593445, 0.5057613253593445, 0.5313426852226257, 0.5847921967506409, 0.6432946920394897, 0.6875372529029846, 0.7277250289916992, 0.7889783382415771, 0.8350995779037476, 0.8709063529968262], "precision_th sex group 1": [0.3755708932876587, 0.3755708932876587, 0.4063844084739685, 0.47278547286987305, 0.5455607175827026, 0.639141321182251, 0.6868404746055603, 0.7256439924240112, 0.9232015609741211, 1.0], "precision_th subgroup 0": [0.4381817579269409, 0.4381817579269409, 0.4728997051715851, 0.5307469367980957, 0.591865062713623, 0.6249266862869263, 0.6648222208023071, 0.7539953589439392, 0.7923553586006165, 1.0], "precision_th subgroup 1": [0.3760939836502075, 0.3760939836502075, 0.42605531215667725, 0.5210066437721252, 0.6044154167175293, 0.699966311454773, 0.8077421188354492, 0.7896719574928284, 1.0, 0.0], "precision_th subgroup 2": [0.5640323758125305, 0.5640323758125305, 0.5773390531539917, 0.6206861138343811, 0.6735915541648865, 0.7204297780990601, 0.7574655413627625, 0.8034459948539734, 0.851883053779602, 0.8399595618247986], "precision_th subgroup 3": [0.3750227689743042, 0.3750227689743042, 0.38890308141708374, 0.4360068142414093, 0.5040480494499207, 0.6025062203407288, 0.6317033767700195, 0.6876316070556641, 0.8891487121582031, 1.0], "recall": 0.6222434639930725, "recall race group 0": 0.4849884808063507, "recall race group 1": 0.7209619283676147, "recall sex group 0": 0.6388674974441528, "recall sex group 1": 0.5313223600387573, "recall subgroup 0": 0.49856036901474, "recall subgroup 1": 0.4268762469291687, "recall subgroup 2": 0.7328543663024902, "recall subgroup 3": 0.6410796046257019, "recall_th": [1.0, 1.0, 0.9651964902877808, 0.861847996711731, 0.7816421389579773, 0.6222434639930725, 0.47346407175064087, 0.3536333441734314, 0.16324354708194733, 0.02800878882408142], "recall_th race group 0": [1.0, 1.0, 0.9399150013923645, 0.7806090116500854, 0.6697367429733276, 0.4849884808063507, 0.3417978882789612, 0.24709932506084442, 0.10619425773620605, 0.013839585706591606], "recall_th race group 1": [1.0, 1.0, 0.9833798408508301, 0.9202778339385986, 0.8621283173561096, 0.7209619283676147, 0.5681629180908203, 0.4302562177181244, 0.20427535474300385, 0.038199763745069504], "recall_th sex group 0": [1.0, 1.0, 0.9679818153381348, 0.8708587884902954, 0.7874035239219666, 0.6388674974441528, 0.49487459659576416, 0.3759937882423401, 0.17937994003295898, 0.030843937769532204], "recall_th sex group 1": [1.0, 1.0, 0.9499631524085999, 0.812565803527832, 0.7501316070556641, 0.5313223600387573, 0.35636448860168457, 0.23133817315101624, 0.07498946785926819, 0.012502632103860378], "recall_th subgroup 0": [1.0, 1.0, 0.9458334445953369, 0.7863209843635559, 0.6694819927215576, 0.49856036901474, 0.36179426312446594, 0.26206299662590027, 0.11962233483791351, 0.017071766778826714], "recall_th subgroup 1": [1.0, 1.0, 0.9145733714103699, 0.7561514377593994, 0.6708275675773621, 0.4268762469291687, 0.2561771273612976, 0.18302768468856812, 0.04869779571890831, 0.0],