{"accuracy": 0.6706796884536743, "accuracy race group 0": 0.65259850025177, "accuracy race group 1": 0.6868842840194702, "accuracy sex group 0": 0.6635640859603882, "accuracy sex group 1": 0.6995788812637329, "accuracy subgroup 0": 0.641685962677002, "accuracy subgroup 1": 0.6927030086517334, "accuracy subgroup 2": 0.6824286580085754, "accuracy subgroup 3": 0.7067838311195374, "auc": 0.7284221649169922, "auc race group 0": 0.7058722972869873, "auc race group 1": 0.736741840839386, "auc sex group 0": 0.7204905152320862, "auc sex group 1": 0.7446333765983582, "auc subgroup 0": 0.6905596256256104, "auc subgroup 1": 0.7626501321792603, "auc subgroup 2": 0.7280563712120056, "auc subgroup 3": 0.745206892490387, "aucpr": 0.7139780521392822, "fn": 95462.0, "fn race group 0": 53666.0, "fn race group 1": 41796.0, "fn sex group 0": 76706.0, "fn sex group 1": 18756.0, "fn subgroup 0": 42034.0, "fn subgroup 1": 11632.0, "fn subgroup 2": 34672.0, "fn subgroup 3": 7124.0, "fn_th": [0.0, 0.0, 6651.0, 32292.0, 56751.0, 95462.0, 132978.0, 160289.0, 202567.0, 237237.0], "fn_th race group 0": [0.0, 0.0, 5227.0, 22083.0, 35381.0, 53666.0, 69813.0, 78841.0, 92139.0, 100687.0], "fn_th race group 1": [0.0, 0.0, 1424.0, 10209.0, 21370.0, 41796.0, 63165.0, 81448.0, 110428.0, 136550.0], "fn_th sex group 0": [0.0, 0.0, 6177.0, 25410.0, 46783.0, 76706.0, 108527.0, 130851.0, 167424.0, 199720.0], "fn_th sex group 1": [0.0, 0.0, 474.0, 6882.0, 9968.0, 18756.0, 24451.0, 29438.0, 35143.0, 37517.0], "fn_th subgroup 0": [0.0, 0.0, 4753.0, 17100.0, 28736.0, 42034.0, 55335.0, 62462.0, 73621.0, 81220.0], "fn_th subgroup 1": [0.0, 0.0, 474.0, 4983.0, 6645.0, 11632.0, 14478.0, 16379.0, 18518.0, 19467.0], "fn_th subgroup 2": [0.0, 0.0, 1424.0, 8310.0, 18047.0, 34672.0, 53192.0, 68389.0, 93803.0, 118500.0], "fn_th subgroup 3": [0.0, 0.0, 0.0, 1899.0, 3323.0, 7124.0, 9973.0, 13059.0, 16625.0, 18050.0], "fnr": 0.3884042501449585, "fnr race group 0": 0.5219361782073975, "fnr race group 1": 0.29236355423927307, "fnr sex group 0": 0.3691551089286804, "fnr sex group 1": 0.4936828911304474, "fnr subgroup 0": 0.5042829513549805, "fnr subgroup 1": 0.5975239872932434, "fnr subgroup 2": 0.27863767743110657, "fnr subgroup 3": 0.3845613896846771, "fp": 73150.0, "fp race group 0": 30401.0, "fp race group 1": 42749.0, "fp sex group 0": 61516.0, "fp sex group 1": 11634.0, "fp subgroup 0": 26127.0, "fp subgroup 1": 4274.0, "fp subgroup 2": 35389.0, "fp subgroup 3": 7360.0, "fp_th": [266220.0, 266220.0, 228936.0, 157676.0, 113277.0, 73150.0, 44886.0, 25169.0, 9023.0, 949.0], "fp_th race group 0": [139167.0, 139167.0, 111858.0, 67208.0, 46315.0, 30401.0, 16391.0, 8076.0, 2612.0, 0.0], "fp_th race group 1": [127053.0, 127053.0, 117078.0, 90468.0, 66962.0, 42749.0, 28495.0, 17093.0, 6411.0, 949.0], "fp_th sex group 0": [203054.0, 203054.0, 175505.0, 126334.0, 91436.0, 61516.0, 37762.0, 21370.0, 8547.0, 949.0], "fp_th sex group 1": [63166.0, 63166.0, 53431.0, 31342.0, 21841.0, 11634.0, 7124.0, 3799.0, 476.0, 0.0], "fp_th subgroup 0": [106873.0, 106873.0, 87161.0, 55810.0, 38955.0, 26127.0, 14254.0, 7364.0, 2374.0, 0.0], "fp_th subgroup 1": [32294.0, 32294.0, 24697.0, 11398.0, 7360.0, 4274.0, 2137.0, 712.0, 238.0, 0.0], "fp_th subgroup 2": [96181.0, 96181.0, 88344.0, 70524.0, 52481.0, 35389.0, 23508.0, 14006.0, 6173.0, 949.0], "fp_th subgroup 3": [30872.0, 30872.0, 28734.0, 19944.0, 14481.0, 7360.0, 4987.0, 3087.0, 238.0, 0.0], "fpr": 0.2747727334499359, "fpr race group 0": 0.21844977140426636, "fpr race group 1": 0.33646589517593384, "fpr sex group 0": 0.30295389890670776, "fpr sex group 1": 0.1841813623905182, "fpr subgroup 0": 0.24446773529052734, "fpr subgroup 1": 0.13234657049179077, "fpr subgroup 2": 0.3679417073726654, "fpr subgroup 3": 0.23840373754501343, "loss": 0.6059218049049377, "precision": 0.6726600527763367, "precision race group 0": 0.6178666353225708, "precision race group 1": 0.7029504179954529, "precision sex group 0": 0.6805989742279053, "precision sex group 1": 0.6231292486190796, "precision subgroup 0": 0.6126291751861572, "precision subgroup 1": 0.6470394134521484, "precision subgroup 2": 0.7172296047210693, "precision subgroup 3": 0.6076968312263489, "precision_th": [0.4800390601158142, 0.4800390601158142, 0.5108884572982788, 0.5751851201057434, 0.6252902746200562, 0.6726600527763367, 0.7153493165969849, 0.7725555896759033, 0.8272647261619568, 0.9000210762023926], "precision_th race group 0": [0.42490124702453613, 0.42490124702453613, 0.46594923734664917, 0.5457261204719543, 0.5928530693054199, 0.6178666353225708, 0.66819167137146, 0.7480658888816833, 0.8035203814506531, 1.0], "precision_th race group 1": [0.529454231262207, 0.529454231262207, 0.5472849607467651, 0.594710111618042, 0.644860029220581, 0.7029504179954529, 0.736861526966095, 0.782542884349823, 0.8353705406188965, 0.8710247278213501], "precision_th sex group 0": [0.5057613253593445, 0.5057613253593445, 0.5346127152442932, 0.5907706618309021, 0.6377925872802734, 0.6805989742279053, 0.7244112491607666, 0.7826197743415833, 0.8252540230751038, 0.8947543501853943], "precision_th sex group 1": [0.3755708932876587, 0.3755708932876587, 0.41251689195632935, 0.4981425702571869, 0.5619974136352539, 0.6231292486190796, 0.6552625298500061, 0.6924633979797363, 0.8568421006202698, 1.0], "precision_th subgroup 0": [0.4381817579269409, 0.4381817579269409, 0.47417983412742615, 0.5427808165550232, 0.5836940407752991, 0.6126291751861572, 0.6628108024597168, 0.739382803440094, 0.8039150834083557, 1.0], "precision_th subgroup 1": [0.3760939836502075, 0.3760939836502075, 0.4347219169139862, 0.55961674451828, 0.6353185772895813, 0.6470394134521484, 0.7001122832298279, 0.8126316070556641, 0.7994945049285889, 0.0], "precision_th subgroup 2": [0.5640323758125305, 0.5640323758125305, 0.5820093154907227, 0.6221550703048706, 0.6696565747261047, 0.7172296047210693, 0.751894474029541, 0.800059974193573, 0.8322736620903015, 0.8621240854263306], "precision_th subgroup 3": [0.3750227689743042, 0.3750227689743042, 0.3919888138771057, 0.4546349346637726, 0.5121449828147888, 0.6076968312263489, 0.6316567063331604, 0.6390740275382996, 0.8886809945106506, 1.0], "recall": 0.6115957498550415, "recall race group 0": 0.47806382179260254, "recall race group 1": 0.7076364755630493, "recall sex group 0": 0.6308448910713196, "recall sex group 1": 0.506317138671875, "recall subgroup 0": 0.49571704864501953, "recall subgroup 1": 0.4024759829044342, "recall subgroup 2": 0.7213623523712158, "recall subgroup 3": 0.6154385805130005, "recall_th": [1.0, 1.0, 0.9729391932487488, 0.8686141967773438, 0.7690984010696411, 0.6115957498550415, 0.45895516872406006, 0.3478354513645172, 0.17581984400749207, 0.03475872799754143], "recall_th race group 0": [1.0, 1.0, 0.949164092540741, 0.7852286696434021, 0.6558971405029297, 0.47806382179260254, 0.3210239112377167, 0.23322084546089172, 0.10388928651809692, 0.020754514262080193], "recall_th race group 1": [1.0, 1.0, 0.9900391101837158, 0.9285879135131836, 0.8505165576934814, 0.7076364755630493, 0.5581600069999695, 0.4302702248096466, 0.22755475342273712, 0.044831033796072006], "recall_th sex group 0": [1.0, 1.0, 0.9702726006507874, 0.8777118921279907, 0.7748522758483887, 0.6308448910713196, 0.4777032434940338, 0.3702668249607086, 0.19425567984580994, 0.038828037679195404], "recall_th sex group 1": [1.0, 1.0, 0.9875236749649048, 0.8188565969467163, 0.7376289963722229, 0.506317138671875, 0.35641714930534363, 0.2251526564359665, 0.07498946785926819, 0.012502632103860378], "recall_th subgroup 0": [1.0, 1.0, 0.9429781436920166, 0.7948508858680725, 0.6552534699440002, 0.49571704864501953, 0.3361446261405945, 0.2506418526172638, 0.1167670413851738, 0.025601651519536972], "recall_th subgroup 1": [1.0, 1.0, 0.9756510853767395, 0.7440283298492432, 0.6586530804634094, 0.4024759829044342, 0.256279855966568, 0.15862742066383362, 0.0487491637468338, 0.0],