{"accuracy": 0.6660937666893005, "accuracy race group 0": 0.6435660123825073, "accuracy race group 1": 0.6862599849700928, "accuracy sex group 0": 0.6570095419883728, "accuracy sex group 1": 0.7032617330551147, "accuracy subgroup 0": 0.6377572417259216, "accuracy subgroup 1": 0.6651090383529663, "auc": 0.7262179851531982, "auc race group 0": 0.6939697861671448, "auc race group 1": 0.741783618927002, "auc sex group 0": 0.7205365896224976, "auc sex group 1": 0.7280842065811157, "auc subgroup 0": 0.6855539083480835, "auc subgroup 1": 0.7168639898300171, "aucpr": 0.7073924541473389, "fn": 2952.0, "fn race group 0": 1642.0, "fn race group 1": 1310.0, "fn sex group 0": 2395.0, "fn sex group 1": 557.0, "fn subgroup 0": 1284.0, "fn subgroup 1": 358.0, "fn_th": [0.0, 0.0, 254.0, 1031.0, 1837.0, 2952.0, 3825.0, 4639.0, 5621.0, 6067.0], "fn_th race group 0": [0.0, 0.0, 201.0, 667.0, 1063.0, 1642.0, 1927.0, 2172.0, 2447.0, 2554.0], "fn_th race group 1": [0.0, 0.0, 53.0, 364.0, 774.0, 1310.0, 1898.0, 2467.0, 3174.0, 3513.0], "fn_th sex group 0": [0.0, 0.0, 189.0, 835.0, 1516.0, 2395.0, 3127.0, 3821.0, 4719.0, 5123.0], "fn_th sex group 1": [0.0, 0.0, 65.0, 196.0, 321.0, 557.0, 698.0, 818.0, 902.0, 944.0], "fn_th subgroup 0": [0.0, 0.0, 142.0, 535.0, 853.0, 1284.0, 1528.0, 1731.0, 1982.0, 2071.0], "fn_th subgroup 1": [0.0, 0.0, 59.0, 132.0, 210.0, 358.0, 399.0, 441.0, 465.0, 483.0], "fnr": 0.4808600842952728, "fnr race group 0": 0.6399064660072327, "fnr race group 1": 0.3666386902332306, "fnr sex group 0": 0.46102020144462585, "fnr sex group 1": 0.5900423526763916, "fnr subgroup 0": 0.6164186000823975, "fnr subgroup 1": 0.7412008047103882, "fp": 1322.0, "fp race group 0": 513.0, "fp race group 1": 809.0, "fp sex group 0": 1133.0, "fp sex group 1": 189.0, "fp subgroup 0": 441.0, "fp subgroup 1": 72.0, "fp_th": [6661.0, 6661.0, 5618.0, 3498.0, 2311.0, 1322.0, 739.0, 340.0, 102.0, 12.0], "fp_th race group 0": [3480.0, 3480.0, 2705.0, 1456.0, 946.0, 513.0, 268.0, 95.0, 36.0, 0.0], "fp_th race group 1": [3181.0, 3181.0, 2913.0, 2042.0, 1365.0, 809.0, 471.0, 245.0, 66.0, 12.0], "fp_th sex group 0": [5091.0, 5091.0, 4351.0, 2793.0, 1917.0, 1133.0, 656.0, 317.0, 102.0, 12.0], "fp_th sex group 1": [1570.0, 1570.0, 1267.0, 705.0, 394.0, 189.0, 83.0, 23.0, 0.0, 0.0], "fp_th subgroup 0": [2679.0, 2679.0, 2142.0, 1198.0, 810.0, 441.0, 244.0, 95.0, 36.0, 0.0], "fp_th subgroup 1": [801.0, 801.0, 563.0, 258.0, 136.0, 72.0, 24.0, 0.0, 0.0, 0.0], "fpr": 0.19846870005130768, "fpr race group 0": 0.14741379022598267, "fpr race group 1": 0.25432252883911133, "fpr sex group 0": 0.22254960238933563, "fpr sex group 1": 0.1203821673989296, "fpr subgroup 0": 0.16461366415023804, "fpr subgroup 1": 0.08988764137029648, "loss": 0.6106446385383606, "precision": 0.7068086266517639, "precision race group 0": 0.6430062651634216, "precision race group 1": 0.7366536259651184, "precision sex group 0": 0.7119247317314148, "precision sex group 1": 0.671875, "precision subgroup 0": 0.6443548202514648, "precision subgroup 1": 0.6345177888870239, "precision_th": [0.4796093702316284, 0.4796093702316284, 0.5116056799888611, 0.5935394167900085, 0.650536835193634, 0.7068086266517639, 0.7579430341720581, 0.8152173757553101, 0.8354838490486145, 0.8571428656578064], "precision_th race group 0": [0.4244128465652466, 0.4244128465652466, 0.4664694368839264, 0.5660208463668823, 0.6137198805809021, 0.6430062651634216, 0.7045204043388367, 0.8057259917259216, 0.7677419185638428, 1.0], "precision_th race group 1": [0.529019832611084, 0.529019832611084, 0.5471786260604858, 0.6111217141151428, 0.6721901893615723, 0.7366536259651184, 0.7805219292640686, 0.818652868270874, 0.8580645322799683, 0.8333333134651184], "precision_th sex group 0": [0.5050554275512695, 0.5050554275512695, 0.5350005626678467, 0.6095344424247742, 0.6574338674545288, 0.7119247317314148, 0.7591776847839355, 0.8125369548797607, 0.8235294222831726, 0.8571428656578064], "precision_th sex group 1": [0.3754972219467163, 0.3754972219467163, 0.409599244594574, 0.5147969722747803, 0.6125860214233398, 0.671875, 0.7477203607559204, 0.8456375598907471, 1.0, 0.0], "precision_th subgroup 0": [0.4374212622642517, 0.4374212622642517, 0.47538575530052185, 0.5637290477752686, 0.6029411554336548, 0.6443548202514648, 0.694618284702301, 0.7874720096588135, 0.7372262477874756, 1.0], "precision_th subgroup 1": [0.37616822123527527, 0.37616822123527527, 0.4295845925807953, 0.5763546824455261, 0.6674816608428955, 0.6345177888870239, 0.7777777910232544, 1.0, 1.0, 0.0], "recall": 0.5191399455070496, "recall race group 0": 0.36009353399276733, "recall race group 1": 0.6333613395690918, "recall sex group 0": 0.5389797687530518, "recall sex group 1": 0.409957617521286, "recall subgroup 0": 0.38358137011528015, "recall subgroup 1": 0.25879916548728943, "recall_th": [1.0, 1.0, 0.9586251974105835, 0.8320573568344116, 0.7007656097412109, 0.5191399455070496, 0.37693434953689575, 0.2443394660949707, 0.08437856286764145, 0.01172829419374466], "recall_th race group 0": [1.0, 1.0, 0.9216679930686951, 0.7400623559951782, 0.5857365727424622, 0.36009353399276733, 0.24902571737766266, 0.15354637801647186, 0.04637568071484566, 0.004676539450883865], "recall_th race group 1": [1.0, 1.0, 0.9851665496826172, 0.8981248140335083, 0.7833753228187561, 0.6333613395690918, 0.46879372000694275, 0.30954378843307495, 0.11167086660861969, 0.01679261215031147], "recall_th sex group 0": [1.0, 1.0, 0.9636188745498657, 0.8392685055732727, 0.7081809639930725, 0.5389797687530518, 0.39807507395744324, 0.26448509097099304, 0.09162656217813492, 0.013859480619430542], "recall_th sex group 1": [1.0, 1.0, 0.9311440587043762, 0.7923728823661804, 0.6599576473236084, 0.409957617521286, 0.2605932056903839, 0.13347457349300385, 0.04449152573943138, 0.0], "recall_th subgroup 0": [1.0, 1.0, 0.9318290948867798, 0.7431588768959045, 0.5904944539070129, 0.38358137011528015, 0.2664426267147064, 0.16898703575134277, 0.04848775640130043, 0.005760921631008387], "recall_th subgroup 1": [1.0, 1.0, 0.8778467774391174, 0.7267080545425415, 0.5652173757553101, 0.25879916548728943, 0.17391304671764374, 0.08695652335882187, 0.03726708143949509, 0.0], "tn": 5339.0, "tn race group 0": 2967.0, "tn race group 1": 2372.0, "tn sex group 0": 3958.0, "tn sex group 1": 1381.0, "tn subgroup 0": 2238.0, "tn subgroup 1": 729.0, "tn_th": [0.0, 0.0, 1043.0, 3163.0, 4350.0, 5339.0, 5922.0, 6321.0, 6559.0, 6649.0], "tn_th race group 0": [0.0, 0.0, 775.0, 2024.0, 2534.0, 2967.0, 3212.0, 3385.0, 3444.0, 3480.0], "tn_th race group 1": [0.0, 0.0, 268.0, 1139.0, 1816.0, 2372.0, 2710.0, 2936.0, 3115.0, 3169.0], "tn_th sex group 0": [0.0, 0.0, 740.0, 2298.0, 3174.0, 3958.0, 4435.0, 4774.0, 4989.0, 5079.0], "tn_th sex group 1": [0.0, 0.0, 303.0, 865.0, 1176.0, 1381.0, 1487.0, 1547.0, 1570.0, 1570.0], "tn_th subgroup 0": [0.0, 0.0, 537.0, 1481.0, 1869.0, 2238.0, 2435.0, 2584.0, 2643.0, 2679.0], "tn_th subgroup 1": [0.0, 0.0, 238.0, 543.0, 665.0, 729.0, 777.0, 801.0, 801.0, 801.0], "tp": 3187.0, "tp race group 0": 924.0, "tp race group 1": 2263.0, "tp sex group 0": 2800.0, "tp sex group 1": 387.0, "tp subgroup 0": 799.0, "tp subgroup 1": 125.0, "tp_th": [6139.0, 6139.0, 5885.0, 5108.0, 4302.0, 3187.0, 2314.0, 1500.0, 518.0, 72.0], "tp_th race group 0": [2566.0, 2566.0, 2365.0, 1899.0, 1503.0, 924.0, 639.0, 394.0, 119.0, 12.0], "tp_th race group 1": [3573.0, 3573.0, 3520.0, 3209.0, 2799.0, 2263.0, 1675.0, 1106.0, 399.0, 60.0], "tp_th sex group 0": [5195.0, 5195.0, 5006.0, 4360.0, 3679.0, 2800.0, 2068.0, 1374.0, 476.0, 72.0], "tp_th sex group 1": [944.0, 944.0, 879.0, 748.0, 623.0, 387.0, 246.0, 126.0, 42.0, 0.0], "tp_th subgroup 0": [2083.0, 2083.0, 1941.0, 1548.0, 1230.0, 799.0, 555.0, 352.0, 101.0, 12.0], "tp_th subgroup 1": [483.0, 483.0, 424.0, 351.0, 273.0, 125.0, 84.0, 42.0, 18.0, 0.0], "global_step": 100.0}