{"accuracy": 0.6767168045043945, "accuracy race group 0": 0.6594748497009277, "accuracy race group 1": 0.6921692490577698, "accuracy sex group 0": 0.6687777638435364, "accuracy sex group 1": 0.708960235118866, "accuracy subgroup 0": 0.6454393863677979, "accuracy subgroup 1": 0.7110565900802612, "accuracy subgroup 2": 0.6889014840126038, "accuracy subgroup 3": 0.7067635655403137, "auc": 0.7310464382171631, "auc race group 0": 0.7080830931663513, "auc race group 1": 0.7402161359786987, "auc sex group 0": 0.7251604199409485, "auc sex group 1": 0.736575722694397, "auc subgroup 0": 0.6950209140777588, "auc subgroup 1": 0.7526259422302246, "auc subgroup 2": 0.7340259552001953, "auc subgroup 3": 0.7376991510391235, "aucpr": 0.7134745717048645, "fn": 92370.0, "fn race group 0": 53901.0, "fn race group 1": 38469.0, "fn sex group 0": 75276.0, "fn sex group 1": 17094.0, "fn subgroup 0": 42744.0, "fn subgroup 1": 11157.0, "fn subgroup 2": 32532.0, "fn subgroup 3": 5937.0, "fn_th": [0.0, 0.0, 6174.0, 33954.0, 56516.0, 92370.0, 128226.0, 162189.0, 201148.0, 238896.0], "fn_th race group 0": [0.0, 0.0, 4749.0, 22322.0, 35144.0, 53901.0, 67440.0, 79075.0, 90713.0, 101398.0], "fn_th race group 1": [0.0, 0.0, 1425.0, 11632.0, 21372.0, 38469.0, 60786.0, 83114.0, 110435.0, 137498.0], "fn_th sex group 0": [0.0, 0.0, 4986.0, 26597.0, 47261.0, 75276.0, 103774.0, 132035.0, 166717.0, 201379.0], "fn_th sex group 1": [0.0, 0.0, 1188.0, 7357.0, 9255.0, 17094.0, 24452.0, 30154.0, 34431.0, 37517.0], "fn_th subgroup 0": [0.0, 0.0, 3799.0, 17338.0, 28974.0, 42744.0, 52722.0, 62458.0, 72195.0, 81931.0], "fn_th subgroup 1": [0.0, 0.0, 950.0, 4984.0, 6170.0, 11157.0, 14718.0, 16617.0, 18518.0, 19467.0], "fn_th subgroup 2": [0.0, 0.0, 1187.0, 9259.0, 18287.0, 32532.0, 51052.0, 69577.0, 94522.0, 119448.0], "fn_th subgroup 3": [0.0, 0.0, 238.0, 2373.0, 3085.0, 5937.0, 9734.0, 13537.0, 15913.0, 18050.0], "fnr": 0.3758239150047302, "fnr race group 0": 0.5242217183113098, "fnr race group 1": 0.2690911293029785, "fnr sex group 0": 0.36227309703826904, "fnr sex group 1": 0.4499368369579315, "fnr subgroup 0": 0.5128008127212524, "fnr subgroup 1": 0.5731237530708313, "fnr subgroup 2": 0.26143980026245117, "fnr subgroup 3": 0.32048583030700684, "fp": 73151.0, "fp race group 0": 28502.0, "fp race group 1": 44649.0, "fp sex group 0": 60804.0, "fp sex group 1": 12347.0, "fp subgroup 0": 24703.0, "fp subgroup 1": 3799.0, "fp subgroup 2": 36101.0, "fp subgroup 3": 8548.0, "fp_th": [266220.0, 266220.0, 235109.0, 157679.0, 113519.0, 73151.0, 44168.0, 23745.0, 9257.0, 1187.0], "fp_th race group 0": [139167.0, 139167.0, 115179.0, 67208.0, 47268.0, 28502.0, 17103.0, 8076.0, 3797.0, 237.0], "fp_th race group 1": [127053.0, 127053.0, 119930.0, 90471.0, 66251.0, 44649.0, 27065.0, 15669.0, 5460.0, 950.0], "fp_th sex group 0": [203054.0, 203054.0, 180967.0, 125389.0, 90489.0, 60804.0, 37759.0, 20422.0, 9019.0, 1187.0], "fp_th sex group 1": [63166.0, 63166.0, 54142.0, 32290.0, 23030.0, 12347.0, 6409.0, 3323.0, 238.0, 0.0], "fp_th subgroup 0": [106873.0, 106873.0, 90246.0, 54860.0, 38720.0, 24703.0, 15441.0, 7127.0, 3797.0, 237.0], "fp_th subgroup 1": [32294.0, 32294.0, 24933.0, 12348.0, 8548.0, 3799.0, 1662.0, 949.0, 0.0, 0.0], "fp_th subgroup 2": [96181.0, 96181.0, 90721.0, 70529.0, 51769.0, 36101.0, 22318.0, 13295.0, 5222.0, 950.0], "fp_th subgroup 3": [30872.0, 30872.0, 29209.0, 19942.0, 14482.0, 8548.0, 4747.0, 2374.0, 238.0, 0.0], "fpr": 0.27477648854255676, "fpr race group 0": 0.20480430126190186, "fpr race group 1": 0.3514202833175659, "fpr sex group 0": 0.2994474470615387, "fpr sex group 1": 0.19546908140182495, "fpr subgroup 0": 0.2311435043811798, "fpr subgroup 1": 0.11763795465230942, "fpr subgroup 2": 0.3753443956375122, "fpr subgroup 3": 0.2768852114677429, "loss": 0.6043769121170044, "precision": 0.6771245002746582, "precision race group 0": 0.6318617463111877, "precision race group 1": 0.7006215453147888, "precision sex group 0": 0.6854683756828308, "precision sex group 1": 0.6286057829856873, "precision subgroup 0": 0.6217751502990723, "precision subgroup 1": 0.6862664222717285, "precision subgroup 2": 0.7179675698280334, "precision subgroup 3": 0.5955715179443359, "precision_th": [0.4800390601158142, 0.4800390601158142, 0.5047365427017212, 0.5732696652412415, 0.6250813007354736, 0.6771245002746582, 0.7268893718719482, 0.7787787914276123, 0.8282209634780884, 0.8529302477836609], "precision_th race group 0": [0.42490124702453613, 0.42490124702453613, 0.4598899781703949, 0.5449910759925842, 0.5887772440910339, 0.6318617463111877, 0.6741292476654053, 0.7462133169174194, 0.7612700462341309, 0.8572289347648621], "precision_th race group 1": [0.529454231262207, 0.529454231262207, 0.5413135290145874, 0.5921018123626709, 0.6472971439361572, 0.7006215453147888, 0.7522382140159607, 0.7925020456314087, 0.856255292892456, 0.8518171906471252], "precision_th sex group 0": [0.5057613253593445, 0.5057613253593445, 0.5284481048583984, 0.5910072326660156, 0.6395090222358704, 0.6854683756828308, 0.7336657643318176, 0.7876579165458679, 0.8199440836906433, 0.843733549118042], "precision_th sex group 1": [0.3755708932876587, 0.3755708932876587, 0.40467968583106995, 0.48684942722320557, 0.5551220178604126, 0.6286057829856873, 0.6787307858467102, 0.7022668123245239, 0.9373519420623779, 1.0], "precision_th subgroup 0": [0.4381817579269409, 0.4381817579269409, 0.46851903200149536, 0.5461464524269104, 0.5841031074523926, 0.6217751502990723, 0.6648579239845276, 0.7456731796264648, 0.7461219429969788, 0.8572289347648621], "precision_th subgroup 1": [0.3760939836502075, 0.3760939836502075, 0.4261679947376251, 0.5397860407829285, 0.6086976528167725, 0.6862664222717285, 0.7407580614089966, 0.7501974105834961, 1.0, 0.0], "precision_th subgroup 2": [0.5640323758125305, 0.5640323758125305, 0.5760067105293274, 0.6202074289321899, 0.672173798084259, 0.7179675698280334, 0.7667920589447021, 0.8049213290214539, 0.8513690233230591, 0.8399595618247986], "precision_th subgroup 3": [0.3750227689743042, 0.3750227689743042, 0.3850218951702118, 0.4474982023239136, 0.5160083174705505, 0.5955715179443359, 0.6493573784828186, 0.6775332689285278, 0.9164912104606628, 1.0], "recall": 0.6241760849952698, "recall race group 0": 0.4757782816886902, "recall race group 1": 0.7309088706970215, "recall sex group 0": 0.637726902961731, "recall sex group 1": 0.5500631928443909, "recall subgroup 0": 0.48719918727874756, "recall subgroup 1": 0.4268762469291687, "recall subgroup 2": 0.7385601997375488, "recall subgroup 3": 0.6795141696929932, "recall_th": [1.0, 1.0, 0.9748799800872803, 0.8618520498275757, 0.7700545191764832, 0.6241760849952698, 0.47828951478004456, 0.34010496735572815, 0.18159329891204834, 0.02800878882408142], "recall_th race group 0": [1.0, 1.0, 0.9538129568099976, 0.7829042673110962, 0.6582021117210388, 0.4757782816886902, 0.3441028594970703, 0.23094503581523895, 0.11775804311037064, 0.013839585706591606], "recall_th race group 1": [1.0, 1.0, 0.9900321364402771, 0.9186339974403381, 0.850502610206604, 0.7309088706970215, 0.5748011469841003, 0.41861653327941895, 0.22750578820705414, 0.038199763745069504], "recall_th sex group 0": [1.0, 1.0, 0.9760043621063232, 0.8719993233680725, 0.7725518345832825, 0.637726902961731, 0.5005775094032288, 0.36456868052482605, 0.19765819609165192, 0.030843937769532204], "recall_th sex group 1": [1.0, 1.0, 0.9687302708625793, 0.8063539862632751, 0.7563960552215576, 0.5500631928443909, 0.3563908338546753, 0.206306591629982, 0.09373025596141815, 0.012502632103860378], "recall_th subgroup 0": [1.0, 1.0, 0.9544233083724976, 0.7919955849647522, 0.6523982286453247, 0.48719918727874756, 0.3674928545951843, 0.250689834356308, 0.1338748037815094, 0.017071766778826714], "recall_th subgroup 1": [1.0, 1.0, 0.951199471950531, 0.7439770102500916, 0.6830533742904663, 0.4268762469291687, 0.24395130574703217, 0.14640159904956818, 0.0487491637468338, 0.0],