{"accuracy": 0.6754687428474426, "accuracy race group 0": 0.6533244848251343, "accuracy race group 1": 0.6952916979789734, "accuracy sex group 0": 0.6664398312568665, "accuracy sex group 1": 0.7124105095863342, "accuracy subgroup 0": 0.646367073059082, "accuracy subgroup 1": 0.6791277527809143, "auc": 0.7261826395988464, "auc race group 0": 0.6980058550834656, "auc race group 1": 0.7369864583015442, "auc sex group 0": 0.7201815843582153, "auc sex group 1": 0.7315711975097656, "auc subgroup 0": 0.6877490878105164, "auc subgroup 1": 0.7290886044502258, "aucpr": 0.709046483039856, "fn": 2767.0, "fn race group 0": 1535.0, "fn race group 1": 1232.0, "fn sex group 0": 2245.0, "fn sex group 1": 522.0, "fn subgroup 0": 1201.0, "fn subgroup 1": 334.0, "fn_th": [0.0, 0.0, 312.0, 1013.0, 1729.0, 2767.0, 3760.0, 4648.0, 5604.0, 6038.0], "fn_th race group 0": [0.0, 0.0, 247.0, 648.0, 1015.0, 1535.0, 1904.0, 2185.0, 2447.0, 2548.0], "fn_th race group 1": [0.0, 0.0, 65.0, 365.0, 714.0, 1232.0, 1856.0, 2463.0, 3157.0, 3490.0], "fn_th sex group 0": [0.0, 0.0, 248.0, 828.0, 1414.0, 2245.0, 3032.0, 3824.0, 4702.0, 5094.0], "fn_th sex group 1": [0.0, 0.0, 64.0, 185.0, 315.0, 522.0, 728.0, 824.0, 902.0, 944.0], "fn_th subgroup 0": [0.0, 0.0, 189.0, 522.0, 799.0, 1201.0, 1499.0, 1738.0, 1982.0, 2065.0], "fn_th subgroup 1": [0.0, 0.0, 58.0, 126.0, 216.0, 334.0, 405.0, 447.0, 465.0, 483.0], "fnr": 0.45072486996650696, "fnr race group 0": 0.5982073545455933, "fnr race group 1": 0.34480828046798706, "fnr sex group 0": 0.432146281003952, "fnr sex group 1": 0.5529661178588867, "fnr subgroup 0": 0.5765722393989563, "fnr subgroup 1": 0.6915113925933838, "fp": 1387.0, "fp race group 0": 561.0, "fp race group 1": 826.0, "fp sex group 0": 1186.0, "fp sex group 1": 201.0, "fp subgroup 0": 483.0, "fp subgroup 1": 78.0, "fp_th": [6661.0, 6655.0, 5467.0, 3574.0, 2377.0, 1387.0, 831.0, 334.0, 102.0, 24.0], "fp_th race group 0": [3480.0, 3474.0, 2590.0, 1527.0, 947.0, 561.0, 273.0, 95.0, 36.0, 0.0], "fp_th race group 1": [3181.0, 3181.0, 2877.0, 2047.0, 1430.0, 826.0, 558.0, 239.0, 66.0, 24.0], "fp_th sex group 0": [5091.0, 5085.0, 4258.0, 2840.0, 1959.0, 1186.0, 707.0, 305.0, 102.0, 24.0], "fp_th sex group 1": [1570.0, 1570.0, 1209.0, 734.0, 418.0, 201.0, 124.0, 29.0, 0.0, 0.0], "fp_th subgroup 0": [2679.0, 2673.0, 2079.0, 1246.0, 816.0, 483.0, 237.0, 95.0, 36.0, 0.0], "fp_th subgroup 1": [801.0, 801.0, 511.0, 281.0, 131.0, 78.0, 36.0, 0.0, 0.0, 0.0], "fpr": 0.2082269936800003, "fpr race group 0": 0.1612069010734558, "fpr race group 1": 0.25966677069664, "fpr sex group 0": 0.23296011984348297, "fpr sex group 1": 0.12802547216415405, "fpr subgroup 0": 0.18029114603996277, "fpr subgroup 1": 0.09737827628850937, "loss": 0.6093878746032715, "precision": 0.7085522413253784, "precision race group 0": 0.6476130485534668, "precision race group 1": 0.7391853332519531, "precision sex group 0": 0.7132495045661926, "precision sex group 1": 0.6773675680160522, "precision subgroup 0": 0.6461538672447205, "precision subgroup 1": 0.6563876867294312, "precision_th": [0.4796093702316284, 0.47983428835868835, 0.5159376859664917, 0.5891954302787781, 0.6497716307640076, 0.7085522413253784, 0.7411214709281921, 0.8169863224029541, 0.8398743867874146, 0.8080000281333923], "precision_th race group 0": [0.4244128465652466, 0.4248344302177429, 0.4723976254463196, 0.5567489266395569, 0.6208966970443726, 0.6476130485534668, 0.7080214023590088, 0.8004201650619507, 0.7677419185638428, 1.0], "precision_th race group 1": [0.529019832611084, 0.529019832611084, 0.5494126677513123, 0.6104662418365479, 0.6665889620780945, 0.7391853332519531, 0.7547252774238586, 0.8228317499160767, 0.863070547580719, 0.7757009267807007], "precision_th sex group 0": [0.5050554275512695, 0.5053501725196838, 0.5374253392219543, 0.6059386730194092, 0.658710777759552, 0.7132495045661926, 0.7536585330963135, 0.8180190920829773, 0.8285714387893677, 0.8080000281333923], "precision_th sex group 1": [0.3754972219467163, 0.3754972219467163, 0.4212541878223419, 0.50837242603302, 0.6007640957832336, 0.6773675680160522, 0.6352941393852234, 0.8053691387176514, 1.0, 0.0], "precision_th subgroup 0": [0.4374212622642517, 0.4379730820655823, 0.47671785950660706, 0.5561097264289856, 0.6114285588264465, 0.6461538672447205, 0.7113276720046997, 0.7840909361839294, 0.7372262477874756, 1.0], "precision_th subgroup 1": [0.37616822123527527, 0.37616822123527527, 0.4540598392486572, 0.5595611333847046, 0.6708542704582214, 0.6563876867294312, 0.6842105388641357, 1.0, 1.0, 0.0], "recall": 0.5492751002311707, "recall race group 0": 0.4017926752567291, "recall race group 1": 0.6551917195320129, "recall sex group 0": 0.5678536891937256, "recall sex group 1": 0.44703391194343567, "recall subgroup 0": 0.4234277606010437, "recall subgroup 1": 0.3084886074066162, "recall_th": [1.0, 1.0, 0.9491773843765259, 0.8349894285202026, 0.718358039855957, 0.5492751002311707, 0.3875223994255066, 0.2428734302520752, 0.08714774250984192, 0.016452191397547722], "recall_th race group 0": [1.0, 1.0, 0.9037412405014038, 0.7474668622016907, 0.6044427156448364, 0.4017926752567291, 0.2579890787601471, 0.1484801173210144, 0.04637568071484566, 0.007014809176325798], "recall_th race group 1": [1.0, 1.0, 0.9818080067634583, 0.8978449702262878, 0.8001679182052612, 0.6551917195320129, 0.48054856061935425, 0.3106633126735687, 0.11642877012491226, 0.023229779675602913], "recall_th sex group 0": [1.0, 1.0, 0.9522618055343628, 0.84061598777771, 0.7278152108192444, 0.5678536891937256, 0.41636189818382263, 0.26390761137008667, 0.09489893913269043, 0.019441770389676094], "recall_th sex group 1": [1.0, 1.0, 0.9322034120559692, 0.804025411605835, 0.6663135886192322, 0.44703391194343567, 0.2288135588169098, 0.12711864709854126, 0.04449152573943138, 0.0], "recall_th subgroup 0": [1.0, 1.0, 0.9092654585838318, 0.7493999004364014, 0.6164186000823975, 0.4234277606010437, 0.28036487102508545, 0.16562649607658386, 0.04848775640130043, 0.008641382679343224], "recall_th subgroup 1": [1.0, 1.0, 0.8799172043800354, 0.739130437374115, 0.5527950525283813, 0.3084886074066162, 0.16149067878723145, 0.07453416287899017, 0.03726708143949509, 0.0], "tn": 5274.0, "tn race group 0": 2919.0, "tn race group 1": 2355.0, "tn sex group 0": 3905.0, "tn sex group 1": 1369.0, "tn subgroup 0": 2196.0, "tn subgroup 1": 723.0, "tn_th": [0.0, 6.0, 1194.0, 3087.0, 4284.0, 5274.0, 5830.0, 6327.0, 6559.0, 6637.0], "tn_th race group 0": [0.0, 6.0, 890.0, 1953.0, 2533.0, 2919.0, 3207.0, 3385.0, 3444.0, 3480.0], "tn_th race group 1": [0.0, 0.0, 304.0, 1134.0, 1751.0, 2355.0, 2623.0, 2942.0, 3115.0, 3157.0], "tn_th sex group 0": [0.0, 6.0, 833.0, 2251.0, 3132.0, 3905.0, 4384.0, 4786.0, 4989.0, 5067.0], "tn_th sex group 1": [0.0, 0.0, 361.0, 836.0, 1152.0, 1369.0, 1446.0, 1541.0, 1570.0, 1570.0], "tn_th subgroup 0": [0.0, 6.0, 600.0, 1433.0, 1863.0, 2196.0, 2442.0, 2584.0, 2643.0, 2679.0], "tn_th subgroup 1": [0.0, 0.0, 290.0, 520.0, 670.0, 723.0, 765.0, 801.0, 801.0, 801.0], "tp": 3372.0, "tp race group 0": 1031.0, "tp race group 1": 2341.0, "tp sex group 0": 2950.0, "tp sex group 1": 422.0, "tp subgroup 0": 882.0, "tp subgroup 1": 149.0, "tp_th": [6139.0, 6139.0, 5827.0, 5126.0, 4410.0, 3372.0, 2379.0, 1491.0, 535.0, 101.0], "tp_th race group 0": [2566.0, 2566.0, 2319.0, 1918.0, 1551.0, 1031.0, 662.0, 381.0, 119.0, 18.0], "tp_th race group 1": [3573.0, 3573.0, 3508.0, 3208.0, 2859.0, 2341.0, 1717.0, 1110.0, 416.0, 83.0], "tp_th sex group 0": [5195.0, 5195.0, 4947.0, 4367.0, 3781.0, 2950.0, 2163.0, 1371.0, 493.0, 101.0], "tp_th sex group 1": [944.0, 944.0, 880.0, 759.0, 629.0, 422.0, 216.0, 120.0, 42.0, 0.0], "tp_th subgroup 0": [2083.0, 2083.0, 1894.0, 1561.0, 1284.0, 882.0, 584.0, 345.0, 101.0, 18.0], "tp_th subgroup 1": [483.0, 483.0, 425.0, 357.0, 267.0, 149.0, 78.0, 36.0, 18.0, 0.0], "global_step": 100.0}