{"accuracy": 0.6756250262260437, "accuracy race group 0": 0.6576249003410339, "accuracy race group 1": 0.6917382478713989, "accuracy sex group 0": 0.6683841943740845, "accuracy sex group 1": 0.70525062084198, "accuracy subgroup 0": 0.6543468832969666, "accuracy subgroup 1": 0.6697819232940674, "auc": 0.7229263186454773, "auc race group 0": 0.6917423009872437, "auc race group 1": 0.7363653779029846, "auc sex group 0": 0.7166710495948792, "auc sex group 1": 0.7283163070678711, "auc subgroup 0": 0.6808322072029114, "auc subgroup 1": 0.7245201468467712, "aucpr": 0.7039732336997986, "fn": 2742.0, "fn race group 0": 1522.0, "fn race group 1": 1220.0, "fn sex group 0": 2208.0, "fn sex group 1": 534.0, "fn subgroup 0": 1170.0, "fn subgroup 1": 352.0, "fn_th": [0.0, 0.0, 312.0, 1067.0, 1754.0, 2742.0, 3664.0, 4587.0, 5686.0, 6073.0], "fn_th race group 0": [0.0, 0.0, 242.0, 684.0, 1034.0, 1522.0, 1863.0, 2155.0, 2465.0, 2554.0], "fn_th race group 1": [0.0, 0.0, 70.0, 383.0, 720.0, 1220.0, 1801.0, 2432.0, 3221.0, 3519.0], "fn_th sex group 0": [0.0, 0.0, 247.0, 870.0, 1445.0, 2208.0, 2965.0, 3763.0, 4772.0, 5135.0], "fn_th sex group 1": [0.0, 0.0, 65.0, 197.0, 309.0, 534.0, 699.0, 824.0, 914.0, 938.0], "fn_th subgroup 0": [0.0, 0.0, 183.0, 552.0, 824.0, 1170.0, 1457.0, 1714.0, 1994.0, 2071.0], "fn_th subgroup 1": [0.0, 0.0, 59.0, 132.0, 210.0, 352.0, 406.0, 441.0, 471.0, 483.0], "fnr": 0.4466525614261627, "fnr race group 0": 0.5931410789489746, "fnr race group 1": 0.3414497673511505, "fnr sex group 0": 0.4250240623950958, "fnr sex group 1": 0.5656779408454895, "fnr subgroup 0": 0.5616898536682129, "fnr subgroup 1": 0.7287784814834595, "fp": 1410.0, "fp race group 0": 548.0, "fp race group 1": 862.0, "fp sex group 0": 1203.0, "fp sex group 1": 207.0, "fp subgroup 0": 476.0, "fp subgroup 1": 72.0, "fp_th": [6661.0, 6632.0, 5345.0, 3417.0, 2428.0, 1410.0, 874.0, 371.0, 90.0, 18.0], "fp_th race group 0": [3480.0, 3451.0, 2551.0, 1439.0, 968.0, 548.0, 297.0, 102.0, 24.0, 6.0], "fp_th race group 1": [3181.0, 3181.0, 2794.0, 1978.0, 1460.0, 862.0, 577.0, 269.0, 66.0, 12.0], "fp_th sex group 0": [5091.0, 5062.0, 4131.0, 2735.0, 1929.0, 1203.0, 762.0, 342.0, 84.0, 18.0], "fp_th sex group 1": [1570.0, 1570.0, 1214.0, 682.0, 499.0, 207.0, 112.0, 29.0, 6.0, 0.0], "fp_th subgroup 0": [2679.0, 2650.0, 2029.0, 1193.0, 798.0, 476.0, 261.0, 102.0, 24.0, 6.0], "fp_th subgroup 1": [801.0, 801.0, 522.0, 246.0, 170.0, 72.0, 36.0, 0.0, 0.0, 0.0], "fpr": 0.21167992055416107, "fpr race group 0": 0.15747126936912537, "fpr race group 1": 0.2709839642047882, "fpr sex group 0": 0.23629935085773468, "fpr sex group 1": 0.13184712827205658, "fpr subgroup 0": 0.17767824232578278, "fpr subgroup 1": 0.08988764137029648, "loss": 0.61060631275177, "precision": 0.7066777348518372, "precision race group 0": 0.6557788848876953, "precision race group 1": 0.7318817973136902, "precision sex group 0": 0.7128878235816956, "precision sex group 1": 0.664505660533905, "precision subgroup 0": 0.6573073863983154, "precision subgroup 1": 0.6453201770782471, "precision_th": [0.4796093702316284, 0.48069846630096436, 0.5215718150138855, 0.5974791049957275, 0.6436224579811096, 0.7066777348518372, 0.7390265464782715, 0.8070722818374634, 0.8342541456222534, 0.7857142686843872], "precision_th race group 0": [0.4244128465652466, 0.42645835876464844, 0.4767179489135742, 0.5666967630386353, 0.6128000020980835, 0.6557788848876953, 0.703000009059906, 0.8011695742607117, 0.8080000281333923, 0.6666666865348816], "precision_th race group 1": [0.529019832611084, 0.529019832611084, 0.5562966465950012, 0.6172600388526917, 0.6614885330200195, 0.7318817973136902, 0.7543635368347168, 0.8092198371887207, 0.8421052694320679, 0.8181818127632141], "precision_th sex group 0": [0.5050554275512695, 0.5064833760261536, 0.5449939370155334, 0.6126062273979187, 0.6603274941444397, 0.7128878235816956, 0.7453208565711975, 0.8072153329849243, 0.834319531917572, 0.7692307829856873], "precision_th sex group 1": [0.3754972219467163, 0.3754972219467163, 0.4199713468551636, 0.5227431654930115, 0.5599647164344788, 0.664505660533905, 0.686274528503418, 0.8053691387176514, 0.8333333134651184, 1.0], "precision_th subgroup 0": [0.4374212622642517, 0.44010141491889954, 0.48358359932899475, 0.5620411038398743, 0.6120563745498657, 0.6573073863983154, 0.7057496905326843, 0.7834395170211792, 0.7876105904579163, 0.6666666865348816], "precision_th subgroup 1": [0.37616822123527527, 0.37616822123527527, 0.4482029676437378, 0.5879396796226501, 0.6162528395652771, 0.6453201770782471, 0.6814159154891968, 1.0, 1.0, 0.0], "recall": 0.5533474683761597, "recall race group 0": 0.4068589210510254, "recall race group 1": 0.6585502624511719, "recall sex group 0": 0.5749759674072266, "recall sex group 1": 0.4343220293521881, "recall subgroup 0": 0.4383101165294647, "recall subgroup 1": 0.2712215185165405, "recall_th": [1.0, 1.0, 0.9491773843765259, 0.8261932134628296, 0.7142857313156128, 0.5533474683761597, 0.40316012501716614, 0.25280991196632385, 0.0737905204296112, 0.010750936344265938], "recall_th race group 0": [1.0, 1.0, 0.9056897759437561, 0.7334372401237488, 0.597038209438324, 0.4068589210510254, 0.27396726608276367, 0.1601714789867401, 0.03936087340116501, 0.004676539450883865], "recall_th race group 1": [1.0, 1.0, 0.9804086089134216, 0.8928071856498718, 0.7984886765480042, 0.6585502624511719, 0.49594178795814514, 0.31933948397636414, 0.09851665049791336, 0.015113350003957748], "recall_th sex group 0": [1.0, 1.0, 0.9524542689323425, 0.8325312733650208, 0.7218479514122009, 0.5749759674072266, 0.42925891280174255, 0.27564966678619385, 0.08142444491386414, 0.011549566872417927], "recall_th sex group 1": [1.0, 1.0, 0.9311440587043762, 0.7913135886192322, 0.6726694703102112, 0.4343220293521881, 0.25953391194343567, 0.12711864709854126, 0.031779661774635315, 0.006355931982398033], "recall_th subgroup 0": [1.0, 1.0, 0.9121459722518921, 0.734997570514679, 0.6044167280197144, 0.4383101165294647, 0.30052807927131653, 0.17714834213256836, 0.04272683709859848, 0.005760921631008387], "recall_th subgroup 1": [1.0, 1.0, 0.8778467774391174, 0.7267080545425415, 0.5652173757553101, 0.2712215185165405, 0.15942029654979706, 0.08695652335882187, 0.02484472095966339, 0.0], "tn": 5251.0, "tn race group 0": 2932.0, "tn race group 1": 2319.0, "tn sex group 0": 3888.0, "tn sex group 1": 1363.0, "tn subgroup 0": 2203.0, "tn subgroup 1": 729.0, "tn_th": [0.0, 29.0, 1316.0, 3244.0, 4233.0, 5251.0, 5787.0, 6290.0, 6571.0, 6643.0], "tn_th race group 0": [0.0, 29.0, 929.0, 2041.0, 2512.0, 2932.0, 3183.0, 3378.0, 3456.0, 3474.0], "tn_th race group 1": [0.0, 0.0, 387.0, 1203.0, 1721.0, 2319.0, 2604.0, 2912.0, 3115.0, 3169.0], "tn_th sex group 0": [0.0, 29.0, 960.0, 2356.0, 3162.0, 3888.0, 4329.0, 4749.0, 5007.0, 5073.0], "tn_th sex group 1": [0.0, 0.0, 356.0, 888.0, 1071.0, 1363.0, 1458.0, 1541.0, 1564.0, 1570.0], "tn_th subgroup 0": [0.0, 29.0, 650.0, 1486.0, 1881.0, 2203.0, 2418.0, 2577.0, 2655.0, 2673.0], "tn_th subgroup 1": [0.0, 0.0, 279.0, 555.0, 631.0, 729.0, 765.0, 801.0, 801.0, 801.0], "tp": 3397.0, "tp race group 0": 1044.0, "tp race group 1": 2353.0, "tp sex group 0": 2987.0, "tp sex group 1": 410.0, "tp subgroup 0": 913.0, "tp subgroup 1": 131.0, "tp_th": [6139.0, 6139.0, 5827.0, 5072.0, 4385.0, 3397.0, 2475.0, 1552.0, 453.0, 66.0], "tp_th race group 0": [2566.0, 2566.0, 2324.0, 1882.0, 1532.0, 1044.0, 703.0, 411.0, 101.0, 12.0], "tp_th race group 1": [3573.0, 3573.0, 3503.0, 3190.0, 2853.0, 2353.0, 1772.0, 1141.0, 352.0, 54.0], "tp_th sex group 0": [5195.0, 5195.0, 4948.0, 4325.0, 3750.0, 2987.0, 2230.0, 1432.0, 423.0, 60.0], "tp_th sex group 1": [944.0, 944.0, 879.0, 747.0, 635.0, 410.0, 245.0, 120.0, 30.0, 6.0], "tp_th subgroup 0": [2083.0, 2083.0, 1900.0, 1531.0, 1259.0, 913.0, 626.0, 369.0, 89.0, 12.0], "tp_th subgroup 1": [483.0, 483.0, 424.0, 351.0, 273.0, 131.0, 77.0, 42.0, 12.0, 0.0], "global_step": 100.0}