{"accuracy": 0.6776445508003235, "accuracy race group 0": 0.6624130010604858, "accuracy race group 1": 0.6912952065467834, "accuracy sex group 0": 0.6699290871620178, "accuracy sex group 1": 0.7089800238609314, "accuracy subgroup 0": 0.6491665244102478, "accuracy subgroup 1": 0.7110952138900757, "accuracy subgroup 2": 0.6878317594528198, "accuracy subgroup 3": 0.7067635655403137, "auc": 0.7342692017555237, "auc race group 0": 0.7128486633300781, "auc race group 1": 0.7415132522583008, "auc sex group 0": 0.7273050546646118, "auc sex group 1": 0.7441616058349609, "auc subgroup 0": 0.6976557374000549, "auc subgroup 1": 0.7645443081855774, "auc subgroup 2": 0.734946072101593, "auc subgroup 3": 0.736831784248352, "aucpr": 0.7144398093223572, "fn": 92369.0, "fn race group 0": 52476.0, "fn race group 1": 39893.0, "fn sex group 0": 74564.0, "fn sex group 1": 17805.0, "fn subgroup 0": 41321.0, "fn subgroup 1": 11155.0, "fn subgroup 2": 33243.0, "fn subgroup 3": 6650.0, "fn_th": [0.0, 0.0, 6890.0, 33001.0, 55089.0, 92369.0, 130122.0, 157433.0, 201621.0, 239135.0], "fn_th race group 0": [0.0, 0.0, 5702.0, 21607.0, 33242.0, 52476.0, 68861.0, 76225.0, 90950.0, 101635.0], "fn_th race group 1": [0.0, 0.0, 1188.0, 11394.0, 21847.0, 39893.0, 61261.0, 81208.0, 110671.0, 137500.0], "fn_th sex group 0": [0.0, 0.0, 5465.0, 26118.0, 44883.0, 74564.0, 105195.0, 128467.0, 167188.0, 201380.0], "fn_th sex group 1": [0.0, 0.0, 1425.0, 6883.0, 10206.0, 17805.0, 24927.0, 28966.0, 34433.0, 37755.0], "fn_th subgroup 0": [0.0, 0.0, 4277.0, 16860.0, 27072.0, 41321.0, 54145.0, 60082.0, 72669.0, 82168.0], "fn_th subgroup 1": [0.0, 0.0, 1425.0, 4747.0, 6170.0, 11155.0, 14716.0, 16143.0, 18281.0, 19467.0], "fn_th subgroup 2": [0.0, 0.0, 1188.0, 9258.0, 17811.0, 33243.0, 51050.0, 68385.0, 94519.0, 119212.0], "fn_th subgroup 3": [0.0, 0.0, 0.0, 2136.0, 4036.0, 6650.0, 10211.0, 12823.0, 16152.0, 18288.0], "fnr": 0.3758198320865631, "fnr race group 0": 0.5103626847267151, "fnr race group 1": 0.2790520489215851, "fnr sex group 0": 0.358846515417099, "fnr sex group 1": 0.46865129470825195, "fnr subgroup 0": 0.4957290589809418, "fnr subgroup 1": 0.5730209946632385, "fnr subgroup 2": 0.26715368032455444, "fnr subgroup 3": 0.3589743673801422, "fp": 72677.0, "fp race group 0": 29216.0, "fp race group 1": 43461.0, "fp sex group 0": 61043.0, "fp sex group 1": 11634.0, "fp subgroup 0": 25417.0, "fp subgroup 1": 3799.0, "fp subgroup 2": 35626.0, "fp subgroup 3": 7835.0, "fp_th": [266220.0, 265507.0, 228224.0, 159820.0, 113989.0, 72677.0, 45121.0, 24933.0, 9734.0, 237.0], "fp_th race group 0": [139167.0, 138454.0, 110197.0, 68636.0, 47740.0, 29216.0, 17101.0, 8553.0, 2848.0, 0.0], "fp_th race group 1": [127053.0, 127053.0, 118027.0, 91184.0, 66249.0, 43461.0, 28020.0, 16380.0, 6886.0, 237.0], "fp_th sex group 0": [203054.0, 202579.0, 175505.0, 127529.0, 91199.0, 61043.0, 38236.0, 21847.0, 9021.0, 237.0], "fp_th sex group 1": [63166.0, 62928.0, 52719.0, 32291.0, 22790.0, 11634.0, 6885.0, 3086.0, 713.0, 0.0], "fp_th subgroup 0": [106873.0, 106398.0, 86212.0, 56763.0, 39667.0, 25417.0, 15202.0, 7840.0, 2848.0, 0.0], "fp_th subgroup 1": [32294.0, 32056.0, 23985.0, 11873.0, 8073.0, 3799.0, 1899.0, 713.0, 0.0, 0.0], "fp_th subgroup 2": [96181.0, 96181.0, 89293.0, 70766.0, 51532.0, 35626.0, 23034.0, 14007.0, 6173.0, 237.0], "fp_th subgroup 3": [30872.0, 30872.0, 28734.0, 20418.0, 14717.0, 7835.0, 4986.0, 2373.0, 713.0, 0.0], "fpr": 0.2729960083961487, "fpr race group 0": 0.20993483066558838, "fpr race group 1": 0.3420698344707489, "fpr sex group 0": 0.30062445998191833, "fpr sex group 1": 0.1841813623905182, "fpr subgroup 0": 0.23782433569431305, "fpr subgroup 1": 0.11763795465230942, "fpr subgroup 2": 0.37040579319000244, "fpr subgroup 3": 0.25378984212875366, "loss": 0.60069340467453, "precision": 0.6785455346107483, "precision race group 0": 0.632784903049469, "precision race group 1": 0.7033925652503967, "precision sex group 0": 0.6857778429985046, "precision sex group 1": 0.6343923807144165, "precision subgroup 0": 0.6231727004051208, "precision subgroup 1": 0.6863182187080383, "precision subgroup 2": 0.7190755009651184, "precision subgroup 3": 0.6024860739707947, "precision_th": [0.4800390601158142, 0.4807084798812866, 0.5114169120788574, 0.5710670351982117, 0.6258730292320251, 0.6785455346107483, 0.7193601131439209, 0.7798993587493896, 0.8193828463554382, 0.9655623435974121], "precision_th race group 0": [0.42490124702453613, 0.4261568784713745, 0.46845877170562744, 0.5419686436653137, 0.5930752754211426, 0.632784903049469, 0.6650868654251099, 0.756664514541626, 0.8065086007118225, 1.0], "precision_th race group 1": [0.529454231262207, 0.529454231262207, 0.545697033405304, 0.5906423926353455, 0.6464098691940308, 0.7033925652503967, 0.7446179986000061, 0.7903521060943604, 0.8242201209068298, 0.9583918452262878], "precision_th sex group 0": [0.5057613253593445, 0.5063467621803284, 0.5354896783828735, 0.5875504016876221, 0.641095757484436, 0.6857778429985046, 0.7284933924674988, 0.7840522527694702, 0.8182019591331482, 0.9643340706825256], "precision_th sex group 1": [0.3755708932876587, 0.3764565885066986, 0.4095490872859955, 0.49067822098731995, 0.5493910312652588, 0.6343923807144165, 0.6548871994018555, 0.7452113628387451, 0.8330992460250854, 1.0], "precision_th subgroup 0": [0.4381817579269409, 0.43927863240242004, 0.4784165918827057, 0.5394744277000427, 0.5865824818611145, 0.6231727004051208, 0.6576974391937256, 0.7480071783065796, 0.7895514965057373, 1.0], "precision_th subgroup 1": [0.3760939836502075, 0.37783125042915344, 0.42929545044898987, 0.5535291433334351, 0.6222274303436279, 0.6863182187080383, 0.7144361138343811, 0.8233836889266968, 1.0, 0.0], "precision_th subgroup 2": [0.5640323758125305, 0.5640323758125305, 0.5798747539520264, 0.6194189786911011, 0.6741677522659302, 0.7190755009651184, 0.7611026763916016, 0.800059974193573, 0.8289459347724915, 0.9565854668617249], "precision_th subgroup 3": [0.3750227689743042, 0.3750227689743042, 0.3919888138771057, 0.44526857137680054, 0.4960967004299164, 0.6024860739707947, 0.625112771987915, 0.7061300277709961, 0.7689566016197205, 1.0], "recall": 0.6241801381111145, "recall race group 0": 0.4896373450756073, "recall race group 1": 0.7209479808807373, "recall sex group 0": 0.6411534547805786, "recall sex group 1": 0.531348705291748, "recall subgroup 0": 0.5042709112167358, "recall subgroup 1": 0.4269789755344391, "recall subgroup 2": 0.7328463196754456, "recall subgroup 3": 0.6410256624221802, "recall_th": [1.0, 1.0, 0.9719668030738831, 0.8657295107841492, 0.7758605480194092, 0.6241801381111145, 0.4705753028392792, 0.3594556152820587, 0.17966881394386292, 0.027036374434828758], "recall_th race group 0": [1.0, 1.0, 0.9445443749427795, 0.7898581027984619, 0.6767002940177917, 0.4896373450756073, 0.33028271794319153, 0.2586631178855896, 0.1154530718922615, 0.011534608900547028], "recall_th race group 1": [1.0, 1.0, 0.991689920425415, 0.9202988147735596, 0.8471799492835999, 0.7209479808807373, 0.571478545665741, 0.43194901943206787, 0.22585496306419373, 0.03818577527999878], "recall_th sex group 0": [1.0, 1.0, 0.973699152469635, 0.8743045926094055, 0.7839961647987366, 0.6411534547805786, 0.4937388002872467, 0.3817400336265564, 0.1953914612531662, 0.03083912469446659], "recall_th sex group 1": [1.0, 1.0, 0.9624921083450317, 0.8188302516937256, 0.7313644886016846, 0.531348705291748, 0.34388819336891174, 0.23757633566856384, 0.09367761760950089, 0.006238155532628298], "recall_th subgroup 0": [1.0, 1.0, 0.9486887454986572, 0.7977301478385925, 0.675216555595398, 0.5042709112167358, 0.35042110085487366, 0.27919477224349976, 0.12818820774555206, 0.01422847155481577], "recall_th subgroup 1": [1.0, 1.0, 0.9267991781234741, 0.7561514377593994, 0.6830533742904663, 0.4269789755344391, 0.24405403435230255, 0.17075049877166748, 0.06092361360788345, 0.0],