{"accuracy": 0.6717187762260437, "accuracy race group 0": 0.656467080116272, "accuracy race group 1": 0.6853716373443604, "accuracy sex group 0": 0.663523256778717, "accuracy sex group 1": 0.70525062084198, "accuracy subgroup 0": 0.6503570079803467, "accuracy subgroup 1": 0.6791277527809143, "auc": 0.7259132266044617, "auc race group 0": 0.7013109922409058, "auc race group 1": 0.7361990213394165, "auc sex group 0": 0.7211246490478516, "auc sex group 1": 0.7262121438980103, "auc subgroup 0": 0.6904751658439636, "auc subgroup 1": 0.7348113059997559, "aucpr": 0.7067076563835144, "fn": 2892.0, "fn race group 0": 1600.0, "fn race group 1": 1292.0, "fn sex group 0": 2340.0, "fn sex group 1": 552.0, "fn subgroup 0": 1248.0, "fn subgroup 1": 352.0, "fn_th": [0.0, 0.0, 248.0, 1091.0, 1855.0, 2892.0, 3836.0, 4772.0, 5706.0, 6061.0], "fn_th race group 0": [0.0, 0.0, 195.0, 691.0, 1075.0, 1600.0, 1933.0, 2220.0, 2465.0, 2548.0], "fn_th race group 1": [0.0, 0.0, 53.0, 400.0, 780.0, 1292.0, 1903.0, 2552.0, 3241.0, 3513.0], "fn_th sex group 0": [0.0, 0.0, 195.0, 889.0, 1522.0, 2340.0, 3108.0, 3948.0, 4804.0, 5117.0], "fn_th sex group 1": [0.0, 0.0, 53.0, 202.0, 333.0, 552.0, 728.0, 824.0, 902.0, 944.0], "fn_th subgroup 0": [0.0, 0.0, 148.0, 553.0, 859.0, 1248.0, 1528.0, 1773.0, 2000.0, 2065.0], "fn_th subgroup 1": [0.0, 0.0, 47.0, 138.0, 216.0, 352.0, 405.0, 447.0, 465.0, 483.0], "fnr": 0.4710865020751953, "fnr race group 0": 0.6235385537147522, "fnr race group 1": 0.3616009056568146, "fnr sex group 0": 0.4504331052303314, "fnr sex group 1": 0.5847457647323608, "fnr subgroup 0": 0.5991358757019043, "fnr subgroup 1": 0.7287784814834595, "fp": 1310.0, "fp race group 0": 477.0, "fp race group 1": 833.0, "fp sex group 0": 1121.0, "fp sex group 1": 189.0, "fp subgroup 0": 417.0, "fp subgroup 1": 60.0, "fp_th": [6661.0, 6661.0, 5644.0, 3488.0, 2298.0, 1310.0, 714.0, 304.0, 84.0, 24.0], "fp_th race group 0": [3480.0, 3480.0, 2724.0, 1487.0, 892.0, 477.0, 250.0, 95.0, 36.0, 0.0], "fp_th race group 1": [3181.0, 3181.0, 2920.0, 2001.0, 1406.0, 833.0, 464.0, 209.0, 48.0, 24.0], "fp_th sex group 0": [5091.0, 5091.0, 4364.0, 2782.0, 1869.0, 1121.0, 626.0, 287.0, 84.0, 24.0], "fp_th sex group 1": [1570.0, 1570.0, 1280.0, 706.0, 429.0, 189.0, 88.0, 17.0, 0.0, 0.0], "fp_th subgroup 0": [2679.0, 2679.0, 2166.0, 1217.0, 762.0, 417.0, 226.0, 95.0, 36.0, 0.0], "fp_th subgroup 1": [801.0, 801.0, 558.0, 270.0, 130.0, 60.0, 24.0, 0.0, 0.0, 0.0], "fpr": 0.1966671645641327, "fpr race group 0": 0.137068971991539, "fpr race group 1": 0.26186734437942505, "fpr sex group 0": 0.22019249200820923, "fpr sex group 1": 0.1203821673989296, "fpr subgroup 0": 0.15565510094165802, "fpr subgroup 1": 0.0749063640832901, "loss": 0.6123670339584351, "precision": 0.7125301957130432, "precision race group 0": 0.6694386601448059, "precision race group 1": 0.7324984073638916, "precision sex group 0": 0.7180583477020264, "precision sex group 1": 0.6746987700462341, "precision subgroup 0": 0.6669328808784485, "precision subgroup 1": 0.6858638525009155, "precision_th": [0.4796093702316284, 0.4796093702316284, 0.5107065439224243, 0.5913776755332947, 0.6508659720420837, 0.7125301957130432, 0.7633410692214966, 0.818073034286499, 0.8375241756439209, 0.7647058963775635], "precision_th race group 0": [0.4244128465652466, 0.4244128465652466, 0.4653581976890564, 0.5577037334442139, 0.6256819367408752, 0.6694386601448059, 0.7168743014335632, 0.7845804691314697, 0.7372262477874756, 1.0], "precision_th race group 1": [0.529019832611084, 0.529019832611084, 0.5465838313102722, 0.6132586002349854, 0.6651583909988403, 0.7324984073638916, 0.7825679183006287, 0.8300812840461731, 0.8736842274665833, 0.7142857313156128], "precision_th sex group 0": [0.5050554275512695, 0.5050554275512695, 0.5339598655700684, 0.6075056195259094, 0.6627570986747742, 0.7180583477020264, 0.7692590951919556, 0.8129074573516846, 0.8231579065322876, 0.7647058963775635], "precision_th sex group 1": [0.3754972219467163, 0.3754972219467163, 0.41040995717048645, 0.5124309659004211, 0.5874999761581421, 0.6746987700462341, 0.7105262875556946, 0.8759124279022217, 1.0, 0.0], "precision_th subgroup 0": [0.4374212622642517, 0.4374212622642517, 0.4718361496925354, 0.5569712519645691, 0.616314172744751, 0.6669328808784485, 0.7106273770332336, 0.7654321193695068, 0.6974790096282959, 1.0], "precision_th subgroup 1": [0.37616822123527527, 0.37616822123527527, 0.4386318027973175, 0.5609756112098694, 0.6725440621376038, 0.6858638525009155, 0.7647058963775635, 1.0, 1.0, 0.0], "recall": 0.5289134979248047, "recall race group 0": 0.3764614164829254, "recall race group 1": 0.6383991241455078, "recall sex group 0": 0.5495668649673462, "recall sex group 1": 0.41525423526763916, "recall subgroup 0": 0.4008641242980957, "recall subgroup 1": 0.2712215185165405, "recall_th": [1.0, 1.0, 0.9596025347709656, 0.8222837448120117, 0.6978335380554199, 0.5289134979248047, 0.37514254450798035, 0.22267469763755798, 0.0705326572060585, 0.012705652043223381], "recall_th race group 0": [1.0, 1.0, 0.9240062236785889, 0.7307092547416687, 0.581059992313385, 0.3764614164829254, 0.24668745696544647, 0.1348402202129364, 0.03936087340116501, 0.007014809176325798], "recall_th race group 1": [1.0, 1.0, 0.9851665496826172, 0.8880492448806763, 0.781696081161499, 0.6383991241455078, 0.4673943519592285, 0.2857542634010315, 0.09291911870241165, 0.01679261215031147], "recall_th sex group 0": [1.0, 1.0, 0.962463915348053, 0.8288739323616028, 0.7070260047912598, 0.5495668649673462, 0.4017324447631836, 0.24003849923610687, 0.07526467740535736, 0.015014437027275562], "recall_th sex group 1": [1.0, 1.0, 0.9438559412956238, 0.7860169410705566, 0.6472457647323608, 0.41525423526763916, 0.2288135588169098, 0.12711864709854126, 0.04449152573943138, 0.0], "recall_th subgroup 0": [1.0, 1.0, 0.9289486408233643, 0.734517514705658, 0.5876139998435974, 0.4008641242980957, 0.2664426267147064, 0.1488238126039505, 0.039846375584602356, 0.008641382679343224], "recall_th subgroup 1": [1.0, 1.0, 0.9026914834976196, 0.7142857313156128, 0.5527950525283813, 0.2712215185165405, 0.16149067878723145, 0.07453416287899017, 0.03726708143949509, 0.0], "tn": 5351.0, "tn race group 0": 3003.0, "tn race group 1": 2348.0, "tn sex group 0": 3970.0, "tn sex group 1": 1381.0, "tn subgroup 0": 2262.0, "tn subgroup 1": 741.0, "tn_th": [0.0, 0.0, 1017.0, 3173.0, 4363.0, 5351.0, 5947.0, 6357.0, 6577.0, 6637.0], "tn_th race group 0": [0.0, 0.0, 756.0, 1993.0, 2588.0, 3003.0, 3230.0, 3385.0, 3444.0, 3480.0], "tn_th race group 1": [0.0, 0.0, 261.0, 1180.0, 1775.0, 2348.0, 2717.0, 2972.0, 3133.0, 3157.0], "tn_th sex group 0": [0.0, 0.0, 727.0, 2309.0, 3222.0, 3970.0, 4465.0, 4804.0, 5007.0, 5067.0], "tn_th sex group 1": [0.0, 0.0, 290.0, 864.0, 1141.0, 1381.0, 1482.0, 1553.0, 1570.0, 1570.0], "tn_th subgroup 0": [0.0, 0.0, 513.0, 1462.0, 1917.0, 2262.0, 2453.0, 2584.0, 2643.0, 2679.0], "tn_th subgroup 1": [0.0, 0.0, 243.0, 531.0, 671.0, 741.0, 777.0, 801.0, 801.0, 801.0], "tp": 3247.0, "tp race group 0": 966.0, "tp race group 1": 2281.0, "tp sex group 0": 2855.0, "tp sex group 1": 392.0, "tp subgroup 0": 835.0, "tp subgroup 1": 131.0, "tp_th": [6139.0, 6139.0, 5891.0, 5048.0, 4284.0, 3247.0, 2303.0, 1367.0, 433.0, 78.0], "tp_th race group 0": [2566.0, 2566.0, 2371.0, 1875.0, 1491.0, 966.0, 633.0, 346.0, 101.0, 18.0], "tp_th race group 1": [3573.0, 3573.0, 3520.0, 3173.0, 2793.0, 2281.0, 1670.0, 1021.0, 332.0, 60.0], "tp_th sex group 0": [5195.0, 5195.0, 5000.0, 4306.0, 3673.0, 2855.0, 2087.0, 1247.0, 391.0, 78.0], "tp_th sex group 1": [944.0, 944.0, 891.0, 742.0, 611.0, 392.0, 216.0, 120.0, 42.0, 0.0], "tp_th subgroup 0": [2083.0, 2083.0, 1935.0, 1530.0, 1224.0, 835.0, 555.0, 310.0, 83.0, 18.0], "tp_th subgroup 1": [483.0, 483.0, 436.0, 345.0, 267.0, 131.0, 78.0, 36.0, 18.0, 0.0], "global_step": 100.0}