{"accuracy": 0.6799609661102295, "accuracy race group 0": 0.66436767578125, "accuracy race group 1": 0.6939358115196228, "accuracy sex group 0": 0.6681863069534302, "accuracy sex group 1": 0.7277823090553284, "accuracy subgroup 0": 0.6491560339927673, "accuracy subgroup 1": 0.7202720046043396, "accuracy subgroup 2": 0.6845953464508057, "accuracy subgroup 3": 0.735651969909668, "auc": 0.7316164374351501, "auc race group 0": 0.7085866928100586, "auc race group 1": 0.7408654093742371, "auc sex group 0": 0.7254207134246826, "auc sex group 1": 0.7390848994255066, "auc subgroup 0": 0.694039523601532, "auc subgroup 1": 0.7590618133544922, "auc subgroup 2": 0.73451828956604, "auc subgroup 3": 0.7398735284805298, "aucpr": 0.708476722240448, "fn": 90949.0, "fn race group 0": 52479.0, "fn race group 1": 38470.0, "fn sex group 0": 74095.0, "fn sex group 1": 16854.0, "fn subgroup 0": 41561.0, "fn subgroup 1": 10918.0, "fn subgroup 2": 32534.0, "fn subgroup 3": 5936.0, "fn_th": [0.0, 0.0, 7363.0, 33244.0, 53897.0, 90949.0, 131311.0, 160524.0, 206607.0, 241270.0], "fn_th race group 0": [0.0, 0.0, 5226.0, 22322.0, 33716.0, 52479.0, 69577.0, 78600.0, 92615.0, 101872.0], "fn_th race group 1": [0.0, 0.0, 2137.0, 10922.0, 20181.0, 38470.0, 61734.0, 81924.0, 113992.0, 139398.0], "fn_th sex group 0": [0.0, 0.0, 5701.0, 26360.0, 43930.0, 74095.0, 107332.0, 129896.0, 171226.0, 203753.0], "fn_th sex group 1": [0.0, 0.0, 1662.0, 6884.0, 9967.0, 16854.0, 23979.0, 30628.0, 35381.0, 37517.0], "fn_th subgroup 0": [0.0, 0.0, 4277.0, 17338.0, 27071.0, 41561.0, 54860.0, 61984.0, 74334.0, 82405.0], "fn_th subgroup 1": [0.0, 0.0, 949.0, 4984.0, 6645.0, 10918.0, 14717.0, 16616.0, 18281.0, 19467.0], "fn_th subgroup 2": [0.0, 0.0, 1424.0, 9022.0, 16859.0, 32534.0, 52472.0, 67912.0, 96892.0, 121348.0], "fn_th subgroup 3": [0.0, 0.0, 713.0, 1900.0, 3322.0, 5936.0, 9262.0, 14012.0, 17100.0, 18050.0], "fnr": 0.3700423240661621, "fnr race group 0": 0.5103918313980103, "fnr race group 1": 0.2690981328487396, "fnr sex group 0": 0.3565894067287445, "fnr sex group 1": 0.4436196982860565, "fnr subgroup 0": 0.4986083507537842, "fnr subgroup 1": 0.5608465671539307, "fnr subgroup 2": 0.26145586371421814, "fnr subgroup 3": 0.3204318583011627, "fp": 72911.0, "fp race group 0": 28740.0, "fp race group 1": 44171.0, "fp sex group 0": 62228.0, "fp sex group 1": 10683.0, "fp subgroup 0": 25179.0, "fp subgroup 1": 3561.0, "fp subgroup 2": 37049.0, "fp subgroup 3": 7122.0, "fp_th": [266220.0, 266220.0, 232501.0, 160770.0, 117314.0, 72911.0, 43221.0, 25407.0, 7836.0, 1425.0], "fp_th race group 0": [139167.0, 139167.0, 114948.0, 68159.0, 48215.0, 28740.0, 15438.0, 8551.0, 2612.0, 238.0], "fp_th race group 1": [127053.0, 127053.0, 117553.0, 92611.0, 69099.0, 44171.0, 27783.0, 16856.0, 5224.0, 1187.0], "fp_th sex group 0": [203054.0, 203054.0, 179783.0, 127767.0, 92861.0, 62228.0, 36573.0, 22084.0, 7360.0, 1425.0], "fp_th sex group 1": [63166.0, 63166.0, 52718.0, 33003.0, 24453.0, 10683.0, 6648.0, 3323.0, 476.0, 0.0], "fp_th subgroup 0": [106873.0, 106873.0, 90489.0, 55811.0, 39668.0, 25179.0, 14014.0, 7602.0, 2612.0, 238.0], "fp_th subgroup 1": [32294.0, 32294.0, 24459.0, 12348.0, 8547.0, 3561.0, 1424.0, 949.0, 0.0, 0.0], "fp_th subgroup 2": [96181.0, 96181.0, 89294.0, 71956.0, 53193.0, 37049.0, 22559.0, 14482.0, 4748.0, 1187.0], "fp_th subgroup 3": [30872.0, 30872.0, 28259.0, 20655.0, 15906.0, 7122.0, 5224.0, 2374.0, 476.0, 0.0], "fpr": 0.27387499809265137, "fpr race group 0": 0.20651447772979736, "fpr race group 1": 0.34765806794166565, "fpr sex group 0": 0.30646035075187683, "fpr sex group 1": 0.16912579536437988, "fpr subgroup 0": 0.2355973869562149, "fpr subgroup 1": 0.11026816070079803, "fpr subgroup 2": 0.3852008283138275, "fpr subgroup 3": 0.2306944876909256, "loss": 0.6056551337242126, "precision": 0.6798526644706726, "precision race group 0": 0.6365797519683838, "precision race group 1": 0.7028723359107971, "precision sex group 0": 0.6823821663856506, "precision sex group 1": 0.6642783284187317, "precision subgroup 0": 0.6240369081497192, "precision subgroup 1": 0.7059454917907715, "precision subgroup 2": 0.7126848697662354, "precision subgroup 3": 0.6386789083480835, "precision_th": [0.4800390601158142, 0.4800390601158142, 0.5062813758850098, 0.5693345665931702, 0.6205849051475525, 0.6798526644706726, 0.7259116172790527, 0.7704110741615295, 0.8333085179328918, 0.7598989009857178], "precision_th race group 0": [0.42490124702453613, 0.42490124702453613, 0.4591776728630066, 0.5415046811103821, 0.5890300273895264, 0.6365797519683838, 0.6828807592391968, 0.7390760183334351, 0.796224057674408, 0.7994945049285889], "precision_th race group 1": [0.529454231262207, 0.529454231262207, 0.5450295209884644, 0.5877506136894226, 0.6398786902427673, 0.7028723359107971, 0.7451288104057312, 0.7835950255393982, 0.8472112417221069, 0.75], "precision_th sex group 0": [0.5057613253593445, 0.5057613253593445, 0.5292036533355713, 0.5867753624916077, 0.6382776498794556, 0.6823821663856506, 0.7331002950668335, 0.7791069746017456, 0.8324302434921265, 0.7390109896659851], "precision_th sex group 1": [0.3755708932876587, 0.3755708932876587, 0.40798220038414, 0.48522093892097473, 0.5340332984924316, 0.6642783284187317, 0.678234338760376, 0.6890614628791809, 0.8458049893379211, 1.0], "precision_th subgroup 0": [0.4381817579269409, 0.4381817579269409, 0.46634939312934875, 0.5418831706047058, 0.5865806341171265, 0.6240369081497192, 0.6703208684921265, 0.7376087307929993, 0.7754470705986023, 0.7994945049285889], "precision_th subgroup 1": [0.3760939836502075, 0.3760939836502075, 0.43088164925575256, 0.5397860407829285, 0.6000280976295471, 0.7059454917907715, 0.7693553566932678, 0.7502631545066833, 1.0, 0.0], "precision_th subgroup 2": [0.5640323758125305, 0.5640323758125305, 0.5794050097465515, 0.6159642934799194, 0.6691319346427917, 0.7126848697662354, 0.7613334655761719, 0.7960396409034729, 0.852957546710968, 0.7222092151641846], "precision_th subgroup 3": [0.3750227689743042, 0.3750227689743042, 0.3866206407546997, 0.44594958424568176, 0.4887010157108307, 0.6386789083480835, 0.639400839805603, 0.6552925705909729, 0.7496054768562317, 1.0], "recall": 0.6299576759338379, "recall race group 0": 0.48960816860198975, "recall race group 1": 0.730901837348938, "recall sex group 0": 0.6434105634689331, "recall sex group 1": 0.5563802719116211, "recall subgroup 0": 0.5013916492462158, "recall subgroup 1": 0.43915343284606934, "recall subgroup 2": 0.7385441064834595, "recall subgroup 3": 0.6795681715011597, "recall_th": [1.0, 1.0, 0.9700422883033752, 0.8647408485412598, 0.7807103991508484, 0.6299576759338379, 0.46573764085769653, 0.34687933325767517, 0.15938237309455872, 0.018349744379520416], "recall_th race group 0": [1.0, 1.0, 0.9491738080978394, 0.7829042673110962, 0.6720903515815735, 0.48960816860198975, 0.3233191668987274, 0.235564723610878, 0.0992598757147789, 0.009229632094502449], "recall_th race group 1": [1.0, 1.0, 0.9850516319274902, 0.9236004948616028, 0.8588336706161499, 0.730901837348938, 0.568169891834259, 0.42694059014320374, 0.20262452960014343, 0.024909239262342453], "recall_th sex group 0": [1.0, 1.0, 0.9725633859634399, 0.8731399178504944, 0.7885826230049133, 0.6434105634689331, 0.48345428705215454, 0.3748628497123718, 0.17595818638801575, 0.019418830052018166], "recall_th sex group 1": [1.0, 1.0, 0.9562539458274841, 0.8188039660453796, 0.7376552820205688, 0.5563802719116211, 0.3688408136367798, 0.19383028149604797, 0.06872499734163284, 0.012502632103860378], "recall_th subgroup 0": [1.0, 1.0, 0.9486887454986572, 0.7919955849647522, 0.6752285361289978, 0.5013916492462158, 0.34184321761131287, 0.2563764154911041, 0.1082131639122963, 0.011385176330804825], "recall_th subgroup 1": [1.0, 1.0, 0.9512508511543274, 0.7439770102500916, 0.6586530804634094, 0.43915343284606934, 0.24400267004966736, 0.14645297825336456, 0.06092361360788345, 0.0],