{"accuracy": 0.669921875, "accuracy race group 0": 0.6553093194961548, "accuracy race group 1": 0.6830026507377625, "accuracy sex group 0": 0.6607038974761963, "accuracy sex group 1": 0.7076372504234314, "accuracy subgroup 0": 0.648887038230896, "accuracy subgroup 1": 0.6791277527809143, "auc": 0.7276592254638672, "auc race group 0": 0.7005383968353271, "auc race group 1": 0.739772379398346, "auc sex group 0": 0.7215896248817444, "auc sex group 1": 0.735187292098999, "auc subgroup 0": 0.6881687641143799, "auc subgroup 1": 0.7411284446716309, "aucpr": 0.7078080773353577, "fn": 2946.0, "fn race group 0": 1624.0, "fn race group 1": 1322.0, "fn sex group 0": 2394.0, "fn sex group 1": 552.0, "fn subgroup 0": 1272.0, "fn subgroup 1": 352.0, "fn_th": [0.0, 0.0, 188.0, 1091.0, 1865.0, 2946.0, 3954.0, 4824.0, 5622.0, 6050.0], "fn_th race group 0": [0.0, 0.0, 153.0, 702.0, 1091.0, 1624.0, 1927.0, 2220.0, 2441.0, 2543.0], "fn_th race group 1": [0.0, 0.0, 35.0, 389.0, 774.0, 1322.0, 2027.0, 2604.0, 3181.0, 3507.0], "fn_th sex group 0": [0.0, 0.0, 141.0, 900.0, 1532.0, 2394.0, 3214.0, 4006.0, 4708.0, 5106.0], "fn_th sex group 1": [0.0, 0.0, 47.0, 191.0, 333.0, 552.0, 740.0, 818.0, 914.0, 944.0], "fn_th subgroup 0": [0.0, 0.0, 112.0, 564.0, 869.0, 1272.0, 1516.0, 1779.0, 1964.0, 2060.0], "fn_th subgroup 1": [0.0, 0.0, 41.0, 138.0, 222.0, 352.0, 411.0, 441.0, 477.0, 483.0], "fnr": 0.47988271713256836, "fnr race group 0": 0.6328916549682617, "fnr race group 1": 0.36999720335006714, "fnr sex group 0": 0.46082770824432373, "fnr sex group 1": 0.5847457647323608, "fnr subgroup 0": 0.6106576919555664, "fnr subgroup 1": 0.7287784814834595, "fp": 1279.0, "fp race group 0": 460.0, "fp race group 1": 819.0, "fp sex group 0": 1096.0, "fp sex group 1": 183.0, "fp subgroup 0": 400.0, "fp subgroup 1": 60.0, "fp_th": [6661.0, 6661.0, 5746.0, 3499.0, 2381.0, 1279.0, 707.0, 268.0, 96.0, 24.0], "fp_th race group 0": [3480.0, 3480.0, 2802.0, 1480.0, 951.0, 460.0, 232.0, 89.0, 30.0, 0.0], "fp_th race group 1": [3181.0, 3181.0, 2944.0, 2019.0, 1430.0, 819.0, 475.0, 179.0, 66.0, 24.0], "fp_th sex group 0": [5091.0, 5091.0, 4460.0, 2747.0, 1917.0, 1096.0, 607.0, 257.0, 96.0, 24.0], "fp_th sex group 1": [1570.0, 1570.0, 1286.0, 752.0, 464.0, 183.0, 100.0, 11.0, 0.0, 0.0], "fp_th subgroup 0": [2679.0, 2679.0, 2238.0, 1193.0, 786.0, 400.0, 202.0, 89.0, 30.0, 0.0], "fp_th subgroup 1": [801.0, 801.0, 564.0, 287.0, 165.0, 60.0, 30.0, 0.0, 0.0, 0.0], "fpr": 0.1920132040977478, "fpr race group 0": 0.13218390941619873, "fpr race group 1": 0.257466197013855, "fpr sex group 0": 0.2152818739414215, "fpr sex group 1": 0.11656051129102707, "fpr subgroup 0": 0.149309441447258, "fpr subgroup 1": 0.0749063640832901, "loss": 0.6119968891143799, "precision": 0.7139981985092163, "precision race group 0": 0.671897292137146, "precision race group 1": 0.7332247495651245, "precision sex group 0": 0.7187580466270447, "precision sex group 1": 0.6817391514778137, "precision subgroup 0": 0.6696944832801819, "precision subgroup 1": 0.6858638525009155, "precision_th": [0.4796093702316284, 0.4796093702316284, 0.5087629556655884, 0.5906165838241577, 0.6422238945960999, 0.7139981985092163, 0.7555325031280518, 0.8307011723518372, 0.8433931469917297, 0.7876105904579163], "precision_th race group 0": [0.4244128465652466, 0.4244128465652466, 0.46270373463630676, 0.5574162602424622, 0.6079967021942139, 0.671897292137146, 0.7336394786834717, 0.7954022884368896, 0.8064516186714172, 1.0], "precision_th race group 1": [0.529019832611084, 0.529019832611084, 0.5458191633224487, 0.6119546294212341, 0.6618586182594299, 0.7332247495651245, 0.7649678587913513, 0.8440766334533691, 0.8558952212333679, 0.7333333492279053], "precision_th sex group 0": [0.5050554275512695, 0.5050554275512695, 0.5312171578407288, 0.6099119782447815, 0.6564516425132751, 0.7187580466270447, 0.765455961227417, 0.8222683072090149, 0.8353344798088074, 0.7876105904579163], "precision_th sex group 1": [0.3754972219467163, 0.3754972219467163, 0.4109024405479431, 0.500332236289978, 0.5683720707893372, 0.6817391514778137, 0.6710526347160339, 0.9197080135345459, 1.0, 0.0], "precision_th subgroup 0": [0.4374212622642517, 0.4374212622642517, 0.4682822525501251, 0.5601032376289368, 0.6069999933242798, 0.6696944832801819, 0.7373211979866028, 0.7735369205474854, 0.7986577153205872, 1.0], "precision_th subgroup 1": [0.37616822123527527, 0.37616822123527527, 0.4393638074398041, 0.5458860993385315, 0.6126760840415955, 0.6858638525009155, 0.7058823704719543, 1.0, 1.0, 0.0], "recall": 0.5201172828674316, "recall race group 0": 0.3671083450317383, "recall race group 1": 0.6300027966499329, "recall sex group 0": 0.5391722917556763, "recall sex group 1": 0.41525423526763916, "recall subgroup 0": 0.3893423080444336, "recall subgroup 1": 0.2712215185165405, "recall_th": [1.0, 1.0, 0.9693761467933655, 0.8222837448120117, 0.6962046027183533, 0.5201172828674316, 0.3559211492538452, 0.21420426666736603, 0.0842156708240509, 0.014497474767267704], "recall_th race group 0": [1.0, 1.0, 0.9403741359710693, 0.7264224290847778, 0.5748246312141418, 0.3671083450317383, 0.24902571737766266, 0.1348402202129364, 0.04871395230293274, 0.008963366970419884], "recall_th race group 1": [1.0, 1.0, 0.9902043342590332, 0.89112788438797, 0.7833753228187561, 0.6300027966499329, 0.4326896071434021, 0.27120065689086914, 0.10971172899007797, 0.018471872434020042], "recall_th sex group 0": [1.0, 1.0, 0.9728584885597229, 0.826756477355957, 0.7051010727882385, 0.5391722917556763, 0.38132819533348083, 0.22887392342090607, 0.09374398738145828, 0.017131857573986053], "recall_th sex group 1": [1.0, 1.0, 0.9502118825912476, 0.7976694703102112, 0.6472457647323608, 0.41525423526763916, 0.21610169112682343, 0.13347457349300385, 0.031779661774635315, 0.0], "recall_th subgroup 0": [1.0, 1.0, 0.9462314248085022, 0.7292366623878479, 0.5828132629394531, 0.3893423080444336, 0.27220356464385986, 0.14594334363937378, 0.0571291409432888, 0.011041766963899136], "recall_th subgroup 1": [1.0, 1.0, 0.9151138663291931, 0.7142857313156128, 0.5403726696968079, 0.2712215185165405, 0.14906832575798035, 0.08695652335882187, 0.012422360479831696, 0.0], "tn": 5382.0, "tn race group 0": 3020.0, "tn race group 1": 2362.0, "tn sex group 0": 3995.0, "tn sex group 1": 1387.0, "tn subgroup 0": 2279.0, "tn subgroup 1": 741.0, "tn_th": [0.0, 0.0, 915.0, 3162.0, 4280.0, 5382.0, 5954.0, 6393.0, 6565.0, 6637.0], "tn_th race group 0": [0.0, 0.0, 678.0, 2000.0, 2529.0, 3020.0, 3248.0, 3391.0, 3450.0, 3480.0], "tn_th race group 1": [0.0, 0.0, 237.0, 1162.0, 1751.0, 2362.0, 2706.0, 3002.0, 3115.0, 3157.0], "tn_th sex group 0": [0.0, 0.0, 631.0, 2344.0, 3174.0, 3995.0, 4484.0, 4834.0, 4995.0, 5067.0], "tn_th sex group 1": [0.0, 0.0, 284.0, 818.0, 1106.0, 1387.0, 1470.0, 1559.0, 1570.0, 1570.0], "tn_th subgroup 0": [0.0, 0.0, 441.0, 1486.0, 1893.0, 2279.0, 2477.0, 2590.0, 2649.0, 2679.0], "tn_th subgroup 1": [0.0, 0.0, 237.0, 514.0, 636.0, 741.0, 771.0, 801.0, 801.0, 801.0], "tp": 3193.0, "tp race group 0": 942.0, "tp race group 1": 2251.0, "tp sex group 0": 2801.0, "tp sex group 1": 392.0, "tp subgroup 0": 811.0, "tp subgroup 1": 131.0, "tp_th": [6139.0, 6139.0, 5951.0, 5048.0, 4274.0, 3193.0, 2185.0, 1315.0, 517.0, 89.0], "tp_th race group 0": [2566.0, 2566.0, 2413.0, 1864.0, 1475.0, 942.0, 639.0, 346.0, 125.0, 23.0], "tp_th race group 1": [3573.0, 3573.0, 3538.0, 3184.0, 2799.0, 2251.0, 1546.0, 969.0, 392.0, 66.0], "tp_th sex group 0": [5195.0, 5195.0, 5054.0, 4295.0, 3663.0, 2801.0, 1981.0, 1189.0, 487.0, 89.0], "tp_th sex group 1": [944.0, 944.0, 897.0, 753.0, 611.0, 392.0, 204.0, 126.0, 30.0, 0.0], "tp_th subgroup 0": [2083.0, 2083.0, 1971.0, 1519.0, 1214.0, 811.0, 567.0, 304.0, 119.0, 23.0], "tp_th subgroup 1": [483.0, 483.0, 442.0, 345.0, 261.0, 131.0, 72.0, 42.0, 6.0, 0.0], "global_step": 100.0}