{"accuracy": 0.6720800995826721, "accuracy race group 0": 0.6565036177635193, "accuracy race group 1": 0.6860398650169373, "accuracy sex group 0": 0.6647202372550964, "accuracy sex group 1": 0.701971173286438, "accuracy subgroup 0": 0.6416544318199158, "accuracy subgroup 1": 0.7110759019851685, "accuracy subgroup 2": 0.6846089363098145, "accuracy subgroup 3": 0.6924307346343994, "auc": 0.7312635779380798, "auc race group 0": 0.7007443308830261, "auc race group 1": 0.7478010654449463, "auc sex group 0": 0.7242448925971985, "auc sex group 1": 0.7414323091506958, "auc subgroup 0": 0.6867732405662537, "auc subgroup 1": 0.7498617172241211, "auc subgroup 2": 0.7401610016822815, "auc subgroup 3": 0.7477495670318604, "aucpr": 0.713257372379303, "fn": 91898.0, "fn race group 0": 52243.0, "fn race group 1": 39655.0, "fn sex group 0": 73857.0, "fn sex group 1": 18041.0, "fn subgroup 0": 41087.0, "fn subgroup 1": 11156.0, "fn subgroup 2": 32770.0, "fn subgroup 3": 6885.0, "fn_th": [0.0, 0.0, 7129.0, 31578.0, 56991.0, 91898.0, 131070.0, 160052.0, 203995.0, 236763.0], "fn_th race group 0": [0.0, 0.0, 6416.0, 21369.0, 34195.0, 52243.0, 69574.0, 77650.0, 92139.0, 100450.0], "fn_th race group 1": [0.0, 0.0, 713.0, 10209.0, 22796.0, 39655.0, 61496.0, 82402.0, 111856.0, 136313.0], "fn_th sex group 0": [0.0, 0.0, 5704.0, 24932.0, 46547.0, 73857.0, 106143.0, 129901.0, 168615.0, 199008.0], "fn_th sex group 1": [0.0, 0.0, 1425.0, 6646.0, 10444.0, 18041.0, 24927.0, 30151.0, 35380.0, 37755.0], "fn_th subgroup 0": [0.0, 0.0, 4991.0, 16385.0, 27549.0, 41087.0, 54382.0, 61034.0, 73858.0, 80983.0], "fn_th subgroup 1": [0.0, 0.0, 1425.0, 4984.0, 6646.0, 11156.0, 15192.0, 16616.0, 18281.0, 19467.0], "fn_th subgroup 2": [0.0, 0.0, 713.0, 8547.0, 18998.0, 32770.0, 51761.0, 68867.0, 94757.0, 118025.0], "fn_th subgroup 3": [0.0, 0.0, 0.0, 1662.0, 3798.0, 6885.0, 9735.0, 13535.0, 17099.0, 18288.0], "fnr": 0.3739034831523895, "fnr race group 0": 0.5080965757369995, "fnr race group 1": 0.27738723158836365, "fnr sex group 0": 0.3554440140724182, "fnr sex group 1": 0.4748631417751312, "fnr subgroup 0": 0.49292176961898804, "fnr subgroup 1": 0.5730723738670349, "fnr subgroup 2": 0.2633524537086487, "fnr subgroup 3": 0.37165990471839905, "fp": 75997.0, "fp race group 0": 30879.0, "fp race group 1": 45118.0, "fp sex group 0": 63890.0, "fp sex group 1": 12107.0, "fp subgroup 0": 27080.0, "fp subgroup 1": 3799.0, "fp subgroup 2": 36810.0, "fp subgroup 3": 8308.0, "fp_th": [266220.0, 266220.0, 233451.0, 162913.0, 116127.0, 75997.0, 44887.0, 23508.0, 7836.0, 1424.0], "fp_th race group 0": [139167.0, 139167.0, 113758.0, 71250.0, 48689.0, 30879.0, 17103.0, 7840.0, 2374.0, 0.0], "fp_th race group 1": [127053.0, 127053.0, 119693.0, 91663.0, 67438.0, 45118.0, 27784.0, 15668.0, 5462.0, 1424.0], "fp_th sex group 0": [203054.0, 203054.0, 179309.0, 129431.0, 93099.0, 63890.0, 38475.0, 20661.0, 7598.0, 1424.0], "fp_th sex group 1": [63166.0, 63166.0, 54142.0, 33482.0, 23028.0, 12107.0, 6412.0, 2847.0, 238.0, 0.0], "fp_th subgroup 0": [106873.0, 106873.0, 88825.0, 58425.0, 40616.0, 27080.0, 15203.0, 7129.0, 2374.0, 0.0], "fp_th subgroup 1": [32294.0, 32294.0, 24933.0, 12825.0, 8073.0, 3799.0, 1900.0, 711.0, 0.0, 0.0], "fp_th subgroup 2": [96181.0, 96181.0, 90484.0, 71006.0, 52483.0, 36810.0, 23272.0, 13532.0, 5224.0, 1424.0], "fp_th subgroup 3": [30872.0, 30872.0, 29209.0, 20657.0, 14955.0, 8308.0, 4512.0, 2136.0, 238.0, 0.0], "fpr": 0.28546690940856934, "fpr race group 0": 0.22188450396060944, "fpr race group 1": 0.35511165857315063, "fpr sex group 0": 0.314645379781723, "fpr sex group 1": 0.19166956841945648, "fpr subgroup 0": 0.25338485836982727, "fpr subgroup 1": 0.11763795465230942, "fpr subgroup 2": 0.3827159106731415, "fpr subgroup 3": 0.26911115646362305, "loss": 0.6047130227088928, "precision": 0.6694043278694153, "precision race group 0": 0.6209165453910828, "precision race group 1": 0.6960154175758362, "precision sex group 0": 0.6770312786102295, "precision sex group 1": 0.622340738773346, "precision subgroup 0": 0.6095000505447388, "precision subgroup 1": 0.686292290687561, "precision subgroup 2": 0.7134828567504883, "precision subgroup 3": 0.5835171341896057, "precision_th": [0.4800390601158142, 0.4800390601158142, 0.5055072903633118, 0.5680018067359924, 0.6191508769989014, 0.6694043278694153, 0.7187478542327881, 0.7847962379455566, 0.8420829772949219, 0.8636146187782288], "precision_th race group 0": [0.42490124702453613, 0.42490124702453613, 0.45871537923812866, 0.5334049463272095, 0.584972083568573, 0.6209165453910828, 0.6603177785873413, 0.7625033855438232, 0.8181678652763367, 1.0], "precision_th race group 1": [0.529454231262207, 0.529454231262207, 0.5430501103401184, 0.5915432572364807, 0.6405243277549744, 0.6960154175758362, 0.7456772327423096, 0.7944506406784058, 0.8506221771240234, 0.8235439658164978], "precision_th sex group 0": [0.5057613253593445, 0.5057613253593445, 0.5298576354980469, 0.5855383276939392, 0.6339584589004517, 0.6770312786102295, 0.7254139184951782, 0.7903458476066589, 0.8375489115715027, 0.8604468703269958], "precision_th sex group 1": [0.3755708932876587, 0.3755708932876587, 0.40312427282333374, 0.4835256338119507, 0.5446852445602417, 0.622340738773346, 0.6707912087440491, 0.7336264848709106, 0.9164912104606628, 1.0], "precision_th subgroup 0": [0.4381817579269409, 0.4381817579269409, 0.46871188282966614, 0.5340686440467834, 0.5787639617919922, 0.6095000505447388, 0.6558460593223572, 0.7579204440116882, 0.800000011920929, 1.0], "precision_th subgroup 1": [0.3760939836502075, 0.3760939836502075, 0.4198254942893982, 0.5303574204444885, 0.6136211156845093, 0.686292290687561, 0.692307710647583, 0.8003930449485779, 1.0, 0.0], "precision_th subgroup 2": [0.5640323758125305, 0.5640323758125305, 0.5775822401046753, 0.6200713515281677, 0.6676587462425232, 0.7134828567504883, 0.7574443817138672, 0.8041650652885437, 0.850319504737854, 0.8182050585746765], "precision_th subgroup 3": [0.3750227689743042, 0.3750227689743042, 0.3880881667137146, 0.4494403004646301, 0.49615928530693054, 0.5835171341896057, 0.6608029007911682, 0.7002525925636292, 0.8569711446762085, 1.0], "recall": 0.6260964870452881, "recall race group 0": 0.4919033944606781, "recall race group 1": 0.7226127982139587, "recall sex group 0": 0.6445559859275818, "recall sex group 1": 0.5251368880271912, "recall subgroup 0": 0.507078230381012, "recall subgroup 1": 0.4269276261329651, "recall subgroup 2": 0.7366475462913513, "recall subgroup 3": 0.6283400654792786, "recall_th": [1.0, 1.0, 0.9709944128990173, 0.8715192675590515, 0.7681218981742859, 0.6260964870452881, 0.4667181968688965, 0.3487997353076935, 0.1700097620487213, 0.03668728098273277], "recall_th race group 0": [1.0, 1.0, 0.937600314617157, 0.7921727895736694, 0.6674317717552185, 0.4919033944606781, 0.32334834337234497, 0.24480408430099487, 0.10388928651809692, 0.02305949106812477], "recall_th race group 1": [1.0, 1.0, 0.9950125813484192, 0.9285879135131836, 0.8405417203903198, 0.7226127982139587, 0.5698347091674805, 0.42359697818756104, 0.2175658792257309, 0.04648885503411293], "recall_th sex group 0": [1.0, 1.0, 0.9725489616394043, 0.8800123333930969, 0.7759880423545837, 0.6445559859275818, 0.489176481962204, 0.37483876943588257, 0.18852387368679047, 0.042254604399204254], "recall_th sex group 1": [1.0, 1.0, 0.9624921083450317, 0.8250684142112732, 0.725100040435791, 0.5251368880271912, 0.34388819336891174, 0.2063855528831482, 0.06875131279230118, 0.006238155532628298], "recall_th subgroup 0": [1.0, 1.0, 0.9401228427886963, 0.8034287691116333, 0.6694939732551575, 0.507078230381012, 0.3475778102874756, 0.2677735984325409, 0.11392374336719513, 0.028444945812225342], "recall_th subgroup 1": [1.0, 1.0, 0.9267991781234741, 0.7439770102500916, 0.6586017608642578, 0.4269276261329651, 0.21960240602493286, 0.14645297825336456, 0.06092361360788345, 0.0],