{"accuracy": 0.6703906059265137, "accuracy race group 0": 0.653489887714386, "accuracy race group 1": 0.6855196952819824, "accuracy sex group 0": 0.6639121174812317, "accuracy sex group 1": 0.6968973875045776, "accuracy subgroup 0": 0.6503570079803467, "accuracy subgroup 1": 0.6651090383529663, "auc": 0.7293272018432617, "auc race group 0": 0.7066261172294617, "auc race group 1": 0.7381613254547119, "auc sex group 0": 0.7226727604866028, "auc sex group 1": 0.7369858622550964, "auc subgroup 0": 0.695686399936676, "auc subgroup 1": 0.7424453496932983, "aucpr": 0.706645667552948, "fn": 2826.0, "fn race group 0": 1564.0, "fn race group 1": 1262.0, "fn sex group 0": 2288.0, "fn sex group 1": 538.0, "fn subgroup 0": 1212.0, "fn subgroup 1": 352.0, "fn_th": [0.0, 0.0, 336.0, 1055.0, 1789.0, 2826.0, 3761.0, 4628.0, 5644.0, 6050.0], "fn_th race group 0": [0.0, 0.0, 265.0, 673.0, 1051.0, 1564.0, 1904.0, 2160.0, 2453.0, 2548.0], "fn_th race group 1": [0.0, 0.0, 71.0, 382.0, 738.0, 1262.0, 1857.0, 2468.0, 3191.0, 3502.0], "fn_th sex group 0": [0.0, 0.0, 260.0, 859.0, 1462.0, 2288.0, 3057.0, 3822.0, 4736.0, 5112.0], "fn_th sex group 1": [0.0, 0.0, 76.0, 196.0, 327.0, 538.0, 704.0, 806.0, 908.0, 938.0], "fn_th subgroup 0": [0.0, 0.0, 195.0, 541.0, 835.0, 1212.0, 1505.0, 1731.0, 1982.0, 2065.0], "fn_th subgroup 1": [0.0, 0.0, 70.0, 132.0, 216.0, 352.0, 399.0, 429.0, 471.0, 483.0], "fnr": 0.46033555269241333, "fnr race group 0": 0.6095089912414551, "fnr race group 1": 0.3532045781612396, "fnr sex group 0": 0.44042348861694336, "fnr sex group 1": 0.569915235042572, "fnr subgroup 0": 0.5818530917167664, "fnr subgroup 1": 0.7287784814834595, "fp": 1393.0, "fp race group 0": 531.0, "fp race group 1": 862.0, "fp sex group 0": 1169.0, "fp sex group 1": 224.0, "fp subgroup 0": 453.0, "fp subgroup 1": 78.0, "fp_th": [6661.0, 6649.0, 5377.0, 3522.0, 2399.0, 1393.0, 755.0, 370.0, 96.0, 24.0], "fp_th race group 0": [3480.0, 3468.0, 2553.0, 1468.0, 963.0, 531.0, 250.0, 101.0, 30.0, 6.0], "fp_th race group 1": [3181.0, 3181.0, 2824.0, 2054.0, 1436.0, 862.0, 505.0, 269.0, 66.0, 18.0], "fp_th sex group 0": [5091.0, 5079.0, 4181.0, 2782.0, 1923.0, 1169.0, 661.0, 335.0, 96.0, 24.0], "fp_th sex group 1": [1570.0, 1570.0, 1196.0, 740.0, 476.0, 224.0, 94.0, 35.0, 0.0, 0.0], "fp_th subgroup 0": [2679.0, 2667.0, 2049.0, 1199.0, 798.0, 453.0, 220.0, 101.0, 30.0, 6.0], "fp_th subgroup 1": [801.0, 801.0, 504.0, 269.0, 165.0, 78.0, 30.0, 0.0, 0.0, 0.0], "fpr": 0.2091277539730072, "fpr race group 0": 0.1525862067937851, "fpr race group 1": 0.2709839642047882, "fpr sex group 0": 0.22962090373039246, "fpr sex group 1": 0.14267516136169434, "fpr subgroup 0": 0.16909293830394745, "fpr subgroup 1": 0.09737827628850937, "loss": 0.6099914312362671, "precision": 0.7039949297904968, "precision race group 0": 0.6536203622817993, "precision race group 1": 0.7283328175544739, "precision sex group 0": 0.7131991982460022, "precision sex group 1": 0.644444465637207, "precision subgroup 0": 0.6578549742698669, "precision subgroup 1": 0.6267942786216736, "precision_th": [0.4796093702316284, 0.4800594449043274, 0.5190518498420715, 0.5907506346702576, 0.6445399522781372, 0.7039949297904968, 0.7590169310569763, 0.8032961487770081, 0.8375634551048279, 0.7876105904579163], "precision_th race group 0": [0.4244128465652466, 0.4252568781375885, 0.47404202818870544, 0.5632252097129822, 0.6113801598548889, 0.6536203622817993, 0.7258771657943726, 0.800788938999176, 0.7902097702026367, 0.75], "precision_th race group 1": [0.529019832611084, 0.529019832611084, 0.5535883903503418, 0.6083889603614807, 0.6637789607048035, 0.7283328175544739, 0.7726249694824219, 0.8042212724685669, 0.8526785969734192, 0.7977527976036072], "precision_th sex group 0": [0.5050554275512695, 0.5056453347206116, 0.5413558483123779, 0.6091598868370056, 0.6600070595741272, 0.7131991982460022, 0.7638442516326904, 0.8038641810417175, 0.8270270228385925, 0.7757009267807007], "precision_th sex group 1": [0.3754972219467163, 0.3754972219467163, 0.4205426275730133, 0.5026881694793701, 0.5645013451576233, 0.644444465637207, 0.71856290102005, 0.7976878881454468, 1.0, 1.0], "precision_th subgroup 0": [0.4374212622642517, 0.43852630257606506, 0.4795529544353485, 0.5625684261322021, 0.6099706888198853, 0.6578549742698669, 0.7243107557296753, 0.7770419716835022, 0.7709923386573792, 0.75], "precision_th subgroup 1": [0.37616822123527527, 0.37616822123527527, 0.45038166642189026, 0.5661290287971497, 0.6180555820465088, 0.6267942786216736, 0.7368420958518982, 1.0, 1.0, 0.0], "recall": 0.5396644473075867, "recall race group 0": 0.3904910385608673, "recall race group 1": 0.646795392036438, "recall sex group 0": 0.5595765113830566, "recall sex group 1": 0.4300847351551056, "recall subgroup 0": 0.41814690828323364, "recall subgroup 1": 0.2712215185165405, "recall_th": [1.0, 1.0, 0.9452679753303528, 0.8281478881835938, 0.7085844874382019, 0.5396644473075867, 0.38735949993133545, 0.2461312860250473, 0.08063202351331711, 0.014497474767267704], "recall_th race group 0": [1.0, 1.0, 0.8967264294624329, 0.7377240657806396, 0.5904130935668945, 0.3904910385608673, 0.2579890787601471, 0.15822291374206543, 0.044037412852048874, 0.007014809176325798], "recall_th race group 1": [1.0, 1.0, 0.9801287651062012, 0.8930870294570923, 0.7934508919715881, 0.646795392036438, 0.4802686870098114, 0.3092639148235321, 0.10691295564174652, 0.01987125724554062], "recall_th sex group 0": [1.0, 1.0, 0.9499518871307373, 0.8346487283706665, 0.7185755372047424, 0.5595765113830566, 0.41154956817626953, 0.2642925977706909, 0.0883541852235794, 0.01597690023481846], "recall_th sex group 1": [1.0, 1.0, 0.9194915294647217, 0.7923728823661804, 0.6536017060279846, 0.4300847351551056, 0.2542372941970825, 0.1461864411830902, 0.0381355918943882, 0.006355931982398033], "recall_th subgroup 0": [1.0, 1.0, 0.9063850045204163, 0.740278422832489, 0.5991358757019043, 0.41814690828323364, 0.27748438715934753, 0.16898703575134277, 0.04848775640130043, 0.008641382679343224], "recall_th subgroup 1": [1.0, 1.0, 0.8550724387168884, 0.7267080545425415, 0.5527950525283813, 0.2712215185165405, 0.17391304671764374, 0.11180124431848526, 0.02484472095966339, 0.0], "tn": 5268.0, "tn race group 0": 2949.0, "tn race group 1": 2319.0, "tn sex group 0": 3922.0, "tn sex group 1": 1346.0, "tn subgroup 0": 2226.0, "tn subgroup 1": 723.0, "tn_th": [0.0, 12.0, 1284.0, 3139.0, 4262.0, 5268.0, 5906.0, 6291.0, 6565.0, 6637.0], "tn_th race group 0": [0.0, 12.0, 927.0, 2012.0, 2517.0, 2949.0, 3230.0, 3379.0, 3450.0, 3474.0], "tn_th race group 1": [0.0, 0.0, 357.0, 1127.0, 1745.0, 2319.0, 2676.0, 2912.0, 3115.0, 3163.0], "tn_th sex group 0": [0.0, 12.0, 910.0, 2309.0, 3168.0, 3922.0, 4430.0, 4756.0, 4995.0, 5067.0], "tn_th sex group 1": [0.0, 0.0, 374.0, 830.0, 1094.0, 1346.0, 1476.0, 1535.0, 1570.0, 1570.0], "tn_th subgroup 0": [0.0, 12.0, 630.0, 1480.0, 1881.0, 2226.0, 2459.0, 2578.0, 2649.0, 2673.0], "tn_th subgroup 1": [0.0, 0.0, 297.0, 532.0, 636.0, 723.0, 771.0, 801.0, 801.0, 801.0], "tp": 3313.0, "tp race group 0": 1002.0, "tp race group 1": 2311.0, "tp sex group 0": 2907.0, "tp sex group 1": 406.0, "tp subgroup 0": 871.0, "tp subgroup 1": 131.0, "tp_th": [6139.0, 6139.0, 5803.0, 5084.0, 4350.0, 3313.0, 2378.0, 1511.0, 495.0, 89.0], "tp_th race group 0": [2566.0, 2566.0, 2301.0, 1893.0, 1515.0, 1002.0, 662.0, 406.0, 113.0, 18.0], "tp_th race group 1": [3573.0, 3573.0, 3502.0, 3191.0, 2835.0, 2311.0, 1716.0, 1105.0, 382.0, 71.0], "tp_th sex group 0": [5195.0, 5195.0, 4935.0, 4336.0, 3733.0, 2907.0, 2138.0, 1373.0, 459.0, 83.0], "tp_th sex group 1": [944.0, 944.0, 868.0, 748.0, 617.0, 406.0, 240.0, 138.0, 36.0, 6.0], "tp_th subgroup 0": [2083.0, 2083.0, 1888.0, 1542.0, 1248.0, 871.0, 578.0, 352.0, 101.0, 18.0], "tp_th subgroup 1": [483.0, 483.0, 413.0, 351.0, 267.0, 131.0, 84.0, 54.0, 12.0, 0.0], "global_step": 100.0}