{"accuracy": 0.6804296970367432, "accuracy race group 0": 0.6673099398612976, "accuracy race group 1": 0.6921877264976501, "accuracy sex group 0": 0.6670374274253845, "accuracy sex group 1": 0.7348207831382751, "accuracy subgroup 0": 0.652898907661438, "accuracy subgroup 1": 0.7202720046043396, "accuracy subgroup 2": 0.6792285442352295, "accuracy subgroup 3": 0.750065803527832, "auc": 0.7356651425361633, "auc race group 0": 0.7151160836219788, "auc race group 1": 0.7421965003013611, "auc sex group 0": 0.7278429269790649, "auc sex group 1": 0.7496475577354431, "auc subgroup 0": 0.699779212474823, "auc subgroup 1": 0.7682723999023438, "auc subgroup 2": 0.7346788048744202, "auc subgroup 3": 0.7457607984542847, "aucpr": 0.7119525074958801, "fn": 89996.0, "fn race group 0": 51054.0, "fn race group 1": 38942.0, "fn sex group 0": 74328.0, "fn sex group 1": 15668.0, "fn subgroup 0": 40135.0, "fn subgroup 1": 10919.0, "fn subgroup 2": 34193.0, "fn subgroup 3": 4749.0, "fn_th": [0.0, 0.0, 8078.0, 31577.0, 54139.0, 89996.0, 128454.0, 161476.0, 204467.0, 239134.0], "fn_th race group 0": [0.0, 0.0, 6414.0, 21132.0, 34195.0, 51054.0, 68147.0, 78602.0, 92376.0, 101635.0], "fn_th race group 1": [0.0, 0.0, 1664.0, 10445.0, 19944.0, 38942.0, 60307.0, 82874.0, 112091.0, 137499.0], "fn_th sex group 0": [0.0, 0.0, 6415.0, 24931.0, 44644.0, 74328.0, 104003.0, 131084.0, 169324.0, 201617.0], "fn_th sex group 1": [0.0, 0.0, 1663.0, 6646.0, 9495.0, 15668.0, 24451.0, 30392.0, 35143.0, 37517.0], "fn_th subgroup 0": [0.0, 0.0, 4989.0, 16148.0, 28023.0, 40135.0, 53193.0, 62222.0, 73858.0, 82168.0], "fn_th subgroup 1": [0.0, 0.0, 1425.0, 4984.0, 6172.0, 10919.0, 14954.0, 16380.0, 18518.0, 19467.0], "fn_th subgroup 2": [0.0, 0.0, 1426.0, 8783.0, 16621.0, 34193.0, 50810.0, 68862.0, 95466.0, 119449.0], "fn_th subgroup 3": [0.0, 0.0, 238.0, 1662.0, 3323.0, 4749.0, 9497.0, 14012.0, 16625.0, 18050.0], "fnr": 0.3661648631095886, "fnr race group 0": 0.4965327978134155, "fnr race group 1": 0.27239978313446045, "fnr sex group 0": 0.35771074891090393, "fnr sex group 1": 0.41240260004997253, "fnr subgroup 0": 0.4815005958080292, "fnr subgroup 1": 0.560897946357727, "fnr subgroup 2": 0.2747882306575775, "fnr subgroup 3": 0.25635626912117004, "fp": 73624.0, "fp race group 0": 29453.0, "fp race group 1": 44171.0, "fp sex group 0": 62467.0, "fp sex group 1": 11157.0, "fp subgroup 0": 25893.0, "fp subgroup 1": 3560.0, "fp subgroup 2": 36574.0, "fp subgroup 3": 7597.0, "fp_th": [266220.0, 265982.0, 228459.0, 165512.0, 115412.0, 73624.0, 41793.0, 24455.0, 9260.0, 237.0], "fp_th race group 0": [139167.0, 139167.0, 112807.0, 71005.0, 47262.0, 29453.0, 16151.0, 8551.0, 2612.0, 0.0], "fp_th race group 1": [127053.0, 126815.0, 115652.0, 94507.0, 68150.0, 44171.0, 25642.0, 15904.0, 6648.0, 237.0], "fp_th sex group 0": [203054.0, 203054.0, 176928.0, 130847.0, 92384.0, 62467.0, 35384.0, 21370.0, 8785.0, 237.0], "fp_th sex group 1": [63166.0, 62928.0, 51531.0, 34665.0, 23028.0, 11157.0, 6409.0, 3085.0, 475.0, 0.0], "fp_th subgroup 0": [106873.0, 106873.0, 89060.0, 57710.0, 38953.0, 25893.0, 14490.0, 7839.0, 2612.0, 0.0], "fp_th subgroup 1": [32294.0, 32294.0, 23747.0, 13295.0, 8309.0, 3560.0, 1661.0, 712.0, 0.0, 0.0], "fp_th subgroup 2": [96181.0, 96181.0, 87868.0, 73137.0, 53431.0, 36574.0, 20894.0, 13531.0, 6173.0, 237.0], "fp_th subgroup 3": [30872.0, 30634.0, 27784.0, 21370.0, 14719.0, 7597.0, 4748.0, 2373.0, 475.0, 0.0], "fpr": 0.276553213596344, "fpr race group 0": 0.21163780987262726, "fpr race group 1": 0.34765806794166565, "fpr sex group 0": 0.30763736367225647, "fpr sex group 1": 0.17662982642650604, "fpr subgroup 0": 0.24227821826934814, "fpr subgroup 1": 0.11023719608783722, "fpr subgroup 2": 0.38026222586631775, "fpr subgroup 3": 0.24608059227466583, "loss": 0.6027817726135254, "precision": 0.6790695786476135, "precision race group 0": 0.6373676657676697, "precision race group 1": 0.7019259333610535, "precision sex group 0": 0.6811720728874207, "precision sex group 1": 0.6667662262916565, "precision subgroup 0": 0.6253472566604614, "precision subgroup 1": 0.7059795260429382, "precision subgroup 2": 0.7115956544876099, "precision subgroup 3": 0.6445515155792236, "precision_th": [0.4800390601158142, 0.48026230931282043, 0.509913980960846, 0.5641151666641235, 0.6241300106048584, 0.6790695786476135, 0.7373475432395935, 0.7751450538635254, 0.8168983459472656, 0.9655673503875732], "precision_th race group 0": [0.42490124702453613, 0.42490124702453613, 0.4608056843280792, 0.5349850058555603, 0.5921751856803894, 0.6373676657676697, 0.6822233200073242, 0.73906010389328, 0.7999540567398071, 1.0], "precision_th race group 1": [0.529454231262207, 0.5299213528633118, 0.5498993992805481, 0.5837081074714661, 0.6435016989707947, 0.7019259333610535, 0.7632186412811279, 0.7907065749168396, 0.8227956295013428, 0.9583991765975952], "precision_th sex group 0": [0.5057613253593445, 0.5057613253593445, 0.5323089361190796, 0.5828965902328491, 0.6384584307670593, 0.6811720728874207, 0.745747983455658, 0.7821033000946045, 0.8140701651573181, 0.9630149602890015], "precision_th sex group 1": [0.3755708932876587, 0.3764565885066986, 0.41348737478256226, 0.4748602509498596, 0.5530713200569153, 0.6667662262916565, 0.6787468791007996, 0.7112774848937988, 0.8570998907089233, 1.0], "precision_th subgroup 0": [0.4381817579269409, 0.4381817579269409, 0.46806031465530396, 0.538009524345398, 0.5868546366691589, 0.6253472566604614, 0.6754831671714783, 0.7294190526008606, 0.7842748761177063, 1.0], "precision_th subgroup 1": [0.3760939836502075, 0.3760939836502075, 0.431740403175354, 0.5213838219642639, 0.6153953075408936, 0.7059795260429382, 0.7309685945510864, 0.81258225440979, 1.0, 0.0], "precision_th subgroup 2": [0.5640323758125305, 0.5640323758125305, 0.5833191275596619, 0.6125972270965576, 0.6686326265335083, 0.7115956544876099, 0.7789415717124939, 0.8041908740997314, 0.8243362307548523, 0.9546151161193848], "precision_th subgroup 3": [0.3750227689743042, 0.37683841586112976, 0.3969308137893677, 0.44105878472328186, 0.50807124376297, 0.6445515155792236, 0.6553426384925842, 0.6553877592086792, 0.800000011920929, 1.0], "recall": 0.6338351368904114, "recall race group 0": 0.5034672021865845, "recall race group 1": 0.7276002168655396, "recall sex group 0": 0.6422892808914185, "recall sex group 1": 0.5875973701477051, "recall subgroup 0": 0.5184994339942932, "recall subgroup 1": 0.43910208344459534, "recall subgroup 2": 0.7252117395401001, "recall subgroup 3": 0.7436437010765076, "recall_th": [1.0, 1.0, 0.9671332240104675, 0.8715233206748962, 0.7797257900238037, 0.6338351368904114, 0.47736185789108276, 0.3430059254169464, 0.1680893450975418, 0.02704044245183468], "recall_th race group 0": [1.0, 1.0, 0.9376197457313538, 0.7944777607917786, 0.6674317717552185, 0.5034672021865845, 0.33722683787345886, 0.23554526269435883, 0.1015843078494072, 0.011534608900547028], "recall_th race group 1": [1.0, 1.0, 0.9883602857589722, 0.9269371032714844, 0.8604914546012878, 0.7276002168655396, 0.5781517624855042, 0.4202953279018402, 0.2159220427274704, 0.03819276764988899], "recall_th sex group 0": [1.0, 1.0, 0.9691271781921387, 0.8800171613693237, 0.7851464152336121, 0.6422892808914185, 0.4994754195213318, 0.3691454827785492, 0.18511174619197845, 0.029698539525270462], "recall_th sex group 1": [1.0, 1.0, 0.9562276005744934, 0.8250684142112732, 0.7500789761543274, 0.5875973701477051, 0.35641714930534363, 0.20004211366176605, 0.07498946785926819, 0.012502632103860378], "recall_th subgroup 0": [1.0, 1.0, 0.9401468634605408, 0.806272029876709, 0.6638073921203613, 0.5184994339942932, 0.3618422746658325, 0.2535211145877838, 0.11392374336719513, 0.01422847155481577], "recall_th subgroup 1": [1.0, 1.0, 0.9267991781234741, 0.7439770102500916, 0.6829506158828735, 0.43910208344459534, 0.2318282276391983, 0.15857605636119843, 0.0487491637468338, 0.0],