{
    "accuracy": {
        "mean": 0.6774117290973664,
        "std": 0.0032955683305462367
    },
    "micro_avg_auc": {
        "mean": 0.7322498679161071,
        "std": 0.0021529051942849463
    },
    "minority_auc": {
        "mean": 0.7430637657642365,
        "std": 0.003558009261775851
    },
    "macro_avg_auc": {
        "mean": 0.7311746671795845,
        "std": 0.0028342460838981414
    },
    "min_auc": {
        "mean": 0.6943066239356994,
        "std": 0.0038188054246432687
    }
}