{
    "accuracy": {
        "mean": 0.6707500040531158,
        "std": 0.0033444791961641223
    },
    "micro_avg_auc": {
        "mean": 0.7268556356430054,
        "std": 0.0019413136352285408
    },
    "minority_auc": {
        "mean": 0.7311780393123627,
        "std": 0.008002349787707367
    }
}