{"min_auc": 0.8684358596801758, "macro_avg_auc": 0.9195462167263031, "micro_avg_auc": 0.9637212753295898, "minority_auc": 0.8684358596801758, "accuracy": 0.9005985856056213}