{"min_auc": 0.8845018148422241, "macro_avg_auc": 0.9200591146945953, "micro_avg_auc": 0.9097784161567688, "minority_auc": 0.9483290314674377, "accuracy": 0.8529574275016785}