{"min_auc": 0.8862154483795166, "macro_avg_auc": 0.9206791371107101, "micro_avg_auc": 0.9108275175094604, "minority_auc": 0.9447793364524841, "accuracy": 0.8556599617004395}