{"min_auc": 0.6956980228424072, "macro_avg_auc": 0.7351445257663727, "micro_avg_auc": 0.7344985604286194, "minority_auc": 0.7443293333053589, "accuracy": 0.6600185632705688}