{"min_auc": 0.8842644095420837, "macro_avg_auc": 0.919473186135292, "micro_avg_auc": 0.9100996851921082, "minority_auc": 0.94390869140625, "accuracy": 0.855967104434967}