{"min_auc": 0.8817394971847534, "macro_avg_auc": 0.9174377024173737, "micro_avg_auc": 0.906667172908783, "minority_auc": 0.9395887851715088, "accuracy": 0.835329532623291}