{"min_auc": 0.8853088021278381, "macro_avg_auc": 0.9193713963031769, "micro_avg_auc": 0.9100544452667236, "minority_auc": 0.9421672821044922, "accuracy": 0.8450340628623962}