{"min_auc": 0.6921905279159546, "macro_avg_auc": 0.7326118052005768, "micro_avg_auc": 0.7330532670021057, "minority_auc": 0.747386634349823, "accuracy": 0.6604823470115662}