{"min_auc": 0.8019648194313049, "macro_avg_auc": 0.8254783898591995, "micro_avg_auc": 0.8258945941925049, "minority_auc": 0.8440170288085938, "accuracy": 0.8447150588035583}