{"min_auc": 0.858657956123352, "macro_avg_auc": 0.9153985977172852, "micro_avg_auc": 0.9647035002708435, "minority_auc": 0.858657956123352, "accuracy": 0.9028554558753967}