{"min_auc": 0.6962047219276428, "macro_avg_auc": 0.72763791680336, "micro_avg_auc": 0.7311234474182129, "minority_auc": 0.7430472373962402, "accuracy": 0.6790352463722229}