{"min_auc": 0.848514199256897, "macro_avg_auc": 0.9073658585548401, "micro_avg_auc": 0.9580585956573486, "minority_auc": 0.848514199256897, "accuracy": 0.8890197277069092}