{"min_auc": 0.9243142008781433, "macro_avg_auc": 0.9429253339767456, "micro_avg_auc": 0.9500694274902344, "minority_auc": 0.9243142008781433, "accuracy": 0.8820724487304688}