{"min_auc": 0.8864547610282898, "macro_avg_auc": 0.9192281663417816, "micro_avg_auc": 0.9108611941337585, "minority_auc": 0.9461522698402405, "accuracy": 0.8424543738365173}