{"min_auc": 0.8857648372650146, "macro_avg_auc": 0.9200914204120636, "micro_avg_auc": 0.9111750721931458, "minority_auc": 0.942870557308197, "accuracy": 0.8587310314178467}