{"min_auc": 0.7052516341209412, "macro_avg_auc": 0.7353066951036453, "micro_avg_auc": 0.7368882894515991, "minority_auc": 0.746548056602478, "accuracy": 0.6743970513343811}