{"min_auc": 0.7445001602172852, "macro_avg_auc": 0.772141769528389, "micro_avg_auc": 0.7719122767448425, "minority_auc": 0.7899750471115112, "accuracy": 0.8238765001296997}