{"min_auc": 0.8056410551071167, "macro_avg_auc": 0.8233616352081299, "micro_avg_auc": 0.8291305303573608, "minority_auc": 0.8329772353172302, "accuracy": 0.8548832535743713}