{"min_auc": 0.8867184519767761, "macro_avg_auc": 0.9218778014183044, "micro_avg_auc": 0.9111555814743042, "minority_auc": 0.9489651918411255, "accuracy": 0.7607026696205139}