{"min_auc": 0.7216559648513794, "macro_avg_auc": 0.7526630312204361, "micro_avg_auc": 0.7459003925323486, "minority_auc": 0.7673611044883728, "accuracy": 0.8292744159698486}