{"min_auc": 0.8838890194892883, "macro_avg_auc": 0.9208127558231354, "micro_avg_auc": 0.9089745283126831, "minority_auc": 0.9471569657325745, "accuracy": 0.7568945288658142}