{"min_auc": 0.9292014837265015, "macro_avg_auc": 0.9455185532569885, "micro_avg_auc": 0.9519010186195374, "minority_auc": 0.9292014837265015, "accuracy": 0.8797568082809448}