{"min_auc": 0.6989587545394897, "macro_avg_auc": 0.7327161729335785, "micro_avg_auc": 0.7346497774124146, "minority_auc": 0.7522188425064087, "accuracy": 0.673933207988739}