{"min_auc": 0.8845705986022949, "macro_avg_auc": 0.916814848780632, "micro_avg_auc": 0.9092373847961426, "minority_auc": 0.9337618947029114, "accuracy": 0.853817343711853}