{"min_auc": {"mean": 0.6987194001674653, "std": 0.0028604932031404363}, "macro_avg_auc": {"mean": 0.7328674733638764, "std": 0.005980268532076321}, "micro_avg_auc": {"mean": 0.7342519164085388, "std": 0.004419911810233113}, "minority_auc": {"mean": 0.7558577835559845, "std": 0.0069883203448047855}, "accuracy": {"mean": 0.6709647536277771, "std": 0.010893800375497656}}