{"min_auc": 0.8823612928390503, "macro_avg_auc": 0.9178888648748398, "micro_avg_auc": 0.9082295894622803, "minority_auc": 0.9430714249610901, "accuracy": 0.8560899496078491}