{"min_auc": 0.8822465538978577, "macro_avg_auc": 0.9177754074335098, "micro_avg_auc": 0.9085690975189209, "minority_auc": 0.9425690770149231, "accuracy": 0.8557214140892029}