{"min_auc": 0.7266845703125, "macro_avg_auc": 0.7518367022275925, "micro_avg_auc": 0.7472801804542542, "minority_auc": 0.7731481194496155, "accuracy": 0.8311574459075928}