{"min_auc": 0.8117955327033997, "macro_avg_auc": 0.82790607213974, "micro_avg_auc": 0.8335829973220825, "minority_auc": 0.8390313982963562, "accuracy": 0.8617876172065735}