{"accuracy": 0.8603007793426514, "accuracy race group 0": 0.8542346358299255, "accuracy race group 1": 0.9175190329551697, "accuracy sex group 0": 0.8258756399154663, "accuracy sex group 1": 0.9292956590652466, "accuracy subgroup 0": 0.8218085169792175, "accuracy subgroup 1": 0.924107551574707, "accuracy subgroup 2": 0.8765364289283752, "accuracy subgroup 3": 0.9614248275756836, "auc": 0.895462691783905, "auc race group 0": 0.8922987580299377, "auc race group 1": 0.9168344736099243, "auc sex group 0": 0.8778475522994995, "auc sex group 1": 0.8962025046348572, "auc subgroup 0": 0.8748243451118469, "auc subgroup 1": 0.8958939909934998, "auc subgroup 2": 0.9101024866104126, "auc subgroup 3": 0.8885443806648254, "aucpr": 0.777860701084137, "fn": 23147.0, "fn race group 0": 21880.0, "fn race group 1": 1267.0, "fn sex group 0": 18993.0, "fn sex group 1": 4154.0, "fn subgroup 0": 18008.0, "fn subgroup 1": 3872.0, "fn subgroup 2": 985.0, "fn subgroup 3": 282.0, "fn_th": [0.0, 3334.0, 7573.0, 12570.0, 17932.0, 23147.0, 29811.0, 37012.0, 43903.0, 50672.0], "fn_th race group 0": [0.0, 3162.0, 7180.0, 11866.0, 17008.0, 21880.0, 28324.0, 35163.0, 41818.0, 48385.0], "fn_th race group 1": [0.0, 172.0, 393.0, 704.0, 924.0, 1267.0, 1487.0, 1849.0, 2085.0, 2287.0], "fn_th sex group 0": [0.0, 2197.0, 5690.0, 9881.0, 14500.0, 18993.0, 24855.0, 31092.0, 36965.0, 42779.0], "fn_th sex group 1": [0.0, 1137.0, 1883.0, 2689.0, 3432.0, 4154.0, 4956.0, 5920.0, 6938.0, 7893.0], "fn_th subgroup 0": [0.0, 2134.0, 5453.0, 9411.0, 13842.0, 18008.0, 23665.0, 29634.0, 35319.0, 41007.0], "fn_th subgroup 1": [0.0, 1028.0, 1727.0, 2455.0, 3166.0, 3872.0, 4659.0, 5529.0, 6499.0, 7378.0], "fn_th subgroup 2": [0.0, 63.0, 237.0, 470.0, 658.0, 985.0, 1190.0, 1458.0, 1646.0, 1772.0], "fn_th subgroup 3": [0.0, 109.0, 156.0, 234.0, 266.0, 282.0, 297.0, 391.0, 439.0, 515.0], "fnr": 0.3829115033149719, "fnr race group 0": 0.37958434224128723, "fnr race group 1": 0.4512108266353607, "fnr sex group 0": 0.37116000056266785, "fnr sex group 1": 0.4477258026599884, "fnr subgroup 0": 0.36733779311180115, "fnr subgroup 1": 0.4492400586605072, "fnr subgroup 2": 0.4583527147769928, "fnr subgroup 3": 0.4279210865497589, "fp": 12616.0, "fp race group 0": 11859.0, "fp race group 1": 757.0, "fp sex group 0": 10745.0, "fp sex group 1": 1871.0, "fp subgroup 0": 10163.0, "fp subgroup 1": 1696.0, "fp subgroup 2": 582.0, "fp subgroup 3": 175.0, "fp_th": [195550.0, 66805.0, 43250.0, 29478.0, 19973.0, 12616.0, 7802.0, 3780.0, 1246.0, 254.0], "fp_th race group 0": [173819.0, 62092.0, 40470.0, 27605.0, 18748.0, 11859.0, 7315.0, 3528.0, 1136.0, 223.0], "fp_th race group 1": [21731.0, 4713.0, 2780.0, 1873.0, 1225.0, 757.0, 487.0, 252.0, 110.0, 31.0], "fp_th sex group 0": [119614.0, 52712.0, 35842.0, 24851.0, 17068.0, 10745.0, 6828.0, 3292.0, 1089.0, 238.0], "fp_th sex group 1": [75936.0, 14093.0, 7408.0, 4627.0, 2905.0, 1871.0, 974.0, 488.0, 157.0, 16.0], "fp_th subgroup 0": [109071.0, 49575.0, 33909.0, 23543.0, 16188.0, 10163.0, 6420.0, 3103.0, 979.0, 207.0], "fp_th subgroup 1": [64748.0, 12517.0, 6561.0, 4062.0, 2560.0, 1696.0, 895.0, 425.0, 157.0, 16.0], "fp_th subgroup 2": [10543.0, 3137.0, 1933.0, 1308.0, 880.0, 582.0, 408.0, 189.0, 110.0, 31.0], "fp_th subgroup 3": [11188.0, 1576.0, 847.0, 565.0, 345.0, 175.0, 79.0, 63.0, 0.0, 0.0], "fpr": 0.06451547145843506, "fpr race group 0": 0.06822614371776581, "fpr race group 1": 0.034835029393434525, "fpr sex group 0": 0.08983062207698822, "fpr sex group 1": 0.024639170616865158, "fpr subgroup 0": 0.09317784011363983, "fpr subgroup 1": 0.026193859055638313, "fpr subgroup 2": 0.05520250275731087, "fpr subgroup 3": 0.01564175821840763, "loss": 0.3079032301902771, "precision": 0.7472705841064453, "precision race group 0": 0.7509711980819702, "precision race group 1": 0.6705831289291382, "precision sex group 0": 0.7496738433837891, "precision sex group 1": 0.7325232028961182, "precision subgroup 0": 0.7531934380531311, "precision subgroup 1": 0.7367686033248901, "precision subgroup 2": 0.6666666865348816, "precision subgroup 3": 0.6829710006713867, "precision_th": [0.23613281548023224, 0.4609065353870392, 0.5500743985176086, 0.618940532207489, 0.680385947227478, 0.7472705841064453, 0.7970396280288696, 0.8611212968826294, 0.9299724698066711, 0.97468101978302], "precision_th race group 0": [0.24903547763824463, 0.46735066175460815, 0.5549421310424805, 0.6238126754760742, 0.6842814087867737, 0.7509711980819702, 0.8003166317939758, 0.8643442392349243, 0.9330188632011414, 0.976476788520813], "precision_th race group 1": [0.11443009227514267, 0.35868826508522034, 0.46487006545066833, 0.5290420055389404, 0.6059826016426086, 0.6705831289291382, 0.7306416034698486, 0.7919074892997742, 0.8679471611976624, 0.9438405632972717], "precision_th sex group 0": [0.2996264398097992, 0.4816249907016754, 0.5592690706253052, 0.6242780685424805, 0.6823967099189758, 0.7496738433837891, 0.7939960956573486, 0.8591477274894714, 0.9288049340248108, 0.9724249839782715], "precision_th sex group 1": [0.10887882113456726, 0.36615094542503357, 0.4995608925819397, 0.5874643325805664, 0.6680379509925842, 0.7325232028961182, 0.8160876035690308, 0.8731149435043335, 0.9371245503425598, 0.9885795712471008], "precision_th subgroup 0": [0.3100876808166504, 0.4860776960849762, 0.5623459219932556, 0.6272187232971191, 0.6848682761192322, 0.7531934380531311, 0.7979734539985657, 0.8620398640632629, 0.9333242774009705, 0.9748266935348511], "precision_th subgroup 1": [0.1174778863787651, 0.3775114417076111, 0.5123021006584167, 0.6027772426605225, 0.680519163608551, 0.7367686033248901, 0.8156539797782898, 0.8790895938873291, 0.931049644947052, 0.9872713088989258], "precision_th subgroup 2": [0.1693192571401596, 0.39938732981681824, 0.4972691833972931, 0.5621024370193481, 0.6288486123085022, 0.6666666865348816, 0.701536238193512, 0.7852272987365723, 0.8205546736717224, 0.9240196347236633], "precision_th subgroup 3": [0.05562589690089226, 0.25870180130004883, 0.37259259819984436, 0.4292929172515869, 0.5325203537940979, 0.6829710006713867, 0.8208616971969604, 0.8096676468849182, 1.0, 1.0], "recall": 0.6170884966850281, "recall race group 0": 0.6204156875610352, "recall race group 1": 0.5487892031669617, "recall sex group 0": 0.6288399696350098, "recall sex group 1": 0.5522741675376892, "recall subgroup 0": 0.6326622366905212, "recall subgroup 1": 0.5507599711418152, "recall subgroup 2": 0.5416472554206848, "recall subgroup 3": 0.5720788836479187, "recall_th": [1.0, 0.9448469877243042, 0.8747228980064392, 0.7920595407485962, 0.7033581733703613, 0.6170884966850281, 0.5068486332893372, 0.3877253830432892, 0.2737303674221039, 0.16175352036952972], "recall_th race group 0": [1.0, 0.9451441764831543, 0.8754380345344543, 0.7941431403160095, 0.7049373984336853, 0.6204156875610352, 0.5086221694946289, 0.38997605443000793, 0.2745220363140106, 0.16059470176696777], "recall_th race group 1": [1.0, 0.938746452331543, 0.8600427508354187, 0.7492877244949341, 0.6709401607513428, 0.5487892031669617, 0.470441609621048, 0.341524213552475, 0.25747862458229065, 0.1855413168668747], "recall_th sex group 0": [1.0, 0.9570663571357727, 0.8888064026832581, 0.8069061040878296, 0.716641902923584, 0.6288399696350098, 0.514285147190094, 0.3924020826816559, 0.27763229608535767, 0.16401547193527222], "recall_th sex group 1": [1.0, 0.87745201587677, 0.7970467805862427, 0.7101746201515198, 0.6300926804542542, 0.5522741675376892, 0.4658331573009491, 0.3619314432144165, 0.25220951437950134, 0.14927786588668823], "recall_th subgroup 0": [1.0, 0.9564694166183472, 0.8887664675712585, 0.8080288767814636, 0.7176427245140076, 0.6326622366905212, 0.5172674059867859, 0.3955082297325134, 0.2795422673225403, 0.1635150909423828], "recall_th subgroup 1": [1.0, 0.8807286024093628, 0.799628734588623, 0.7151641845703125, 0.6326720118522644, 0.5507599711418152, 0.4594500660896301, 0.35851025581359863, 0.24596820771694183, 0.14398421347141266],