{"accuracy": 0.8514843583106995, "accuracy race group 0": 0.844519317150116, "accuracy race group 1": 0.9174162149429321, "accuracy sex group 0": 0.8162717223167419, "accuracy sex group 1": 0.9227498173713684, "accuracy subgroup 0": 0.8116580843925476, "accuracy subgroup 1": 0.9163455963134766, "auc": 0.8918223977088928, "auc race group 0": 0.8882657289505005, "auc race group 1": 0.9166987538337708, "auc sex group 0": 0.8745661973953247, "auc sex group 1": 0.8883481025695801, "auc subgroup 0": 0.8712534308433533, "auc subgroup 1": 0.8873106837272644, "aucpr": 0.7571409940719604, "fn": 1382.0, "fn race group 0": 1313.0, "fn race group 1": 69.0, "fn sex group 0": 1103.0, "fn sex group 1": 279.0, "fn subgroup 0": 1052.0, "fn subgroup 1": 261.0, "fn_th": [0.0, 153.0, 388.0, 709.0, 1051.0, 1382.0, 1704.0, 2058.0, 2396.0, 2681.0], "fn_th race group 0": [0.0, 144.0, 368.0, 669.0, 991.0, 1313.0, 1621.0, 1961.0, 2289.0, 2558.0], "fn_th race group 1": [0.0, 9.0, 20.0, 40.0, 60.0, 69.0, 83.0, 97.0, 107.0, 123.0], "fn_th sex group 0": [0.0, 95.0, 272.0, 529.0, 832.0, 1103.0, 1382.0, 1695.0, 1996.0, 2249.0], "fn_th sex group 1": [0.0, 58.0, 116.0, 180.0, 219.0, 279.0, 322.0, 363.0, 400.0, 432.0], "fn_th subgroup 0": [0.0, 91.0, 263.0, 503.0, 789.0, 1052.0, 1320.0, 1623.0, 1915.0, 2156.0], "fn_th subgroup 1": [0.0, 53.0, 105.0, 166.0, 202.0, 261.0, 301.0, 338.0, 374.0, 402.0], "fnr": 0.46112778782844543, "fnr race group 0": 0.45941218733787537, "fnr race group 1": 0.49640288949012756, "fnr sex group 0": 0.4359683692455292, "fnr sex group 1": 0.597430408000946, "fnr subgroup 0": 0.4336356222629547, "fnr subgroup 1": 0.6041666865348816, "fp": 519.0, "fp race group 0": 487.0, "fp race group 1": 32.0, "fp sex group 0": 471.0, "fp sex group 1": 48.0, "fp subgroup 0": 444.0, "fp subgroup 1": 43.0, "fp_th": [9803.0, 3490.0, 2212.0, 1414.0, 896.0, 519.0, 292.0, 126.0, 45.0, 7.0], "fp_th race group 0": [8719.0, 3242.0, 2070.0, 1321.0, 843.0, 487.0, 277.0, 122.0, 44.0, 7.0], "fp_th race group 1": [1084.0, 248.0, 142.0, 93.0, 53.0, 32.0, 15.0, 4.0, 1.0, 0.0], "fp_th sex group 0": [6037.0, 2799.0, 1887.0, 1246.0, 802.0, 471.0, 266.0, 116.0, 43.0, 6.0], "fp_th sex group 1": [3766.0, 691.0, 325.0, 168.0, 94.0, 48.0, 26.0, 10.0, 2.0, 1.0], "fp_th subgroup 0": [5517.0, 2633.0, 1786.0, 1179.0, 764.0, 444.0, 254.0, 113.0, 42.0, 6.0], "fp_th subgroup 1": [3202.0, 609.0, 284.0, 142.0, 79.0, 43.0, 23.0, 9.0, 2.0, 1.0], "fpr": 0.05294297635555267, "fpr race group 0": 0.055855028331279755, "fpr race group 1": 0.029520295560359955, "fpr sex group 0": 0.07801888138055801, "fpr sex group 1": 0.01274561882019043, "fpr subgroup 0": 0.08047851920127869, "fpr subgroup 1": 0.013429107144474983, "loss": 0.3195895254611969, "precision": 0.7567947506904602, "precision race group 0": 0.7603346705436707, "precision race group 1": 0.686274528503418, "precision sex group 0": 0.751844048500061, "precision sex group 1": 0.7966101765632629, "precision subgroup 0": 0.7557755708694458, "precision subgroup 1": 0.7990654110908508, "precision_th": [0.23414061963558197, 0.4490053653717041, 0.541174054145813, 0.6180443167686462, 0.6847290396690369, 0.7567947506904602, 0.8157728910446167, 0.8816901445388794, 0.9303405284881592, 0.9783281683921814], "precision_th race group 0": [0.2468687891960144, 0.455674946308136, 0.5460526347160339, 0.6236467361450195, 0.6889299154281616, 0.7603346705436707, 0.8170409798622131, 0.880274772644043, 0.9282218813896179, 0.9771987199783325], "precision_th race group 1": [0.11365494877099991, 0.34391534328460693, 0.4559386968612671, 0.515625, 0.5984848737716675, 0.686274528503418, 0.7887324094772339, 0.9130434989929199, 0.9696969985961914, 1.0], "precision_th sex group 0": [0.29531925916671753, 0.4652273654937744, 0.5447527170181274, 0.6162611842155457, 0.6791999936103821, 0.751844048500061, 0.8118811845779419, 0.8780231475830078, 0.925476610660553, 0.9790940880775452], "precision_th sex group 1": [0.11032364517450333, 0.3718181848526001, 0.5192307829856873, 0.6307692527770996, 0.7251461744308472, 0.7966101765632629, 0.847953200340271, 0.9122806787490845, 0.9710144996643066, 0.9722222089767456], "precision_th subgroup 0": [0.30542615056037903, 0.4700080454349518, 0.5477336049079895, 0.6199226379394531, 0.6817992329597473, 0.7557755708694458, 0.8132352828979492, 0.8766375780105591, 0.9240506291389465, 0.97826087474823], "precision_th subgroup 1": [0.11887726932764053, 0.3836032450199127, 0.5351881980895996, 0.6519607901573181, 0.7443365454673767, 0.7990654110908508, 0.850649356842041, 0.9126213788986206, 0.9666666388511658, 0.9677419066429138], "recall": 0.5388721823692322, "recall race group 0": 0.540587842464447, "recall race group 1": 0.5035971403121948, "recall sex group 0": 0.5640316009521484, "recall sex group 1": 0.40256959199905396, "recall subgroup 0": 0.5663644075393677, "recall subgroup 1": 0.3958333432674408, "recall_th": [1.0, 0.9489489197731018, 0.8705372214317322, 0.763430118560791, 0.6493159532546997, 0.5388721823692322, 0.43143144249916077, 0.3133133053779602, 0.20053386688232422, 0.10543876886367798], "recall_th race group 0": [1.0, 0.9496151208877563, 0.871238648891449, 0.7659202218055725, 0.6532540321350098, 0.540587842464447, 0.4328201413154602, 0.3138558566570282, 0.19909027218818665, 0.10496851056814194], "recall_th race group 1": [1.0, 0.935251772403717, 0.8561151027679443, 0.7122302055358887, 0.568345308303833, 0.5035971403121948, 0.40287768840789795, 0.30215826630592346, 0.23021583259105682, 0.11510791629552841], "recall_th sex group 0": [1.0, 0.9624505639076233, 0.8924900889396667, 0.7909091114997864, 0.6711462736129761, 0.5640316009521484, 0.4537549316883087, 0.33003953099250793, 0.21106719970703125, 0.11106719076633453], "recall_th sex group 1": [1.0, 0.8758029937744141, 0.7516059875488281, 0.6145610213279724, 0.5310492515563965, 0.40256959199905396, 0.31049251556396484, 0.22269807755947113, 0.1434689462184906, 0.07494646310806274], "recall_th subgroup 0": [1.0, 0.9624897241592407, 0.8915910720825195, 0.7926627993583679, 0.6747732758522034, 0.5663644075393677, 0.45589447021484375, 0.3309975266456604, 0.21063478291034698, 0.11129431426525116], "recall_th subgroup 1": [1.0, 0.8773148059844971, 0.7569444179534912, 0.6157407164573669, 0.5324074029922485, 0.3958333432674408, 0.30324074625968933, 0.21759259700775146, 0.13425925374031067, 0.0694444477558136], "tn": 9284.0, "tn race group 0": 8232.0, "tn race group 1": 1052.0, "tn sex group 0": 5566.0, "tn sex group 1": 3718.0, "tn subgroup 0": 5073.0, "tn subgroup 1": 3159.0, "tn_th": [0.0, 6313.0, 7591.0, 8389.0, 8907.0, 9284.0, 9511.0, 9677.0, 9758.0, 9796.0], "tn_th race group 0": [0.0, 5477.0, 6649.0, 7398.0, 7876.0, 8232.0, 8442.0, 8597.0, 8675.0, 8712.0], "tn_th race group 1": [0.0, 836.0, 942.0, 991.0, 1031.0, 1052.0, 1069.0, 1080.0, 1083.0, 1084.0], "tn_th sex group 0": [0.0, 3238.0, 4150.0, 4791.0, 5235.0, 5566.0, 5771.0, 5921.0, 5994.0, 6031.0], "tn_th sex group 1": [0.0, 3075.0, 3441.0, 3598.0, 3672.0, 3718.0, 3740.0, 3756.0, 3764.0, 3765.0], "tn_th subgroup 0": [0.0, 2884.0, 3731.0, 4338.0, 4753.0, 5073.0, 5263.0, 5404.0, 5475.0, 5511.0], "tn_th subgroup 1": [0.0, 2593.0, 2918.0, 3060.0, 3123.0, 3159.0, 3179.0, 3193.0, 3200.0, 3201.0], "tp": 1615.0, "tp race group 0": 1545.0, "tp race group 1": 70.0, "tp sex group 0": 1427.0, "tp sex group 1": 188.0, "tp subgroup 0": 1374.0, "tp subgroup 1": 171.0, "tp_th": [2997.0, 2844.0, 2609.0, 2288.0, 1946.0, 1615.0, 1293.0, 939.0, 601.0, 316.0], "tp_th race group 0": [2858.0, 2714.0, 2490.0, 2189.0, 1867.0, 1545.0, 1237.0, 897.0, 569.0, 300.0], "tp_th race group 1": [139.0, 130.0, 119.0, 99.0, 79.0, 70.0, 56.0, 42.0, 32.0, 16.0], "tp_th sex group 0": [2530.0, 2435.0, 2258.0, 2001.0, 1698.0, 1427.0, 1148.0, 835.0, 534.0, 281.0], "tp_th sex group 1": [467.0, 409.0, 351.0, 287.0, 248.0, 188.0, 145.0, 104.0, 67.0, 35.0], "tp_th subgroup 0": [2426.0, 2335.0, 2163.0, 1923.0, 1637.0, 1374.0, 1106.0, 803.0, 511.0, 270.0],