{"accuracy": 0.8580663800239563, "accuracy race group 0": 0.8519448041915894, "accuracy race group 1": 0.9158074855804443, "accuracy sex group 0": 0.8230182528495789, "accuracy sex group 1": 0.9283099174499512, "accuracy subgroup 0": 0.818709135055542, "accuracy subgroup 1": 0.9235623478889465, "accuracy subgroup 2": 0.8766939640045166, "accuracy subgroup 3": 0.9577108025550842, "auc": 0.8953455090522766, "auc race group 0": 0.8919347524642944, "auc race group 1": 0.9213747978210449, "auc sex group 0": 0.8774680495262146, "auc sex group 1": 0.899162232875824, "auc subgroup 0": 0.8742753267288208, "auc subgroup 1": 0.8982036709785461, "auc subgroup 2": 0.9129651784896851, "auc subgroup 3": 0.8992381691932678, "aucpr": 0.776444673538208, "fn": 23512.0, "fn race group 0": 22215.0, "fn race group 1": 1297.0, "fn sex group 0": 19337.0, "fn sex group 1": 4175.0, "fn subgroup 0": 18337.0, "fn subgroup 1": 3878.0, "fn subgroup 2": 1000.0, "fn subgroup 3": 297.0, "fn_th": [0.0, 3416.0, 7634.0, 12690.0, 17916.0, 23512.0, 29764.0, 37027.0, 43653.0, 50928.0], "fn_th race group 0": [0.0, 3244.0, 7256.0, 12034.0, 16993.0, 22215.0, 28202.0, 35210.0, 41553.0, 48577.0], "fn_th race group 1": [0.0, 172.0, 378.0, 656.0, 923.0, 1297.0, 1562.0, 1817.0, 2100.0, 2351.0], "fn_th sex group 0": [0.0, 2340.0, 5706.0, 10035.0, 14549.0, 19337.0, 24775.0, 30968.0, 36667.0, 42909.0], "fn_th sex group 1": [0.0, 1076.0, 1928.0, 2655.0, 3367.0, 4175.0, 4989.0, 6059.0, 6986.0, 8019.0], "fn_th subgroup 0": [0.0, 2261.0, 5484.0, 9597.0, 13876.0, 18337.0, 23540.0, 29558.0, 35021.0, 41089.0], "fn_th subgroup 1": [0.0, 983.0, 1772.0, 2437.0, 3117.0, 3878.0, 4662.0, 5652.0, 6532.0, 7488.0], "fn_th subgroup 2": [0.0, 79.0, 222.0, 438.0, 673.0, 1000.0, 1235.0, 1410.0, 1646.0, 1820.0], "fn_th subgroup 3": [0.0, 93.0, 156.0, 218.0, 250.0, 297.0, 327.0, 407.0, 454.0, 531.0], "fnr": 0.38894954323768616, "fnr race group 0": 0.3853960633277893, "fnr race group 1": 0.46189460158348083, "fnr sex group 0": 0.3778824210166931, "fnr sex group 1": 0.4499892294406891, "fnr subgroup 0": 0.3740489184856415, "fnr subgroup 1": 0.449936181306839, "fnr subgroup 2": 0.4653327167034149, "fnr subgroup 3": 0.4506828486919403, "fp": 12823.0, "fp race group 0": 12054.0, "fp race group 1": 769.0, "fp sex group 0": 10889.0, "fp sex group 1": 1934.0, "fp subgroup 0": 10324.0, "fp subgroup 1": 1730.0, "fp subgroup 2": 565.0, "fp subgroup 3": 204.0, "fp_th": [195550.0, 66400.0, 43781.0, 29972.0, 20405.0, 12823.0, 7753.0, 3768.0, 1346.0, 254.0], "fp_th race group 0": [173819.0, 61546.0, 40940.0, 28100.0, 19118.0, 12054.0, 7266.0, 3547.0, 1252.0, 238.0], "fp_th race group 1": [21731.0, 4854.0, 2841.0, 1872.0, 1287.0, 769.0, 487.0, 221.0, 94.0, 16.0], "fp_th sex group 0": [119614.0, 52194.0, 36106.0, 25187.0, 17308.0, 10889.0, 6781.0, 3343.0, 1158.0, 238.0], "fp_th sex group 1": [75936.0, 14206.0, 7675.0, 4785.0, 3097.0, 1934.0, 972.0, 425.0, 188.0, 16.0], "fp_th subgroup 0": [109071.0, 49008.0, 34128.0, 23896.0, 16381.0, 10324.0, 6357.0, 3154.0, 1080.0, 222.0], "fp_th subgroup 1": [64748.0, 12538.0, 6812.0, 4204.0, 2737.0, 1730.0, 909.0, 393.0, 172.0, 16.0], "fp_th subgroup 2": [10543.0, 3186.0, 1978.0, 1291.0, 927.0, 565.0, 424.0, 189.0, 78.0, 16.0], "fp_th subgroup 3": [11188.0, 1668.0, 863.0, 581.0, 360.0, 204.0, 63.0, 32.0, 16.0, 0.0], "fpr": 0.06557402014732361, "fpr race group 0": 0.06934799998998642, "fpr race group 1": 0.03538723662495613, "fpr sex group 0": 0.09103449434041977, "fpr sex group 1": 0.025468815118074417, "fpr subgroup 0": 0.09465394169092178, "fpr subgroup 1": 0.026718972250819206, "fpr subgroup 2": 0.05359005928039551, "fpr subgroup 3": 0.018233822658658028, "loss": 0.3090825080871582, "precision": 0.7423082590103149, "precision race group 0": 0.7461300492286682, "precision race group 1": 0.6627193093299866, "precision sex group 0": 0.7451315522193909, "precision sex group 1": 0.7251669764518738, "precision subgroup 0": 0.748256504535675, "precision subgroup 1": 0.7326533794403076, "precision subgroup 2": 0.6703616976737976, "precision subgroup 3": 0.6395759582519531, "precision_th": [0.23613281548023224, 0.46206068992614746, 0.546766459941864, 0.6144187450408936, 0.6757972240447998, 0.7423082590103149, 0.7983037829399109, 0.8614247441291809, 0.9258115887641907, 0.9740179777145386], "precision_th race group 0": [0.24903547763824463, 0.4691747725009918, 0.5517158508300781, 0.6187659502029419, 0.6801244616508484, 0.7461300492286682, 0.8020486831665039, 0.8634666204452515, 0.9278011918067932, 0.9744168519973755], "precision_th race group 1": [0.11443009227514267, 0.3519359230995178, 0.4610130786895752, 0.5347912311553955, 0.5942623019218445, 0.6627193093299866, 0.7189844250679016, 0.8176567554473877, 0.8827930092811584, 0.9661733508110046], "precision_th sex group 0": [0.2996264398097992, 0.4833607077598572, 0.5573726296424866, 0.6202430725097656, 0.6790714263916016, 0.7451315522193909, 0.7956175804138184, 0.8580286502838135, 0.9260678291320801, 0.9720032811164856], "precision_th sex group 1": [0.10887882113456726, 0.3660299777984619, 0.4891846776008606, 0.5805575251579285, 0.6561945080757141, 0.7251669764518738, 0.8152442574501038, 0.8833699226379395, 0.9241935610771179, 0.9874509572982788], "precision_th subgroup 0": [0.3100876808166504, 0.4882739782333374, 0.5605855584144592, 0.6226271986961365, 0.6820951700210571, 0.748256504535675, 0.8003454804420471, 0.8605597019195557, 0.9283914566040039, 0.9727807641029358], "precision_th subgroup 1": [0.1174778863787651, 0.37850698828697205, 0.501281201839447, 0.5952243208885193, 0.6677994728088379, 0.7326533794403076, 0.8131935596466064, 0.8830357193946838, 0.9238601326942444, 0.986050546169281], "precision_th subgroup 2": [0.1693192571401596, 0.3938356041908264, 0.4934699237346649, 0.5699533820152283, 0.6142321825027466, 0.6703616976737976, 0.6831091046333313, 0.7963362336158752, 0.8657487034797668, 0.9536231756210327], "precision_th subgroup 3": [0.05562589690089226, 0.2533572018146515, 0.36822840571403503, 0.43150684237480164, 0.5318595767021179, 0.6395759582519531, 0.8405063152313232, 0.8873239159584045, 0.9276018142700195, 1.0], "recall": 0.6110504269599915, "recall race group 0": 0.6146039366722107, "recall race group 1": 0.5381054282188416, "recall sex group 0": 0.6221175789833069, "recall sex group 1": 0.5500108003616333, "recall subgroup 0": 0.6259511113166809, "recall subgroup 1": 0.5500637888908386, "recall subgroup 2": 0.5346673130989075, "recall subgroup 3": 0.5493171215057373, "recall_th": [1.0, 0.9434905052185059, 0.8737137913703918, 0.7900744676589966, 0.7036228179931641, 0.6110504269599915, 0.5076261162757874, 0.38747724890708923, 0.277866005897522, 0.15751861035823822], "recall_th race group 0": [1.0, 0.9437215924263, 0.8741195797920227, 0.7912285923957825, 0.7051975727081299, 0.6146039366722107, 0.5107386708259583, 0.389160692691803, 0.2791194021701813, 0.15726380050182343], "recall_th race group 1": [1.0, 0.938746452331543, 0.8653846383094788, 0.7663817405700684, 0.6712962985038757, 0.5381054282188416, 0.44373220205307007, 0.3529202342033386, 0.252136766910553, 0.1627492904663086], "recall_th sex group 0": [1.0, 0.9542718529701233, 0.8884937167167664, 0.8038966655731201, 0.7156843543052673, 0.6221175789833069, 0.5158485174179077, 0.3948253095149994, 0.2834557890892029, 0.1614750325679779], "recall_th sex group 1": [1.0, 0.8840267062187195, 0.7921965718269348, 0.7138391733169556, 0.637098491191864, 0.5500108003616333, 0.4622763395309448, 0.3469497859477997, 0.24703599512577057, 0.1356973499059677], "recall_th subgroup 0": [1.0, 0.9538788199424744, 0.8881341218948364, 0.8042347431182861, 0.7169491648674011, 0.6259511113166809, 0.5198172330856323, 0.39705851674079895, 0.2856210470199585, 0.16184240579605103], "recall_th subgroup 1": [1.0, 0.8859496712684631, 0.7944077253341675, 0.7172525525093079, 0.6383571028709412, 0.5500637888908386, 0.45910197496414185, 0.3442394733428955, 0.24213945865631104, 0.1312217265367508],