{"accuracy": 0.8514062762260437, "accuracy race group 0": 0.844519317150116, "accuracy race group 1": 0.9165984988212585, "accuracy sex group 0": 0.8146375417709351, "accuracy sex group 1": 0.9258209466934204, "accuracy subgroup 0": 0.8097696304321289, "accuracy subgroup 1": 0.9204733371734619, "auc": 0.8889394402503967, "auc race group 0": 0.8853466510772705, "auc race group 1": 0.9127830266952515, "auc sex group 0": 0.8715276122093201, "auc sex group 1": 0.8843361735343933, "auc subgroup 0": 0.8681343793869019, "auc subgroup 1": 0.883078396320343, "aucpr": 0.753585696220398, "fn": 1338.0, "fn race group 0": 1271.0, "fn race group 1": 67.0, "fn sex group 0": 1080.0, "fn sex group 1": 258.0, "fn subgroup 0": 1030.0, "fn subgroup 1": 241.0, "fn_th": [0.0, 165.0, 393.0, 710.0, 1036.0, 1338.0, 1725.0, 2192.0, 2556.0, 2847.0], "fn_th race group 0": [0.0, 155.0, 375.0, 671.0, 980.0, 1271.0, 1641.0, 2091.0, 2441.0, 2713.0], "fn_th race group 1": [0.0, 10.0, 18.0, 39.0, 56.0, 67.0, 84.0, 101.0, 115.0, 134.0], "fn_th sex group 0": [0.0, 101.0, 275.0, 530.0, 820.0, 1080.0, 1403.0, 1812.0, 2136.0, 2399.0], "fn_th sex group 1": [0.0, 64.0, 118.0, 180.0, 216.0, 258.0, 322.0, 380.0, 420.0, 448.0], "fn_th subgroup 0": [0.0, 96.0, 263.0, 506.0, 779.0, 1030.0, 1341.0, 1737.0, 2050.0, 2298.0], "fn_th subgroup 1": [0.0, 59.0, 112.0, 165.0, 201.0, 241.0, 300.0, 354.0, 391.0, 415.0], "fnr": 0.4464464485645294, "fnr race group 0": 0.44471657276153564, "fnr race group 1": 0.48201438784599304, "fnr sex group 0": 0.4268774688243866, "fnr sex group 1": 0.5524625182151794, "fnr subgroup 0": 0.42456719279289246, "fnr subgroup 1": 0.5578703880310059, "fp": 564.0, "fp race group 0": 529.0, "fp race group 1": 35.0, "fp sex group 0": 508.0, "fp sex group 1": 56.0, "fp subgroup 0": 481.0, "fp subgroup 1": 48.0, "fp_th": [9803.0, 3431.0, 2300.0, 1447.0, 882.0, 564.0, 285.0, 100.0, 24.0, 3.0], "fp_th race group 0": [8719.0, 3181.0, 2152.0, 1361.0, 832.0, 529.0, 271.0, 97.0, 23.0, 3.0], "fp_th race group 1": [1084.0, 250.0, 148.0, 86.0, 50.0, 35.0, 14.0, 3.0, 1.0, 0.0], "fp_th sex group 0": [6037.0, 2755.0, 1942.0, 1271.0, 786.0, 508.0, 255.0, 93.0, 24.0, 3.0], "fp_th sex group 1": [3766.0, 676.0, 358.0, 176.0, 96.0, 56.0, 30.0, 7.0, 0.0, 0.0], "fp_th subgroup 0": [5517.0, 2587.0, 1837.0, 1207.0, 748.0, 481.0, 243.0, 90.0, 23.0, 3.0], "fp_th subgroup 1": [3202.0, 594.0, 315.0, 154.0, 84.0, 48.0, 28.0, 7.0, 0.0, 0.0], "fpr": 0.05753340944647789, "fpr race group 0": 0.0606720969080925, "fpr race group 1": 0.03228782117366791, "fpr sex group 0": 0.08414775878190994, "fpr sex group 1": 0.014869888313114643, "fpr subgroup 0": 0.08718506246805191, "fpr subgroup 1": 0.014990630559623241, "loss": 0.32207873463630676, "precision": 0.7462887763977051, "precision race group 0": 0.75, "precision race group 1": 0.672897219657898, "precision sex group 0": 0.7405515909194946, "precision sex group 1": 0.7886792421340942, "precision subgroup 0": 0.7437400221824646, "precision subgroup 1": 0.7991631627082825, "precision_th": [0.23414061963558197, 0.4521794617176056, 0.5309951305389404, 0.6124799251556396, 0.6897643208503723, 0.7462887763977051, 0.8169556856155396, 0.889502763748169, 0.948387086391449, 0.9803921580314636], "precision_th race group 0": [0.2468687891960144, 0.4593813717365265, 0.5357065796852112, 0.6164035797119141, 0.692988932132721, 0.75, 0.8178763389587402, 0.8877314925193787, 0.9477272629737854, 0.9797297120094299], "precision_th race group 1": [0.11365494877099991, 0.34036940336227417, 0.4498141407966614, 0.5376344323158264, 0.6240601539611816, 0.672897219657898, 0.7971014380455017, 0.9268292784690857, 0.9599999785423279, 1.0], "precision_th sex group 0": [0.29531925916671753, 0.46855708956718445, 0.5372885465621948, 0.6114338040351868, 0.6850961446762085, 0.7405515909194946, 0.8154848217964172, 0.8853267431259155, 0.9425837397575378, 0.9776119589805603], "precision_th sex group 1": [0.11032364517450333, 0.3734939694404602, 0.4936350882053375, 0.6198704242706299, 0.7233429551124573, 0.7886792421340942, 0.8285714387893677, 0.9255319237709045, 1.0, 1.0], "precision_th subgroup 0": [0.30542615056037903, 0.47386616468429565, 0.5407500267028809, 0.6140070557594299, 0.6876826882362366, 0.7437400221824646, 0.8170180916786194, 0.8844672441482544, 0.9423558712005615, 0.9770992398262024], "precision_th subgroup 1": [0.11887726932764053, 0.385729044675827, 0.5039370059967041, 0.6342042684555054, 0.7333333492279053, 0.7991631627082825, 0.824999988079071, 0.9176470637321472, 1.0, 1.0], "recall": 0.553553581237793, "recall race group 0": 0.5552834272384644, "recall race group 1": 0.5179855823516846, "recall sex group 0": 0.573122501373291, "recall sex group 1": 0.44753748178482056, "recall subgroup 0": 0.5754328370094299, "recall subgroup 1": 0.44212964177131653, "recall_th": [1.0, 0.9449449181556702, 0.868868887424469, 0.7630964517593384, 0.654321014881134, 0.553553581237793, 0.424424409866333, 0.2686019241809845, 0.14714714884757996, 0.050050050020217896], "recall_th race group 0": [1.0, 0.945766270160675, 0.8687893748283386, 0.7652204632759094, 0.6571028828620911, 0.5552834272384644, 0.42582225799560547, 0.26836949586868286, 0.1459062248468399, 0.050734780728816986], "recall_th race group 1": [1.0, 0.9280575513839722, 0.8705036044120789, 0.7194244861602783, 0.597122311592102, 0.5179855823516846, 0.3956834673881531, 0.2733812928199768, 0.17266187071800232, 0.035971224308013916], "recall_th sex group 0": [1.0, 0.9600790739059448, 0.8913043737411499, 0.790513813495636, 0.6758893132209778, 0.573122501373291, 0.44545453786849976, 0.28379446268081665, 0.1557312309741974, 0.051778655499219894], "recall_th sex group 1": [1.0, 0.8629550337791443, 0.7473233342170715, 0.6145610213279724, 0.5374732613563538, 0.44753748178482056, 0.31049251556396484, 0.1862955093383789, 0.10064239799976349, 0.040685225278139114], "recall_th subgroup 0": [1.0, 0.9604287147521973, 0.8915910720825195, 0.7914262413978577, 0.6788952946662903, 0.5754328370094299, 0.4472382664680481, 0.28400659561157227, 0.154987633228302, 0.0527617484331131], "recall_th subgroup 1": [1.0, 0.8634259104728699, 0.7407407164573669, 0.6180555820465088, 0.5347222089767456, 0.44212964177131653, 0.3055555522441864, 0.1805555522441864, 0.09490741044282913, 0.039351850748062134], "tn": 9239.0, "tn race group 0": 8190.0, "tn race group 1": 1049.0, "tn sex group 0": 5529.0, "tn sex group 1": 3710.0, "tn subgroup 0": 5036.0, "tn subgroup 1": 3154.0, "tn_th": [0.0, 6372.0, 7503.0, 8356.0, 8921.0, 9239.0, 9518.0, 9703.0, 9779.0, 9800.0], "tn_th race group 0": [0.0, 5538.0, 6567.0, 7358.0, 7887.0, 8190.0, 8448.0, 8622.0, 8696.0, 8716.0], "tn_th race group 1": [0.0, 834.0, 936.0, 998.0, 1034.0, 1049.0, 1070.0, 1081.0, 1083.0, 1084.0], "tn_th sex group 0": [0.0, 3282.0, 4095.0, 4766.0, 5251.0, 5529.0, 5782.0, 5944.0, 6013.0, 6034.0], "tn_th sex group 1": [0.0, 3090.0, 3408.0, 3590.0, 3670.0, 3710.0, 3736.0, 3759.0, 3766.0, 3766.0], "tn_th subgroup 0": [0.0, 2930.0, 3680.0, 4310.0, 4769.0, 5036.0, 5274.0, 5427.0, 5494.0, 5514.0], "tn_th subgroup 1": [0.0, 2608.0, 2887.0, 3048.0, 3118.0, 3154.0, 3174.0, 3195.0, 3202.0, 3202.0], "tp": 1659.0, "tp race group 0": 1587.0, "tp race group 1": 72.0, "tp sex group 0": 1450.0, "tp sex group 1": 209.0, "tp subgroup 0": 1396.0, "tp subgroup 1": 191.0, "tp_th": [2997.0, 2832.0, 2604.0, 2287.0, 1961.0, 1659.0, 1272.0, 805.0, 441.0, 150.0], "tp_th race group 0": [2858.0, 2703.0, 2483.0, 2187.0, 1878.0, 1587.0, 1217.0, 767.0, 417.0, 145.0], "tp_th race group 1": [139.0, 129.0, 121.0, 100.0, 83.0, 72.0, 55.0, 38.0, 24.0, 5.0], "tp_th sex group 0": [2530.0, 2429.0, 2255.0, 2000.0, 1710.0, 1450.0, 1127.0, 718.0, 394.0, 131.0], "tp_th sex group 1": [467.0, 403.0, 349.0, 287.0, 251.0, 209.0, 145.0, 87.0, 47.0, 19.0], "tp_th subgroup 0": [2426.0, 2330.0, 2163.0, 1920.0, 1647.0, 1396.0, 1085.0, 689.0, 376.0, 128.0], "tp_th subgroup 1": [432.0, 373.0, 320.0, 267.0, 231.0, 191.0, 132.0, 78.0, 41.0, 17.0], "global_step": 100.0}