{"accuracy": 0.8521875143051147, "accuracy race group 0": 0.8452103137969971, "accuracy race group 1": 0.9182338714599609, "accuracy sex group 0": 0.8151044845581055, "accuracy sex group 1": 0.9272383451461792, "accuracy subgroup 0": 0.8103991150856018, "accuracy subgroup 1": 0.9212988615036011, "auc": 0.8898019194602966, "auc race group 0": 0.8864323496818542, "auc race group 1": 0.9106493592262268, "auc sex group 0": 0.8716318011283875, "auc sex group 1": 0.8861759305000305, "auc subgroup 0": 0.8683576583862305, "auc subgroup 1": 0.885972261428833, "aucpr": 0.7591111063957214, "fn": 1335.0, "fn race group 0": 1269.0, "fn race group 1": 66.0, "fn sex group 0": 1085.0, "fn sex group 1": 250.0, "fn subgroup 0": 1036.0, "fn subgroup 1": 233.0, "fn_th": [0.0, 170.0, 366.0, 671.0, 999.0, 1335.0, 1671.0, 2005.0, 2391.0, 2747.0], "fn_th race group 0": [0.0, 161.0, 349.0, 638.0, 947.0, 1269.0, 1595.0, 1913.0, 2284.0, 2620.0], "fn_th race group 1": [0.0, 9.0, 17.0, 33.0, 52.0, 66.0, 76.0, 92.0, 107.0, 127.0], "fn_th sex group 0": [0.0, 105.0, 260.0, 510.0, 799.0, 1085.0, 1366.0, 1663.0, 1992.0, 2311.0], "fn_th sex group 1": [0.0, 65.0, 106.0, 161.0, 200.0, 250.0, 305.0, 342.0, 399.0, 436.0], "fn_th subgroup 0": [0.0, 101.0, 251.0, 490.0, 762.0, 1036.0, 1308.0, 1593.0, 1911.0, 2215.0], "fn_th subgroup 1": [0.0, 60.0, 98.0, 148.0, 185.0, 233.0, 287.0, 320.0, 373.0, 405.0], "fnr": 0.4454454481601715, "fnr race group 0": 0.44401678442955017, "fnr race group 1": 0.4748201370239258, "fnr sex group 0": 0.42885375022888184, "fnr sex group 1": 0.5353319048881531, "fnr subgroup 0": 0.4270403981208801, "fnr subgroup 1": 0.5393518805503845, "fp": 557.0, "fp race group 0": 523.0, "fp race group 1": 34.0, "fp sex group 0": 499.0, "fp sex group 1": 58.0, "fp subgroup 0": 470.0, "fp subgroup 1": 53.0, "fp_th": [9803.0, 3416.0, 2303.0, 1514.0, 927.0, 557.0, 304.0, 131.0, 42.0, 4.0], "fp_th race group 0": [8719.0, 3166.0, 2160.0, 1413.0, 865.0, 523.0, 289.0, 125.0, 41.0, 4.0], "fp_th race group 1": [1084.0, 250.0, 143.0, 101.0, 62.0, 34.0, 15.0, 6.0, 1.0, 0.0], "fp_th sex group 0": [6037.0, 2745.0, 1959.0, 1308.0, 818.0, 499.0, 274.0, 122.0, 41.0, 4.0], "fp_th sex group 1": [3766.0, 671.0, 344.0, 206.0, 109.0, 58.0, 30.0, 9.0, 1.0, 0.0], "fp_th subgroup 0": [5517.0, 2582.0, 1859.0, 1235.0, 772.0, 470.0, 261.0, 117.0, 40.0, 4.0], "fp_th subgroup 1": [3202.0, 584.0, 301.0, 178.0, 93.0, 53.0, 28.0, 8.0, 1.0, 0.0], "fpr": 0.05681934207677841, "fpr race group 0": 0.05998394265770912, "fpr race group 1": 0.03136531263589859, "fpr sex group 0": 0.08265694975852966, "fpr sex group 1": 0.015400956384837627, "fpr subgroup 0": 0.08519122749567032, "fpr subgroup 1": 0.0165521539747715, "loss": 0.31905046105384827, "precision": 0.748986005783081, "precision race group 0": 0.7523674368858337, "precision race group 1": 0.6822429895401001, "precision sex group 0": 0.7433127760887146, "precision sex group 1": 0.7890909314155579, "precision subgroup 0": 0.7473118305206299, "precision subgroup 1": 0.7896825671195984, "precision_th": [0.23414061963558197, 0.4528271555900574, 0.5332387685775757, 0.6057291626930237, 0.6830769181251526, 0.748986005783081, 0.8134969472885132, 0.8833481669425964, 0.9351851940155029, 0.9842519760131836], "precision_th race group 0": [0.2468687891960144, 0.46000340580940247, 0.5373741984367371, 0.6110652089118958, 0.6884005665779114, 0.7523674368858337, 0.813788652420044, 0.8831775784492493, 0.9333333373069763, 0.9834710955619812], "precision_th race group 1": [0.11365494877099991, 0.34210526943206787, 0.46037736535072327, 0.512077271938324, 0.5838926434516907, 0.6822429895401001, 0.807692289352417, 0.8867924809455872, 0.9696969985961914, 1.0], "precision_th sex group 0": [0.29531925916671753, 0.4690522253513336, 0.5367699265480042, 0.6069711446762085, 0.6790898442268372, 0.7433127760887146, 0.8094576001167297, 0.8766430616378784, 0.9291882514953613, 0.9820627570152283], "precision_th sex group 1": [0.11032364517450333, 0.3746505081653595, 0.5120567083358765, 0.59765625, 0.710106372833252, 0.7890909314155579, 0.84375, 0.9328358173370361, 0.9855072498321533, 1.0], "precision_th subgroup 0": [0.30542615056037903, 0.47381290793418884, 0.5391671061515808, 0.6105329394340515, 0.6830870509147644, 0.7473118305206299, 0.8107324242591858, 0.8768420815467834, 0.9279279112815857, 0.9813953638076782], "precision_th subgroup 1": [0.11887726932764053, 0.3891213536262512, 0.5259842276573181, 0.6147186160087585, 0.7264705896377563, 0.7896825671195984, 0.8381502628326416, 0.9333333373069763, 0.9833333492279053, 1.0], "recall": 0.5545545816421509, "recall race group 0": 0.5559831857681274, "recall race group 1": 0.5251798629760742, "recall sex group 0": 0.5711462497711182, "recall sex group 1": 0.4646680951118469, "recall subgroup 0": 0.5729596018791199, "recall subgroup 1": 0.46064814925193787, "recall_th": [1.0, 0.943276584148407, 0.8778778910636902, 0.7761094570159912, 0.6666666865348816, 0.5545545816421509, 0.4424424469470978, 0.33099767565727234, 0.2022022008895874, 0.08341675251722336], "recall_th race group 0": [1.0, 0.9436668753623962, 0.8778866529464722, 0.7767669558525085, 0.6686493754386902, 0.5559831857681274, 0.44191741943359375, 0.33065080642700195, 0.20083974301815033, 0.08327502012252808], "recall_th race group 1": [1.0, 0.935251772403717, 0.8776978254318237, 0.7625899314880371, 0.6258992552757263, 0.5251798629760742, 0.4532374143600464, 0.3381294906139374, 0.23021583259105682, 0.08633093535900116], "recall_th sex group 0": [1.0, 0.9584980010986328, 0.8972331881523132, 0.7984189987182617, 0.6841897368431091, 0.5711462497711182, 0.46007904410362244, 0.3426877558231354, 0.21264822781085968, 0.08656126260757446], "recall_th sex group 1": [1.0, 0.8608136773109436, 0.7730192542076111, 0.6552462577819824, 0.5717344880104065, 0.4646680951118469, 0.3468950688838959, 0.26766595244407654, 0.1456102728843689, 0.06638115644454956], "recall_th subgroup 0": [1.0, 0.9583677053451538, 0.8965374827384949, 0.7980214357376099, 0.6859027147293091, 0.5729596018791199, 0.4608408808708191, 0.34336355328559875, 0.21228359639644623, 0.08697444200515747], "recall_th subgroup 1": [1.0, 0.8611111044883728, 0.7731481194496155, 0.6574074029922485, 0.5717592835426331, 0.46064814925193787, 0.33564814925193787, 0.25925925374031067, 0.13657407462596893, 0.0625], "tn": 9246.0, "tn race group 0": 8196.0, "tn race group 1": 1050.0, "tn sex group 0": 5538.0, "tn sex group 1": 3708.0, "tn subgroup 0": 5047.0, "tn subgroup 1": 3149.0, "tn_th": [0.0, 6387.0, 7500.0, 8289.0, 8876.0, 9246.0, 9499.0, 9672.0, 9761.0, 9799.0], "tn_th race group 0": [0.0, 5553.0, 6559.0, 7306.0, 7854.0, 8196.0, 8430.0, 8594.0, 8678.0, 8715.0], "tn_th race group 1": [0.0, 834.0, 941.0, 983.0, 1022.0, 1050.0, 1069.0, 1078.0, 1083.0, 1084.0], "tn_th sex group 0": [0.0, 3292.0, 4078.0, 4729.0, 5219.0, 5538.0, 5763.0, 5915.0, 5996.0, 6033.0], "tn_th sex group 1": [0.0, 3095.0, 3422.0, 3560.0, 3657.0, 3708.0, 3736.0, 3757.0, 3765.0, 3766.0], "tn_th subgroup 0": [0.0, 2935.0, 3658.0, 4282.0, 4745.0, 5047.0, 5256.0, 5400.0, 5477.0, 5513.0], "tn_th subgroup 1": [0.0, 2618.0, 2901.0, 3024.0, 3109.0, 3149.0, 3174.0, 3194.0, 3201.0, 3202.0], "tp": 1662.0, "tp race group 0": 1589.0, "tp race group 1": 73.0, "tp sex group 0": 1445.0, "tp sex group 1": 217.0, "tp subgroup 0": 1390.0, "tp subgroup 1": 199.0, "tp_th": [2997.0, 2827.0, 2631.0, 2326.0, 1998.0, 1662.0, 1326.0, 992.0, 606.0, 250.0], "tp_th race group 0": [2858.0, 2697.0, 2509.0, 2220.0, 1911.0, 1589.0, 1263.0, 945.0, 574.0, 238.0], "tp_th race group 1": [139.0, 130.0, 122.0, 106.0, 87.0, 73.0, 63.0, 47.0, 32.0, 12.0], "tp_th sex group 0": [2530.0, 2425.0, 2270.0, 2020.0, 1731.0, 1445.0, 1164.0, 867.0, 538.0, 219.0], "tp_th sex group 1": [467.0, 402.0, 361.0, 306.0, 267.0, 217.0, 162.0, 125.0, 68.0, 31.0], "tp_th subgroup 0": [2426.0, 2325.0, 2175.0, 1936.0, 1664.0, 1390.0, 1118.0, 833.0, 515.0, 211.0],