{"accuracy": 0.8584531545639038, "accuracy race group 0": 0.852657675743103, "accuracy race group 1": 0.9131178855895996, "accuracy sex group 0": 0.8233930468559265, "accuracy sex group 1": 0.9287206530570984, "accuracy subgroup 0": 0.8195314407348633, "accuracy subgroup 1": 0.9240394234657288, "accuracy subgroup 2": 0.8714938759803772, "accuracy subgroup 3": 0.9577108025550842, "auc": 0.8967024683952332, "auc race group 0": 0.8935409784317017, "auc race group 1": 0.9190148115158081, "auc sex group 0": 0.8797420263290405, "auc sex group 1": 0.8949148654937744, "auc subgroup 0": 0.8768255710601807, "auc subgroup 1": 0.8942259550094604, "auc subgroup 2": 0.9114171266555786, "auc subgroup 3": 0.8905511498451233, "aucpr": 0.7784632444381714, "fn": 23368.0, "fn race group 0": 22084.0, "fn race group 1": 1284.0, "fn sex group 0": 19258.0, "fn sex group 1": 4110.0, "fn subgroup 0": 18256.0, "fn subgroup 1": 3828.0, "fn subgroup 2": 1002.0, "fn subgroup 3": 282.0, "fn_th": [0.0, 3229.0, 7228.0, 12519.0, 17828.0, 23368.0, 29627.0, 36620.0, 43998.0, 50969.0], "fn_th race group 0": [0.0, 3057.0, 6866.0, 11816.0, 16857.0, 22084.0, 28110.0, 34818.0, 41930.0, 48635.0], "fn_th race group 1": [0.0, 172.0, 362.0, 703.0, 971.0, 1284.0, 1517.0, 1802.0, 2068.0, 2334.0], "fn_th sex group 0": [0.0, 2119.0, 5332.0, 9894.0, 14520.0, 19258.0, 24719.0, 30830.0, 37155.0, 43108.0], "fn_th sex group 1": [0.0, 1110.0, 1896.0, 2625.0, 3308.0, 4110.0, 4908.0, 5790.0, 6843.0, 7861.0], "fn_th subgroup 0": [0.0, 2040.0, 5110.0, 9425.0, 13815.0, 18256.0, 23514.0, 29403.0, 35525.0, 41289.0], "fn_th subgroup 1": [0.0, 1017.0, 1756.0, 2391.0, 3042.0, 3828.0, 4596.0, 5415.0, 6405.0, 7346.0], "fn_th subgroup 2": [0.0, 79.0, 222.0, 469.0, 705.0, 1002.0, 1205.0, 1427.0, 1630.0, 1819.0], "fn_th subgroup 3": [0.0, 93.0, 140.0, 234.0, 266.0, 282.0, 312.0, 375.0, 438.0, 515.0], "fnr": 0.3865674138069153, "fnr race group 0": 0.3831234276294708, "fnr race group 1": 0.4572649598121643, "fnr sex group 0": 0.3763386309146881, "fnr sex group 1": 0.44298338890075684, "fnr subgroup 0": 0.3723966181278229, "fnr subgroup 1": 0.44413504004478455, "fnr subgroup 2": 0.46626338362693787, "fnr subgroup 3": 0.4279210865497589, "fp": 12868.0, "fp race group 0": 12020.0, "fp race group 1": 848.0, "fp sex group 0": 10904.0, "fp sex group 1": 1964.0, "fp subgroup 0": 10275.0, "fp subgroup 1": 1745.0, "fp subgroup 2": 629.0, "fp subgroup 3": 219.0, "fp_th": [195550.0, 66748.0, 43551.0, 29739.0, 20325.0, 12868.0, 7743.0, 3876.0, 1360.0, 207.0], "fp_th race group 0": [173819.0, 62049.0, 40770.0, 27757.0, 18943.0, 12020.0, 7256.0, 3608.0, 1219.0, 191.0], "fp_th race group 1": [21731.0, 4699.0, 2781.0, 1982.0, 1382.0, 848.0, 487.0, 268.0, 141.0, 16.0], "fp_th sex group 0": [119614.0, 52610.0, 36236.0, 25225.0, 17278.0, 10904.0, 6674.0, 3340.0, 1140.0, 191.0], "fp_th sex group 1": [75936.0, 14138.0, 7315.0, 4514.0, 3047.0, 1964.0, 1069.0, 536.0, 220.0, 16.0], "fp_th subgroup 0": [109071.0, 49406.0, 34256.0, 23808.0, 16334.0, 10275.0, 6282.0, 3135.0, 1015.0, 175.0], "fp_th subgroup 1": [64748.0, 12643.0, 6514.0, 3949.0, 2609.0, 1745.0, 974.0, 473.0, 204.0, 16.0], "fp_th subgroup 2": [10543.0, 3204.0, 1980.0, 1417.0, 944.0, 629.0, 392.0, 205.0, 125.0, 16.0], "fp_th subgroup 3": [11188.0, 1495.0, 801.0, 565.0, 438.0, 219.0, 95.0, 63.0, 16.0, 0.0], "fpr": 0.0658041387796402, "fpr race group 0": 0.06915239244699478, "fpr race group 1": 0.039022594690322876, "fpr sex group 0": 0.0911598950624466, "fpr sex group 1": 0.0258638858795166, "fpr subgroup 0": 0.09420469403266907, "fpr subgroup 1": 0.026950638741254807, "fpr subgroup 2": 0.05966043844819069, "fpr subgroup 3": 0.019574543461203575, "loss": 0.307841032743454, "precision": 0.7423824071884155, "precision race group 0": 0.7473621964454651, "precision race group 1": 0.6424958109855652, "precision sex group 0": 0.7453407645225525, "precision sex group 1": 0.7246214151382446, "precision subgroup 0": 0.7496467232704163, "precision subgroup 1": 0.7330171465873718, "precision subgroup 2": 0.6458333134651184, "precision subgroup 3": 0.6325503587722778, "precision_th": [0.23613281548023224, 0.46157506108283997, 0.5499674677848816, 0.6171108484268188, 0.6771093010902405, 0.7423824071884155, 0.7992272973060608, 0.8601025342941284, 0.9236469864845276, 0.9786333441734314], "precision_th race group 0": [0.24903547763824463, 0.46800246834754944, 0.5546501278877258, 0.6227797269821167, 0.6828455924987793, 0.7473621964454651, 0.8027617931365967, 0.8634988069534302, 0.928001880645752, 0.9792346358299255], "precision_th race group 1": [0.11443009227514267, 0.3593728840351105, 0.4679548442363739, 0.5150477290153503, 0.5706741213798523, 0.6424958109855652, 0.7260967493057251, 0.7896389365196228, 0.8399546146392822, 0.9673469662666321], "precision_th sex group 0": [0.2996264398097992, 0.4825059175491333, 0.5585067272186279, 0.6206938028335571, 0.6796217560768127, 0.7453407645225525, 0.7985329031944275, 0.8589646220207214, 0.9247872233390808, 0.9768624901771545], "precision_th sex group 1": [0.10887882113456726, 0.366179496049881, 0.5022794008255005, 0.5957732796669006, 0.6620827317237854, 0.7246214151382446, 0.8034565448760986, 0.8667991757392883, 0.9171375036239624, 0.9888346195220947], "precision_th subgroup 0": [0.3100876808166504, 0.487431138753891, 0.5617700219154358, 0.6245150566101074, 0.6830934286117554, 0.7496467232704163, 0.8023968935012817, 0.8622280955314636, 0.9300627112388611, 0.9778733253479004], "precision_th subgroup 1": [0.1174778863787651, 0.3755001127719879, 0.5130447745323181, 0.6119681596755981, 0.6812851428985596, 0.7330171465873718, 0.8050830364227295, 0.8713625073432922, 0.9156327247619629, 0.9875872731208801], "precision_th subgroup 2": [0.1693192571401596, 0.3924914598464966, 0.4932172894477844, 0.5424604415893555, 0.6046901345252991, 0.6458333134651184, 0.7065868377685547, 0.7788565158843994, 0.8059006333351135, 0.9537572264671326], "precision_th subgroup 3": [0.05562589690089226, 0.27462396025657654, 0.39318183064460754, 0.4292929172515869, 0.4729241728782654, 0.6325503587722778, 0.7850678563117981, 0.818443775177002, 0.9324894547462463, 1.0], "recall": 0.6134325861930847, "recall race group 0": 0.6168766021728516, "recall race group 1": 0.5427350401878357, "recall sex group 0": 0.6236613988876343, "recall sex group 1": 0.5570166110992432, "recall subgroup 0": 0.6276033520698547, "recall subgroup 1": 0.5558649301528931, "recall subgroup 2": 0.5337366461753845, "recall subgroup 3": 0.5720788836479187, "recall_th": [1.0, 0.9465839266777039, 0.8804301023483276, 0.7929032444953918, 0.7050786018371582, 0.6134325861930847, 0.509892463684082, 0.3942101001739502, 0.27215880155563354, 0.15684036910533905], "recall_th race group 0": [1.0, 0.946965754032135, 0.8808854818344116, 0.7950105667114258, 0.707556962966919, 0.6168766021728516, 0.5123347640037537, 0.39596128463745117, 0.27257901430130005, 0.15625758469104767], "recall_th race group 1": [1.0, 0.938746452331543, 0.871082603931427, 0.749643862247467, 0.6542022824287415, 0.5427350401878357, 0.45975783467292786, 0.3582621216773987, 0.26353275775909424, 0.16880342364311218], "recall_th sex group 0": [1.0, 0.9585906267166138, 0.89580237865448, 0.8066520690917969, 0.7162510752677917, 0.6236613988876343, 0.5169428586959839, 0.39752209186553955, 0.27391934394836426, 0.15758618712425232], "recall_th sex group 1": [1.0, 0.8803621530532837, 0.7956455945968628, 0.7170726656913757, 0.6434576511383057, 0.5570166110992432, 0.47100669145584106, 0.3759430944919586, 0.26244881749153137, 0.15272687375545502], "recall_th subgroup 0": [1.0, 0.9583868980407715, 0.8957632184028625, 0.8077433109283447, 0.7181934714317322, 0.6276033520698547, 0.5203475952148438, 0.4002203047275543, 0.27534013986587524, 0.15776267647743225], "recall_th subgroup 1": [1.0, 0.8820048570632935, 0.7962640523910522, 0.7225896120071411, 0.6470588445663452, 0.5558649301528931, 0.46675947308540344, 0.3717368543148041, 0.25687435269355774, 0.14769694209098816],