{"accuracy": 0.8585078120231628, "accuracy race group 0": 0.85238116979599, "accuracy race group 1": 0.9162964820861816, "accuracy sex group 0": 0.8229948878288269, "accuracy sex group 1": 0.9296829104423523, "accuracy subgroup 0": 0.8187976479530334, "accuracy subgroup 1": 0.9247481822967529, "accuracy subgroup 2": 0.8752757906913757, "accuracy subgroup 3": 0.9602431058883667, "auc": 0.895441472530365, "auc race group 0": 0.8922673463821411, "auc race group 1": 0.917155921459198, "auc sex group 0": 0.8783286213874817, "auc sex group 1": 0.8949008584022522, "auc subgroup 0": 0.8752533197402954, "auc subgroup 1": 0.895158052444458, "auc subgroup 2": 0.9127728343009949, "auc subgroup 3": 0.8783928155899048, "aucpr": 0.7767218947410583, "fn": 23259.0, "fn race group 0": 22008.0, "fn race group 1": 1251.0, "fn sex group 0": 19087.0, "fn sex group 1": 4172.0, "fn subgroup 0": 18118.0, "fn subgroup 1": 3890.0, "fn subgroup 2": 969.0, "fn subgroup 3": 282.0, "fn_th": [0.0, 3227.0, 7570.0, 12427.0, 17790.0, 23259.0, 29467.0, 36386.0, 44155.0, 51254.0], "fn_th race group 0": [0.0, 3056.0, 7225.0, 11723.0, 16850.0, 22008.0, 27888.0, 34584.0, 42055.0, 48919.0], "fn_th race group 1": [0.0, 171.0, 345.0, 704.0, 940.0, 1251.0, 1579.0, 1802.0, 2100.0, 2335.0], "fn_th sex group 0": [0.0, 2103.0, 5610.0, 9770.0, 14516.0, 19087.0, 24607.0, 30484.0, 36997.0, 43188.0], "fn_th sex group 1": [0.0, 1124.0, 1960.0, 2657.0, 3274.0, 4172.0, 4860.0, 5902.0, 7158.0, 8066.0], "fn_th subgroup 0": [0.0, 2040.0, 5405.0, 9300.0, 13842.0, 18118.0, 23355.0, 29073.0, 35351.0, 41400.0], "fn_th subgroup 1": [0.0, 1016.0, 1820.0, 2423.0, 3008.0, 3890.0, 4533.0, 5511.0, 6704.0, 7519.0], "fn_th subgroup 2": [0.0, 63.0, 205.0, 470.0, 674.0, 969.0, 1252.0, 1411.0, 1646.0, 1788.0], "fn_th subgroup 3": [0.0, 108.0, 140.0, 234.0, 266.0, 282.0, 327.0, 391.0, 454.0, 547.0], "fnr": 0.38476425409317017, "fnr race group 0": 0.3818049430847168, "fnr race group 1": 0.4455128312110901, "fnr sex group 0": 0.3729969561100006, "fnr sex group 1": 0.4496658742427826, "fnr subgroup 0": 0.3695816397666931, "fnr subgroup 1": 0.45132845640182495, "fnr subgroup 2": 0.4509074091911316, "fnr subgroup 3": 0.4279210865497589, "fp": 12963.0, "fp race group 0": 12160.0, "fp race group 1": 803.0, "fp sex group 0": 11143.0, "fp sex group 1": 1820.0, "fp subgroup 0": 10529.0, "fp subgroup 1": 1631.0, "fp subgroup 2": 614.0, "fp subgroup 3": 189.0, "fp_th": [195550.0, 66484.0, 43552.0, 30642.0, 20162.0, 12963.0, 7846.0, 4161.0, 1293.0, 207.0], "fp_th race group 0": [173819.0, 61595.0, 40758.0, 28691.0, 18921.0, 12160.0, 7359.0, 3879.0, 1214.0, 191.0], "fp_th race group 1": [21731.0, 4889.0, 2794.0, 1951.0, 1241.0, 803.0, 487.0, 282.0, 79.0, 16.0], "fp_th sex group 0": [119614.0, 52274.0, 36019.0, 25604.0, 17118.0, 11143.0, 6809.0, 3627.0, 1136.0, 191.0], "fp_th sex group 1": [75936.0, 14210.0, 7533.0, 5038.0, 3044.0, 1820.0, 1037.0, 534.0, 157.0, 16.0], "fp_th subgroup 0": [109071.0, 49039.0, 34041.0, 24250.0, 16205.0, 10529.0, 6401.0, 3408.0, 1073.0, 175.0], "fp_th subgroup 1": [64748.0, 12556.0, 6717.0, 4441.0, 2716.0, 1631.0, 958.0, 471.0, 141.0, 16.0], "fp_th subgroup 2": [10543.0, 3235.0, 1978.0, 1354.0, 913.0, 614.0, 408.0, 219.0, 63.0, 16.0], "fp_th subgroup 3": [11188.0, 1654.0, 816.0, 597.0, 328.0, 189.0, 79.0, 63.0, 16.0, 0.0], "fpr": 0.06628995388746262, "fpr race group 0": 0.06995783001184464, "fpr race group 1": 0.03695182129740715, "fpr sex group 0": 0.09315799176692963, "fpr sex group 1": 0.023967551067471504, "fpr subgroup 0": 0.09653344750404358, "fpr subgroup 1": 0.025189967826008797, "fpr subgroup 2": 0.05823769420385361, "fpr subgroup 3": 0.01689309999346733, "loss": 0.3089616596698761, "precision": 0.7415360808372498, "precision race group 0": 0.7455747723579407, "precision race group 1": 0.6597457528114319, "precision sex group 0": 0.7422272562980652, "precision sex group 1": 0.7372220754623413, "precision subgroup 0": 0.7458850145339966, "precision subgroup 1": 0.7435534596443176, "precision subgroup 2": 0.6577480435371399, "precision subgroup 3": 0.666077733039856, "precision_th": [0.23613281548023224, 0.46256881952285767, 0.5483657121658325, 0.6104748249053955, 0.6790614724159241, 0.7415360808372498, 0.7979345321655273, 0.8525775074958801, 0.9264839887619019, 0.9779857397079468], "precision_th race group 0": [0.24903547763824463, 0.4698358476161957, 0.5529695749282837, 0.6154537200927734, 0.6831343173980713, 0.7455747723579407, 0.8017137050628662, 0.8559973239898682, 0.9277424216270447, 0.9785730242729187], "precision_th race group 1": [0.11443009227514267, 0.3503853380680084, 0.4685181677341461, 0.5188655853271484, 0.6008362770080566, 0.6597457528114319, 0.7162004709243774, 0.7810559272766113, 0.8996188044548035, 0.9672801494598389], "precision_th sex group 0": [0.2996264398097992, 0.48418736457824707, 0.5584878921508789, 0.6178849935531616, 0.6816677451133728, 0.7422272562980652, 0.7959789037704468, 0.8508328199386597, 0.9258049726486206, 0.9766361117362976], "precision_th sex group 1": [0.10887882113456726, 0.36460381746292114, 0.49276143312454224, 0.5678874850273132, 0.6635720729827881, 0.7372220754623413, 0.8098991513252258, 0.8634271025657654, 0.931049644947052, 0.9869706630706787], "precision_th subgroup 0": [0.3100876808166504, 0.4892941117286682, 0.5616605877876282, 0.6209338307380676, 0.6846417188644409, 0.7458850145339966, 0.800399124622345, 0.8540970683097839, 0.9272295832633972, 0.9775583744049072], "precision_th subgroup 1": [0.1174778863787651, 0.37715163826942444, 0.503033459186554, 0.5824950933456421, 0.6738321185112, 0.7435534596443176, 0.8100713491439819, 0.8683989644050598, 0.9314202070236206, 0.9856630563735962], "precision_th subgroup 2": [0.1693192571401596, 0.39203158020973206, 0.4956654906272888, 0.5535773038864136, 0.6176716685295105, 0.6577480435371399, 0.6873562932014465, 0.7711598873138428, 0.8886925578117371, 0.9575597047805786], "precision_th subgroup 3": [0.05562589690089226, 0.249886617064476, 0.38876405358314514, 0.41585126519203186, 0.545076310634613, 0.666077733039856, 0.8077858686447144, 0.8096676468849182, 0.9276018142700195, 1.0], "recall": 0.6152357459068298, "recall race group 0": 0.6181950569152832, "recall race group 1": 0.5544871687889099, "recall sex group 0": 0.6270030736923218, "recall sex group 1": 0.550334095954895, "recall subgroup 0": 0.6304183602333069, "recall subgroup 1": 0.548671543598175, "recall subgroup 2": 0.5490925908088684, "recall subgroup 3": 0.5720788836479187, "recall_th": [1.0, 0.946617066860199, 0.8747725486755371, 0.7944251298904419, 0.7057071924209595, 0.6152357459068298, 0.512539267539978, 0.39808106422424316, 0.26956161856651306, 0.15212573111057281], "recall_th race group 0": [1.0, 0.9469830989837646, 0.874657392501831, 0.7966240048408508, 0.7076784372329712, 0.6181950569152832, 0.5161861181259155, 0.4000208079814911, 0.2704104781150818, 0.1513306200504303], "recall_th race group 1": [1.0, 0.9391025900840759, 0.877136766910553, 0.7492877244949341, 0.6652421355247498, 0.5544871687889099, 0.4376780688762665, 0.3582621216773987, 0.252136766910553, 0.16844730079174042], "recall_th sex group 0": [1.0, 0.9589033126831055, 0.890369713306427, 0.8090752959251404, 0.7163292169570923, 0.6270030736923218, 0.5191315412521362, 0.4042835831642151, 0.27700695395469666, 0.1560228317975998], "recall_th sex group 1": [1.0, 0.8788532018661499, 0.7887475490570068, 0.7136236429214478, 0.6471222043037415, 0.550334095954895, 0.47618022561073303, 0.3638715147972107, 0.22849752008914948, 0.13063159584999084], "recall_th subgroup 0": [1.0, 0.9583868980407715, 0.8897456526756287, 0.8102931380271912, 0.7176427245140076, 0.6304183602333069, 0.5235909819602966, 0.4069518446922302, 0.2788895070552826, 0.1554984450340271], "recall_th subgroup 1": [1.0, 0.8821209073066711, 0.7888386249542236, 0.7188768982887268, 0.6510035991668701, 0.548671543598175, 0.47406890988349915, 0.36059868335723877, 0.22218355536460876, 0.1276250183582306],