{"accuracy": 0.8518750071525574, "accuracy race group 0": 0.8447784185409546, "accuracy race group 1": 0.9190515279769897, "accuracy sex group 0": 0.8160383105278015, "accuracy sex group 1": 0.9244034886360168, "accuracy subgroup 0": 0.8110285997390747, "accuracy subgroup 1": 0.9185470342636108, "auc": 0.8895360231399536, "auc race group 0": 0.885944128036499, "auc race group 1": 0.9185802340507507, "auc sex group 0": 0.8719120025634766, "auc sex group 1": 0.8883166313171387, "auc subgroup 0": 0.8685147166252136, "auc subgroup 1": 0.8876357078552246, "aucpr": 0.7584277987480164, "fn": 1390.0, "fn race group 0": 1322.0, "fn race group 1": 68.0, "fn sex group 0": 1120.0, "fn sex group 1": 270.0, "fn subgroup 0": 1070.0, "fn subgroup 1": 252.0, "fn_th": [0.0, 178.0, 394.0, 720.0, 1030.0, 1390.0, 1739.0, 2084.0, 2423.0, 2706.0], "fn_th race group 0": [0.0, 170.0, 375.0, 679.0, 978.0, 1322.0, 1651.0, 1986.0, 2315.0, 2579.0], "fn_th race group 1": [0.0, 8.0, 19.0, 41.0, 52.0, 68.0, 88.0, 98.0, 108.0, 127.0], "fn_th sex group 0": [0.0, 116.0, 279.0, 544.0, 815.0, 1120.0, 1415.0, 1719.0, 2023.0, 2271.0], "fn_th sex group 1": [0.0, 62.0, 115.0, 176.0, 215.0, 270.0, 324.0, 365.0, 400.0, 435.0], "fn_th subgroup 0": [0.0, 113.0, 270.0, 518.0, 778.0, 1070.0, 1349.0, 1646.0, 1941.0, 2174.0], "fn_th subgroup 1": [0.0, 57.0, 105.0, 161.0, 200.0, 252.0, 302.0, 340.0, 374.0, 405.0], "fnr": 0.46379712224006653, "fnr race group 0": 0.4625612199306488, "fnr race group 1": 0.4892086386680603, "fnr sex group 0": 0.4426877498626709, "fnr sex group 1": 0.578158438205719, "fnr subgroup 0": 0.4410552382469177, "fnr subgroup 1": 0.5833333134651184, "fp": 506.0, "fp race group 0": 475.0, "fp race group 1": 31.0, "fp sex group 0": 456.0, "fp sex group 1": 50.0, "fp subgroup 0": 431.0, "fp subgroup 1": 44.0, "fp_th": [9803.0, 3396.0, 2204.0, 1383.0, 859.0, 506.0, 267.0, 123.0, 40.0, 6.0], "fp_th race group 0": [8719.0, 3138.0, 2054.0, 1295.0, 806.0, 475.0, 253.0, 118.0, 39.0, 6.0], "fp_th race group 1": [1084.0, 258.0, 150.0, 88.0, 53.0, 31.0, 14.0, 5.0, 1.0, 0.0], "fp_th sex group 0": [6037.0, 2739.0, 1868.0, 1206.0, 761.0, 456.0, 247.0, 114.0, 39.0, 6.0], "fp_th sex group 1": [3766.0, 657.0, 336.0, 177.0, 98.0, 50.0, 20.0, 9.0, 1.0, 0.0], "fp_th subgroup 0": [5517.0, 2567.0, 1762.0, 1142.0, 720.0, 431.0, 237.0, 109.0, 38.0, 6.0], "fp_th subgroup 1": [3202.0, 571.0, 292.0, 153.0, 86.0, 44.0, 16.0, 9.0, 1.0, 0.0], "fpr": 0.0516168512403965, "fpr race group 0": 0.0544787235558033, "fpr race group 1": 0.028597785159945488, "fpr sex group 0": 0.07553420215845108, "fpr sex group 1": 0.01327668596059084, "fpr subgroup 0": 0.07812216877937317, "fpr subgroup 1": 0.01374141126871109, "loss": 0.3191751539707184, "precision": 0.7605300545692444, "precision race group 0": 0.7637991309165955, "precision race group 1": 0.6960784196853638, "precision sex group 0": 0.7556270360946655, "precision sex group 1": 0.7975708246231079, "precision subgroup 0": 0.7588136792182922, "precision subgroup 1": 0.8035714030265808, "precision_th": [0.23414061963558197, 0.4535800516605377, 0.5415019989013672, 0.6221311688423157, 0.6960368156433105, 0.7605300545692444, 0.8249180316925049, 0.8812741041183472, 0.9348534345626831, 0.9797979593276978], "precision_th race group 0": [0.2468687891960144, 0.4613800346851349, 0.5472779273986816, 0.6272308826446533, 0.6999255418777466, 0.7637991309165955, 0.8267123103141785, 0.8808080554008484, 0.9329897165298462, 0.9789473414421082], "precision_th race group 1": [0.11365494877099991, 0.336760938167572, 0.4444444477558136, 0.5268816947937012, 0.6214285492897034, 0.6960784196853638, 0.7846153974533081, 0.8913043737411499, 0.96875, 1.0], "precision_th sex group 0": [0.29531925916671753, 0.4684649705886841, 0.5464918613433838, 0.6221804618835449, 0.6926494240760803, 0.7556270360946655, 0.8186490535736084, 0.8767567276954651, 0.9285714030265808, 0.9773585200309753], "precision_th sex group 1": [0.11032364517450333, 0.3813559412956238, 0.5116279125213623, 0.6217948794364929, 0.7200000286102295, 0.7975708246231079, 0.8773006200790405, 0.9189189076423645, 0.9852941036224365, 1.0], "precision_th subgroup 0": [0.30542615056037903, 0.47397541999816895, 0.550280749797821, 0.6255737543106079, 0.6959459185600281, 0.7588136792182922, 0.8196346759796143, 0.8773903250694275, 0.9273422360420227, 0.9767441749572754], "precision_th subgroup 1": [0.11887726932764053, 0.3964059054851532, 0.5282713770866394, 0.6391509175300598, 0.7295597195625305, 0.8035714030265808, 0.8904109597206116, 0.9108911156654358, 0.9830508232116699, 1.0], "recall": 0.5362028479576111, "recall race group 0": 0.5374387502670288, "recall race group 1": 0.5107913613319397, "recall sex group 0": 0.5573122501373291, "recall sex group 1": 0.4218415319919586, "recall subgroup 0": 0.5589447617530823, "recall subgroup 1": 0.4166666567325592, "recall_th": [1.0, 0.9406072497367859, 0.8685352206230164, 0.759759783744812, 0.6563230156898499, 0.5362028479576111, 0.4197530746459961, 0.30463796854019165, 0.19152486324310303, 0.09709709882736206], "recall_th race group 0": [1.0, 0.9405178427696228, 0.8687893748283386, 0.7624212503433228, 0.6578026413917542, 0.5374387502670288, 0.4223233163356781, 0.3051084578037262, 0.1899930089712143, 0.09762071073055267], "recall_th race group 1": [1.0, 0.9424460530281067, 0.8633093237876892, 0.7050359845161438, 0.6258992552757263, 0.5107913613319397, 0.36690646409988403, 0.2949640154838562, 0.22302158176898956, 0.08633093535900116], "recall_th sex group 0": [1.0, 0.9541501998901367, 0.8897233009338379, 0.7849802374839783, 0.6778656244277954, 0.5573122501373291, 0.44071146845817566, 0.32055336236953735, 0.20039525628089905, 0.10237154364585876], "recall_th sex group 1": [1.0, 0.8672376871109009, 0.7537473440170288, 0.6231263279914856, 0.5396145582199097, 0.4218415319919586, 0.30620986223220825, 0.21841542422771454, 0.1434689462184906, 0.06852248311042786], "recall_th subgroup 0": [1.0, 0.9534212946891785, 0.8887056708335876, 0.7864798307418823, 0.6793075203895569, 0.5589447617530823, 0.4439406394958496, 0.32151690125465393, 0.19991755485534668, 0.10387469083070755], "recall_th subgroup 1": [1.0, 0.8680555820465088, 0.7569444179534912, 0.6273148059844971, 0.5370370149612427, 0.4166666567325592, 0.30092594027519226, 0.21296297013759613, 0.13425925374031067, 0.0625], "tn": 9297.0, "tn race group 0": 8244.0, "tn race group 1": 1053.0, "tn sex group 0": 5581.0, "tn sex group 1": 3716.0, "tn subgroup 0": 5086.0, "tn subgroup 1": 3158.0, "tn_th": [0.0, 6407.0, 7599.0, 8420.0, 8944.0, 9297.0, 9536.0, 9680.0, 9763.0, 9797.0], "tn_th race group 0": [0.0, 5581.0, 6665.0, 7424.0, 7913.0, 8244.0, 8466.0, 8601.0, 8680.0, 8713.0], "tn_th race group 1": [0.0, 826.0, 934.0, 996.0, 1031.0, 1053.0, 1070.0, 1079.0, 1083.0, 1084.0], "tn_th sex group 0": [0.0, 3298.0, 4169.0, 4831.0, 5276.0, 5581.0, 5790.0, 5923.0, 5998.0, 6031.0], "tn_th sex group 1": [0.0, 3109.0, 3430.0, 3589.0, 3668.0, 3716.0, 3746.0, 3757.0, 3765.0, 3766.0], "tn_th subgroup 0": [0.0, 2950.0, 3755.0, 4375.0, 4797.0, 5086.0, 5280.0, 5408.0, 5479.0, 5511.0], "tn_th subgroup 1": [0.0, 2631.0, 2910.0, 3049.0, 3116.0, 3158.0, 3186.0, 3193.0, 3201.0, 3202.0], "tp": 1607.0, "tp race group 0": 1536.0, "tp race group 1": 71.0, "tp sex group 0": 1410.0, "tp sex group 1": 197.0, "tp subgroup 0": 1356.0, "tp subgroup 1": 180.0, "tp_th": [2997.0, 2819.0, 2603.0, 2277.0, 1967.0, 1607.0, 1258.0, 913.0, 574.0, 291.0], "tp_th race group 0": [2858.0, 2688.0, 2483.0, 2179.0, 1880.0, 1536.0, 1207.0, 872.0, 543.0, 279.0], "tp_th race group 1": [139.0, 131.0, 120.0, 98.0, 87.0, 71.0, 51.0, 41.0, 31.0, 12.0], "tp_th sex group 0": [2530.0, 2414.0, 2251.0, 1986.0, 1715.0, 1410.0, 1115.0, 811.0, 507.0, 259.0], "tp_th sex group 1": [467.0, 405.0, 352.0, 291.0, 252.0, 197.0, 143.0, 102.0, 67.0, 32.0], "tp_th subgroup 0": [2426.0, 2313.0, 2156.0, 1908.0, 1648.0, 1356.0, 1077.0, 780.0, 485.0, 252.0],