{"accuracy": 0.8587461113929749, "accuracy race group 0": 0.8525798916816711, "accuracy race group 1": 0.916907787322998, "accuracy sex group 0": 0.8230944275856018, "accuracy sex group 1": 0.9301992654800415, "accuracy subgroup 0": 0.8188988566398621, "accuracy subgroup 1": 0.9251570701599121, "accuracy subgroup 2": 0.875354528427124, "accuracy subgroup 3": 0.9614248275756836, "auc": 0.8962354063987732, "auc race group 0": 0.8928362131118774, "auc race group 1": 0.9228346347808838, "auc sex group 0": 0.8785839080810547, "auc sex group 1": 0.8990896940231323, "auc subgroup 0": 0.8753044009208679, "auc subgroup 1": 0.8988491892814636, "auc subgroup 2": 0.9173518419265747, "auc subgroup 3": 0.889805257320404, "aucpr": 0.7784134149551392, "fn": 23139.0, "fn race group 0": 21888.0, "fn race group 1": 1251.0, "fn sex group 0": 19015.0, "fn sex group 1": 4124.0, "fn subgroup 0": 18046.0, "fn subgroup 1": 3842.0, "fn subgroup 2": 969.0, "fn subgroup 3": 282.0, "fn_th": [0.0, 3211.0, 7258.0, 12271.0, 17831.0, 23139.0, 29531.0, 36437.0, 43787.0, 50945.0], "fn_th race group 0": [0.0, 3056.0, 6912.0, 11613.0, 16875.0, 21888.0, 28014.0, 34666.0, 41672.0, 48578.0], "fn_th race group 1": [0.0, 155.0, 346.0, 658.0, 956.0, 1251.0, 1517.0, 1771.0, 2115.0, 2367.0], "fn_th sex group 0": [0.0, 2151.0, 5375.0, 9663.0, 14461.0, 19015.0, 24576.0, 30471.0, 36659.0, 42942.0], "fn_th sex group 1": [0.0, 1060.0, 1883.0, 2608.0, 3370.0, 4124.0, 4955.0, 5966.0, 7128.0, 8003.0], "fn_th subgroup 0": [0.0, 2088.0, 5169.0, 9239.0, 13755.0, 18046.0, 23387.0, 29091.0, 35013.0, 41138.0], "fn_th subgroup 1": [0.0, 968.0, 1743.0, 2374.0, 3120.0, 3842.0, 4627.0, 5575.0, 6659.0, 7440.0], "fn_th subgroup 2": [0.0, 63.0, 206.0, 424.0, 706.0, 969.0, 1189.0, 1380.0, 1646.0, 1804.0], "fn_th subgroup 3": [0.0, 92.0, 140.0, 234.0, 250.0, 282.0, 328.0, 391.0, 469.0, 563.0], "fnr": 0.38277915120124817, "fnr race group 0": 0.37972313165664673, "fnr race group 1": 0.4455128312110901, "fnr sex group 0": 0.37158992886543274, "fnr sex group 1": 0.4444923400878906, "fnr subgroup 0": 0.3681129217147827, "fnr subgroup 1": 0.4457593560218811, "fnr subgroup 2": 0.4509074091911316, "fnr subgroup 3": 0.4279210865497589, "fp": 13022.0, "fp race group 0": 12234.0, "fp race group 1": 788.0, "fp sex group 0": 11198.0, "fp sex group 1": 1824.0, "fp subgroup 0": 10585.0, "fp subgroup 1": 1649.0, "fp subgroup 2": 613.0, "fp subgroup 3": 175.0, "fp_th": [195550.0, 67029.0, 43845.0, 29902.0, 20450.0, 13022.0, 7960.0, 3827.0, 1309.0, 191.0], "fp_th race group 0": [173819.0, 62254.0, 41098.0, 28077.0, 19129.0, 12234.0, 7457.0, 3560.0, 1199.0, 175.0], "fp_th race group 1": [21731.0, 4775.0, 2747.0, 1825.0, 1321.0, 788.0, 503.0, 267.0, 110.0, 16.0], "fp_th sex group 0": [119614.0, 52878.0, 36251.0, 25306.0, 17343.0, 11198.0, 7000.0, 3308.0, 1136.0, 175.0], "fp_th sex group 1": [75936.0, 14151.0, 7594.0, 4596.0, 3107.0, 1824.0, 960.0, 519.0, 173.0, 16.0], "fp_th subgroup 0": [109071.0, 49646.0, 34305.0, 24015.0, 16429.0, 10585.0, 6576.0, 3104.0, 1042.0, 159.0], "fp_th subgroup 1": [64748.0, 12608.0, 6793.0, 4062.0, 2700.0, 1649.0, 881.0, 456.0, 157.0, 16.0], "fp_th subgroup 2": [10543.0, 3232.0, 1946.0, 1291.0, 914.0, 613.0, 424.0, 204.0, 94.0, 16.0], "fp_th subgroup 3": [11188.0, 1543.0, 801.0, 534.0, 407.0, 175.0, 79.0, 63.0, 16.0, 0.0], "fpr": 0.06659166514873505, "fpr race group 0": 0.07038355618715286, "fpr race group 1": 0.03626156225800514, "fpr sex group 0": 0.09361780434846878, "fpr sex group 1": 0.024020226672291756, "fpr subgroup 0": 0.0970468744635582, "fpr subgroup 1": 0.025467967614531517, "fpr subgroup 2": 0.05814284458756447, "fpr subgroup 3": 0.01564175821840763, "loss": 0.3076724708080292, "precision": 0.7412830591201782, "precision race group 0": 0.7450612783432007, "precision race group 1": 0.6639658808708191, "precision sex group 0": 0.7417137622833252, "precision sex group 1": 0.7386070489883423, "precision subgroup 0": 0.7453202605247498, "precision subgroup 1": 0.7433862686157227, "precision subgroup 2": 0.6581149101257324, "precision subgroup 3": 0.6829710006713867, "precision_th": [0.23613281548023224, 0.4606093168258667, 0.548162043094635, 0.6170387268066406, 0.6757519245147705, 0.7412830591201782, 0.7952622175216675, 0.8625358939170837, 0.9271644949913025, 0.9803011417388916], "precision_th race group 0": [0.24903547763824463, 0.4671858847141266, 0.5524458885192871, 0.6211237907409668, 0.6806297302246094, 0.7450612783432007, 0.7989214062690735, 0.8658426403999329, 0.9301648139953613, 0.9810585379600525], "precision_th race group 1": [0.11443009227514267, 0.35716208815574646, 0.47264349460601807, 0.5408805012702942, 0.5836747288703918, 0.6639658808708191, 0.719620943069458, 0.7952454090118408, 0.8630136847496033, 0.9649890661239624], "precision_th sex group 0": [0.2996264398097992, 0.48107439279556274, 0.5581732392311096, 0.621252715587616, 0.6791541576385498, 0.7417137622833252, 0.791641891002655, 0.8622183203697205, 0.9274075031280518, 0.9791790843009949], "precision_th sex group 1": [0.10887882113456726, 0.3673834204673767, 0.49336180090904236, 0.592046856880188, 0.6553521752357483, 0.7386070489883423, 0.8182850480079651, 0.8645262122154236, 0.9255273342132568, 0.9876065254211426], "precision_th subgroup 0": [0.3100876808166504, 0.48596516251564026, 0.5610870122909546, 0.6235834360122681, 0.6822059154510498, 0.7453202605247498, 0.7958524823188782, 0.8652544021606445, 0.9307733178138733, 0.9802337288856506], "precision_th subgroup 1": [0.1174778863787651, 0.37765932083129883, 0.5030360817909241, 0.605898916721344, 0.6706915497779846, 0.7433862686157227, 0.8192079067230225, 0.8697142601013184, 0.9258384704589844, 0.9866108894348145], "precision_th subgroup 2": [0.1693192571401596, 0.39225271344184875, 0.49961429834365845, 0.5719496011734009, 0.6122189164161682, 0.6581149101257324, 0.6936416029930115, 0.7903391718864441, 0.8425460457801819, 0.9556786417961121], "precision_th subgroup 3": [0.05562589690089226, 0.2687203884124756, 0.39318183064460754, 0.4431699812412262, 0.501225471496582, 0.6829710006713867, 0.8073170781135559, 0.8096676468849182, 0.9223300814628601, 1.0], "recall": 0.6172208189964294, "recall race group 0": 0.6202768683433533, "recall race group 1": 0.5544871687889099, "recall sex group 0": 0.6284100413322449, "recall sex group 1": 0.5555076599121094, "recall subgroup 0": 0.6318870782852173, "recall subgroup 1": 0.5542406439781189, "recall subgroup 2": 0.5490925908088684, "recall subgroup 3": 0.5720788836479187, "recall_th": [1.0, 0.9468817114830017, 0.8799338340759277, 0.7970057725906372, 0.7050289511680603, 0.6172208189964294, 0.5114805698394775, 0.3972373902797699, 0.2756493091583252, 0.15723738074302673], "recall_th race group 0": [1.0, 0.9469830989837646, 0.8800874352455139, 0.7985323071479797, 0.7072446942329407, 0.6202768683433533, 0.5140002369880676, 0.39859825372695923, 0.27705493569374084, 0.1572464555501938], "recall_th race group 1": [1.0, 0.9448005557060242, 0.87678062915802, 0.7656695246696472, 0.6595441699028015, 0.5544871687889099, 0.45975783467292786, 0.36930200457572937, 0.24679486453533173, 0.15705128014087677], "recall_th sex group 0": [1.0, 0.9579653143882751, 0.8949620723724365, 0.8111662864685059, 0.7174040675163269, 0.6284100413322449, 0.5197373628616333, 0.4045376479625702, 0.28361213207244873, 0.16083014011383057], "recall_th sex group 1": [1.0, 0.8857512474060059, 0.7970467805862427, 0.7189049124717712, 0.6367751955986023, 0.5555076599121094, 0.465940922498703, 0.3569734990596771, 0.23173098266124725, 0.1374218612909317], "recall_th subgroup 0": [1.0, 0.9574077725410461, 0.8945596814155579, 0.8115374445915222, 0.71941739320755, 0.6318870782852173, 0.5229381918907166, 0.40658465027809143, 0.28578421473503113, 0.1608428657054901], "recall_th subgroup 1": [1.0, 0.887690007686615, 0.7977723479270935, 0.7245619893074036, 0.6380090713500977, 0.5542406439781189, 0.46316277980804443, 0.35317322611808777, 0.22740456461906433, 0.13679081201553345],