{"accuracy": 0.8536718487739563, "accuracy race group 0": 0.846937894821167, "accuracy race group 1": 0.9174162149429321, "accuracy sex group 0": 0.8182560801506042, "accuracy sex group 1": 0.9253484606742859, "accuracy subgroup 0": 0.8135465383529663, "accuracy subgroup 1": 0.919922947883606, "auc": 0.8916163444519043, "auc race group 0": 0.8878858089447021, "auc race group 1": 0.9207272529602051, "auc sex group 0": 0.8731482028961182, "auc sex group 1": 0.8938953876495361, "auc subgroup 0": 0.8696464896202087, "auc subgroup 1": 0.8932094573974609, "aucpr": 0.7566889524459839, "fn": 1353.0, "fn race group 0": 1282.0, "fn race group 1": 71.0, "fn sex group 0": 1092.0, "fn sex group 1": 261.0, "fn subgroup 0": 1039.0, "fn subgroup 1": 243.0, "fn_th": [0.0, 160.0, 358.0, 639.0, 1015.0, 1353.0, 1705.0, 2055.0, 2421.0, 2719.0], "fn_th race group 0": [0.0, 152.0, 339.0, 605.0, 966.0, 1282.0, 1624.0, 1956.0, 2310.0, 2591.0], "fn_th race group 1": [0.0, 8.0, 19.0, 34.0, 49.0, 71.0, 81.0, 99.0, 111.0, 128.0], "fn_th sex group 0": [0.0, 104.0, 249.0, 477.0, 795.0, 1092.0, 1391.0, 1696.0, 2012.0, 2280.0], "fn_th sex group 1": [0.0, 56.0, 109.0, 162.0, 220.0, 261.0, 314.0, 359.0, 409.0, 439.0], "fn_th subgroup 0": [0.0, 101.0, 239.0, 455.0, 762.0, 1039.0, 1329.0, 1622.0, 1928.0, 2184.0], "fn_th subgroup 1": [0.0, 51.0, 100.0, 150.0, 204.0, 243.0, 295.0, 334.0, 382.0, 407.0], "fnr": 0.45145145058631897, "fnr race group 0": 0.44856542348861694, "fnr race group 1": 0.5107913613319397, "fnr sex group 0": 0.4316205680370331, "fnr sex group 1": 0.5588865280151367, "fnr subgroup 0": 0.42827698588371277, "fnr subgroup 1": 0.5625, "fp": 520.0, "fp race group 0": 490.0, "fp race group 1": 30.0, "fp sex group 0": 465.0, "fp sex group 1": 55.0, "fp subgroup 0": 442.0, "fp subgroup 1": 48.0, "fp_th": [9803.0, 3454.0, 2301.0, 1503.0, 924.0, 520.0, 297.0, 131.0, 42.0, 8.0], "fp_th race group 0": [8719.0, 3195.0, 2152.0, 1406.0, 865.0, 490.0, 279.0, 124.0, 41.0, 8.0], "fp_th race group 1": [1084.0, 259.0, 149.0, 97.0, 59.0, 30.0, 18.0, 7.0, 1.0, 0.0], "fp_th sex group 0": [6037.0, 2772.0, 1956.0, 1312.0, 819.0, 465.0, 271.0, 122.0, 40.0, 8.0], "fp_th sex group 1": [3766.0, 682.0, 345.0, 191.0, 105.0, 55.0, 26.0, 9.0, 2.0, 0.0], "fp_th subgroup 0": [5517.0, 2601.0, 1850.0, 1240.0, 773.0, 442.0, 257.0, 116.0, 39.0, 8.0], "fp_th subgroup 1": [3202.0, 594.0, 302.0, 166.0, 92.0, 48.0, 22.0, 8.0, 2.0, 0.0], "fpr": 0.053044985979795456, "fpr race group 0": 0.056199103593826294, "fpr race group 1": 0.02767527662217617, "fpr sex group 0": 0.07702501118183136, "fpr sex group 1": 0.014604355208575726, "fpr subgroup 0": 0.08011600375175476, "fpr subgroup 1": 0.014990630559623241, "loss": 0.3185814917087555, "precision": 0.7597042322158813, "precision race group 0": 0.7628267407417297, "precision race group 1": 0.6938775777816772, "precision sex group 0": 0.7556489706039429, "precision sex group 1": 0.7892720103263855, "precision subgroup 0": 0.7583379149436951, "precision subgroup 1": 0.797468364238739, "precision_th": [0.23414061963558197, 0.4509616792201996, 0.5342105031013489, 0.6107226014137268, 0.6820371747016907, 0.7597042322158813, 0.8130899667739868, 0.8779124021530151, 0.9320388436317444, 0.9720279574394226], "precision_th race group 0": [0.2468687891960144, 0.4585663378238678, 0.5392849445343018, 0.615742027759552, 0.6862531900405884, 0.7628267407417297, 0.8155981302261353, 0.8791422843933105, 0.930390477180481, 0.9709091186523438], "precision_th race group 1": [0.11365494877099991, 0.33589744567871094, 0.44609665870666504, 0.5198019742965698, 0.6040268540382385, 0.6938775777816772, 0.7631579041481018, 0.8510638475418091, 0.9655172228813171, 1.0], "precision_th sex group 0": [0.29531925916671753, 0.4667179584503174, 0.5383526086807251, 0.6101040244102478, 0.6793265342712402, 0.7556489706039429, 0.8078014254570007, 0.8723849654197693, 0.9283154010772705, 0.9689922332763672], "precision_th sex group 1": [0.11032364517450333, 0.37602928280830383, 0.5092461109161377, 0.6149193644523621, 0.7017045617103577, 0.7892720103263855, 0.8547486066818237, 0.9230769276618958, 0.9666666388511658, 1.0], "precision_th subgroup 0": [0.30542615056037903, 0.4719853699207306, 0.5417389273643494, 0.6138274669647217, 0.6828067302703857, 0.7583379149436951, 0.8101920485496521, 0.873913049697876, 0.9273743033409119, 0.9679999947547913], "precision_th subgroup 1": [0.11887726932764053, 0.39076924324035645, 0.5236592888832092, 0.6294642686843872, 0.7124999761581421, 0.797468364238739, 0.8616352081298828, 0.9245283007621765, 0.9615384340286255, 1.0], "recall": 0.5485485196113586, "recall race group 0": 0.5514345765113831, "recall race group 1": 0.4892086386680603, "recall sex group 0": 0.5683794617652893, "recall sex group 1": 0.44111350178718567, "recall subgroup 0": 0.5717229843139648, "recall subgroup 1": 0.4375, "recall_th": [1.0, 0.9466132521629333, 0.8805472254753113, 0.7867867946624756, 0.6613280177116394, 0.5485485196113586, 0.43109777569770813, 0.3143143057823181, 0.1921921968460083, 0.09275942295789719], "recall_th race group 0": [1.0, 0.9468159675598145, 0.8813855648040771, 0.7883135080337524, 0.662001371383667, 0.5514345765113831, 0.4317704737186432, 0.3156053125858307, 0.19174247980117798, 0.09342197328805923], "recall_th race group 1": [1.0, 0.9424460530281067, 0.8633093237876892, 0.7553957104682922, 0.6474820375442505, 0.4892086386680603, 0.41726619005203247, 0.28776979446411133, 0.20143884420394897, 0.0791366919875145], "recall_th sex group 0": [1.0, 0.9588932991027832, 0.9015810489654541, 0.8114624619483948, 0.6857707500457764, 0.5683794617652893, 0.45019763708114624, 0.32964426279067993, 0.20474308729171753, 0.0988142266869545], "recall_th sex group 1": [1.0, 0.8800856471061707, 0.7665953040122986, 0.6531049013137817, 0.5289078950881958, 0.44111350178718567, 0.3276231288909912, 0.23126338422298431, 0.12419699877500534, 0.059957172721624374], "recall_th subgroup 0": [1.0, 0.9583677053451538, 0.901483952999115, 0.8124485015869141, 0.6859027147293091, 0.5717229843139648, 0.45218467712402344, 0.3314097225666046, 0.20527617633342743, 0.09975267946720123], "recall_th subgroup 1": [1.0, 0.8819444179534912, 0.7685185074806213, 0.6527777910232544, 0.5277777910232544, 0.4375, 0.31712964177131653, 0.22685185074806213, 0.11574073880910873, 0.05787036940455437], "tn": 9283.0, "tn race group 0": 8229.0, "tn race group 1": 1054.0, "tn sex group 0": 5572.0, "tn sex group 1": 3711.0, "tn subgroup 0": 5075.0, "tn subgroup 1": 3154.0, "tn_th": [0.0, 6349.0, 7502.0, 8300.0, 8879.0, 9283.0, 9506.0, 9672.0, 9761.0, 9795.0], "tn_th race group 0": [0.0, 5524.0, 6567.0, 7313.0, 7854.0, 8229.0, 8440.0, 8595.0, 8678.0, 8711.0], "tn_th race group 1": [0.0, 825.0, 935.0, 987.0, 1025.0, 1054.0, 1066.0, 1077.0, 1083.0, 1084.0], "tn_th sex group 0": [0.0, 3265.0, 4081.0, 4725.0, 5218.0, 5572.0, 5766.0, 5915.0, 5997.0, 6029.0], "tn_th sex group 1": [0.0, 3084.0, 3421.0, 3575.0, 3661.0, 3711.0, 3740.0, 3757.0, 3764.0, 3766.0], "tn_th subgroup 0": [0.0, 2916.0, 3667.0, 4277.0, 4744.0, 5075.0, 5260.0, 5401.0, 5478.0, 5509.0], "tn_th subgroup 1": [0.0, 2608.0, 2900.0, 3036.0, 3110.0, 3154.0, 3180.0, 3194.0, 3200.0, 3202.0], "tp": 1644.0, "tp race group 0": 1576.0, "tp race group 1": 68.0, "tp sex group 0": 1438.0, "tp sex group 1": 206.0, "tp subgroup 0": 1387.0, "tp subgroup 1": 189.0, "tp_th": [2997.0, 2837.0, 2639.0, 2358.0, 1982.0, 1644.0, 1292.0, 942.0, 576.0, 278.0], "tp_th race group 0": [2858.0, 2706.0, 2519.0, 2253.0, 1892.0, 1576.0, 1234.0, 902.0, 548.0, 267.0], "tp_th race group 1": [139.0, 131.0, 120.0, 105.0, 90.0, 68.0, 58.0, 40.0, 28.0, 11.0], "tp_th sex group 0": [2530.0, 2426.0, 2281.0, 2053.0, 1735.0, 1438.0, 1139.0, 834.0, 518.0, 250.0], "tp_th sex group 1": [467.0, 411.0, 358.0, 305.0, 247.0, 206.0, 153.0, 108.0, 58.0, 28.0], "tp_th subgroup 0": [2426.0, 2325.0, 2187.0, 1971.0, 1664.0, 1387.0, 1097.0, 804.0, 498.0, 242.0],