{"accuracy": 0.8512499928474426, "accuracy race group 0": 0.844692051410675, "accuracy race group 1": 0.9133278727531433, "accuracy sex group 0": 0.8149877190589905, "accuracy sex group 1": 0.9246397614479065, "accuracy subgroup 0": 0.8106508851051331, "accuracy subgroup 1": 0.9190974235534668, "auc": 0.8898617625236511, "auc race group 0": 0.8865457773208618, "auc race group 1": 0.9139378070831299, "auc sex group 0": 0.8718124032020569, "auc sex group 1": 0.8886420726776123, "auc subgroup 0": 0.8688838481903076, "auc subgroup 1": 0.887704074382782, "aucpr": 0.7574437856674194, "fn": 1405.0, "fn race group 0": 1336.0, "fn race group 1": 69.0, "fn sex group 0": 1139.0, "fn sex group 1": 266.0, "fn subgroup 0": 1087.0, "fn subgroup 1": 249.0, "fn_th": [0.0, 169.0, 384.0, 700.0, 1067.0, 1405.0, 1763.0, 2121.0, 2460.0, 2770.0], "fn_th race group 0": [0.0, 161.0, 365.0, 664.0, 1013.0, 1336.0, 1677.0, 2022.0, 2352.0, 2640.0], "fn_th race group 1": [0.0, 8.0, 19.0, 36.0, 54.0, 69.0, 86.0, 99.0, 108.0, 130.0], "fn_th sex group 0": [0.0, 106.0, 277.0, 531.0, 856.0, 1139.0, 1436.0, 1755.0, 2049.0, 2323.0], "fn_th sex group 1": [0.0, 63.0, 107.0, 169.0, 211.0, 266.0, 327.0, 366.0, 411.0, 447.0], "fn_th subgroup 0": [0.0, 103.0, 266.0, 509.0, 817.0, 1087.0, 1373.0, 1682.0, 1968.0, 2226.0], "fn_th subgroup 1": [0.0, 58.0, 99.0, 155.0, 196.0, 249.0, 304.0, 340.0, 384.0, 414.0], "fnr": 0.4688021242618561, "fnr race group 0": 0.4674597680568695, "fnr race group 1": 0.49640288949012756, "fnr sex group 0": 0.45019763708114624, "fnr sex group 1": 0.5695931315422058, "fnr subgroup 0": 0.4480626583099365, "fnr subgroup 1": 0.5763888955116272, "fp": 499.0, "fp race group 0": 462.0, "fp race group 1": 37.0, "fp sex group 0": 446.0, "fp sex group 1": 53.0, "fp subgroup 0": 417.0, "fp subgroup 1": 45.0, "fp_th": [9803.0, 3404.0, 2203.0, 1436.0, 845.0, 499.0, 262.0, 114.0, 40.0, 3.0], "fp_th race group 0": [8719.0, 3146.0, 2066.0, 1348.0, 792.0, 462.0, 246.0, 108.0, 39.0, 3.0], "fp_th race group 1": [1084.0, 258.0, 137.0, 88.0, 53.0, 37.0, 16.0, 6.0, 1.0, 0.0], "fp_th sex group 0": [6037.0, 2762.0, 1867.0, 1245.0, 757.0, 446.0, 236.0, 102.0, 37.0, 3.0], "fp_th sex group 1": [3766.0, 642.0, 336.0, 191.0, 88.0, 53.0, 26.0, 12.0, 3.0, 0.0], "fp_th subgroup 0": [5517.0, 2591.0, 1771.0, 1180.0, 716.0, 417.0, 222.0, 97.0, 36.0, 3.0], "fp_th subgroup 1": [3202.0, 555.0, 295.0, 168.0, 76.0, 45.0, 24.0, 11.0, 3.0, 0.0], "fpr": 0.05090278387069702, "fpr race group 0": 0.052987728267908096, "fpr race group 1": 0.03413284197449684, "fpr sex group 0": 0.07387775182723999, "fpr sex group 1": 0.014073287136852741, "fpr subgroup 0": 0.07558455318212509, "fpr subgroup 1": 0.014053716324269772, "loss": 0.3200830817222595, "precision": 0.7613582015037537, "precision race group 0": 0.7671371102333069, "precision race group 1": 0.6542056202888489, "precision sex group 0": 0.7572128176689148, "precision sex group 1": 0.7913385629653931, "precision subgroup 0": 0.7625284790992737, "precision subgroup 1": 0.8026315569877625, "precision_th": [0.23414061963558197, 0.4537869095802307, 0.5425664186477661, 0.6153227686882019, 0.6954954862594604, 0.7613582015037537, 0.8248662948608398, 0.8848484754562378, 0.9306759238243103, 0.9869565367698669], "precision_th race group 0": [0.2468687891960144, 0.4615779519081116, 0.546830415725708, 0.619424045085907, 0.6996586918830872, 0.7671371102333069, 0.8276103734970093, 0.8855932354927063, 0.9284403920173645, 0.9864253401756287], "precision_th race group 1": [0.11365494877099991, 0.336760938167572, 0.46692606806755066, 0.5392670035362244, 0.6159420013427734, 0.6542056202888489, 0.7681159377098083, 0.8695651888847351, 0.96875, 1.0], "precision_th sex group 0": [0.29531925916671753, 0.4674122631549835, 0.5468446612358093, 0.6162145733833313, 0.6886054873466492, 0.7572128176689148, 0.8225563764572144, 0.8836944103240967, 0.9285714030265808, 0.9857142567634583], "precision_th sex group 1": [0.11032364517450333, 0.38623327016830444, 0.517241358757019, 0.6094069480895996, 0.7441860437393188, 0.7913385629653931, 0.8433734774589539, 0.8938053250312805, 0.9491525292396545, 1.0], "precision_th subgroup 0": [0.30542615056037903, 0.47273096442222595, 0.5494785308837891, 0.6189861297607422, 0.6920430064201355, 0.7625284790992737, 0.8258823752403259, 0.8846611380577087, 0.9271255135536194, 0.9852216839790344], "precision_th subgroup 1": [0.11887726932764053, 0.40258342027664185, 0.5302547812461853, 0.6224719285964966, 0.7564102411270142, 0.8026315569877625, 0.8421052694320679, 0.893203854560852, 0.9411764740943909, 1.0], "recall": 0.5311978459358215, "recall race group 0": 0.5325402617454529, "recall race group 1": 0.5035971403121948, "recall sex group 0": 0.5498023629188538, "recall sex group 1": 0.4304068386554718, "recall subgroup 0": 0.5519373416900635, "recall subgroup 1": 0.4236111044883728, "recall_th": [1.0, 0.9436102509498596, 0.8718718886375427, 0.7664331197738647, 0.6439772844314575, 0.5311978459358215, 0.4117450714111328, 0.2922922968864441, 0.17917917668819427, 0.07574240863323212], "recall_th race group 0": [1.0, 0.9436668753623962, 0.8722882866859436, 0.767669677734375, 0.6455563306808472, 0.5325402617454529, 0.41322603821754456, 0.2925122380256653, 0.17704688012599945, 0.07627711445093155], "recall_th race group 1": [1.0, 0.9424460530281067, 0.8633093237876892, 0.7410072088241577, 0.6115108132362366, 0.5035971403121948, 0.38129496574401855, 0.28776979446411133, 0.22302158176898956, 0.06474819779396057], "recall_th sex group 0": [1.0, 0.9581027626991272, 0.8905138373374939, 0.7901185750961304, 0.6616600751876831, 0.5498023629188538, 0.4324110746383667, 0.3063241243362427, 0.19011858105659485, 0.08181817829608917], "recall_th sex group 1": [1.0, 0.8650963306427002, 0.7708779573440552, 0.638115644454956, 0.5481798648834229, 0.4304068386554718, 0.299785852432251, 0.21627408266067505, 0.11991434544324875, 0.04282655194401741], "recall_th subgroup 0": [1.0, 0.9575432538986206, 0.8903545141220093, 0.7901896238327026, 0.6632316708564758, 0.5519373416900635, 0.4340478181838989, 0.3066776692867279, 0.18878813087940216, 0.08244022727012634], "recall_th subgroup 1": [1.0, 0.8657407164573669, 0.7708333134651184, 0.6412037014961243, 0.5462962985038757, 0.4236111044883728, 0.29629629850387573, 0.21296297013759613, 0.1111111119389534, 0.0416666679084301], "tn": 9304.0, "tn race group 0": 8257.0, "tn race group 1": 1047.0, "tn sex group 0": 5591.0, "tn sex group 1": 3713.0, "tn subgroup 0": 5100.0, "tn subgroup 1": 3157.0, "tn_th": [0.0, 6399.0, 7600.0, 8367.0, 8958.0, 9304.0, 9541.0, 9689.0, 9763.0, 9800.0], "tn_th race group 0": [0.0, 5573.0, 6653.0, 7371.0, 7927.0, 8257.0, 8473.0, 8611.0, 8680.0, 8716.0], "tn_th race group 1": [0.0, 826.0, 947.0, 996.0, 1031.0, 1047.0, 1068.0, 1078.0, 1083.0, 1084.0], "tn_th sex group 0": [0.0, 3275.0, 4170.0, 4792.0, 5280.0, 5591.0, 5801.0, 5935.0, 6000.0, 6034.0], "tn_th sex group 1": [0.0, 3124.0, 3430.0, 3575.0, 3678.0, 3713.0, 3740.0, 3754.0, 3763.0, 3766.0], "tn_th subgroup 0": [0.0, 2926.0, 3746.0, 4337.0, 4801.0, 5100.0, 5295.0, 5420.0, 5481.0, 5514.0], "tn_th subgroup 1": [0.0, 2647.0, 2907.0, 3034.0, 3126.0, 3157.0, 3178.0, 3191.0, 3199.0, 3202.0], "tp": 1592.0, "tp race group 0": 1522.0, "tp race group 1": 70.0, "tp sex group 0": 1391.0, "tp sex group 1": 201.0, "tp subgroup 0": 1339.0, "tp subgroup 1": 183.0, "tp_th": [2997.0, 2828.0, 2613.0, 2297.0, 1930.0, 1592.0, 1234.0, 876.0, 537.0, 227.0], "tp_th race group 0": [2858.0, 2697.0, 2493.0, 2194.0, 1845.0, 1522.0, 1181.0, 836.0, 506.0, 218.0], "tp_th race group 1": [139.0, 131.0, 120.0, 103.0, 85.0, 70.0, 53.0, 40.0, 31.0, 9.0], "tp_th sex group 0": [2530.0, 2424.0, 2253.0, 1999.0, 1674.0, 1391.0, 1094.0, 775.0, 481.0, 207.0], "tp_th sex group 1": [467.0, 404.0, 360.0, 298.0, 256.0, 201.0, 140.0, 101.0, 56.0, 20.0], "tp_th subgroup 0": [2426.0, 2323.0, 2160.0, 1917.0, 1609.0, 1339.0, 1053.0, 744.0, 458.0, 200.0],