{"accuracy": 0.8578437566757202, "accuracy race group 0": 0.8516596555709839, "accuracy race group 1": 0.9161742329597473, "accuracy sex group 0": 0.8214549422264099, "accuracy sex group 1": 0.9307742714881897, "accuracy subgroup 0": 0.817051887512207, "accuracy subgroup 1": 0.9262338876724243, "accuracy subgroup 2": 0.876300036907196, "accuracy subgroup 3": 0.9588925242424011, "auc": 0.8966034054756165, "auc race group 0": 0.8934009671211243, "auc race group 1": 0.9186173677444458, "auc sex group 0": 0.879077136516571, "auc sex group 1": 0.8966720104217529, "auc subgroup 0": 0.8759843707084656, "auc subgroup 1": 0.8964540362358093, "auc subgroup 2": 0.9123575091362, "auc subgroup 3": 0.8878738880157471, "aucpr": 0.7770201563835144, "fn": 23227.0, "fn race group 0": 21943.0, "fn race group 1": 1284.0, "fn sex group 0": 19196.0, "fn sex group 1": 4031.0, "fn subgroup 0": 18194.0, "fn subgroup 1": 3749.0, "fn subgroup 2": 1002.0, "fn subgroup 3": 282.0, "fn_th": [0.0, 3131.0, 7371.0, 12376.0, 17713.0, 23227.0, 29584.0, 36624.0, 43902.0, 51205.0], "fn_th race group 0": [0.0, 2990.0, 7009.0, 11734.0, 16774.0, 21943.0, 27990.0, 34823.0, 41817.0, 48903.0], "fn_th race group 1": [0.0, 141.0, 362.0, 642.0, 939.0, 1284.0, 1594.0, 1801.0, 2085.0, 2302.0], "fn_th sex group 0": [0.0, 2117.0, 5443.0, 9706.0, 14422.0, 19196.0, 24706.0, 30643.0, 36867.0, 43187.0], "fn_th sex group 1": [0.0, 1014.0, 1928.0, 2670.0, 3291.0, 4031.0, 4878.0, 5981.0, 7035.0, 8018.0], "fn_th subgroup 0": [0.0, 2038.0, 5221.0, 9298.0, 13765.0, 18194.0, 23455.0, 29233.0, 35221.0, 41400.0], "fn_th subgroup 1": [0.0, 952.0, 1788.0, 2436.0, 3009.0, 3749.0, 4535.0, 5590.0, 6596.0, 7503.0], "fn_th subgroup 2": [0.0, 79.0, 222.0, 408.0, 657.0, 1002.0, 1251.0, 1410.0, 1646.0, 1787.0], "fn_th subgroup 3": [0.0, 62.0, 140.0, 234.0, 282.0, 282.0, 343.0, 391.0, 439.0, 515.0], "fnr": 0.3842349052429199, "fnr race group 0": 0.3806772828102112, "fnr race group 1": 0.4572649598121643, "fnr sex group 0": 0.37512701749801636, "fnr sex group 1": 0.4344686269760132, "fnr subgroup 0": 0.37113192677497864, "fnr subgroup 1": 0.4349692463874817, "fnr subgroup 2": 0.46626338362693787, "fnr subgroup 3": 0.4279210865497589, "fp": 13165.0, "fp race group 0": 12392.0, "fp race group 1": 773.0, "fp sex group 0": 11297.0, "fp sex group 1": 1868.0, "fp subgroup 0": 10729.0, "fp subgroup 1": 1663.0, "fp subgroup 2": 568.0, "fp subgroup 3": 205.0, "fp_th": [195550.0, 66083.0, 44120.0, 30235.0, 20450.0, 13165.0, 8035.0, 3918.0, 1389.0, 191.0], "fp_th race group 0": [173819.0, 61369.0, 41198.0, 28281.0, 19162.0, 12392.0, 7515.0, 3667.0, 1248.0, 175.0], "fp_th race group 1": [21731.0, 4714.0, 2922.0, 1954.0, 1288.0, 773.0, 520.0, 251.0, 141.0, 16.0], "fp_th sex group 0": [119614.0, 52501.0, 36529.0, 25450.0, 17372.0, 11297.0, 7015.0, 3448.0, 1216.0, 175.0], "fp_th sex group 1": [75936.0, 13582.0, 7591.0, 4785.0, 3078.0, 1868.0, 1020.0, 470.0, 173.0, 16.0], "fp_th subgroup 0": [109071.0, 49313.0, 34423.0, 24046.0, 16444.0, 10729.0, 6574.0, 3244.0, 1091.0, 159.0], "fp_th subgroup 1": [64748.0, 12056.0, 6775.0, 4235.0, 2718.0, 1663.0, 941.0, 423.0, 157.0, 16.0], "fp_th subgroup 2": [10543.0, 3188.0, 2106.0, 1404.0, 928.0, 568.0, 441.0, 204.0, 125.0, 16.0], "fp_th subgroup 3": [11188.0, 1526.0, 816.0, 550.0, 360.0, 205.0, 79.0, 47.0, 16.0, 0.0], "fpr": 0.06732293218374252, "fpr race group 0": 0.07129254937171936, "fpr race group 1": 0.035571303218603134, "fpr sex group 0": 0.09444546699523926, "fpr sex group 1": 0.02459966205060482, "fpr subgroup 0": 0.0983671173453331, "fpr subgroup 1": 0.025684190914034843, "fpr subgroup 2": 0.053874608129262924, "fpr subgroup 3": 0.018323203548789024, "loss": 0.30833712220191956, "precision": 0.7387274503707886, "precision race group 0": 0.7423218488693237, "precision race group 1": 0.6634740829467773, "precision sex group 0": 0.7389365434646606, "precision sex group 1": 0.7374560832977295, "precision subgroup 0": 0.7418307065963745, "precision subgroup 1": 0.7454462051391602, "precision subgroup 2": 0.6688046455383301, "precision subgroup 3": 0.6477663516998291, "precision_th": [0.23613281548023224, 0.46449002623558044, 0.5460858941078186, 0.6139013171195984, 0.6763575077056885, 0.7387274503707886, 0.7934500575065613, 0.8587802648544312, 0.922562301158905, 0.9797583818435669], "precision_th race group 0": [0.24903547763824463, 0.4710526466369629, 0.5513715147972107, 0.6187979578971863, 0.6807929277420044, 0.7423218488693237, 0.7978044748306274, 0.8615494966506958, 0.9269021153450012, 0.9803679585456848], "precision_th race group 1": [0.11443009227514267, 0.3613331615924835, 0.45566317439079285, 0.525728166103363, 0.5920177102088928, 0.6634740829467773, 0.7001153230667114, 0.8004769682884216, 0.8368055820465088, 0.969348669052124], "precision_th sex group 0": [0.2996264398097992, 0.4830339848995209, 0.5559216141700745, 0.619672417640686, 0.6790214776992798, 0.7389365434646606, 0.7904781699180603, 0.8561955094337463, 0.9216545224189758, 0.9785539507865906], "precision_th sex group 1": [0.10887882113456726, 0.37828436493873596, 0.49193495512008667, 0.5800052881240845, 0.6604523062705994, 0.7374560832977295, 0.8118081092834473, 0.8752322793006897, 0.9283940196037292, 0.9874607920646667], "precision_th subgroup 0": [0.3100876808166504, 0.48791253566741943, 0.5599488615989685, 0.6229320764541626, 0.6819465160369873, 0.7418307065963745, 0.795470118522644, 0.8591647148132324, 0.9267441034317017, 0.9795682430267334], "precision_th subgroup 1": [0.1174778863787651, 0.38873395323753357, 0.5020579099655151, 0.5934920310974121, 0.6736311316490173, 0.7454462051391602, 0.8127363324165344, 0.8774623274803162, 0.9279816746711731, 0.9858657121658325], "precision_th subgroup 2": [0.1693192571401596, 0.39368581771850586, 0.4778080880641937, 0.5535771250724792, 0.6165289282798767, 0.6688046455383301, 0.6706497669219971, 0.783669114112854, 0.8009554147720337, 0.9576719403266907], "precision_th subgroup 3": [0.05562589690089226, 0.28120583295822144, 0.38876405358314514, 0.43589743971824646, 0.511533260345459, 0.6477663516998291, 0.800000011920929, 0.8507936596870422, 0.9322034120559692, 1.0], "recall": 0.6157650947570801, "recall race group 0": 0.6193227171897888, "recall race group 1": 0.5427350401878357, "recall sex group 0": 0.6248729825019836, "recall sex group 1": 0.5655313730239868, "recall subgroup 0": 0.6288681030273438, "recall subgroup 1": 0.5650307536125183, "recall subgroup 2": 0.5337366461753845, "recall subgroup 3": 0.5720788836479187, "recall_th": [1.0, 0.9482051134109497, 0.8780645132064819, 0.7952688336372375, 0.7069810032844543, 0.6157650947570801, 0.5106037855148315, 0.3941439092159271, 0.27374690771102905, 0.15293630957603455], "recall_th race group 0": [1.0, 0.9481281042098999, 0.8784046173095703, 0.79643315076828, 0.7089968919754028, 0.6193227171897888, 0.5144165754318237, 0.3958745300769806, 0.27453941106796265, 0.1516081988811493], "recall_th race group 1": [1.0, 0.9497863054275513, 0.871082603931427, 0.7713675498962402, 0.6655982732772827, 0.5427350401878357, 0.4323361814022064, 0.35861822962760925, 0.25747862458229065, 0.18019942939281464], "recall_th sex group 0": [1.0, 0.9586297273635864, 0.893633246421814, 0.8103259801864624, 0.718166172504425, 0.6248729825019836, 0.5171968936920166, 0.40117642283439636, 0.27954742312431335, 0.15604236721992493], "recall_th sex group 1": [1.0, 0.8907092213630676, 0.7921965718269348, 0.7122224569320679, 0.645289957523346, 0.5655313730239868, 0.47424012422561646, 0.35535675287246704, 0.2417546957731247, 0.1358051300048828], "recall_th subgroup 0": [1.0, 0.9584276676177979, 0.893498957157135, 0.8103339076042175, 0.7192134261131287, 0.6288681030273438, 0.5215511322021484, 0.40368807315826416, 0.2815413177013397, 0.1554984450340271], "recall_th subgroup 1": [1.0, 0.8895463347434998, 0.7925513386726379, 0.7173686027526855, 0.6508875489234924, 0.5650307536125183, 0.47383686900138855, 0.3514328896999359, 0.23471400141716003, 0.12948137521743774],