{"accuracy": 0.8580155968666077, "accuracy race group 0": 0.8514997959136963, "accuracy race group 1": 0.9194751381874084, "accuracy sex group 0": 0.8222805261611938, "accuracy sex group 1": 0.9296360015869141, "accuracy subgroup 0": 0.8177286982536316, "accuracy subgroup 1": 0.9242711067199707, "accuracy subgroup 2": 0.8789789080619812, "accuracy subgroup 3": 0.9628598093986511, "auc": 0.8940378427505493, "auc race group 0": 0.8906719088554382, "auc race group 1": 0.9199262857437134, "auc sex group 0": 0.8771259188652039, "auc sex group 1": 0.8909838199615479, "auc subgroup 0": 0.8739649653434753, "auc subgroup 1": 0.8900206089019775, "auc subgroup 2": 0.9133144021034241, "auc subgroup 3": 0.8907273411750793, "aucpr": 0.7765475511550903, "fn": 23477.0, "fn race group 0": 22224.0, "fn race group 1": 1253.0, "fn sex group 0": 19368.0, "fn sex group 1": 4109.0, "fn subgroup 0": 18397.0, "fn subgroup 1": 3827.0, "fn subgroup 2": 971.0, "fn subgroup 3": 282.0, "fn_th": [0.0, 3342.0, 7394.0, 12600.0, 17987.0, 23477.0, 29988.0, 36399.0, 43856.0, 51159.0], "fn_th race group 0": [0.0, 3186.0, 7049.0, 11927.0, 17014.0, 22224.0, 28456.0, 34597.0, 41787.0, 48809.0], "fn_th race group 1": [0.0, 156.0, 345.0, 673.0, 973.0, 1253.0, 1532.0, 1802.0, 2069.0, 2350.0], "fn_th sex group 0": [0.0, 2217.0, 5594.0, 9893.0, 14664.0, 19368.0, 25048.0, 30498.0, 36946.0, 43080.0], "fn_th sex group 1": [0.0, 1125.0, 1800.0, 2707.0, 3323.0, 4109.0, 4940.0, 5901.0, 6910.0, 8079.0], "fn_th subgroup 0": [0.0, 2154.0, 5389.0, 9454.0, 13941.0, 18397.0, 23859.0, 29087.0, 35316.0, 41261.0], "fn_th subgroup 1": [0.0, 1032.0, 1660.0, 2473.0, 3073.0, 3827.0, 4597.0, 5510.0, 6471.0, 7548.0], "fn_th subgroup 2": [0.0, 63.0, 205.0, 439.0, 723.0, 971.0, 1189.0, 1411.0, 1630.0, 1819.0], "fn_th subgroup 3": [0.0, 93.0, 140.0, 234.0, 250.0, 282.0, 343.0, 391.0, 439.0, 531.0], "fnr": 0.388370543718338, "fnr race group 0": 0.38555219769477844, "fnr race group 1": 0.4462250769138336, "fnr sex group 0": 0.3784882426261902, "fnr sex group 1": 0.44287562370300293, "fnr subgroup 0": 0.37527284026145935, "fnr subgroup 1": 0.44401901960372925, "fnr subgroup 2": 0.45183807611465454, "fnr subgroup 3": 0.4279210865497589, "fp": 12871.0, "fp race group 0": 12148.0, "fp race group 1": 723.0, "fp sex group 0": 10984.0, "fp sex group 1": 1887.0, "fp subgroup 0": 10419.0, "fp subgroup 1": 1729.0, "fp subgroup 2": 565.0, "fp subgroup 3": 158.0, "fp_th": [195550.0, 66766.0, 43498.0, 30168.0, 20670.0, 12871.0, 7889.0, 3778.0, 1281.0, 255.0], "fp_th race group 0": [173819.0, 61911.0, 40752.0, 28250.0, 19335.0, 12148.0, 7387.0, 3512.0, 1202.0, 239.0], "fp_th race group 1": [21731.0, 4855.0, 2746.0, 1918.0, 1335.0, 723.0, 502.0, 266.0, 79.0, 16.0], "fp_th sex group 0": [119614.0, 52360.0, 35979.0, 25508.0, 17466.0, 10984.0, 6806.0, 3259.0, 1108.0, 223.0], "fp_th sex group 1": [75936.0, 14406.0, 7519.0, 4660.0, 3204.0, 1887.0, 1083.0, 519.0, 173.0, 32.0], "fp_th subgroup 0": [109071.0, 49064.0, 34065.0, 24155.0, 16538.0, 10419.0, 6383.0, 3056.0, 1045.0, 207.0], "fp_th subgroup 1": [64748.0, 12847.0, 6687.0, 4095.0, 2797.0, 1729.0, 1004.0, 456.0, 157.0, 32.0], "fp_th subgroup 2": [10543.0, 3296.0, 1914.0, 1353.0, 928.0, 565.0, 423.0, 203.0, 63.0, 16.0], "fp_th subgroup 3": [11188.0, 1559.0, 832.0, 565.0, 407.0, 158.0, 79.0, 63.0, 16.0, 0.0], "fpr": 0.06581948697566986, "fpr race group 0": 0.06988879293203354, "fpr race group 1": 0.033270444720983505, "fpr sex group 0": 0.09182871878147125, "fpr sex group 1": 0.024849873036146164, "fpr subgroup 0": 0.09552493691444397, "fpr subgroup 1": 0.026703527197241783, "fpr subgroup 2": 0.05359005928039551, "fpr subgroup 3": 0.01412227377295494, "loss": 0.3091292083263397, "precision": 0.741774320602417, "precision race group 0": 0.7446075081825256, "precision race group 1": 0.6826163530349731, "precision sex group 0": 0.743292510509491, "precision sex group 1": 0.7325680255889893, "precision subgroup 0": 0.746156632900238, "precision subgroup 1": 0.7348566055297852, "precision subgroup 2": 0.6758462190628052, "precision subgroup 3": 0.7046728730201721, "precision_th": [0.23613281548023224, 0.46101683378219604, 0.5494956374168396, 0.613319993019104, 0.6725959777832031, 0.741774320602417, 0.7942947745323181, 0.8642423152923584, 0.9283356666564941, 0.9732872247695923], "precision_th race group 0": [0.24903547763824463, 0.4679677188396454, 0.5538672208786011, 0.6180626153945923, 0.6775511503219604, 0.7446075081825256, 0.7980204224586487, 0.8677561283111572, 0.9295303821563721, 0.9736552238464355], "precision_th race group 1": [0.11443009227514267, 0.3532702922821045, 0.4728354811668396, 0.526770293712616, 0.578864336013794, 0.6826163530349731, 0.7176603078842163, 0.7908805012702942, 0.903423011302948, 0.9662446975708008], "precision_th sex group 0": [0.2996264398097992, 0.483195960521698, 0.5588484406471252, 0.6180694103240967, 0.6763997673988342, 0.743292510509491, 0.7933191657066345, 0.863828182220459, 0.9277422428131104, 0.9731810092926025], "precision_th sex group 1": [0.10887882113456726, 0.3614078760147095, 0.4986330568790436, 0.5850770473480225, 0.6501801609992981, 0.7325680255889893, 0.8002213835716248, 0.8667864203453064, 0.9319165945053101, 0.974004864692688], "precision_th subgroup 0": [0.3100876808166504, 0.4885597229003906, 0.5615773797035217, 0.6209434270858765, 0.6796203255653381, 0.746156632900238, 0.7976669669151306, 0.8670842051506042, 0.9291621446609497, 0.9740243554115295], "precision_th subgroup 1": [0.1174778863787651, 0.37129294872283936, 0.5099663138389587, 0.6001366972923279, 0.6647489070892334, 0.7348566055297852, 0.8002387881278992, 0.8720897436141968, 0.9318872094154358, 0.9709882140159607], "precision_th subgroup 2": [0.1693192571401596, 0.3875882625579834, 0.5038880109786987, 0.5582761764526367, 0.605777382850647, 0.6758462190628052, 0.6941431760787964, 0.7842720746994019, 0.8917526006698608, 0.9537572264671326], "precision_th subgroup 3": [0.05562589690089226, 0.26635295152664185, 0.3841598927974701, 0.4292929172515869, 0.501225471496582, 0.7046728730201721, 0.800000011920929, 0.8096676468849182, 0.9322034120559692, 1.0], "recall": 0.6116294264793396, "recall race group 0": 0.6144477725028992, "recall race group 1": 0.5537749528884888, "recall sex group 0": 0.6215117573738098, "recall sex group 1": 0.5571243762969971, "recall subgroup 0": 0.624727189540863, "recall subgroup 1": 0.5559809803962708, "recall subgroup 2": 0.5481619238853455, "recall subgroup 3": 0.5720788836479187, "recall_th": [1.0, 0.9447146654129028, 0.8776840567588806, 0.7915632724761963, 0.702448308467865, 0.6116294264793396, 0.5039206147193909, 0.39786601066589355, 0.2745078504085541, 0.15369726717472076], "recall_th race group 0": [1.0, 0.9447277784347534, 0.8777107000350952, 0.7930849194526672, 0.7048332691192627, 0.6144477725028992, 0.5063321590423584, 0.3997952938079834, 0.27505984902381897, 0.1532389521598816], "recall_th race group 1": [1.0, 0.9444444179534912, 0.877136766910553, 0.7603276371955872, 0.6534900069236755, 0.5537749528884888, 0.4544159471988678, 0.3582621216773987, 0.26317664980888367, 0.16310541331768036], "recall_th sex group 0": [1.0, 0.9566755294799805, 0.8906823992729187, 0.8066716194152832, 0.713437020778656, 0.6215117573738098, 0.5105135440826416, 0.40400999784469604, 0.27800360321998596, 0.1581333577632904], "recall_th sex group 1": [1.0, 0.878745436668396, 0.8059926629066467, 0.7082345485687256, 0.641840934753418, 0.5571243762969971, 0.4675576686859131, 0.363979309797287, 0.2552274167537689, 0.12923043966293335], "recall_th subgroup 0": [1.0, 0.9560614228248596, 0.8900719881057739, 0.807151734828949, 0.7156232595443726, 0.624727189540863, 0.5133100748062134, 0.40666624903678894, 0.2796034514904022, 0.15833383798599243], "recall_th subgroup 1": [1.0, 0.8802645206451416, 0.8074022531509399, 0.7130757570266724, 0.6434621214866638, 0.5559809803962708, 0.46664345264434814, 0.36071470379829407, 0.24921683967113495, 0.12426035851240158],