{"accuracy": 0.8538281321525574, "accuracy race group 0": 0.8467651605606079, "accuracy race group 1": 0.9206868410110474, "accuracy sex group 0": 0.8180226683616638, "accuracy sex group 1": 0.9262934327125549, "accuracy subgroup 0": 0.813042938709259, "accuracy subgroup 1": 0.9204733371734619, "auc": 0.8895092010498047, "auc race group 0": 0.8861643671989441, "auc race group 1": 0.9114822745323181, "auc sex group 0": 0.8715599775314331, "auc sex group 1": 0.8877920508384705, "auc subgroup 0": 0.868519127368927, "auc subgroup 1": 0.8866804242134094, "aucpr": 0.756058931350708, "fn": 1325.0, "fn race group 0": 1259.0, "fn race group 1": 66.0, "fn sex group 0": 1078.0, "fn sex group 1": 247.0, "fn subgroup 0": 1029.0, "fn subgroup 1": 230.0, "fn_th": [0.0, 163.0, 391.0, 708.0, 1053.0, 1325.0, 1646.0, 2056.0, 2456.0, 2781.0], "fn_th race group 0": [0.0, 154.0, 371.0, 671.0, 999.0, 1259.0, 1568.0, 1961.0, 2347.0, 2654.0], "fn_th race group 1": [0.0, 9.0, 20.0, 37.0, 54.0, 66.0, 78.0, 95.0, 109.0, 127.0], "fn_th sex group 0": [0.0, 103.0, 277.0, 539.0, 834.0, 1078.0, 1347.0, 1708.0, 2061.0, 2341.0], "fn_th sex group 1": [0.0, 60.0, 114.0, 169.0, 219.0, 247.0, 299.0, 348.0, 395.0, 440.0], "fn_th subgroup 0": [0.0, 99.0, 266.0, 514.0, 795.0, 1029.0, 1288.0, 1635.0, 1978.0, 2245.0], "fn_th subgroup 1": [0.0, 55.0, 105.0, 157.0, 204.0, 230.0, 280.0, 326.0, 369.0, 409.0], "fnr": 0.44210878014564514, "fnr race group 0": 0.4405178427696228, "fnr race group 1": 0.4748201370239258, "fnr sex group 0": 0.426086962223053, "fnr sex group 1": 0.5289078950881958, "fnr subgroup 0": 0.42415499687194824, "fnr subgroup 1": 0.5324074029922485, "fp": 546.0, "fp race group 0": 515.0, "fp race group 1": 31.0, "fp sex group 0": 481.0, "fp sex group 1": 65.0, "fp subgroup 0": 456.0, "fp subgroup 1": 59.0, "fp_th": [9803.0, 3477.0, 2221.0, 1420.0, 905.0, 546.0, 339.0, 118.0, 32.0, 4.0], "fp_th race group 0": [8719.0, 3211.0, 2077.0, 1330.0, 850.0, 515.0, 320.0, 111.0, 30.0, 4.0], "fp_th race group 1": [1084.0, 266.0, 144.0, 90.0, 55.0, 31.0, 19.0, 7.0, 2.0, 0.0], "fp_th sex group 0": [6037.0, 2793.0, 1862.0, 1232.0, 802.0, 481.0, 304.0, 106.0, 31.0, 4.0], "fp_th sex group 1": [3766.0, 684.0, 359.0, 188.0, 103.0, 65.0, 35.0, 12.0, 1.0, 0.0], "fp_th subgroup 0": [5517.0, 2620.0, 1760.0, 1166.0, 760.0, 456.0, 288.0, 101.0, 29.0, 4.0], "fp_th subgroup 1": [3202.0, 591.0, 317.0, 164.0, 90.0, 59.0, 32.0, 10.0, 1.0, 0.0], "fpr": 0.0556972362101078, "fpr race group 0": 0.05906640738248825, "fpr race group 1": 0.028597785159945488, "fpr sex group 0": 0.0796753317117691, "fpr sex group 1": 0.017259692773222923, "fpr subgroup 0": 0.08265361934900284, "fpr subgroup 1": 0.01842598430812359, "loss": 0.32082363963127136, "precision": 0.7538322806358337, "precision race group 0": 0.7563859820365906, "precision race group 1": 0.7019230723381042, "precision sex group 0": 0.7511640191078186, "precision sex group 1": 0.7719298005104065, "precision subgroup 0": 0.7539125680923462, "precision subgroup 1": 0.7739463448524475, "precision_th": [0.23414061963558197, 0.4490571916103363, 0.5398798584938049, 0.6171475052833557, 0.6823446750640869, 0.7538322806358337, 0.7994082570075989, 0.8885741233825684, 0.9441536068916321, 0.9818181991577148], "precision_th race group 0": [0.2468687891960144, 0.4571428596973419, 0.5449167490005493, 0.62183678150177, 0.6862310767173767, 0.7563859820365906, 0.8012422323226929, 0.8898809552192688, 0.9445471167564392, 0.9807692170143127], "precision_th race group 1": [0.11365494877099991, 0.32828283309936523, 0.4524714946746826, 0.53125, 0.6071428656578064, 0.7019230723381042, 0.762499988079071, 0.8627451062202454, 0.9375, 1.0], "precision_th sex group 0": [0.29531925916671753, 0.4649425148963928, 0.5475091338157654, 0.61774742603302, 0.6789431571960449, 0.7511640191078186, 0.7955615520477295, 0.8857758641242981, 0.9380000233650208, 0.9792746305465698], "precision_th sex group 1": [0.11032364517450333, 0.3730522394180298, 0.49578651785850525, 0.6131687164306641, 0.7065526843070984, 0.7719298005104065, 0.8275862336158752, 0.9083969593048096, 0.9863013625144958, 1.0], "precision_th subgroup 0": [0.30542615056037903, 0.4703860878944397, 0.5510203838348389, 0.6211825609207153, 0.6821413636207581, 0.7539125680923462, 0.7980364561080933, 0.8867713212966919, 0.9392033815383911, 0.9783783555030823], "precision_th subgroup 1": [0.11887726932764053, 0.38946279883384705, 0.5077639818191528, 0.626423716545105, 0.7169811129570007, 0.7739463448524475, 0.8260869383811951, 0.9137930870056152, 0.984375, 1.0], "recall": 0.5578912496566772, "recall race group 0": 0.5594821572303772, "recall race group 1": 0.5251798629760742, "recall sex group 0": 0.573913037776947, "recall sex group 1": 0.4710920751094818, "recall subgroup 0": 0.5758450031280518, "recall subgroup 1": 0.46759259700775146, "recall_th": [1.0, 0.9456122517585754, 0.8695362210273743, 0.7637637853622437, 0.6486486196517944, 0.5578912496566772, 0.4507841169834137, 0.3139806389808655, 0.18051384389400482, 0.07207207381725311], "recall_th race group 0": [1.0, 0.9461161494255066, 0.8701889514923096, 0.7652204632759094, 0.6504548788070679, 0.5594821572303772, 0.45136457681655884, 0.3138558566570282, 0.17879636585712433, 0.07137858867645264], "recall_th race group 1": [1.0, 0.935251772403717, 0.8561151027679443, 0.7338129281997681, 0.6115108132362366, 0.5251798629760742, 0.43884891271591187, 0.316546767950058, 0.2158273309469223, 0.08633093535900116], "recall_th sex group 0": [1.0, 0.9592885375022888, 0.8905138373374939, 0.7869565486907959, 0.6703557372093201, 0.573913037776947, 0.4675889313220978, 0.32490119338035583, 0.18537549674510956, 0.07470355927944183], "recall_th sex group 1": [1.0, 0.8715203404426575, 0.7558886408805847, 0.638115644454956, 0.5310492515563965, 0.4710920751094818, 0.35974302887916565, 0.25481799244880676, 0.15417559444904327, 0.05781584605574608], "recall_th subgroup 0": [1.0, 0.9591920971870422, 0.8903545141220093, 0.7881286144256592, 0.6723001003265381, 0.5758450031280518, 0.4690849184989929, 0.32605111598968506, 0.18466611206531525, 0.07460840791463852], "recall_th subgroup 1": [1.0, 0.8726851940155029, 0.7569444179534912, 0.6365740895271301, 0.5277777910232544, 0.46759259700775146, 0.35185185074806213, 0.24537037312984467, 0.1458333283662796, 0.05324074253439903], "tn": 9257.0, "tn race group 0": 8204.0, "tn race group 1": 1053.0, "tn sex group 0": 5556.0, "tn sex group 1": 3701.0, "tn subgroup 0": 5061.0, "tn subgroup 1": 3143.0, "tn_th": [0.0, 6326.0, 7582.0, 8383.0, 8898.0, 9257.0, 9464.0, 9685.0, 9771.0, 9799.0], "tn_th race group 0": [0.0, 5508.0, 6642.0, 7389.0, 7869.0, 8204.0, 8399.0, 8608.0, 8689.0, 8715.0], "tn_th race group 1": [0.0, 818.0, 940.0, 994.0, 1029.0, 1053.0, 1065.0, 1077.0, 1082.0, 1084.0], "tn_th sex group 0": [0.0, 3244.0, 4175.0, 4805.0, 5235.0, 5556.0, 5733.0, 5931.0, 6006.0, 6033.0], "tn_th sex group 1": [0.0, 3082.0, 3407.0, 3578.0, 3663.0, 3701.0, 3731.0, 3754.0, 3765.0, 3766.0], "tn_th subgroup 0": [0.0, 2897.0, 3757.0, 4351.0, 4757.0, 5061.0, 5229.0, 5416.0, 5488.0, 5513.0], "tn_th subgroup 1": [0.0, 2611.0, 2885.0, 3038.0, 3112.0, 3143.0, 3170.0, 3192.0, 3201.0, 3202.0], "tp": 1672.0, "tp race group 0": 1599.0, "tp race group 1": 73.0, "tp sex group 0": 1452.0, "tp sex group 1": 220.0, "tp subgroup 0": 1397.0, "tp subgroup 1": 202.0, "tp_th": [2997.0, 2834.0, 2606.0, 2289.0, 1944.0, 1672.0, 1351.0, 941.0, 541.0, 216.0], "tp_th race group 0": [2858.0, 2704.0, 2487.0, 2187.0, 1859.0, 1599.0, 1290.0, 897.0, 511.0, 204.0], "tp_th race group 1": [139.0, 130.0, 119.0, 102.0, 85.0, 73.0, 61.0, 44.0, 30.0, 12.0], "tp_th sex group 0": [2530.0, 2427.0, 2253.0, 1991.0, 1696.0, 1452.0, 1183.0, 822.0, 469.0, 189.0], "tp_th sex group 1": [467.0, 407.0, 353.0, 298.0, 248.0, 220.0, 168.0, 119.0, 72.0, 27.0], "tp_th subgroup 0": [2426.0, 2327.0, 2160.0, 1912.0, 1631.0, 1397.0, 1138.0, 791.0, 448.0, 181.0], "tp_th subgroup 1": [432.0, 377.0, 327.0, 275.0, 228.0, 202.0, 152.0, 106.0, 63.0, 23.0],