{"accuracy": 0.8577695488929749, "accuracy race group 0": 0.8516985774040222, "accuracy race group 1": 0.915033221244812, "accuracy sex group 0": 0.8226494193077087, "accuracy sex group 1": 0.9281573295593262, "accuracy subgroup 0": 0.8185193538665771, "accuracy subgroup 1": 0.9231943488121033, "accuracy subgroup 2": 0.8740938901901245, "accuracy subgroup 3": 0.9588925242424011, "auc": 0.8951451182365417, "auc race group 0": 0.8919753432273865, "auc race group 1": 0.9178902506828308, "auc sex group 0": 0.8779737949371338, "auc sex group 1": 0.8944171667098999, "auc subgroup 0": 0.8750150203704834, "auc subgroup 1": 0.8938761949539185, "auc subgroup 2": 0.9104799032211304, "auc subgroup 3": 0.8890131711959839, "aucpr": 0.7763515114784241, "fn": 23351.0, "fn race group 0": 22070.0, "fn race group 1": 1281.0, "fn sex group 0": 19194.0, "fn sex group 1": 4157.0, "fn subgroup 0": 18210.0, "fn subgroup 1": 3860.0, "fn subgroup 2": 984.0, "fn subgroup 3": 297.0, "fn_th": [0.0, 3336.0, 7277.0, 12552.0, 17781.0, 23351.0, 29906.0, 36845.0, 44000.0, 50847.0], "fn_th race group 0": [0.0, 3165.0, 6931.0, 11879.0, 16777.0, 22070.0, 28342.0, 34995.0, 41884.0, 48480.0], "fn_th race group 1": [0.0, 171.0, 346.0, 673.0, 1004.0, 1281.0, 1564.0, 1850.0, 2116.0, 2367.0], "fn_th sex group 0": [0.0, 2246.0, 5426.0, 9990.0, 14475.0, 19194.0, 25026.0, 30832.0, 36981.0, 42814.0], "fn_th sex group 1": [0.0, 1090.0, 1851.0, 2562.0, 3306.0, 4157.0, 4880.0, 6013.0, 7019.0, 8033.0], "fn_th subgroup 0": [0.0, 2183.0, 5220.0, 9551.0, 13737.0, 18210.0, 23790.0, 29373.0, 35319.0, 40994.0], "fn_th subgroup 1": [0.0, 982.0, 1711.0, 2328.0, 3040.0, 3860.0, 4552.0, 5622.0, 6565.0, 7486.0], "fn_th subgroup 2": [0.0, 63.0, 206.0, 439.0, 738.0, 984.0, 1236.0, 1459.0, 1662.0, 1820.0], "fn_th subgroup 3": [0.0, 108.0, 140.0, 234.0, 266.0, 297.0, 328.0, 391.0, 454.0, 547.0], "fnr": 0.386286199092865, "fnr race group 0": 0.3828805387020111, "fnr race group 1": 0.4561965763568878, "fnr sex group 0": 0.3750879466533661, "fnr sex group 1": 0.4480491578578949, "fnr subgroup 0": 0.3714582920074463, "fnr subgroup 1": 0.44784778356552124, "fnr subgroup 2": 0.4578873813152313, "fnr subgroup 3": 0.4506828486919403, "fp": 13060.0, "fp race group 0": 12256.0, "fp race group 1": 804.0, "fp sex group 0": 11095.0, "fp sex group 1": 1965.0, "fp subgroup 0": 10481.0, "fp subgroup 1": 1775.0, "fp subgroup 2": 614.0, "fp subgroup 3": 190.0, "fp_th": [195550.0, 66535.0, 44238.0, 30297.0, 20363.0, 13060.0, 7753.0, 3793.0, 1377.0, 223.0], "fp_th race group 0": [173819.0, 61631.0, 41395.0, 28346.0, 19109.0, 12256.0, 7249.0, 3526.0, 1235.0, 223.0], "fp_th race group 1": [21731.0, 4904.0, 2843.0, 1951.0, 1254.0, 804.0, 504.0, 267.0, 142.0, 0.0], "fp_th sex group 0": [119614.0, 52258.0, 36469.0, 25384.0, 17302.0, 11095.0, 6700.0, 3259.0, 1172.0, 207.0], "fp_th sex group 1": [75936.0, 14277.0, 7769.0, 4913.0, 3061.0, 1965.0, 1053.0, 534.0, 205.0, 16.0], "fp_th subgroup 0": [109071.0, 48945.0, 34474.0, 23998.0, 16408.0, 10481.0, 6291.0, 3055.0, 1046.0, 207.0], "fp_th subgroup 1": [64748.0, 12686.0, 6921.0, 4348.0, 2701.0, 1775.0, 958.0, 471.0, 189.0, 16.0], "fp_th subgroup 2": [10543.0, 3313.0, 1995.0, 1386.0, 894.0, 614.0, 409.0, 204.0, 126.0, 0.0], "fp_th subgroup 3": [11188.0, 1591.0, 848.0, 565.0, 360.0, 190.0, 95.0, 63.0, 16.0, 0.0], "fpr": 0.06678599119186401, "fpr race group 0": 0.0705101266503334, "fpr race group 1": 0.03699783608317375, "fpr sex group 0": 0.09275670349597931, "fpr sex group 1": 0.025877054780721664, "fpr subgroup 0": 0.09609337151050568, "fpr subgroup 1": 0.027413973584771156, "fpr subgroup 2": 0.05823769420385361, "fpr subgroup 3": 0.016982480883598328, "loss": 0.3092249929904938, "precision": 0.7396279573440552, "precision race group 0": 0.7437484264373779, "precision race group 1": 0.6550836563110352, "precision sex group 0": 0.7424140572547913, "precision sex group 1": 0.722692608833313, "precision subgroup 0": 0.7461858987808228, "precision subgroup 1": 0.7283440232276917, "precision subgroup 2": 0.6548622846603394, "precision subgroup 3": 0.6557971239089966, "precision_th": [0.23613281548023224, 0.46190425753593445, 0.5458623766899109, 0.6125455498695374, 0.6769418716430664, 0.7396279573440552, 0.7975559234619141, 0.8615592122077942, 0.922757625579834, 0.9773051142692566], "precision_th race group 0": [0.24903547763824463, 0.4691924750804901, 0.5505721569061279, 0.6175093650817871, 0.6813786029815674, 0.7437484264373779, 0.8016635179519653, 0.8652809858322144, 0.927323043346405, 0.9762386679649353], "precision_th race group 1": [0.11443009227514267, 0.3496883809566498, 0.4640904664993286, 0.5225158929824829, 0.5899280309677124, 0.6550836563110352, 0.711670458316803, 0.7820408344268799, 0.8297362327575684, 1.0], "precision_th sex group 0": [0.2996264398097992, 0.48353493213653564, 0.5564191341400146, 0.6186642050743103, 0.67958664894104, 0.7424140572547913, 0.7960177659988403, 0.8619009256362915, 0.9237127900123596, 0.9758318662643433], "precision_th sex group 1": [0.10887882113456726, 0.36447808146476746, 0.4887470304965973, 0.5775217413902283, 0.6611313819885254, 0.722692608833313, 0.8068244457244873, 0.8594366908073425, 0.916801929473877, 0.9873116612434387], "precision_th subgroup 0": [0.3100876808166504, 0.48901185393333435, 0.559589684009552, 0.6219000816345215, 0.6825937032699585, 0.7461858987808228, 0.8004377484321594, 0.8654481172561646, 0.9290847182273865, 0.9748664498329163], "precision_th subgroup 1": [0.1174778863787651, 0.3757811486721039, 0.49952998757362366, 0.591314971446991, 0.6737922430038452, 0.7283440232276917, 0.809353232383728, 0.8641868233680725, 0.9157378673553467, 0.9860748648643494], "precision_th subgroup 2": [0.1693192571401596, 0.3863678574562073, 0.49339765310287476, 0.5523256063461304, 0.6121475100517273, 0.6548622846603394, 0.6906202435493469, 0.7718120813369751, 0.794453501701355, 1.0], "precision_th subgroup 3": [0.05562589690089226, 0.2572362422943115, 0.37966349720954895, 0.4292929172515869, 0.5219123363494873, 0.6557971239089966, 0.7769953012466431, 0.8096676468849182, 0.9276018142700195, 1.0], "recall": 0.613713800907135, "recall race group 0": 0.6171194911003113, "recall race group 1": 0.5438033938407898, "recall sex group 0": 0.6249120831489563, "recall sex group 1": 0.5519508719444275, "recall subgroup 0": 0.6285417079925537, "recall subgroup 1": 0.5521522164344788, "recall subgroup 2": 0.5421125888824463, "recall subgroup 3": 0.5493171215057373, "recall_th": [1.0, 0.9448139071464539, 0.8796195387840271, 0.792357325553894, 0.7058560848236084, 0.613713800907135, 0.5052770972251892, 0.39048799872398376, 0.2721257209777832, 0.15885856747627258], "recall_th race group 0": [1.0, 0.9450921416282654, 0.879757821559906, 0.7939176559448242, 0.7089448571205139, 0.6171194911003113, 0.5083099007606506, 0.392890602350235, 0.27337706089019775, 0.15894660353660583], "recall_th race group 1": [1.0, 0.9391025900840759, 0.87678062915802, 0.7603276371955872, 0.6424501538276672, 0.5438033938407898, 0.44301995635032654, 0.3411681056022644, 0.24643874168395996, 0.15705128014087677], "recall_th sex group 0": [1.0, 0.956108808517456, 0.8939654231071472, 0.8047760725021362, 0.7171304821968079, 0.6249120831489563, 0.5109434723854065, 0.3974829912185669, 0.27731963992118835, 0.1633315086364746], "recall_th sex group 1": [1.0, 0.8825177550315857, 0.8004958033561707, 0.723862886428833, 0.6436731815338135, 0.5519508719444275, 0.47402456402778625, 0.35190773010253906, 0.2434791922569275, 0.13418839871883392], "recall_th subgroup 0": [1.0, 0.9554699063301086, 0.8935193419456482, 0.8051730990409851, 0.7197846174240112, 0.6285417079925537, 0.5147175788879395, 0.40083226561546326, 0.2795422673225403, 0.16378027200698853], "recall_th subgroup 1": [1.0, 0.886065661907196, 0.8014850616455078, 0.7298990488052368, 0.6472908854484558, 0.5521522164344788, 0.4718644917011261, 0.3477201461791992, 0.23831070959568024, 0.1314537674188614],