{"accuracy": 0.8548437356948853, "accuracy race group 0": 0.848319947719574, "accuracy race group 1": 0.9165984988212585, "accuracy sex group 0": 0.8190732002258301, "accuracy sex group 1": 0.9272383451461792, "accuracy subgroup 0": 0.8146795630455017, "accuracy subgroup 1": 0.9218491911888123, "auc": 0.8895907998085022, "auc race group 0": 0.8859087228775024, "auc race group 1": 0.9194894433021545, "auc sex group 0": 0.8712887763977051, "auc sex group 1": 0.8911107778549194, "auc subgroup 0": 0.867888331413269, "auc subgroup 1": 0.890177845954895, "aucpr": 0.7588853240013123, "fn": 1320.0, "fn race group 0": 1253.0, "fn race group 1": 67.0, "fn sex group 0": 1070.0, "fn sex group 1": 250.0, "fn subgroup 0": 1020.0, "fn subgroup 1": 233.0, "fn_th": [0.0, 174.0, 399.0, 681.0, 994.0, 1320.0, 1698.0, 2087.0, 2434.0, 2721.0], "fn_th race group 0": [0.0, 166.0, 376.0, 643.0, 941.0, 1253.0, 1614.0, 1989.0, 2326.0, 2595.0], "fn_th race group 1": [0.0, 8.0, 23.0, 38.0, 53.0, 67.0, 84.0, 98.0, 108.0, 126.0], "fn_th sex group 0": [0.0, 117.0, 284.0, 512.0, 784.0, 1070.0, 1396.0, 1730.0, 2033.0, 2280.0], "fn_th sex group 1": [0.0, 57.0, 115.0, 169.0, 210.0, 250.0, 302.0, 357.0, 401.0, 441.0], "fn_th subgroup 0": [0.0, 114.0, 270.0, 489.0, 746.0, 1020.0, 1332.0, 1657.0, 1951.0, 2185.0], "fn_th subgroup 1": [0.0, 52.0, 106.0, 154.0, 195.0, 233.0, 282.0, 332.0, 375.0, 410.0], "fnr": 0.44044044613838196, "fnr race group 0": 0.4384184777736664, "fnr race group 1": 0.48201438784599304, "fnr sex group 0": 0.4229249060153961, "fnr sex group 1": 0.5353319048881531, "fnr subgroup 0": 0.42044517397880554, "fnr subgroup 1": 0.5393518805503845, "fp": 538.0, "fp race group 0": 503.0, "fp race group 1": 35.0, "fp sex group 0": 480.0, "fp sex group 1": 58.0, "fp subgroup 0": 452.0, "fp subgroup 1": 51.0, "fp_th": [9803.0, 3390.0, 2197.0, 1464.0, 929.0, 538.0, 293.0, 124.0, 36.0, 5.0], "fp_th race group 0": [8719.0, 3149.0, 2057.0, 1370.0, 866.0, 503.0, 276.0, 118.0, 35.0, 5.0], "fp_th race group 1": [1084.0, 241.0, 140.0, 94.0, 63.0, 35.0, 17.0, 6.0, 1.0, 0.0], "fp_th sex group 0": [6037.0, 2695.0, 1864.0, 1282.0, 832.0, 480.0, 265.0, 116.0, 34.0, 5.0], "fp_th sex group 1": [3766.0, 695.0, 333.0, 182.0, 97.0, 58.0, 28.0, 8.0, 2.0, 0.0], "fp_th subgroup 0": [5517.0, 2535.0, 1763.0, 1213.0, 783.0, 452.0, 250.0, 111.0, 33.0, 5.0], "fp_th subgroup 1": [3202.0, 614.0, 294.0, 157.0, 83.0, 51.0, 26.0, 7.0, 2.0, 0.0], "fpr": 0.05488115921616554, "fpr race group 0": 0.057690102607011795, "fpr race group 1": 0.03228782117366791, "fpr sex group 0": 0.0795096904039383, "fpr sex group 1": 0.015400956384837627, "fpr subgroup 0": 0.08192858099937439, "fpr subgroup 1": 0.015927545726299286, "loss": 0.3192952871322632, "precision": 0.757110595703125, "precision race group 0": 0.7613852024078369, "precision race group 1": 0.672897219657898, "precision sex group 0": 0.7525773048400879, "precision sex group 1": 0.7890909314155579, "precision subgroup 0": 0.7567276358604431, "precision subgroup 1": 0.7960000038146973, "precision_th": [0.23414061963558197, 0.4543698728084564, 0.541814386844635, 0.6126984357833862, 0.6831514239311218, 0.757110595703125, 0.8159547448158264, 0.8800773620605469, 0.9398998618125916, 0.982206404209137], "precision_th race group 0": [0.2468687891960144, 0.46087998151779175, 0.5468164682388306, 0.6178521513938904, 0.6888250112533569, 0.7613852024078369, 0.8184210658073425, 0.8804457783699036, 0.9382715821266174, 0.9813432693481445], "precision_th race group 1": [0.11365494877099991, 0.3521505296230316, 0.453125, 0.5179487466812134, 0.5771812200546265, 0.672897219657898, 0.7638888955116272, 0.8723404407501221, 0.96875, 1.0], "precision_th sex group 0": [0.29531925916671753, 0.47239625453948975, 0.5464720129966736, 0.6115151643753052, 0.6772692203521729, 0.7525773048400879, 0.8105790019035339, 0.8733624219894409, 0.935969889163971, 0.9803921580314636], "precision_th sex group 1": [0.11032364517450333, 0.3710407316684723, 0.5138686299324036, 0.6208333373069763, 0.7259886860847473, 0.7890909314155579, 0.8549222946166992, 0.9322034120559692, 0.970588207244873, 1.0], "precision_th subgroup 0": [0.30542615056037903, 0.4769960939884186, 0.5501403212547302, 0.6149206161499023, 0.6820949912071228, 0.7567276358604431, 0.8139880895614624, 0.8738636374473572, 0.9350393414497375, 0.9796748161315918], "precision_th subgroup 1": [0.11887726932764053, 0.3822937607765198, 0.5258064270019531, 0.6390804648399353, 0.7406250238418579, 0.7960000038146973, 0.8522727489471436, 0.9345794320106506, 0.9661017060279846, 1.0], "recall": 0.5595595836639404, "recall race group 0": 0.561581552028656, "recall race group 1": 0.5179855823516846, "recall sex group 0": 0.5770751237869263, "recall sex group 1": 0.4646680951118469, "recall subgroup 0": 0.5795547962188721, "recall subgroup 1": 0.46064814925193787, "recall_th": [1.0, 0.9419419169425964, 0.8668668866157532, 0.7727727890014648, 0.6683350205421448, 0.5595595836639404, 0.4334334433078766, 0.30363696813583374, 0.18785452842712402, 0.09209208935499191], "recall_th race group 0": [1.0, 0.9419174194335938, 0.8684394955635071, 0.775017499923706, 0.670748770236969, 0.561581552028656, 0.43526941537857056, 0.3040587902069092, 0.186144158244133, 0.09202239662408829], "recall_th race group 1": [1.0, 0.9424460530281067, 0.8345323801040649, 0.7266187071800232, 0.6187050342559814, 0.5179855823516846, 0.3956834673881531, 0.2949640154838562, 0.22302158176898956, 0.09352517873048782], "recall_th sex group 0": [1.0, 0.9537549614906311, 0.887747049331665, 0.7976284623146057, 0.6901185512542725, 0.5770751237869263, 0.448221355676651, 0.31620553135871887, 0.19644269347190857, 0.0988142266869545], "recall_th sex group 1": [1.0, 0.8779443502426147, 0.7537473440170288, 0.638115644454956, 0.5503212213516235, 0.4646680951118469, 0.35331904888153076, 0.2355460375547409, 0.1413276195526123, 0.05567451938986778], "recall_th subgroup 0": [1.0, 0.9530090689659119, 0.8887056708335876, 0.7984336614608765, 0.692497968673706, 0.5795547962188721, 0.4509480595588684, 0.3169826865196228, 0.19579555094242096, 0.09934047609567642], "recall_th subgroup 1": [1.0, 0.8796296119689941, 0.7546296119689941, 0.6435185074806213, 0.5486111044883728, 0.46064814925193787, 0.3472222089767456, 0.23148147761821747, 0.1319444477558136, 0.05092592537403107], "tn": 9265.0, "tn race group 0": 8216.0, "tn race group 1": 1049.0, "tn sex group 0": 5557.0, "tn sex group 1": 3708.0, "tn subgroup 0": 5065.0, "tn subgroup 1": 3151.0, "tn_th": [0.0, 6413.0, 7606.0, 8339.0, 8874.0, 9265.0, 9510.0, 9679.0, 9767.0, 9798.0], "tn_th race group 0": [0.0, 5570.0, 6662.0, 7349.0, 7853.0, 8216.0, 8443.0, 8601.0, 8684.0, 8714.0], "tn_th race group 1": [0.0, 843.0, 944.0, 990.0, 1021.0, 1049.0, 1067.0, 1078.0, 1083.0, 1084.0], "tn_th sex group 0": [0.0, 3342.0, 4173.0, 4755.0, 5205.0, 5557.0, 5772.0, 5921.0, 6003.0, 6032.0], "tn_th sex group 1": [0.0, 3071.0, 3433.0, 3584.0, 3669.0, 3708.0, 3738.0, 3758.0, 3764.0, 3766.0], "tn_th subgroup 0": [0.0, 2982.0, 3754.0, 4304.0, 4734.0, 5065.0, 5267.0, 5406.0, 5484.0, 5512.0], "tn_th subgroup 1": [0.0, 2588.0, 2908.0, 3045.0, 3119.0, 3151.0, 3176.0, 3195.0, 3200.0, 3202.0], "tp": 1677.0, "tp race group 0": 1605.0, "tp race group 1": 72.0, "tp sex group 0": 1460.0, "tp sex group 1": 217.0, "tp subgroup 0": 1406.0, "tp subgroup 1": 199.0, "tp_th": [2997.0, 2823.0, 2598.0, 2316.0, 2003.0, 1677.0, 1299.0, 910.0, 563.0, 276.0], "tp_th race group 0": [2858.0, 2692.0, 2482.0, 2215.0, 1917.0, 1605.0, 1244.0, 869.0, 532.0, 263.0], "tp_th race group 1": [139.0, 131.0, 116.0, 101.0, 86.0, 72.0, 55.0, 41.0, 31.0, 13.0], "tp_th sex group 0": [2530.0, 2413.0, 2246.0, 2018.0, 1746.0, 1460.0, 1134.0, 800.0, 497.0, 250.0], "tp_th sex group 1": [467.0, 410.0, 352.0, 298.0, 257.0, 217.0, 165.0, 110.0, 66.0, 26.0], "tp_th subgroup 0": [2426.0, 2312.0, 2156.0, 1937.0, 1680.0, 1406.0, 1094.0, 769.0, 475.0, 241.0], "tp_th subgroup 1": [432.0, 380.0, 326.0, 278.0, 237.0, 199.0, 150.0, 100.0, 57.0, 22.0],