{"accuracy": 0.8528906106948853, "accuracy race group 0": 0.846419632434845, "accuracy race group 1": 0.9141455292701721, "accuracy sex group 0": 0.8169720768928528, "accuracy sex group 1": 0.9255846738815308, "accuracy subgroup 0": 0.8126652240753174, "accuracy subgroup 1": 0.9201981425285339, "auc": 0.8907240629196167, "auc race group 0": 0.8872869610786438, "auc race group 1": 0.9157595634460449, "auc sex group 0": 0.8724226355552673, "auc sex group 1": 0.8905165195465088, "auc subgroup 0": 0.8692052960395813, "auc subgroup 1": 0.8898956179618835, "aucpr": 0.7568020820617676, "fn": 1326.0, "fn race group 0": 1260.0, "fn race group 1": 66.0, "fn sex group 0": 1068.0, "fn sex group 1": 258.0, "fn subgroup 0": 1019.0, "fn subgroup 1": 241.0, "fn_th": [0.0, 167.0, 371.0, 695.0, 1014.0, 1326.0, 1663.0, 2058.0, 2471.0, 2793.0], "fn_th race group 0": [0.0, 158.0, 351.0, 660.0, 962.0, 1260.0, 1584.0, 1959.0, 2359.0, 2663.0], "fn_th race group 1": [0.0, 9.0, 20.0, 35.0, 52.0, 66.0, 79.0, 99.0, 112.0, 130.0], "fn_th sex group 0": [0.0, 106.0, 260.0, 524.0, 804.0, 1068.0, 1351.0, 1693.0, 2058.0, 2349.0], "fn_th sex group 1": [0.0, 61.0, 111.0, 171.0, 210.0, 258.0, 312.0, 365.0, 413.0, 444.0], "fn_th subgroup 0": [0.0, 102.0, 250.0, 502.0, 767.0, 1019.0, 1291.0, 1620.0, 1973.0, 2251.0], "fn_th subgroup 1": [0.0, 56.0, 101.0, 158.0, 195.0, 241.0, 293.0, 339.0, 386.0, 412.0], "fnr": 0.4424424469470978, "fnr race group 0": 0.44086775183677673, "fnr race group 1": 0.4748201370239258, "fnr sex group 0": 0.4221343994140625, "fnr sex group 1": 0.5524625182151794, "fnr subgroup 0": 0.42003297805786133, "fnr subgroup 1": 0.5578703880310059, "fp": 557.0, "fp race group 0": 518.0, "fp race group 1": 39.0, "fp sex group 0": 500.0, "fp sex group 1": 57.0, "fp subgroup 0": 469.0, "fp subgroup 1": 49.0, "fp_th": [9803.0, 3378.0, 2257.0, 1480.0, 936.0, 557.0, 314.0, 131.0, 31.0, 4.0], "fp_th race group 0": [8719.0, 3122.0, 2112.0, 1384.0, 878.0, 518.0, 292.0, 125.0, 30.0, 4.0], "fp_th race group 1": [1084.0, 256.0, 145.0, 96.0, 58.0, 39.0, 22.0, 6.0, 1.0, 0.0], "fp_th sex group 0": [6037.0, 2726.0, 1919.0, 1298.0, 839.0, 500.0, 285.0, 118.0, 29.0, 4.0], "fp_th sex group 1": [3766.0, 652.0, 338.0, 182.0, 97.0, 57.0, 29.0, 13.0, 2.0, 0.0], "fp_th subgroup 0": [5517.0, 2560.0, 1816.0, 1228.0, 795.0, 469.0, 268.0, 113.0, 28.0, 4.0], "fp_th subgroup 1": [3202.0, 562.0, 296.0, 156.0, 83.0, 49.0, 24.0, 12.0, 2.0, 0.0], "fpr": 0.05681934207677841, "fpr race group 0": 0.05941048264503479, "fpr race group 1": 0.03597785905003548, "fpr sex group 0": 0.08282259106636047, "fpr sex group 1": 0.015135422348976135, "fpr subgroup 0": 0.08500996977090836, "fpr subgroup 1": 0.015302935615181923, "loss": 0.3197275996208191, "precision": 0.75, "precision race group 0": 0.7551984786987305, "precision race group 1": 0.6517857313156128, "precision sex group 0": 0.7451580166816711, "precision sex group 1": 0.7857142686843872, "precision subgroup 0": 0.75, "precision subgroup 1": 0.7958333492279053, "precision_th": [0.23414061963558197, 0.45586341619491577, 0.5377841591835022, 0.6086726784706116, 0.6793422698974609, 0.75, 0.8094660043716431, 0.8775700926780701, 0.944344699382782, 0.9807692170143127], "precision_th race group 0": [0.2468687891960144, 0.4637581706047058, 0.5427581667900085, 0.6136236786842346, 0.6834895610809326, 0.7551984786987305, 0.8135376572608948, 0.8779296875, 0.9432892203330994, 0.979899525642395], "precision_th race group 1": [0.11365494877099991, 0.33678755164146423, 0.45075756311416626, 0.5199999809265137, 0.6000000238418579, 0.6517857313156128, 0.7317073345184326, 0.8695651888847351, 0.9642857313156128, 1.0], "precision_th sex group 0": [0.29531925916671753, 0.4706796109676361, 0.5418954491615295, 0.6071428656578064, 0.6729044914245605, 0.7451580166816711, 0.8053278923034668, 0.8764398097991943, 0.9421157836914062, 0.9783783555030823], "precision_th sex group 1": [0.11032364517450333, 0.38374289870262146, 0.5129683017730713, 0.6192468404769897, 0.7259886860847473, 0.7857142686843872, 0.842391312122345, 0.886956512928009, 0.9642857313156128, 1.0], "precision_th subgroup 0": [0.30542615056037903, 0.4758394658565521, 0.5450901985168457, 0.6104061007499695, 0.6760390996932983, 0.75, 0.8089807629585266, 0.8770402669906616, 0.9417879581451416, 0.9776536226272583], "precision_th subgroup 1": [0.11887726932764053, 0.40085288882255554, 0.5279107093811035, 0.6372092962265015, 0.7406250238418579, 0.7958333492279053, 0.8527607321739197, 0.8857142925262451, 0.9583333134651184, 1.0], "recall": 0.5575575828552246, "recall race group 0": 0.5591322779655457, "recall race group 1": 0.5251798629760742, "recall sex group 0": 0.5778656005859375, "recall sex group 1": 0.44753748178482056, "recall subgroup 0": 0.5799670219421387, "recall subgroup 1": 0.44212964177131653, "recall_th": [1.0, 0.9442775845527649, 0.876209557056427, 0.7681014537811279, 0.661661684513092, 0.5575575828552246, 0.44511178135871887, 0.3133133053779602, 0.17550884187221527, 0.06806806474924088], "recall_th race group 0": [1.0, 0.9447165727615356, 0.8771868348121643, 0.769069254398346, 0.6634010076522827, 0.5591322779655457, 0.44576627016067505, 0.31455564498901367, 0.1745976209640503, 0.06822953373193741], "recall_th race group 1": [1.0, 0.935251772403717, 0.8561151027679443, 0.7482014298439026, 0.6258992552757263, 0.5251798629760742, 0.4316546618938446, 0.28776979446411133, 0.1942446082830429, 0.06474819779396057], "recall_th sex group 0": [1.0, 0.9581027626991272, 0.8972331881523132, 0.7928853631019592, 0.6822134256362915, 0.5778656005859375, 0.46600791811943054, 0.33083003759384155, 0.18656127154827118, 0.07154150307178497], "recall_th sex group 1": [1.0, 0.8693790435791016, 0.762312650680542, 0.6338329911231995, 0.5503212213516235, 0.44753748178482056, 0.3319057822227478, 0.21841542422771454, 0.11563169211149216, 0.049250535666942596], "recall_th subgroup 0": [1.0, 0.9579554796218872, 0.8969497084617615, 0.7930750250816345, 0.6838417053222656, 0.5799670219421387, 0.4678483009338379, 0.33223414421081543, 0.1867271214723587, 0.07213520258665085], "recall_th subgroup 1": [1.0, 0.8703703880310059, 0.7662037014961243, 0.6342592835426331, 0.5486111044883728, 0.44212964177131653, 0.32175925374031067, 0.2152777761220932, 0.10648148506879807, 0.046296294778585434], "tn": 9246.0, "tn race group 0": 8201.0, "tn race group 1": 1045.0, "tn sex group 0": 5537.0, "tn sex group 1": 3709.0, "tn subgroup 0": 5048.0, "tn subgroup 1": 3153.0, "tn_th": [0.0, 6425.0, 7546.0, 8323.0, 8867.0, 9246.0, 9489.0, 9672.0, 9772.0, 9799.0], "tn_th race group 0": [0.0, 5597.0, 6607.0, 7335.0, 7841.0, 8201.0, 8427.0, 8594.0, 8689.0, 8715.0], "tn_th race group 1": [0.0, 828.0, 939.0, 988.0, 1026.0, 1045.0, 1062.0, 1078.0, 1083.0, 1084.0], "tn_th sex group 0": [0.0, 3311.0, 4118.0, 4739.0, 5198.0, 5537.0, 5752.0, 5919.0, 6008.0, 6033.0], "tn_th sex group 1": [0.0, 3114.0, 3428.0, 3584.0, 3669.0, 3709.0, 3737.0, 3753.0, 3764.0, 3766.0], "tn_th subgroup 0": [0.0, 2957.0, 3701.0, 4289.0, 4722.0, 5048.0, 5249.0, 5404.0, 5489.0, 5513.0], "tn_th subgroup 1": [0.0, 2640.0, 2906.0, 3046.0, 3119.0, 3153.0, 3178.0, 3190.0, 3200.0, 3202.0], "tp": 1671.0, "tp race group 0": 1598.0, "tp race group 1": 73.0, "tp sex group 0": 1462.0, "tp sex group 1": 209.0, "tp subgroup 0": 1407.0, "tp subgroup 1": 191.0, "tp_th": [2997.0, 2830.0, 2626.0, 2302.0, 1983.0, 1671.0, 1334.0, 939.0, 526.0, 204.0], "tp_th race group 0": [2858.0, 2700.0, 2507.0, 2198.0, 1896.0, 1598.0, 1274.0, 899.0, 499.0, 195.0], "tp_th race group 1": [139.0, 130.0, 119.0, 104.0, 87.0, 73.0, 60.0, 40.0, 27.0, 9.0], "tp_th sex group 0": [2530.0, 2424.0, 2270.0, 2006.0, 1726.0, 1462.0, 1179.0, 837.0, 472.0, 181.0], "tp_th sex group 1": [467.0, 406.0, 356.0, 296.0, 257.0, 209.0, 155.0, 102.0, 54.0, 23.0], "tp_th subgroup 0": [2426.0, 2324.0, 2176.0, 1924.0, 1659.0, 1407.0, 1135.0, 806.0, 453.0, 175.0], "tp_th subgroup 1": [432.0, 376.0, 331.0, 274.0, 237.0, 191.0, 139.0, 93.0, 46.0, 20.0],