{"accuracy": 0.8588632941246033, "accuracy race group 0": 0.8523120284080505, "accuracy race group 1": 0.9206569194793701, "accuracy sex group 0": 0.8230007290840149, "accuracy sex group 1": 0.9307391047477722, "accuracy subgroup 0": 0.8183232545852661, "accuracy subgroup 1": 0.9255523681640625, "accuracy subgroup 2": 0.881263792514801, "accuracy subgroup 3": 0.9628598093986511, "auc": 0.8952908515930176, "auc race group 0": 0.8918699622154236, "auc race group 1": 0.9223437309265137, "auc sex group 0": 0.8781906962394714, "auc sex group 1": 0.8943054676055908, "auc subgroup 0": 0.8749520182609558, "auc subgroup 1": 0.8935520648956299, "auc subgroup 2": 0.9161562919616699, "auc subgroup 3": 0.8907461762428284, "aucpr": 0.7784712314605713, "fn": 23388.0, "fn race group 0": 22135.0, "fn race group 1": 1253.0, "fn sex group 0": 19310.0, "fn sex group 1": 4078.0, "fn subgroup 0": 18354.0, "fn subgroup 1": 3781.0, "fn subgroup 2": 956.0, "fn subgroup 3": 297.0, "fn_th": [0.0, 3353.0, 7344.0, 12328.0, 17652.0, 23388.0, 29970.0, 36891.0, 43875.0, 51033.0], "fn_th race group 0": [0.0, 3197.0, 6998.0, 11718.0, 16713.0, 22135.0, 28438.0, 35073.0, 41744.0, 48666.0], "fn_th race group 1": [0.0, 156.0, 346.0, 610.0, 939.0, 1253.0, 1532.0, 1818.0, 2131.0, 2367.0], "fn_th sex group 0": [0.0, 2231.0, 5448.0, 9703.0, 14490.0, 19310.0, 25000.0, 30783.0, 36749.0, 42999.0], "fn_th sex group 1": [0.0, 1122.0, 1896.0, 2625.0, 3162.0, 4078.0, 4970.0, 6108.0, 7126.0, 8034.0], "fn_th subgroup 0": [0.0, 2168.0, 5242.0, 9312.0, 13801.0, 18354.0, 23811.0, 29340.0, 35103.0, 41179.0], "fn_th subgroup 1": [0.0, 1029.0, 1756.0, 2406.0, 2912.0, 3781.0, 4627.0, 5733.0, 6641.0, 7487.0], "fn_th subgroup 2": [0.0, 63.0, 206.0, 391.0, 689.0, 956.0, 1189.0, 1443.0, 1646.0, 1820.0], "fn_th subgroup 3": [0.0, 93.0, 140.0, 219.0, 250.0, 297.0, 343.0, 375.0, 485.0, 547.0], "fnr": 0.3868982493877411, "fnr race group 0": 0.3840081989765167, "fnr race group 1": 0.4462250769138336, "fnr sex group 0": 0.37735480070114136, "fnr sex group 1": 0.43953439593315125, "fnr subgroup 0": 0.3743956983089447, "fnr subgroup 1": 0.4386819899082184, "fnr subgroup 2": 0.4448580741882324, "fnr subgroup 3": 0.4506828486919403, "fp": 12743.0, "fp race group 0": 12049.0, "fp race group 1": 694.0, "fp sex group 0": 10919.0, "fp sex group 1": 1824.0, "fp subgroup 0": 10368.0, "fp subgroup 1": 1681.0, "fp subgroup 2": 551.0, "fp subgroup 3": 143.0, "fp_th": [195550.0, 66284.0, 43871.0, 30273.0, 20428.0, 12743.0, 7517.0, 3766.0, 1186.0, 223.0], "fp_th race group 0": [173819.0, 61524.0, 41028.0, 28323.0, 19078.0, 12049.0, 7030.0, 3469.0, 1107.0, 223.0], "fp_th race group 1": [21731.0, 4760.0, 2843.0, 1950.0, 1350.0, 694.0, 487.0, 297.0, 79.0, 0.0], "fp_th sex group 0": [119614.0, 52213.0, 36216.0, 25534.0, 17270.0, 10919.0, 6528.0, 3341.0, 1060.0, 191.0], "fp_th sex group 1": [75936.0, 14071.0, 7655.0, 4739.0, 3158.0, 1824.0, 989.0, 425.0, 126.0, 32.0], "fp_th subgroup 0": [109071.0, 49010.0, 34204.0, 24180.0, 16311.0, 10368.0, 6104.0, 3091.0, 981.0, 191.0], "fp_th subgroup 1": [64748.0, 12514.0, 6824.0, 4143.0, 2767.0, 1681.0, 926.0, 378.0, 126.0, 32.0], "fp_th subgroup 2": [10543.0, 3203.0, 2012.0, 1354.0, 959.0, 551.0, 424.0, 250.0, 79.0, 0.0], "fp_th subgroup 3": [11188.0, 1557.0, 831.0, 596.0, 391.0, 143.0, 63.0, 47.0, 0.0, 0.0], "fpr": 0.06516491621732712, "fpr race group 0": 0.0693192332983017, "fpr race group 1": 0.03193594515323639, "fpr sex group 0": 0.09128530323505402, "fpr sex group 1": 0.024020226672291756, "fpr subgroup 0": 0.09505734592676163, "fpr subgroup 1": 0.025962192565202713, "fpr subgroup 2": 0.052262164652347565, "fpr subgroup 3": 0.012781552039086819, "loss": 0.3080481290817261, "precision": 0.7441421747207642, "precision race group 0": 0.7466355562210083, "precision race group 1": 0.6914184093475342, "precision sex group 0": 0.7447698712348938, "precision sex group 1": 0.7403188943862915, "precision subgroup 0": 0.7473499774932861, "precision subgroup 1": 0.7421383857727051, "precision subgroup 2": 0.6840596199035645, "precision subgroup 3": 0.7168316841125488, "precision_th": [0.23613281548023224, 0.4627698063850403, 0.5476143956184387, 0.6138401627540588, 0.67690509557724, 0.7441421747207642, 0.802168607711792, 0.8621774911880493, 0.9332244992256165, 0.9768671989440918], "precision_th race group 0": [0.24903547763824463, 0.46947890520095825, 0.5524478554725647, 0.6185300350189209, 0.6820704340934753, 0.7466355562210083, 0.805983304977417, 0.8667716383934021, 0.9349014759063721, 0.9757582545280457], "precision_th race group 1": [0.11443009227514267, 0.35779815912246704, 0.4640904664993286, 0.5298939347267151, 0.5806151032447815, 0.6914184093475342, 0.7237663269042969, 0.7692307829856873, 0.8955026268959045, 1.0], "precision_th sex group 0": [0.2996264398097992, 0.4838266372680664, 0.5580180883407593, 0.6189125776290894, 0.6799006462097168, 0.7447698712348938, 0.800366997718811, 0.8592077493667603, 0.9315378069877625, 0.9771640300750732], "precision_th sex group 1": [0.10887882113456726, 0.36694109439849854, 0.49092239141464233, 0.5840063095092773, 0.6594781279563904, 0.7403188943862915, 0.813290536403656, 0.8817802667617798, 0.9446883201599121, 0.9749216437339783], "precision_th subgroup 0": [0.3100876808166504, 0.48876023292541504, 0.5614028573036194, 0.6215429306030273, 0.6834843754768372, 0.7473499774932861, 0.805083692073822, 0.8642750382423401, 0.9341654777526855, 0.9762290120124817], "precision_th subgroup 1": [0.1174778863787651, 0.377536803483963, 0.5014247298240662, 0.5999420881271362, 0.6734718084335327, 0.7421383857727051, 0.8117120862007141, 0.8841911554336548, 0.9401140809059143, 0.9725086092948914], "precision_th subgroup 2": [0.1693192571401596, 0.39440348744392395, 0.4912768602371216, 0.5649100542068481, 0.6035552024841309, 0.6840596199035645, 0.6936416029930115, 0.7384937405586243, 0.8642611503601074, 1.0], "precision_th subgroup 3": [0.05562589690089226, 0.26660385727882385, 0.3844444453716278, 0.4247104227542877, 0.5112500190734863, 0.7168316841125488, 0.8337730765342712, 0.8580060601234436, 1.0, 1.0], "recall": 0.6131017208099365, "recall race group 0": 0.6159918308258057, "recall race group 1": 0.5537749528884888, "recall sex group 0": 0.6226451992988586, "recall sex group 1": 0.5604656338691711, "recall subgroup 0": 0.6256043314933777, "recall subgroup 1": 0.561318039894104, "recall subgroup 2": 0.5551419258117676, "recall subgroup 3": 0.5493171215057373, "recall_th": [1.0, 0.9445326924324036, 0.8785111904144287, 0.7960628867149353, 0.7079900503158569, 0.6131017208099365, 0.504218339920044, 0.38972705602645874, 0.27419355511665344, 0.15578164160251617], "recall_th race group 0": [1.0, 0.9445369839668274, 0.8785954713821411, 0.796710729598999, 0.7100551724433899, 0.6159918308258057, 0.5066444873809814, 0.3915374279022217, 0.27580583095550537, 0.1557197868824005], "recall_th race group 1": [1.0, 0.9444444179534912, 0.87678062915802, 0.7827635407447815, 0.6655982732772827, 0.5537749528884888, 0.4544159471988678, 0.35256409645080566, 0.2410968691110611, 0.15705128014087677], "recall_th sex group 0": [1.0, 0.9564019441604614, 0.8935355544090271, 0.8103845715522766, 0.7168373465538025, 0.6226451992988586, 0.5114516019821167, 0.39844053983688354, 0.2818533480167389, 0.15971624851226807], "recall_th sex group 1": [1.0, 0.8790687918663025, 0.7956455945968628, 0.7170726656913757, 0.6591938138008118, 0.5604656338691711, 0.4643242061138153, 0.3416684567928314, 0.23194654285907745, 0.13408061861991882], "recall_th subgroup 0": [1.0, 0.9557758569717407, 0.8930705785751343, 0.8100483417510986, 0.7184790968894958, 0.6256043314933777, 0.5142892003059387, 0.40150541067123413, 0.2839483618736267, 0.16000652313232422], "recall_th subgroup 1": [1.0, 0.8806126117706299, 0.7962640523910522, 0.7208492755889893, 0.6621417999267578, 0.561318039894104, 0.46316277980804443, 0.33484163880348206, 0.22949297726154327, 0.1313377469778061],