{"accuracy": 0.8501562476158142, "accuracy race group 0": 0.8425326347351074, "accuracy race group 1": 0.922322154045105, "accuracy sex group 0": 0.8133535385131836, "accuracy sex group 1": 0.9246397614479065, "accuracy subgroup 0": 0.8077552318572998, "accuracy subgroup 1": 0.9185470342636108, "auc": 0.8896872997283936, "auc race group 0": 0.8859428763389587, "auc race group 1": 0.9170936346054077, "auc sex group 0": 0.8712962865829468, "auc sex group 1": 0.8884402513504028, "auc subgroup 0": 0.867843747138977, "auc subgroup 1": 0.8874253630638123, "aucpr": 0.7535513639450073, "fn": 1389.0, "fn race group 0": 1323.0, "fn race group 1": 66.0, "fn sex group 0": 1110.0, "fn sex group 1": 279.0, "fn subgroup 0": 1063.0, "fn subgroup 1": 260.0, "fn_th": [0.0, 172.0, 424.0, 730.0, 1046.0, 1389.0, 1720.0, 2106.0, 2460.0, 2744.0], "fn_th race group 0": [0.0, 163.0, 401.0, 690.0, 992.0, 1323.0, 1636.0, 2007.0, 2345.0, 2614.0], "fn_th race group 1": [0.0, 9.0, 23.0, 40.0, 54.0, 66.0, 84.0, 99.0, 115.0, 130.0], "fn_th sex group 0": [0.0, 110.0, 297.0, 550.0, 826.0, 1110.0, 1390.0, 1724.0, 2042.0, 2300.0], "fn_th sex group 1": [0.0, 62.0, 127.0, 180.0, 220.0, 279.0, 330.0, 382.0, 418.0, 444.0], "fn_th subgroup 0": [0.0, 106.0, 283.0, 525.0, 788.0, 1063.0, 1329.0, 1651.0, 1956.0, 2202.0], "fn_th subgroup 1": [0.0, 57.0, 118.0, 165.0, 204.0, 260.0, 307.0, 356.0, 389.0, 412.0], "fnr": 0.4634634554386139, "fnr race group 0": 0.46291112899780273, "fnr race group 1": 0.4748201370239258, "fnr sex group 0": 0.4387351870536804, "fnr sex group 1": 0.597430408000946, "fnr subgroup 0": 0.43816983699798584, "fnr subgroup 1": 0.6018518805503845, "fp": 529.0, "fp race group 0": 500.0, "fp race group 1": 29.0, "fp sex group 0": 489.0, "fp sex group 1": 40.0, "fp subgroup 0": 464.0, "fp subgroup 1": 36.0, "fp_th": [9803.0, 3362.0, 2177.0, 1380.0, 890.0, 529.0, 282.0, 123.0, 40.0, 6.0], "fp_th race group 0": [8719.0, 3121.0, 2042.0, 1298.0, 832.0, 500.0, 267.0, 118.0, 39.0, 6.0], "fp_th race group 1": [1084.0, 241.0, 135.0, 82.0, 58.0, 29.0, 15.0, 5.0, 1.0, 0.0], "fp_th sex group 0": [6037.0, 2713.0, 1856.0, 1216.0, 810.0, 489.0, 261.0, 117.0, 40.0, 6.0], "fp_th sex group 1": [3766.0, 649.0, 321.0, 164.0, 80.0, 40.0, 21.0, 6.0, 0.0, 0.0], "fp_th subgroup 0": [5517.0, 2555.0, 1759.0, 1153.0, 764.0, 464.0, 249.0, 112.0, 39.0, 6.0], "fp_th subgroup 1": [3202.0, 566.0, 283.0, 145.0, 68.0, 36.0, 18.0, 6.0, 0.0, 0.0], "fpr": 0.0539630725979805, "fpr race group 0": 0.057346027344465256, "fpr race group 1": 0.026752768084406853, "fpr sex group 0": 0.08100049942731857, "fpr sex group 1": 0.010621349327266216, "fpr subgroup 0": 0.08410368114709854, "fpr subgroup 1": 0.011242972686886787, "loss": 0.32173117995262146, "precision": 0.7524567246437073, "precision race group 0": 0.7542997598648071, "precision race group 1": 0.7156862616539001, "precision sex group 0": 0.7438449263572693, "precision sex group 1": 0.8245614171028137, "precision subgroup 0": 0.7460317611694336, "precision subgroup 1": 0.8269230723381042, "precision_th": [0.23414061963558197, 0.456602543592453, 0.5416842103004456, 0.6216068267822266, 0.6867300271987915, 0.7524567246437073, 0.8191148042678833, 0.8786982297897339, 0.9306759238243103, 0.9768339991569519], "precision_th race group 0": [0.2468687891960144, 0.46337687969207764, 0.54612135887146, 0.6255049109458923, 0.6916234493255615, 0.7542997598648071, 0.8206850290298462, 0.8782249689102173, 0.929347813129425, 0.9760000109672546], "precision_th race group 1": [0.11365494877099991, 0.3504043221473694, 0.4621514081954956, 0.5469613075256348, 0.5944055914878845, 0.7156862616539001, 0.7857142686843872, 0.8888888955116272, 0.9599999785423279, 1.0], "precision_th sex group 0": [0.29531925916671753, 0.47145918011665344, 0.5460993051528931, 0.6195244193077087, 0.6778042912483215, 0.7438449263572693, 0.8137044906616211, 0.8732394576072693, 0.9242424368858337, 0.9745762944221497], "precision_th sex group 1": [0.11032364517450333, 0.3842504620552063, 0.5143721699714661, 0.6363636255264282, 0.7553516626358032, 0.8245614171028137, 0.8670886158943176, 0.9340659379959106, 1.0, 1.0], "precision_th subgroup 0": [0.30542615056037903, 0.4758974313735962, 0.5492055416107178, 0.6224623322486877, 0.681931734085083, 0.7460317611694336, 0.8150074481964111, 0.8737316727638245, 0.9233791828155518, 0.9739130139350891], "precision_th subgroup 1": [0.11887726932764053, 0.39851221442222595, 0.5259631276130676, 0.6480582356452942, 0.7702702879905701, 0.8269230723381042, 0.8741258978843689, 0.9268292784690857, 1.0, 1.0], "recall": 0.5365365147590637, "recall race group 0": 0.5370888710021973, "recall race group 1": 0.5251798629760742, "recall sex group 0": 0.5612648129463196, "recall sex group 1": 0.40256959199905396, "recall subgroup 0": 0.5618301630020142, "recall subgroup 1": 0.39814814925193787, "recall_th": [1.0, 0.9426092505455017, 0.8585252165794373, 0.7564231157302856, 0.6509843468666077, 0.5365365147590637, 0.4260927736759186, 0.29729729890823364, 0.17917917668819427, 0.08441775292158127], "recall_th race group 0": [1.0, 0.9429671168327332, 0.8596920967102051, 0.7585723996162415, 0.6529041528701782, 0.5370888710021973, 0.42757171392440796, 0.29776066541671753, 0.1794961541891098, 0.0853743851184845], "recall_th race group 1": [1.0, 0.935251772403717, 0.8345323801040649, 0.7122302055358887, 0.6115108132362366, 0.5251798629760742, 0.3956834673881531, 0.28776979446411133, 0.17266187071800232, 0.06474819779396057], "recall_th sex group 0": [1.0, 0.95652174949646, 0.8826087117195129, 0.782608687877655, 0.6735177636146545, 0.5612648129463196, 0.45059287548065186, 0.3185770809650421, 0.1928853690624237, 0.09090909361839294], "recall_th sex group 1": [1.0, 0.8672376871109009, 0.7280513644218445, 0.6145610213279724, 0.5289078950881958, 0.40256959199905396, 0.2933618724346161, 0.18201284110546112, 0.10492505133152008, 0.049250535666942596], "recall_th subgroup 0": [1.0, 0.9563066959381104, 0.8833470940589905, 0.7835943698883057, 0.67518550157547, 0.5618301630020142, 0.45218467712402344, 0.3194558918476105, 0.1937345415353775, 0.09233305603265762], "recall_th subgroup 1": [1.0, 0.8680555820465088, 0.7268518805503845, 0.6180555820465088, 0.5277777910232544, 0.39814814925193787, 0.28935185074806213, 0.17592592537403107, 0.09953703731298447, 0.046296294778585434], "tn": 9274.0, "tn race group 0": 8219.0, "tn race group 1": 1055.0, "tn sex group 0": 5548.0, "tn sex group 1": 3726.0, "tn subgroup 0": 5053.0, "tn subgroup 1": 3166.0, "tn_th": [0.0, 6441.0, 7626.0, 8423.0, 8913.0, 9274.0, 9521.0, 9680.0, 9763.0, 9797.0], "tn_th race group 0": [0.0, 5598.0, 6677.0, 7421.0, 7887.0, 8219.0, 8452.0, 8601.0, 8680.0, 8713.0], "tn_th race group 1": [0.0, 843.0, 949.0, 1002.0, 1026.0, 1055.0, 1069.0, 1079.0, 1083.0, 1084.0], "tn_th sex group 0": [0.0, 3324.0, 4181.0, 4821.0, 5227.0, 5548.0, 5776.0, 5920.0, 5997.0, 6031.0], "tn_th sex group 1": [0.0, 3117.0, 3445.0, 3602.0, 3686.0, 3726.0, 3745.0, 3760.0, 3766.0, 3766.0], "tn_th subgroup 0": [0.0, 2962.0, 3758.0, 4364.0, 4753.0, 5053.0, 5268.0, 5405.0, 5478.0, 5511.0], "tn_th subgroup 1": [0.0, 2636.0, 2919.0, 3057.0, 3134.0, 3166.0, 3184.0, 3196.0, 3202.0, 3202.0], "tp": 1608.0, "tp race group 0": 1535.0, "tp race group 1": 73.0, "tp sex group 0": 1420.0, "tp sex group 1": 188.0, "tp subgroup 0": 1363.0, "tp subgroup 1": 172.0, "tp_th": [2997.0, 2825.0, 2573.0, 2267.0, 1951.0, 1608.0, 1277.0, 891.0, 537.0, 253.0], "tp_th race group 0": [2858.0, 2695.0, 2457.0, 2168.0, 1866.0, 1535.0, 1222.0, 851.0, 513.0, 244.0], "tp_th race group 1": [139.0, 130.0, 116.0, 99.0, 85.0, 73.0, 55.0, 40.0, 24.0, 9.0], "tp_th sex group 0": [2530.0, 2420.0, 2233.0, 1980.0, 1704.0, 1420.0, 1140.0, 806.0, 488.0, 230.0], "tp_th sex group 1": [467.0, 405.0, 340.0, 287.0, 247.0, 188.0, 137.0, 85.0, 49.0, 23.0], "tp_th subgroup 0": [2426.0, 2320.0, 2143.0, 1901.0, 1638.0, 1363.0, 1097.0, 775.0, 470.0, 224.0],