{"accuracy": 0.8578711152076721, "accuracy race group 0": 0.8518238663673401, "accuracy race group 1": 0.9149109721183777, "accuracy sex group 0": 0.8229714632034302, "accuracy sex group 1": 0.9278170466423035, "accuracy subgroup 0": 0.8188925385475159, "accuracy subgroup 1": 0.9227854609489441, "accuracy subgroup 2": 0.873778760433197, "accuracy subgroup 3": 0.9589769840240479, "auc": 0.8956350684165955, "auc race group 0": 0.8924571871757507, "auc race group 1": 0.9170535802841187, "auc sex group 0": 0.8777488470077515, "auc sex group 1": 0.8978518843650818, "auc subgroup 0": 0.8746258020401001, "auc subgroup 1": 0.8983410596847534, "auc subgroup 2": 0.9126131534576416, "auc subgroup 3": 0.8784093856811523, "aucpr": 0.776879072189331, "fn": 23181.0, "fn race group 0": 21944.0, "fn race group 1": 1237.0, "fn sex group 0": 18886.0, "fn sex group 1": 4295.0, "fn subgroup 0": 17946.0, "fn subgroup 1": 3998.0, "fn subgroup 2": 940.0, "fn subgroup 3": 297.0, "fn_th": [0.0, 3292.0, 7667.0, 12390.0, 17825.0, 23181.0, 29703.0, 36761.0, 44131.0, 51018.0], "fn_th race group 0": [0.0, 3121.0, 7306.0, 11734.0, 16837.0, 21944.0, 28155.0, 34928.0, 42031.0, 48683.0], "fn_th race group 1": [0.0, 171.0, 361.0, 656.0, 988.0, 1237.0, 1548.0, 1833.0, 2100.0, 2335.0], "fn_th sex group 0": [0.0, 2185.0, 5771.0, 9829.0, 14504.0, 18886.0, 24746.0, 30842.0, 37081.0, 43031.0], "fn_th sex group 1": [0.0, 1107.0, 1896.0, 2561.0, 3321.0, 4295.0, 4957.0, 5919.0, 7050.0, 7987.0], "fn_th subgroup 0": [0.0, 2122.0, 5566.0, 9407.0, 13798.0, 17946.0, 23541.0, 29400.0, 35435.0, 41227.0], "fn_th subgroup 1": [0.0, 999.0, 1740.0, 2327.0, 3039.0, 3998.0, 4614.0, 5528.0, 6596.0, 7456.0], "fn_th subgroup 2": [0.0, 63.0, 205.0, 422.0, 706.0, 940.0, 1205.0, 1442.0, 1646.0, 1804.0], "fn_th subgroup 3": [0.0, 108.0, 156.0, 234.0, 282.0, 297.0, 343.0, 391.0, 454.0, 531.0], "fnr": 0.3834739327430725, "fnr race group 0": 0.3806946277618408, "fnr race group 1": 0.4405270516872406, "fnr sex group 0": 0.36906901001930237, "fnr sex group 1": 0.4629230499267578, "fnr subgroup 0": 0.3660730719566345, "fnr subgroup 1": 0.4638589024543762, "fnr subgroup 2": 0.43741273880004883, "fnr subgroup 3": 0.4506828486919403, "fp": 13204.0, "fp race group 0": 12353.0, "fp race group 1": 851.0, "fp sex group 0": 11348.0, "fp sex group 1": 1856.0, "fp subgroup 0": 10686.0, "fp subgroup 1": 1667.0, "fp subgroup 2": 662.0, "fp subgroup 3": 189.0, "fp_th": [195550.0, 65988.0, 43783.0, 30371.0, 20055.0, 13204.0, 7803.0, 3809.0, 1297.0, 239.0], "fp_th race group 0": [173819.0, 61260.0, 40877.0, 28515.0, 18798.0, 12353.0, 7347.0, 3557.0, 1187.0, 223.0], "fp_th race group 1": [21731.0, 4728.0, 2906.0, 1856.0, 1257.0, 851.0, 456.0, 252.0, 110.0, 16.0], "fp_th sex group 0": [119614.0, 52072.0, 36236.0, 25493.0, 17072.0, 11348.0, 6751.0, 3369.0, 1140.0, 223.0], "fp_th sex group 1": [75936.0, 13916.0, 7547.0, 4878.0, 2983.0, 1856.0, 1052.0, 440.0, 157.0, 16.0], "fp_th subgroup 0": [109071.0, 48871.0, 34163.0, 24186.0, 16175.0, 10686.0, 6374.0, 3180.0, 1046.0, 207.0], "fp_th subgroup 1": [64748.0, 12389.0, 6714.0, 4329.0, 2623.0, 1667.0, 973.0, 377.0, 141.0, 16.0], "fp_th subgroup 2": [10543.0, 3201.0, 2073.0, 1307.0, 897.0, 662.0, 377.0, 189.0, 94.0, 16.0], "fp_th subgroup 3": [11188.0, 1527.0, 833.0, 549.0, 360.0, 189.0, 79.0, 63.0, 16.0, 0.0], "fpr": 0.06752236932516098, "fpr race group 0": 0.0710681825876236, "fpr race group 1": 0.03916064649820328, "fpr sex group 0": 0.09487184137105942, "fpr sex group 1": 0.024441635236144066, "fpr subgroup 0": 0.09797287732362747, "fpr subgroup 1": 0.025745969265699387, "fpr subgroup 2": 0.06279047578573227, "fpr subgroup 3": 0.01689309999346733, "loss": 0.30862221121788025, "precision": 0.7383947968482971, "precision race group 0": 0.7429189682006836, "precision race group 1": 0.6486374735832214, "precision sex group 0": 0.7399275898933411, "precision sex group 1": 0.7286152839660645, "precision subgroup 0": 0.7441275715827942, "precision subgroup 1": 0.7348918318748474, "precision subgroup 2": 0.6461785435676575, "precision subgroup 3": 0.6569873094558716, "precision_th": [0.23613281548023224, 0.46414825320243835, 0.5466002821922302, 0.6127679347991943, 0.680041491985321, 0.7383947968482971, 0.7975875735282898, 0.8614808320999146, 0.9263737797737122, 0.9752869606018066], "precision_th race group 0": [0.24903547763824463, 0.4708976447582245, 0.5518511533737183, 0.616852343082428, 0.6846131682395935, 0.7429189682006836, 0.8005375266075134, 0.864603579044342, 0.9293368458747864, 0.9757133722305298], "precision_th race group 1": [0.11443009227514267, 0.3580448031425476, 0.4571268558502197, 0.5369261503219604, 0.5914852023124695, 0.6486374735832214, 0.7342657446861267, 0.7946210503578186, 0.8655256628990173, 0.9672801494598389], "precision_th sex group 0": [0.2996264398097992, 0.4847366511821747, 0.5561326146125793, 0.6185738444328308, 0.6823222637176514, 0.7399275898933411, 0.7965156435966492, 0.8578420877456665, 0.9251526594161987, 0.9733381271362305], "precision_th sex group 1": [0.10887882113456726, 0.36994612216949463, 0.4944738447666168, 0.5793014168739319, 0.6663311123847961, 0.7286152839660645, 0.8042061924934387, 0.8841800689697266, 0.9341719150543213, 0.987758219242096], "precision_th subgroup 0": [0.3100876808166504, 0.4897151589393616, 0.559868574142456, 0.6209209561347961, 0.6853112578392029, 0.7441275715827942, 0.7999120950698853, 0.8605446815490723, 0.9285226464271545, 0.9741346836090088], "precision_th subgroup 1": [0.1174778863787651, 0.3808286190032959, 0.5060693025588989, 0.5924112796783447, 0.6802389621734619, 0.7348918318748474, 0.8045399785041809, 0.8912917971611023, 0.9348428845405579, 0.9864291548728943], "precision_th subgroup 2": [0.1693192571401596, 0.39455267786979675, 0.48394325375556946, 0.5692155361175537, 0.6166666746139526, 0.6461785435676575, 0.7146101593971252, 0.7890625, 0.8425460457801819, 0.9556786417961121], "precision_th subgroup 3": [0.05562589690089226, 0.2651588022708893, 0.3764970004558563, 0.4363449811935425, 0.511533260345459, 0.6569873094558716, 0.800000011920929, 0.8096676468849182, 0.9276018142700195, 1.0], "recall": 0.6165260672569275, "recall race group 0": 0.6193053722381592, "recall race group 1": 0.559472918510437, "recall sex group 0": 0.6309309601783752, "recall sex group 1": 0.5370769500732422, "recall subgroup 0": 0.6339269280433655, "recall subgroup 1": 0.5361410975456238, "recall subgroup 2": 0.5625872611999512, "recall subgroup 3": 0.5493171215057373, "recall_th": [1.0, 0.9455417990684509, 0.8731679320335388, 0.7950372099876404, 0.7051281929016113, 0.6165260672569275, 0.5086352229118347, 0.39187759160995483, 0.26995864510536194, 0.15602977573871613], "recall_th race group 0": [1.0, 0.945855438709259, 0.8732521533966064, 0.79643315076828, 0.7079039812088013, 0.6193053722381592, 0.5115540623664856, 0.3940529525279999, 0.2708268165588379, 0.15542486310005188], "recall_th race group 1": [1.0, 0.9391025900840759, 0.87143874168396, 0.7663817405700684, 0.6481481194496155, 0.559472918510437, 0.44871795177459717, 0.3472222089767456, 0.252136766910553, 0.16844730079174042], "recall_th sex group 0": [1.0, 0.9573008418083191, 0.887223482131958, 0.8079223036766052, 0.7165637612342834, 0.6309309601783752, 0.5164152383804321, 0.3972875773906708, 0.2753654420375824, 0.15909090638160706], "recall_th sex group 1": [1.0, 0.8806855082511902, 0.7956455945968628, 0.7239707112312317, 0.6420564651489258, 0.5370769500732422, 0.4657253623008728, 0.3620392382144928, 0.2401379644870758, 0.1391463726758957], "recall_th subgroup 0": [1.0, 0.9567142128944397, 0.8864614367485046, 0.8081104755401611, 0.7185402512550354, 0.6339269280433655, 0.5197968482971191, 0.40028148889541626, 0.27717602252960205, 0.15902739763259888], "recall_th subgroup 1": [1.0, 0.8840932846069336, 0.7981204390525818, 0.7300150990486145, 0.6474068760871887, 0.5361410975456238, 0.4646710753440857, 0.35862627625465393, 0.23471400141716003, 0.1349344402551651],