{
    "accuracy": {
        "mean": 0.8584437549114228,
        "std": 0.0007203029212798763
    },
    "micro_avg_auc": {
        "mean": 0.8955899834632873,
        "std": 0.0007401217779487049
    },
    "minority_auc": {
        "mean": 0.8883301734924316,
        "std": 0.005792841621762274
    },
    "macro_avg_auc": {
        "mean": 0.8929608106613159,
        "std": 0.0017120605425424691
    },
    "min_auc": {
        "mean": 0.8751025140285492,
        "std": 0.000782514513623489
    }
}