{
    "accuracy": {
        "mean": 0.8523593723773957,
        "std": 0.0013548724378025403
    },
    "micro_avg_auc": {
        "mean": 0.8901089251041412,
        "std": 0.0009079559460861867
    },
    "minority_auc": {
        "mean": 0.8879089832305909,
        "std": 0.0025786201413279092
    }
}