{"min_auc": {"mean": 0.6951352119445801, "std": 0.006958847826255041}, "macro_avg_auc": {"mean": 0.7289833068847656, "std": 0.005949951512788891}, "micro_avg_auc": {"mean": 0.7315474867820739, "std": 0.004940927504932292}, "minority_auc": {"mean": 0.7511143207550048, "std": 0.00656893049966727}, "accuracy": {"mean": 0.6498144686222076, "std": 0.03802037559373691}}