{"min_auc": 0.6948053240776062, "macro_avg_auc": 0.7286476939916611, "micro_avg_auc": 0.7317073941230774, "minority_auc": 0.7517257928848267, "accuracy": 0.671150267124176}