{"min_auc": 0.6949765086174011, "macro_avg_auc": 0.7304079383611679, "micro_avg_auc": 0.7303972244262695, "minority_auc": 0.7532047629356384, "accuracy": 0.6771799921989441}