{"min_auc": {"mean": 0.7933273136615753, "std": 0.008925248987352948}, "macro_avg_auc": {"mean": 0.8087994486093522, "std": 0.005612173493772559}, "micro_avg_auc": {"mean": 0.8146691143512725, "std": 0.0066466150685270346}, "minority_auc": {"mean": 0.8162126183509827, "std": 0.009000189842834277}, "accuracy": {"mean": 0.848292738199234, "std": 0.0033043015537189556}}