{"min_auc": 0.8841361999511719, "macro_avg_auc": 0.9160098433494568, "micro_avg_auc": 0.9091339111328125, "minority_auc": 0.9354363083839417, "accuracy": 0.8541858792304993}