{"min_auc": 0.7539477944374084, "macro_avg_auc": 0.7703571021556854, "micro_avg_auc": 0.7808199524879456, "minority_auc": 0.7814280390739441, "accuracy": 0.8224955797195435}