{"min_auc": 0.8324792981147766, "macro_avg_auc": 0.8956359326839447, "micro_avg_auc": 0.950187623500824, "minority_auc": 0.8324792981147766, "accuracy": 0.8815621733665466}