{"min_auc": 0.7872790098190308, "macro_avg_auc": 0.8130953013896942, "micro_avg_auc": 0.8147739768028259, "minority_auc": 0.8390313386917114, "accuracy": 0.7383881211280823}