{"min_auc": 0.7893518805503845, "macro_avg_auc": 0.7959705889225006, "micro_avg_auc": 0.808168888092041, "minority_auc": 0.7893518805503845, "accuracy": 0.7267135381698608}