{"min_auc": 0.9167790412902832, "macro_avg_auc": 0.9364823400974274, "micro_avg_auc": 0.943854033946991, "minority_auc": 0.9167790412902832, "accuracy": 0.8731759786605835}