{"min_auc": 0.6974899172782898, "macro_avg_auc": 0.7365904599428177, "micro_avg_auc": 0.7352795004844666, "minority_auc": 0.7604042291641235, "accuracy": 0.6665120720863342}