{"min_auc": 0.9236939549446106, "macro_avg_auc": 0.9420444369316101, "micro_avg_auc": 0.9488860368728638, "minority_auc": 0.9236939549446106, "accuracy": 0.8739628195762634}