{"min_auc": 0.8574292063713074, "macro_avg_auc": 0.9134354293346405, "micro_avg_auc": 0.9621991515159607, "minority_auc": 0.8574292063713074, "accuracy": 0.8979491591453552}