{"min_auc": 0.7999338507652283, "macro_avg_auc": 0.8156428188085556, "micro_avg_auc": 0.8199254274368286, "minority_auc": 0.8255876302719116, "accuracy": 0.8514938354492188}