{"min_auc": 0.784827709197998, "macro_avg_auc": 0.8104716539382935, "micro_avg_auc": 0.8134512305259705, "minority_auc": 0.8448184728622437, "accuracy": 0.7214411497116089}