{"min_auc": 0.8834123015403748, "macro_avg_auc": 0.9176844507455826, "micro_avg_auc": 0.9083530306816101, "minority_auc": 0.9430379271507263, "accuracy": 0.8479208946228027}