{"min_auc": {"mean": 0.8851985335350037, "std": 0.0007541835180651184}, "macro_avg_auc": {"mean": 0.9196481063961983, "std": 0.0011606458064468376}, "micro_avg_auc": {"mean": 0.910375040769577, "std": 0.0006153417787498545}, "minority_auc": {"mean": 0.9433091938495636, "std": 0.004239957534710404}, "accuracy": {"mean": 0.853018856048584, "std": 0.003632995923204399}}