{"min_auc": 0.8869633078575134, "macro_avg_auc": 0.9207907021045685, "micro_avg_auc": 0.9115170836448669, "minority_auc": 0.9485968351364136, "accuracy": 0.8562127351760864}