{"min_auc": 0.6975087523460388, "macro_avg_auc": 0.7349182814359665, "micro_avg_auc": 0.7360125184059143, "minority_auc": 0.7463017702102661, "accuracy": 0.6785714030265808}