{"min_auc": 0.8173502087593079, "macro_avg_auc": 0.832654282450676, "micro_avg_auc": 0.8388193845748901, "minority_auc": 0.8400996923446655, "accuracy": 0.8335425853729248}