{"min_auc": 0.8776970505714417, "macro_avg_auc": 0.9142962098121643, "micro_avg_auc": 0.9043715000152588, "minority_auc": 0.9371107220649719, "accuracy": 0.8466924428939819}