{"min_auc": 0.7922634482383728, "macro_avg_auc": 0.8138597905635834, "micro_avg_auc": 0.815352737903595, "minority_auc": 0.8274572491645813, "accuracy": 0.8516193628311157}