{"min_auc": 0.8852720260620117, "macro_avg_auc": 0.9194802045822144, "micro_avg_auc": 0.9102379679679871, "minority_auc": 0.9423682689666748, "accuracy": 0.8575026392936707}