{"min_auc": 0.8756123185157776, "macro_avg_auc": 0.9147401452064514, "micro_avg_auc": 0.9036473035812378, "minority_auc": 0.9410287737846375, "accuracy": 0.8519132733345032}