{"min_auc": 0.7017697095870972, "macro_avg_auc": 0.7363423258066177, "micro_avg_auc": 0.736465573310852, "minority_auc": 0.7575439810752869, "accuracy": 0.6771799921989441}