{"min_auc": 0.6944509744644165, "macro_avg_auc": 0.7338169068098068, "micro_avg_auc": 0.734932005405426, "minority_auc": 0.7482740879058838, "accuracy": 0.6762523055076599}