{"min_auc": 0.7018836140632629, "macro_avg_auc": 0.7373592108488083, "micro_avg_auc": 0.7390080094337463, "minority_auc": 0.7533035278320312, "accuracy": 0.6609461903572083}