{"min_auc": 0.6996169090270996, "macro_avg_auc": 0.7385813891887665, "micro_avg_auc": 0.7403233051300049, "minority_auc": 0.7457100749015808, "accuracy": 0.6743970513343811}