{"min_auc": {"mean": 0.7007744431495666, "std": 0.0022503030026757194}, "macro_avg_auc": {"mean": 0.7346980944275856, "std": 0.003212318848323717}, "micro_avg_auc": {"mean": 0.736423236131668, "std": 0.0025655267598587244}, "minority_auc": {"mean": 0.7481063783168793, "std": 0.007968981022254707}, "accuracy": {"mean": 0.6755565941333771, "std": 0.009070646479130865}}