{"min_auc": 0.6980342268943787, "macro_avg_auc": 0.7335472255945206, "micro_avg_auc": 0.7332962155342102, "minority_auc": 0.7515286207199097, "accuracy": 0.6651206016540527}