{"min_auc": 0.8848429918289185, "macro_avg_auc": 0.921534538269043, "micro_avg_auc": 0.9094793796539307, "minority_auc": 0.9485633969306946, "accuracy": 0.8487808108329773}