{"min_auc": 0.7904757261276245, "macro_avg_auc": 0.8099072724580765, "micro_avg_auc": 0.8146928548812866, "minority_auc": 0.8383190631866455, "accuracy": 0.7761737108230591}