{"min_auc": 0.7021748423576355, "macro_avg_auc": 0.7372940331697464, "micro_avg_auc": 0.7379879355430603, "minority_auc": 0.7365385293960571, "accuracy": 0.6808905601501465}