{"accuracy": 0.8353124856948853, "accuracy race group 0": 0.8432210683822632, "accuracy race group 1": 0.7263279557228088, "accuracy sex group 0": 0.8362475633621216, "accuracy sex group 1": 0.8341079950332642, "accuracy subgroup 0": 0.8424118757247925, "accuracy subgroup 1": 0.8443172574043274, "auc": 0.7304567098617554, "auc race group 0": 0.7115539908409119, "auc race group 1": 0.7565483450889587, "auc sex group 0": 0.7235888242721558, "auc sex group 1": 0.7395009398460388, "auc subgroup 0": 0.7087852954864502, "auc subgroup 1": 0.7161150574684143, "aucpr": 0.914398193359375, "fn": 186.0, "fn race group 0": 153.0, "fn race group 1": 33.0, "fn sex group 0": 105.0, "fn sex group 1": 81.0, "fn subgroup 0": 91.0, "fn subgroup 1": 62.0, "fn_th": [0.0, 10.0, 19.0, 29.0, 59.0, 186.0, 488.0, 974.0, 2549.0, 6033.0], "fn_th race group 0": [0.0, 4.0, 10.0, 13.0, 40.0, 153.0, 423.0, 839.0, 2269.0, 5613.0], "fn_th race group 1": [0.0, 6.0, 9.0, 16.0, 19.0, 33.0, 65.0, 135.0, 280.0, 420.0], "fn_th sex group 0": [0.0, 2.0, 7.0, 11.0, 32.0, 105.0, 247.0, 498.0, 1332.0, 3262.0], "fn_th sex group 1": [0.0, 8.0, 12.0, 18.0, 27.0, 81.0, 241.0, 476.0, 1217.0, 2771.0], "fn_th subgroup 0": [0.0, 0.0, 2.0, 3.0, 24.0, 91.0, 225.0, 447.0, 1227.0, 3109.0], "fn_th subgroup 1": [0.0, 4.0, 8.0, 10.0, 16.0, 62.0, 198.0, 392.0, 1042.0, 2504.0], "fnr": 0.018028495833277702, "fnr race group 0": 0.01553614903241396, "fnr race group 1": 0.07036247104406357, "fnr sex group 0": 0.018013380467891693, "fnr sex group 1": 0.018048128113150597, "fnr subgroup 0": 0.016077738255262375, "fnr subgroup 1": 0.014804202131927013, "fp": 1922.0, "fp race group 0": 1718.0, "fp race group 1": 204.0, "fp sex group 0": 1075.0, "fp sex group 1": 847.0, "fp subgroup 0": 991.0, "fp subgroup 1": 727.0, "fp_th": [2483.0, 2368.0, 2250.0, 2172.0, 2078.0, 1922.0, 1759.0, 1519.0, 1058.0, 337.0], "fp_th race group 0": [2086.0, 2029.0, 1964.0, 1908.0, 1838.0, 1718.0, 1587.0, 1386.0, 999.0, 321.0], "fp_th race group 1": [397.0, 339.0, 286.0, 264.0, 240.0, 204.0, 172.0, 133.0, 59.0, 16.0], "fp_th sex group 0": [1377.0, 1310.0, 1248.0, 1210.0, 1158.0, 1075.0, 991.0, 873.0, 626.0, 208.0], "fp_th sex group 1": [1106.0, 1058.0, 1002.0, 962.0, 920.0, 847.0, 768.0, 646.0, 432.0, 129.0], "fp_th subgroup 0": [1206.0, 1170.0, 1134.0, 1103.0, 1059.0, 991.0, 922.0, 816.0, 595.0, 199.0], "fp_th subgroup 1": [880.0, 859.0, 830.0, 805.0, 779.0, 727.0, 665.0, 570.0, 404.0, 122.0], "fpr": 0.7740636467933655, "fpr race group 0": 0.8235858082771301, "fpr race group 1": 0.513853907585144, "fpr sex group 0": 0.7806826233863831, "fpr sex group 1": 0.7658227682113647, "fpr subgroup 0": 0.8217247128486633, "fpr subgroup 1": 0.8261363506317139, "loss": 1.9804431200027466, "precision": 0.8405376076698303, "precision race group 0": 0.8494699001312256, "precision race group 1": 0.6812499761581421, "precision sex group 0": 0.8418884873390198, "precision sex group 1": 0.8387895226478577, "precision subgroup 0": 0.8489329218864441, "precision subgroup 1": 0.8501957654953003, "precision_th": [0.8060156106948853, 0.8131755590438843, 0.8206885457038879, 0.8256821632385254, 0.8315499424934387, 0.8405376076698303, 0.848205029964447, 0.8601546883583069, 0.8801268935203552, 0.9270720481872559], "precision_th race group 0": [0.8252052664756775, 0.8291080594062805, 0.8335875272750854, 0.8375202417373657, 0.8421775698661804, 0.8494699001312256, 0.8558844923973083, 0.8666666746139526, 0.8835392594337463, 0.9295434355735779], "precision_th race group 1": [0.5415704250335693, 0.5773067474365234, 0.6166219711303711, 0.6317991614341736, 0.6521739363670349, 0.6812499761581421, 0.7013888955116272, 0.7152034044265747, 0.7620967626571655, 0.7538461685180664], "precision_th sex group 0": [0.8089092373847961, 0.8164494633674622, 0.8234794735908508, 0.827831506729126, 0.8335011005401611, 0.8418884873390198, 0.8492317199707031, 0.8592843413352966, 0.8778059482574463, 0.9250450730323792], "precision_th sex group 1": [0.8022881746292114, 0.8089563250541687, 0.8170865178108215, 0.8229013085365295, 0.8290280699729919, 0.8387895226478577, 0.8468593955039978, 0.8613138794898987, 0.8833378553390503, 0.9301191568374634], "precision_th subgroup 0": [0.8243519067764282, 0.8286969065666199, 0.833038866519928, 0.8368343114852905, 0.8418222665786743, 0.8489329218864441, 0.8549630045890808, 0.8646541833877563, 0.8816626667976379, 0.9276363849639893], "precision_th subgroup 1": [0.8263614773750305, 0.8296648859977722, 0.8343313336372375, 0.8384507298469543, 0.8426580429077148, 0.8501957654953003, 0.8571428656578064, 0.8694457411766052, 0.8861972093582153, 0.9324473738670349], "recall": 0.9819715023040771, "recall race group 0": 0.9844638705253601, "recall race group 1": 0.9296375513076782, "recall sex group 0": 0.9819866418838501, "recall sex group 1": 0.981951892375946, "recall subgroup 0": 0.9839222431182861, "recall subgroup 1": 0.9851958155632019, "recall_th": [1.0, 0.9990307092666626, 0.9981583952903748, 0.9971891045570374, 0.9942812919616699, 0.9819715023040771, 0.9526994228363037, 0.9055927395820618, 0.752932071685791, 0.4152369797229767], "recall_th race group 0": [1.0, 0.9995938539505005, 0.9989845752716064, 0.9986799359321594, 0.995938241481781, 0.9844638705253601, 0.9570471048355103, 0.9148050546646118, 0.7695978879928589, 0.4300365447998047], "recall_th race group 1": [1.0, 0.9872068166732788, 0.9808102250099182, 0.9658848643302917, 0.9594882726669312, 0.9296375513076782, 0.8614072203636169, 0.7121534943580627, 0.4029850661754608, 0.10447761416435242], "recall_th sex group 0": [1.0, 0.9996569156646729, 0.9987990856170654, 0.9981128573417664, 0.9945102334022522, 0.9819866418838501, 0.957625687122345, 0.9145650863647461, 0.7714874148368835, 0.44038429856300354], "recall_th sex group 1": [1.0, 0.9982174634933472, 0.9973261952400208, 0.9959893226623535, 0.9939839839935303, 0.981951892375946, 0.9463012218475342, 0.8939393758773804, 0.7288324236869812, 0.38257575035095215], "recall_th subgroup 0": [1.0, 1.0, 0.9996466636657715, 0.9994699358940125, 0.9957597255706787, 0.9839222431182861, 0.9602473378181458, 0.921024739742279, 0.7832155227661133, 0.45070672035217285], "recall_th subgroup 1": [1.0, 0.9990448951721191, 0.9980897903442383, 0.9976122379302979, 0.9961795806884766, 0.9851958155632019, 0.9527220726013184, 0.9063992500305176, 0.7511938810348511, 0.4021012485027313], "tn": 561.0, "tn race group 0": 368.0, "tn race group 1": 193.0, "tn sex group 0": 302.0, "tn sex group 1": 259.0, "tn subgroup 0": 215.0, "tn subgroup 1": 153.0, "tn_th": [0.0, 115.0, 233.0, 311.0, 405.0, 561.0, 724.0, 964.0, 1425.0, 2146.0], "tn_th race group 0": [0.0, 57.0, 122.0, 178.0, 248.0, 368.0, 499.0, 700.0, 1087.0, 1765.0], "tn_th race group 1": [0.0, 58.0, 111.0, 133.0, 157.0, 193.0, 225.0, 264.0, 338.0, 381.0], "tn_th sex group 0": [0.0, 67.0, 129.0, 167.0, 219.0, 302.0, 386.0, 504.0, 751.0, 1169.0], "tn_th sex group 1": [0.0, 48.0, 104.0, 144.0, 186.0, 259.0, 338.0, 460.0, 674.0, 977.0], "tn_th subgroup 0": [0.0, 36.0, 72.0, 103.0, 147.0, 215.0, 284.0, 390.0, 611.0, 1007.0], "tn_th subgroup 1": [0.0, 21.0, 50.0, 75.0, 101.0, 153.0, 215.0, 310.0, 476.0, 758.0], "tp": 10131.0, "tp race group 0": 9695.0, "tp race group 1": 436.0, "tp sex group 0": 5724.0, "tp sex group 1": 4407.0, "tp subgroup 0": 5569.0, "tp subgroup 1": 4126.0, "tp_th": [10317.0, 10307.0, 10298.0, 10288.0, 10258.0, 10131.0, 9829.0, 9343.0, 7768.0, 4284.0], "tp_th race group 0": [9848.0, 9844.0, 9838.0, 9835.0, 9808.0, 9695.0, 9425.0, 9009.0, 7579.0, 4235.0], "tp_th race group 1": [469.0, 463.0, 460.0, 453.0, 450.0, 436.0, 404.0, 334.0, 189.0, 49.0], "tp_th sex group 0": [5829.0, 5827.0, 5822.0, 5818.0, 5797.0, 5724.0, 5582.0, 5331.0, 4497.0, 2567.0], "tp_th sex group 1": [4488.0, 4480.0, 4476.0, 4470.0, 4461.0, 4407.0, 4247.0, 4012.0, 3271.0, 1717.0], "tp_th subgroup 0": [5660.0, 5660.0, 5658.0, 5657.0, 5636.0, 5569.0, 5435.0, 5213.0, 4433.0, 2551.0],