{"accuracy": 0.8342968821525574, "accuracy race group 0": 0.8426344990730286, "accuracy race group 1": 0.7193995118141174, "accuracy sex group 0": 0.8363863229751587, "accuracy sex group 1": 0.8316053152084351, "accuracy subgroup 0": 0.8425575494766235, "accuracy subgroup 1": 0.8427387475967407, "auc": 0.7271931171417236, "auc race group 0": 0.7065645456314087, "auc race group 1": 0.762952983379364, "auc sex group 0": 0.7187914252281189, "auc sex group 1": 0.7378273606300354, "auc subgroup 0": 0.7025310397148132, "auc subgroup 1": 0.7124977111816406, "aucpr": 0.9148621559143066, "fn": 162.0, "fn race group 0": 136.0, "fn race group 1": 26.0, "fn sex group 0": 82.0, "fn sex group 1": 80.0, "fn subgroup 0": 73.0, "fn subgroup 1": 63.0, "fn_th": [0.0, 10.0, 22.0, 36.0, 65.0, 162.0, 465.0, 1042.0, 2424.0, 5387.0], "fn_th race group 0": [0.0, 4.0, 12.0, 19.0, 48.0, 136.0, 403.0, 898.0, 2158.0, 4980.0], "fn_th race group 1": [0.0, 6.0, 10.0, 17.0, 17.0, 26.0, 62.0, 144.0, 266.0, 407.0], "fn_th sex group 0": [0.0, 2.0, 8.0, 17.0, 36.0, 82.0, 234.0, 521.0, 1266.0, 2915.0], "fn_th sex group 1": [0.0, 8.0, 14.0, 19.0, 29.0, 80.0, 231.0, 521.0, 1158.0, 2472.0], "fn_th subgroup 0": [0.0, 0.0, 2.0, 9.0, 28.0, 73.0, 214.0, 469.0, 1173.0, 2763.0], "fn_th subgroup 1": [0.0, 4.0, 10.0, 10.0, 20.0, 63.0, 189.0, 429.0, 985.0, 2217.0], "fnr": 0.01570223830640316, "fnr race group 0": 0.013809910975396633, "fnr race group 1": 0.05543709918856621, "fnr sex group 0": 0.014067593030631542, "fnr sex group 1": 0.017825311049818993, "fnr subgroup 0": 0.01289752684533596, "fnr subgroup 1": 0.015042980201542377, "fp": 1959.0, "fp race group 0": 1742.0, "fp race group 1": 217.0, "fp sex group 0": 1097.0, "fp sex group 1": 862.0, "fp subgroup 0": 1008.0, "fp subgroup 1": 734.0, "fp_th": [2483.0, 2344.0, 2248.0, 2167.0, 2087.0, 1959.0, 1784.0, 1481.0, 1086.0, 429.0], "fp_th race group 0": [2086.0, 2019.0, 1954.0, 1906.0, 1848.0, 1742.0, 1605.0, 1368.0, 1028.0, 415.0], "fp_th race group 1": [397.0, 325.0, 294.0, 261.0, 239.0, 217.0, 179.0, 113.0, 58.0, 14.0], "fp_th sex group 0": [1377.0, 1300.0, 1245.0, 1206.0, 1162.0, 1097.0, 1010.0, 859.0, 640.0, 261.0], "fp_th sex group 1": [1106.0, 1044.0, 1003.0, 961.0, 925.0, 862.0, 774.0, 622.0, 446.0, 168.0], "fp_th subgroup 0": [1206.0, 1164.0, 1125.0, 1099.0, 1063.0, 1008.0, 938.0, 811.0, 610.0, 252.0], "fp_th subgroup 1": [880.0, 855.0, 829.0, 807.0, 785.0, 734.0, 667.0, 557.0, 418.0, 163.0], "fpr": 0.7889649868011475, "fpr race group 0": 0.8350910544395447, "fpr race group 1": 0.5465995073318481, "fpr sex group 0": 0.7966594099998474, "fpr sex group 1": 0.7793851494789124, "fpr subgroup 0": 0.8358209133148193, "fpr subgroup 1": 0.8340908885002136, "loss": 1.9808049201965332, "precision": 0.838286280632019, "precision race group 0": 0.847913384437561, "precision race group 1": 0.6712121367454529, "precision sex group 0": 0.8397136330604553, "precision sex group 1": 0.8364326357841492, "precision subgroup 0": 0.8471569418907166, "precision subgroup 1": 0.8489401340484619, "precision_th": [0.8060156106948853, 0.8147181868553162, 0.8207765221595764, 0.8259158134460449, 0.830861508846283, 0.838286280632019, 0.8466827273368835, 0.8623093962669373, 0.879051148891449, 0.9199477434158325], "precision_th race group 0": [0.8252052664756775, 0.8298069834709167, 0.8342663049697876, 0.8375799059867859, 0.8413461446762085, 0.847913384437561, 0.8547511100769043, 0.8674161434173584, 0.8820830583572388, 0.9214461445808411], "precision_th race group 1": [0.5415704250335693, 0.5875634551048279, 0.6095617413520813, 0.633941113948822, 0.6541244387626648, 0.6712121367454529, 0.6945392489433289, 0.7420091032981873, 0.7777777910232544, 0.8157894611358643], "precision_th sex group 0": [0.8089092373847961, 0.8175950646400452, 0.8238041400909424, 0.8281561732292175, 0.8329259753227234, 0.8397136330604553, 0.8470855355262756, 0.8607102036476135, 0.8769940137863159, 0.9177953004837036], "precision_th sex group 1": [0.8022881746292114, 0.8110065460205078, 0.8168705701828003, 0.8230202794075012, 0.8281946778297424, 0.8364326357841492, 0.8461538553237915, 0.8644585013389587, 0.8818855881690979, 0.9230769276618958], "precision_th subgroup 0": [0.8243519067764282, 0.829425573348999, 0.8341441750526428, 0.8371852040290833, 0.8412247896194458, 0.8471569418907166, 0.8530701994895935, 0.8648783564567566, 0.880321741104126, 0.9199745655059814], "precision_th subgroup 1": [0.8263614773750305, 0.8303234577178955, 0.8344317674636841, 0.838114321231842, 0.8415101766586304, 0.8489401340484619, 0.8570510149002075, 0.8709453344345093, 0.8845622539520264, 0.9236176013946533], "recall": 0.9842977523803711, "recall race group 0": 0.9861900806427002, "recall race group 1": 0.9445629119873047, "recall sex group 0": 0.9859324097633362, "recall sex group 1": 0.9821746945381165, "recall subgroup 0": 0.9871024489402771, "recall subgroup 1": 0.9849570393562317, "recall_th": [1.0, 0.9990307092666626, 0.9978675842285156, 0.9965106248855591, 0.9936997294425964, 0.9842977523803711, 0.9549287557601929, 0.8990016579627991, 0.7650479674339294, 0.47785207629203796], "recall_th race group 0": [1.0, 0.9995938539505005, 0.9987815022468567, 0.9980706572532654, 0.9951258897781372, 0.9861900806427002, 0.9590780138969421, 0.9088139533996582, 0.78086918592453, 0.4943135678768158], "recall_th race group 1": [1.0, 0.9872068166732788, 0.9786780476570129, 0.9637526869773865, 0.9637526869773865, 0.9445629119873047, 0.8678038120269775, 0.6929637789726257, 0.43283581733703613, 0.13219615817070007], "recall_th sex group 0": [1.0, 0.9996569156646729, 0.9986275434494019, 0.9970835447311401, 0.9938240051269531, 0.9859324097633362, 0.9598559141159058, 0.91061931848526, 0.7828100919723511, 0.4999142289161682], "recall_th sex group 1": [1.0, 0.9982174634933472, 0.9968805909156799, 0.9957664608955383, 0.9935383200645447, 0.9821746945381165, 0.9485294222831726, 0.8839126825332642, 0.7419785857200623, 0.4491978585720062], "recall_th subgroup 0": [1.0, 1.0, 0.9996466636657715, 0.9984098672866821, 0.9950529932975769, 0.9871024489402771, 0.9621908068656921, 0.9171378016471863, 0.792756199836731, 0.5118374824523926], "recall_th subgroup 1": [1.0, 0.9990448951721191, 0.9976122379302979, 0.9976122379302979, 0.9952244758605957, 0.9849570393562317, 0.9548710584640503, 0.8975644707679749, 0.7648041844367981, 0.47063037753105164], "tn": 524.0, "tn race group 0": 344.0, "tn race group 1": 180.0, "tn sex group 0": 280.0, "tn sex group 1": 244.0, "tn subgroup 0": 198.0, "tn subgroup 1": 146.0, "tn_th": [0.0, 139.0, 235.0, 316.0, 396.0, 524.0, 699.0, 1002.0, 1397.0, 2054.0], "tn_th race group 0": [0.0, 67.0, 132.0, 180.0, 238.0, 344.0, 481.0, 718.0, 1058.0, 1671.0], "tn_th race group 1": [0.0, 72.0, 103.0, 136.0, 158.0, 180.0, 218.0, 284.0, 339.0, 383.0], "tn_th sex group 0": [0.0, 77.0, 132.0, 171.0, 215.0, 280.0, 367.0, 518.0, 737.0, 1116.0], "tn_th sex group 1": [0.0, 62.0, 103.0, 145.0, 181.0, 244.0, 332.0, 484.0, 660.0, 938.0], "tn_th subgroup 0": [0.0, 42.0, 81.0, 107.0, 143.0, 198.0, 268.0, 395.0, 596.0, 954.0], "tn_th subgroup 1": [0.0, 25.0, 51.0, 73.0, 95.0, 146.0, 213.0, 323.0, 462.0, 717.0], "tp": 10155.0, "tp race group 0": 9712.0, "tp race group 1": 443.0, "tp sex group 0": 5747.0, "tp sex group 1": 4408.0, "tp subgroup 0": 5587.0, "tp subgroup 1": 4125.0, "tp_th": [10317.0, 10307.0, 10295.0, 10281.0, 10252.0, 10155.0, 9852.0, 9275.0, 7893.0, 4930.0], "tp_th race group 0": [9848.0, 9844.0, 9836.0, 9829.0, 9800.0, 9712.0, 9445.0, 8950.0, 7690.0, 4868.0], "tp_th race group 1": [469.0, 463.0, 459.0, 452.0, 452.0, 443.0, 407.0, 325.0, 203.0, 62.0], "tp_th sex group 0": [5829.0, 5827.0, 5821.0, 5812.0, 5793.0, 5747.0, 5595.0, 5308.0, 4563.0, 2914.0], "tp_th sex group 1": [4488.0, 4480.0, 4474.0, 4469.0, 4459.0, 4408.0, 4257.0, 3967.0, 3330.0, 2016.0], "tp_th subgroup 0": [5660.0, 5660.0, 5658.0, 5651.0, 5632.0, 5587.0, 5446.0, 5191.0, 4487.0, 2897.0],