{"accuracy": 0.8333593606948853, "accuracy race group 0": 0.8417127728462219, "accuracy race group 1": 0.7182447910308838, "accuracy sex group 0": 0.8354149460792542, "accuracy sex group 1": 0.8307114839553833, "accuracy subgroup 0": 0.8413923978805542, "accuracy subgroup 1": 0.8421468138694763, "auc": 0.7281752228736877, "auc race group 0": 0.7047322988510132, "auc race group 1": 0.784162163734436, "auc sex group 0": 0.7220447659492493, "auc sex group 1": 0.7363142371177673, "auc subgroup 0": 0.7038092613220215, "auc subgroup 1": 0.706641435623169, "aucpr": 0.914543092250824, "fn": 223.0, "fn race group 0": 174.0, "fn race group 1": 49.0, "fn sex group 0": 120.0, "fn sex group 1": 103.0, "fn subgroup 0": 105.0, "fn subgroup 1": 69.0, "fn_th": [0.0, 10.0, 26.0, 35.0, 64.0, 223.0, 572.0, 1083.0, 2561.0, 5678.0], "fn_th race group 0": [0.0, 4.0, 12.0, 19.0, 46.0, 174.0, 485.0, 920.0, 2287.0, 5264.0], "fn_th race group 1": [0.0, 6.0, 14.0, 16.0, 18.0, 49.0, 87.0, 163.0, 274.0, 414.0], "fn_th sex group 0": [0.0, 2.0, 12.0, 15.0, 37.0, 120.0, 299.0, 553.0, 1347.0, 3081.0], "fn_th sex group 1": [0.0, 8.0, 14.0, 20.0, 27.0, 103.0, 273.0, 530.0, 1214.0, 2597.0], "fn_th subgroup 0": [0.0, 0.0, 4.0, 7.0, 29.0, 105.0, 265.0, 495.0, 1244.0, 2928.0], "fn_th subgroup 1": [0.0, 4.0, 8.0, 12.0, 17.0, 69.0, 220.0, 425.0, 1043.0, 2336.0], "fnr": 0.021614810451865196, "fnr race group 0": 0.01766856200993061, "fnr race group 1": 0.10447761416435242, "fnr sex group 0": 0.02058672159910202, "fnr sex group 1": 0.02295008860528469, "fnr subgroup 0": 0.018551236018538475, "fnr subgroup 1": 0.01647564396262169, "fp": 1910.0, "fp race group 0": 1715.0, "fp race group 1": 195.0, "fp sex group 0": 1066.0, "fp sex group 1": 844.0, "fp subgroup 0": 984.0, "fp subgroup 1": 731.0, "fp_th": [2483.0, 2358.0, 2240.0, 2152.0, 2070.0, 1910.0, 1721.0, 1456.0, 1061.0, 392.0], "fp_th race group 0": [2086.0, 2031.0, 1958.0, 1898.0, 1839.0, 1715.0, 1576.0, 1360.0, 1010.0, 385.0], "fp_th race group 1": [397.0, 327.0, 282.0, 254.0, 231.0, 195.0, 145.0, 96.0, 51.0, 7.0], "fp_th sex group 0": [1377.0, 1308.0, 1241.0, 1200.0, 1154.0, 1066.0, 968.0, 847.0, 626.0, 238.0], "fp_th sex group 1": [1106.0, 1050.0, 999.0, 952.0, 916.0, 844.0, 753.0, 609.0, 435.0, 154.0], "fp_th subgroup 0": [1206.0, 1174.0, 1128.0, 1097.0, 1055.0, 984.0, 909.0, 802.0, 601.0, 235.0], "fp_th subgroup 1": [880.0, 857.0, 830.0, 801.0, 784.0, 731.0, 667.0, 558.0, 409.0, 150.0], "fpr": 0.7692307829856873, "fpr race group 0": 0.8221476674079895, "fpr race group 1": 0.491183876991272, "fpr sex group 0": 0.7741466760635376, "fpr sex group 1": 0.7631102800369263, "fpr subgroup 0": 0.8159204125404358, "fpr subgroup 1": 0.8306818008422852, "loss": 1.9466803073883057, "precision": 0.8408863544464111, "precision race group 0": 0.8494160771369934, "precision race group 1": 0.6829268336296082, "precision sex group 0": 0.8426568508148193, "precision sex group 1": 0.8385924696922302, "precision subgroup 0": 0.8495182991027832, "precision subgroup 1": 0.8492783308029175, "precision_th": [0.8060156106948853, 0.8138176202774048, 0.8212433457374573, 0.8269261717796326, 0.8320214152336121, 0.8408863544464111, 0.8499040603637695, 0.8637979626655579, 0.8796643018722534, 0.9220830798149109], "precision_th race group 0": [0.8252052664756775, 0.8289684057235718, 0.8339833617210388, 0.8381512761116028, 0.8420239090919495, 0.8494160771369934, 0.8559283018112183, 0.867807149887085, 0.8821607828140259, 0.9225196242332458], "precision_th race group 1": [0.5415704250335693, 0.5860759615898132, 0.617367684841156, 0.6407355070114136, 0.6612903475761414, 0.6829268336296082, 0.7248576879501343, 0.7611940503120422, 0.792682945728302, 0.8870967626571655], "precision_th sex group 0": [0.8089092373847961, 0.8166783452033997, 0.8241711258888245, 0.8289136290550232, 0.833861231803894, 0.8426568508148193, 0.8510310649871826, 0.86166912317276, 0.8774471282958984, 0.9202947020530701], "precision_th sex group 1": [0.8022881746292114, 0.8101266026496887, 0.8174675703048706, 0.8243542313575745, 0.8296447992324829, 0.8385924696922302, 0.8484299778938293, 0.8666520714759827, 0.8827177286148071, 0.9246943593025208], "precision_th subgroup 0": [0.8243519067764282, 0.8282119035720825, 0.8337264060974121, 0.8374814987182617, 0.8422076106071472, 0.8495182991027832, 0.8558058142662048, 0.8655940890312195, 0.8802073001861572, 0.9207954406738281], "precision_th subgroup 1": [0.8263614773750305, 0.8299940228462219, 0.8343313336372375, 0.8390596508979797, 0.8417760133743286, 0.8492783308029175, 0.8560949563980103, 0.8708631992340088, 0.8849183917045593, 0.9250749349594116], "recall": 0.9783852100372314, "recall race group 0": 0.9823314547538757, "recall race group 1": 0.89552241563797, "recall sex group 0": 0.9794132709503174, "recall sex group 1": 0.9770498871803284, "recall subgroup 0": 0.981448769569397, "recall subgroup 1": 0.9835243821144104, "recall_th": [1.0, 0.9990307092666626, 0.9974799156188965, 0.9966075420379639, 0.9937966465950012, 0.9783852100372314, 0.9445575475692749, 0.8950276374816895, 0.751768946647644, 0.4496462047100067], "recall_th race group 0": [1.0, 0.9995938539505005, 0.9987815022468567, 0.9980706572532654, 0.9953290224075317, 0.9823314547538757, 0.9507514238357544, 0.9065800309181213, 0.7677701115608215, 0.4654752314090729], "recall_th race group 1": [1.0, 0.9872068166732788, 0.9701492786407471, 0.9658848643302917, 0.9616204500198364, 0.89552241563797, 0.8144989609718323, 0.6524520516395569, 0.415778249502182, 0.11727079004049301], "recall_th sex group 0": [1.0, 0.9996569156646729, 0.9979413151741028, 0.9974266886711121, 0.9936524033546448, 0.9794132709503174, 0.9487047791481018, 0.9051295518875122, 0.7689140439033508, 0.47143593430519104], "recall_th sex group 1": [1.0, 0.9982174634933472, 0.9968805909156799, 0.9955436587333679, 0.9939839839935303, 0.9770498871803284, 0.9391711354255676, 0.8819072842597961, 0.7295008897781372, 0.4213458001613617], "recall_th subgroup 0": [1.0, 1.0, 0.9992932677268982, 0.9987632632255554, 0.9948763251304626, 0.981448769569397, 0.953180193901062, 0.9125441908836365, 0.7802119851112366, 0.48268550634384155], "recall_th subgroup 1": [1.0, 0.9990448951721191, 0.9980897903442383, 0.9971346855163574, 0.9959408044815063, 0.9835243821144104, 0.9474689364433289, 0.8985195755958557, 0.7509551048278809, 0.44221585988998413], "tn": 573.0, "tn race group 0": 371.0, "tn race group 1": 202.0, "tn sex group 0": 311.0, "tn sex group 1": 262.0, "tn subgroup 0": 222.0, "tn subgroup 1": 149.0, "tn_th": [0.0, 125.0, 243.0, 331.0, 413.0, 573.0, 762.0, 1027.0, 1422.0, 2091.0], "tn_th race group 0": [0.0, 55.0, 128.0, 188.0, 247.0, 371.0, 510.0, 726.0, 1076.0, 1701.0], "tn_th race group 1": [0.0, 70.0, 115.0, 143.0, 166.0, 202.0, 252.0, 301.0, 346.0, 390.0], "tn_th sex group 0": [0.0, 69.0, 136.0, 177.0, 223.0, 311.0, 409.0, 530.0, 751.0, 1139.0], "tn_th sex group 1": [0.0, 56.0, 107.0, 154.0, 190.0, 262.0, 353.0, 497.0, 671.0, 952.0], "tn_th subgroup 0": [0.0, 32.0, 78.0, 109.0, 151.0, 222.0, 297.0, 404.0, 605.0, 971.0], "tn_th subgroup 1": [0.0, 23.0, 50.0, 79.0, 96.0, 149.0, 213.0, 322.0, 471.0, 730.0], "tp": 10094.0, "tp race group 0": 9674.0, "tp race group 1": 420.0, "tp sex group 0": 5709.0, "tp sex group 1": 4385.0, "tp subgroup 0": 5555.0, "tp subgroup 1": 4119.0, "tp_th": [10317.0, 10307.0, 10291.0, 10282.0, 10253.0, 10094.0, 9745.0, 9234.0, 7756.0, 4639.0], "tp_th race group 0": [9848.0, 9844.0, 9836.0, 9829.0, 9802.0, 9674.0, 9363.0, 8928.0, 7561.0, 4584.0], "tp_th race group 1": [469.0, 463.0, 455.0, 453.0, 451.0, 420.0, 382.0, 306.0, 195.0, 55.0], "tp_th sex group 0": [5829.0, 5827.0, 5817.0, 5814.0, 5792.0, 5709.0, 5530.0, 5276.0, 4482.0, 2748.0], "tp_th sex group 1": [4488.0, 4480.0, 4474.0, 4468.0, 4461.0, 4385.0, 4215.0, 3958.0, 3274.0, 1891.0], "tp_th subgroup 0": [5660.0, 5660.0, 5656.0, 5653.0, 5631.0, 5555.0, 5395.0, 5165.0, 4416.0, 2732.0],