{"accuracy": 0.8346093893051147, "accuracy race group 0": 0.8426344990730286, "accuracy race group 1": 0.7240184545516968, "accuracy sex group 0": 0.8361088037490845, "accuracy sex group 1": 0.8326778411865234, "accuracy subgroup 0": 0.8421205878257751, "accuracy subgroup 1": 0.8433306813240051, "auc": 0.7223741412162781, "auc race group 0": 0.7005549669265747, "auc race group 1": 0.768731951713562, "auc sex group 0": 0.7164376974105835, "auc sex group 1": 0.7303874492645264, "auc subgroup 0": 0.7000038623809814, "auc subgroup 1": 0.7019795775413513, "aucpr": 0.914258599281311, "fn": 188.0, "fn race group 0": 146.0, "fn race group 1": 42.0, "fn sex group 0": 105.0, "fn sex group 1": 83.0, "fn subgroup 0": 91.0, "fn subgroup 1": 55.0, "fn_th": [0.0, 8.0, 17.0, 35.0, 70.0, 188.0, 467.0, 1026.0, 2521.0, 5541.0], "fn_th race group 0": [0.0, 2.0, 8.0, 19.0, 50.0, 146.0, 392.0, 865.0, 2238.0, 5132.0], "fn_th race group 1": [0.0, 6.0, 9.0, 16.0, 20.0, 42.0, 75.0, 161.0, 283.0, 409.0], "fn_th sex group 0": [0.0, 2.0, 7.0, 17.0, 41.0, 105.0, 242.0, 535.0, 1351.0, 2971.0], "fn_th sex group 1": [0.0, 6.0, 10.0, 18.0, 29.0, 83.0, 225.0, 491.0, 1170.0, 2570.0], "fn_th subgroup 0": [0.0, 0.0, 2.0, 9.0, 33.0, 91.0, 213.0, 480.0, 1247.0, 2818.0], "fn_th subgroup 1": [0.0, 2.0, 6.0, 10.0, 17.0, 55.0, 179.0, 385.0, 991.0, 2314.0], "fnr": 0.018222350627183914, "fnr race group 0": 0.014825345017015934, "fnr race group 1": 0.08955223858356476, "fnr sex group 0": 0.018013380467891693, "fnr sex group 1": 0.018493760377168655, "fnr subgroup 0": 0.016077738255262375, "fnr subgroup 1": 0.013132760301232338, "fp": 1929.0, "fp race group 0": 1732.0, "fp race group 1": 197.0, "fp sex group 0": 1076.0, "fp sex group 1": 853.0, "fp subgroup 0": 993.0, "fp subgroup 1": 739.0, "fp_th": [2483.0, 2392.0, 2270.0, 2183.0, 2076.0, 1929.0, 1760.0, 1506.0, 1083.0, 416.0], "fp_th race group 0": [2086.0, 2052.0, 1978.0, 1926.0, 1842.0, 1732.0, 1604.0, 1405.0, 1027.0, 395.0], "fp_th race group 1": [397.0, 340.0, 292.0, 257.0, 234.0, 197.0, 156.0, 101.0, 56.0, 21.0], "fp_th sex group 0": [1377.0, 1320.0, 1261.0, 1212.0, 1159.0, 1076.0, 1001.0, 872.0, 641.0, 254.0], "fp_th sex group 1": [1106.0, 1072.0, 1009.0, 971.0, 917.0, 853.0, 759.0, 634.0, 442.0, 162.0], "fp_th subgroup 0": [1206.0, 1181.0, 1141.0, 1109.0, 1061.0, 993.0, 935.0, 825.0, 613.0, 241.0], "fp_th subgroup 1": [880.0, 871.0, 837.0, 817.0, 781.0, 739.0, 669.0, 580.0, 414.0, 154.0], "fpr": 0.7768828272819519, "fpr race group 0": 0.8302972316741943, "fpr race group 1": 0.496221661567688, "fpr sex group 0": 0.7814088463783264, "fpr sex group 1": 0.7712477445602417, "fpr subgroup 0": 0.823383092880249, "fpr subgroup 1": 0.8397727012634277, "loss": 1.9698879718780518, "precision": 0.8400232195854187, "precision race group 0": 0.8485219478607178, "precision race group 1": 0.6842948794364929, "precision sex group 0": 0.8417646884918213, "precision sex group 1": 0.8377709984779358, "precision subgroup 0": 0.8486741781234741, "precision subgroup 1": 0.8483169078826904, "precision_th": [0.8060156106948853, 0.8116683959960938, 0.8194112777709961, 0.8248696327209473, 0.8315345048904419, 0.8400232195854187, 0.8484065532684326, 0.8605167865753174, 0.8780267834663391, 0.919876754283905], "precision_th race group 0": [0.8252052664756775, 0.827534019947052, 0.8326281905174255, 0.8361548185348511, 0.8417525887489319, 0.8485219478607178, 0.8549728989601135, 0.8647477626800537, 0.8810929656028748, 0.9227157235145569], "precision_th race group 1": [0.5415704250335693, 0.5765877962112427, 0.6117021441459656, 0.6380281448364258, 0.6573938727378845, 0.6842948794364929, 0.7163636088371277, 0.7530562281608582, 0.7685950398445129, 0.7407407164573669], "precision_th sex group 0": [0.8089092373847961, 0.8153071403503418, 0.8219680786132812, 0.8274487257003784, 0.8331654071807861, 0.8417646884918213, 0.8480570912361145, 0.8585792779922485, 0.8747802376747131, 0.9183804392814636], "precision_th sex group 1": [0.8022881746292114, 0.8069859743118286, 0.8161107897758484, 0.8215401768684387, 0.8294270634651184, 0.8377709984779358, 0.8488649725914001, 0.8630965352058411, 0.882446825504303, 0.9221153855323792], "precision_th subgroup 0": [0.8243519067764282, 0.827364444732666, 0.8321812152862549, 0.8359467387199402, 0.8413576483726501, 0.8486741781234741, 0.8534942269325256, 0.8626145124435425, 0.878034234046936, 0.9218294024467468], "precision_th subgroup 1": [0.8263614773750305, 0.8277634978294373, 0.8332337141036987, 0.8364364504814148, 0.8422859311103821, 0.8483169078826904, 0.8569901585578918, 0.8676705360412598, 0.8853503465652466, 0.9240631461143494], "recall": 0.9817776679992676, "recall race group 0": 0.9851746559143066, "recall race group 1": 0.9104477763175964, "recall sex group 0": 0.9819866418838501, "recall sex group 1": 0.9815062284469604, "recall subgroup 0": 0.9839222431182861, "recall subgroup 1": 0.9868672490119934, "recall_th": [1.0, 0.9992246031761169, 0.9983522295951843, 0.9966075420379639, 0.9932150840759277, 0.9817776679992676, 0.9547349214553833, 0.90055251121521, 0.7556460499763489, 0.4629252552986145], "recall_th race group 0": [1.0, 0.9997969269752502, 0.9991876482963562, 0.9980706572532654, 0.9949228167533875, 0.9851746559143066, 0.9601949453353882, 0.9121649265289307, 0.7727457284927368, 0.4788789749145508], "recall_th race group 1": [1.0, 0.9872068166732788, 0.9808102250099182, 0.9658848643302917, 0.9573560953140259, 0.9104477763175964, 0.8400852680206299, 0.6567164063453674, 0.3965884745121002, 0.12793177366256714], "recall_th sex group 0": [1.0, 0.9996569156646729, 0.9987990856170654, 0.9970835447311401, 0.9929661750793457, 0.9819866418838501, 0.9584834575653076, 0.9082175493240356, 0.7682278156280518, 0.490307092666626], "recall_th sex group 1": [1.0, 0.9986631274223328, 0.9977718591690063, 0.9959893226623535, 0.9935383200645447, 0.9815062284469604, 0.9498662948608398, 0.8905971646308899, 0.7393048405647278, 0.4273618459701538], "recall_th subgroup 0": [1.0, 1.0, 0.9996466636657715, 0.9984098672866821, 0.9941695928573608, 0.9839222431182861, 0.9623674750328064, 0.9151943325996399, 0.7796819806098938, 0.5021201372146606], "recall_th subgroup 1": [1.0, 0.9995224475860596, 0.9985673427581787, 0.9976122379302979, 0.9959408044815063, 0.9868672490119934, 0.9572588205337524, 0.9080706834793091, 0.7633715271949768, 0.44746896624565125], "tn": 554.0, "tn race group 0": 354.0, "tn race group 1": 200.0, "tn sex group 0": 301.0, "tn sex group 1": 253.0, "tn subgroup 0": 213.0, "tn subgroup 1": 141.0, "tn_th": [0.0, 91.0, 213.0, 300.0, 407.0, 554.0, 723.0, 977.0, 1400.0, 2067.0], "tn_th race group 0": [0.0, 34.0, 108.0, 160.0, 244.0, 354.0, 482.0, 681.0, 1059.0, 1691.0], "tn_th race group 1": [0.0, 57.0, 105.0, 140.0, 163.0, 200.0, 241.0, 296.0, 341.0, 376.0], "tn_th sex group 0": [0.0, 57.0, 116.0, 165.0, 218.0, 301.0, 376.0, 505.0, 736.0, 1123.0], "tn_th sex group 1": [0.0, 34.0, 97.0, 135.0, 189.0, 253.0, 347.0, 472.0, 664.0, 944.0], "tn_th subgroup 0": [0.0, 25.0, 65.0, 97.0, 145.0, 213.0, 271.0, 381.0, 593.0, 965.0], "tn_th subgroup 1": [0.0, 9.0, 43.0, 63.0, 99.0, 141.0, 211.0, 300.0, 466.0, 726.0], "tp": 10129.0, "tp race group 0": 9702.0, "tp race group 1": 427.0, "tp sex group 0": 5724.0, "tp sex group 1": 4405.0, "tp subgroup 0": 5569.0, "tp subgroup 1": 4133.0, "tp_th": [10317.0, 10309.0, 10300.0, 10282.0, 10247.0, 10129.0, 9850.0, 9291.0, 7796.0, 4776.0], "tp_th race group 0": [9848.0, 9846.0, 9840.0, 9829.0, 9798.0, 9702.0, 9456.0, 8983.0, 7610.0, 4716.0], "tp_th race group 1": [469.0, 463.0, 460.0, 453.0, 449.0, 427.0, 394.0, 308.0, 186.0, 60.0], "tp_th sex group 0": [5829.0, 5827.0, 5822.0, 5812.0, 5788.0, 5724.0, 5587.0, 5294.0, 4478.0, 2858.0], "tp_th sex group 1": [4488.0, 4482.0, 4478.0, 4470.0, 4459.0, 4405.0, 4263.0, 3997.0, 3318.0, 1918.0], "tp_th subgroup 0": [5660.0, 5660.0, 5658.0, 5651.0, 5627.0, 5569.0, 5447.0, 5180.0, 4413.0, 2842.0],