{"accuracy": 0.8310937285423279, "accuracy race group 0": 0.8402044773101807, "accuracy race group 1": 0.7055427432060242, "accuracy sex group 0": 0.8319455981254578, "accuracy sex group 1": 0.8299964070320129, "accuracy subgroup 0": 0.8390620350837708, "accuracy subgroup 1": 0.8417521715164185, "auc": 0.7278968691825867, "auc race group 0": 0.7078744173049927, "auc race group 1": 0.7558823227882385, "auc sex group 0": 0.7233598828315735, "auc sex group 1": 0.7339741587638855, "auc subgroup 0": 0.7083355784416199, "auc subgroup 1": 0.7079021334648132, "aucpr": 0.9156904816627502, "fn": 179.0, "fn race group 0": 145.0, "fn race group 1": 34.0, "fn sex group 0": 100.0, "fn sex group 1": 79.0, "fn subgroup 0": 89.0, "fn subgroup 1": 56.0, "fn_th": [0.0, 8.0, 15.0, 32.0, 56.0, 179.0, 444.0, 972.0, 2201.0, 5351.0], "fn_th race group 0": [0.0, 2.0, 6.0, 16.0, 38.0, 145.0, 381.0, 819.0, 1927.0, 4946.0], "fn_th race group 1": [0.0, 6.0, 9.0, 16.0, 18.0, 34.0, 63.0, 153.0, 274.0, 405.0], "fn_th sex group 0": [0.0, 2.0, 3.0, 14.0, 30.0, 100.0, 234.0, 494.0, 1156.0, 2875.0], "fn_th sex group 1": [0.0, 6.0, 12.0, 18.0, 26.0, 79.0, 210.0, 478.0, 1045.0, 2476.0], "fn_th subgroup 0": [0.0, 0.0, 0.0, 6.0, 22.0, 89.0, 210.0, 445.0, 1052.0, 2724.0], "fn_th subgroup 1": [0.0, 2.0, 6.0, 10.0, 16.0, 56.0, 171.0, 374.0, 875.0, 2222.0], "fnr": 0.017350004985928535, "fnr race group 0": 0.014723801985383034, "fnr race group 1": 0.07249467074871063, "fnr sex group 0": 0.0171556007117033, "fnr sex group 1": 0.017602495849132538, "fnr subgroup 0": 0.015724381431937218, "fnr subgroup 1": 0.013371537439525127, "fp": 1983.0, "fp race group 0": 1762.0, "fp race group 1": 221.0, "fp sex group 0": 1111.0, "fp sex group 1": 872.0, "fp subgroup 0": 1016.0, "fp subgroup 1": 746.0, "fp_th": [2483.0, 2386.0, 2286.0, 2193.0, 2117.0, 1983.0, 1783.0, 1546.0, 1121.0, 420.0], "fp_th race group 0": [2086.0, 2050.0, 1993.0, 1937.0, 1873.0, 1762.0, 1605.0, 1430.0, 1062.0, 401.0], "fp_th race group 1": [397.0, 336.0, 293.0, 256.0, 244.0, 221.0, 178.0, 116.0, 59.0, 19.0], "fp_th sex group 0": [1377.0, 1322.0, 1269.0, 1217.0, 1181.0, 1111.0, 1001.0, 900.0, 669.0, 256.0], "fp_th sex group 1": [1106.0, 1064.0, 1017.0, 976.0, 936.0, 872.0, 782.0, 646.0, 452.0, 164.0], "fp_th subgroup 0": [1206.0, 1182.0, 1147.0, 1114.0, 1080.0, 1016.0, 931.0, 846.0, 637.0, 245.0], "fp_th subgroup 1": [880.0, 868.0, 846.0, 823.0, 793.0, 746.0, 674.0, 584.0, 425.0, 156.0], "fpr": 0.7986307144165039, "fpr race group 0": 0.8446788191795349, "fpr race group 1": 0.5566750764846802, "fpr sex group 0": 0.8068264126777649, "fpr sex group 1": 0.7884267568588257, "fpr subgroup 0": 0.8424543738365173, "fpr subgroup 1": 0.8477272987365723, "loss": 1.9985116720199585, "precision": 0.8363996148109436, "precision race group 0": 0.8463148474693298, "precision race group 1": 0.6631097793579102, "precision sex group 0": 0.8375731110572815, "precision sex group 1": 0.8348797559738159, "precision subgroup 0": 0.8457567691802979, "precision subgroup 1": 0.8470684885978699, "precision_th": [0.8060156106948853, 0.8120520114898682, 0.8183984756469727, 0.8242506980895996, 0.828970730304718, 0.8363996148109436, 0.8470315933227539, 0.8580479025840759, 0.8786402344703674, 0.9220200777053833], "precision_th race group 0": [0.8252052664756775, 0.8276731967926025, 0.8316012024879456, 0.8354150652885437, 0.8396815657615662, 0.8463148474693298, 0.8550397157669067, 0.8632756471633911, 0.8817766904830933, 0.9243824481964111], "precision_th race group 1": [0.5415704250335693, 0.5794743299484253, 0.6108897924423218, 0.6389280557632446, 0.6489208340644836, 0.6631097793579102, 0.6952054500579834, 0.7314814925193787, 0.7677165269851685, 0.7710843086242676], "precision_th sex group 0": [0.8089092373847961, 0.8150790333747864, 0.8211416602134705, 0.8269340395927429, 0.830802321434021, 0.8375731110572815, 0.8482413291931152, 0.8556535840034485, 0.8747659921646118, 0.9202492237091064], "precision_th sex group 1": [0.8022881746292114, 0.8081499934196472, 0.8148552775382996, 0.8207858800888062, 0.8266024589538574, 0.8348797559738159, 0.8454545736312866, 0.8612542748451233, 0.8839538097381592, 0.9246323704719543], "precision_th subgroup 0": [0.8243519067764282, 0.8272435069084167, 0.8314970135688782, 0.8354018926620483, 0.8392378687858582, 0.8457567691802979, 0.8540980815887451, 0.8604190945625305, 0.8785510063171387, 0.9229801893234253], "precision_th subgroup 1": [0.8263614773750305, 0.8282548189163208, 0.8317422270774841, 0.8354328870773315, 0.8402819633483887, 0.8470684885978699, 0.8563206195831299, 0.8672123551368713, 0.8863028287887573, 0.9264844655990601], "recall": 0.9826499819755554, "recall race group 0": 0.9852762222290039, "recall race group 1": 0.9275053143501282, "recall sex group 0": 0.9828444123268127, "recall sex group 1": 0.9823974967002869, "recall subgroup 0": 0.9842756390571594, "recall subgroup 1": 0.9866284728050232, "recall_th": [1.0, 0.9992246031761169, 0.9985460638999939, 0.9968982934951782, 0.9945720434188843, 0.9826499819755554, 0.9569642543792725, 0.9057865738868713, 0.7866628170013428, 0.48134148120880127], "recall_th race group 0": [1.0, 0.9997969269752502, 0.999390721321106, 0.9983752965927124, 0.9961413741111755, 0.9852762222290039, 0.961311936378479, 0.9168359041213989, 0.8043257594108582, 0.49776604771614075], "recall_th race group 1": [1.0, 0.9872068166732788, 0.9808102250099182, 0.9658848643302917, 0.9616204500198364, 0.9275053143501282, 0.8656716346740723, 0.673774003982544, 0.415778249502182, 0.1364605575799942], "recall_th sex group 0": [1.0, 0.9996569156646729, 0.9994853138923645, 0.9975982308387756, 0.9948533177375793, 0.9828444123268127, 0.9598559141159058, 0.9152513146400452, 0.8016812205314636, 0.5067764520645142], "recall_th sex group 1": [1.0, 0.9986631274223328, 0.9973261952400208, 0.9959893226623535, 0.9942067861557007, 0.9823974967002869, 0.9532085657119751, 0.8934937715530396, 0.7671568393707275, 0.4483065903186798], "recall_th subgroup 0": [1.0, 1.0, 1.0, 0.9989399313926697, 0.9961130619049072, 0.9842756390571594, 0.962897539138794, 0.9213780760765076, 0.8141342997550964, 0.5187278985977173], "recall_th subgroup 1": [1.0, 0.9995224475860596, 0.9985673427581787, 0.9976122379302979, 0.9961795806884766, 0.9866284728050232, 0.9591690301895142, 0.9106972217559814, 0.791069746017456, 0.46943649649620056], "tn": 500.0, "tn race group 0": 324.0, "tn race group 1": 176.0, "tn sex group 0": 266.0, "tn sex group 1": 234.0, "tn subgroup 0": 190.0, "tn subgroup 1": 134.0, "tn_th": [0.0, 97.0, 197.0, 290.0, 366.0, 500.0, 700.0, 937.0, 1362.0, 2063.0], "tn_th race group 0": [0.0, 36.0, 93.0, 149.0, 213.0, 324.0, 481.0, 656.0, 1024.0, 1685.0], "tn_th race group 1": [0.0, 61.0, 104.0, 141.0, 153.0, 176.0, 219.0, 281.0, 338.0, 378.0], "tn_th sex group 0": [0.0, 55.0, 108.0, 160.0, 196.0, 266.0, 376.0, 477.0, 708.0, 1121.0], "tn_th sex group 1": [0.0, 42.0, 89.0, 130.0, 170.0, 234.0, 324.0, 460.0, 654.0, 942.0], "tn_th subgroup 0": [0.0, 24.0, 59.0, 92.0, 126.0, 190.0, 275.0, 360.0, 569.0, 961.0], "tn_th subgroup 1": [0.0, 12.0, 34.0, 57.0, 87.0, 134.0, 206.0, 296.0, 455.0, 724.0], "tp": 10138.0, "tp race group 0": 9703.0, "tp race group 1": 435.0, "tp sex group 0": 5729.0, "tp sex group 1": 4409.0, "tp subgroup 0": 5571.0, "tp subgroup 1": 4132.0, "tp_th": [10317.0, 10309.0, 10302.0, 10285.0, 10261.0, 10138.0, 9873.0, 9345.0, 8116.0, 4966.0], "tp_th race group 0": [9848.0, 9846.0, 9842.0, 9832.0, 9810.0, 9703.0, 9467.0, 9029.0, 7921.0, 4902.0], "tp_th race group 1": [469.0, 463.0, 460.0, 453.0, 451.0, 435.0, 406.0, 316.0, 195.0, 64.0], "tp_th sex group 0": [5829.0, 5827.0, 5826.0, 5815.0, 5799.0, 5729.0, 5595.0, 5335.0, 4673.0, 2954.0], "tp_th sex group 1": [4488.0, 4482.0, 4476.0, 4470.0, 4462.0, 4409.0, 4278.0, 4010.0, 3443.0, 2012.0], "tp_th subgroup 0": [5660.0, 5660.0, 5660.0, 5654.0, 5638.0, 5571.0, 5450.0, 5215.0, 4608.0, 2936.0],