{"accuracy": 0.8337500095367432, "accuracy race group 0": 0.8422155380249023, "accuracy race group 1": 0.7170900702476501, "accuracy sex group 0": 0.8348598480224609, "accuracy sex group 1": 0.8323203325271606, "accuracy subgroup 0": 0.8409554362297058, "accuracy subgroup 1": 0.8439226746559143, "auc": 0.7331644296646118, "auc race group 0": 0.712500810623169, "auc race group 1": 0.7711379528045654, "auc sex group 0": 0.7279192805290222, "auc sex group 1": 0.7403417229652405, "auc subgroup 0": 0.7123257517814636, "auc subgroup 1": 0.7134986519813538, "aucpr": 0.9145022034645081, "fn": 200.0, "fn race group 0": 157.0, "fn race group 1": 43.0, "fn sex group 0": 113.0, "fn sex group 1": 87.0, "fn subgroup 0": 99.0, "fn subgroup 1": 58.0, "fn_th": [0.0, 8.0, 18.0, 36.0, 74.0, 200.0, 476.0, 951.0, 2397.0, 5989.0], "fn_th race group 0": [0.0, 2.0, 7.0, 19.0, 54.0, 157.0, 400.0, 825.0, 2119.0, 5571.0], "fn_th race group 1": [0.0, 6.0, 11.0, 17.0, 20.0, 43.0, 76.0, 126.0, 278.0, 418.0], "fn_th sex group 0": [0.0, 2.0, 6.0, 17.0, 43.0, 113.0, 249.0, 483.0, 1270.0, 3249.0], "fn_th sex group 1": [0.0, 6.0, 12.0, 19.0, 31.0, 87.0, 227.0, 468.0, 1127.0, 2740.0], "fn_th subgroup 0": [0.0, 0.0, 1.0, 9.0, 35.0, 99.0, 218.0, 435.0, 1170.0, 3094.0], "fn_th subgroup 1": [0.0, 2.0, 6.0, 10.0, 19.0, 58.0, 182.0, 390.0, 949.0, 2477.0], "fnr": 0.019385479390621185, "fnr race group 0": 0.015942323952913284, "fnr race group 1": 0.09168443828821182, "fnr sex group 0": 0.01938582956790924, "fnr sex group 1": 0.019385026767849922, "fnr subgroup 0": 0.017491165548563004, "fnr subgroup 1": 0.013849092647433281, "fp": 1928.0, "fp race group 0": 1726.0, "fp race group 1": 202.0, "fp sex group 0": 1077.0, "fp sex group 1": 851.0, "fp subgroup 0": 993.0, "fp subgroup 1": 733.0, "fp_th": [2483.0, 2370.0, 2254.0, 2167.0, 2058.0, 1928.0, 1764.0, 1532.0, 1098.0, 342.0], "fp_th race group 0": [2086.0, 2036.0, 1967.0, 1909.0, 1830.0, 1726.0, 1599.0, 1408.0, 1039.0, 332.0], "fp_th race group 1": [397.0, 334.0, 287.0, 258.0, 228.0, 202.0, 165.0, 124.0, 59.0, 10.0], "fp_th sex group 0": [1377.0, 1309.0, 1254.0, 1204.0, 1147.0, 1077.0, 997.0, 881.0, 651.0, 213.0], "fp_th sex group 1": [1106.0, 1061.0, 1000.0, 963.0, 911.0, 851.0, 767.0, 651.0, 447.0, 129.0], "fp_th subgroup 0": [1206.0, 1174.0, 1135.0, 1101.0, 1049.0, 993.0, 932.0, 826.0, 623.0, 206.0], "fp_th subgroup 1": [880.0, 862.0, 832.0, 808.0, 781.0, 733.0, 667.0, 582.0, 416.0, 126.0], "fpr": 0.7764800786972046, "fpr race group 0": 0.8274208903312683, "fpr race group 1": 0.508816123008728, "fpr sex group 0": 0.7821350693702698, "fpr sex group 1": 0.7694393992424011, "fpr subgroup 0": 0.823383092880249, "fpr subgroup 1": 0.8329545259475708, "loss": 1.963340401649475, "precision": 0.8399335741996765, "precision race group 0": 0.8488219380378723, "precision race group 1": 0.6783439517021179, "precision sex group 0": 0.8414544463157654, "precision sex group 1": 0.8379665017127991, "precision subgroup 0": 0.8484894633293152, "precision subgroup 1": 0.8492699861526489, "precision_th": [0.8060156106948853, 0.8130767345428467, 0.8204413056373596, 0.8259158134460449, 0.8326965570449829, 0.8399335741996765, 0.8479965329170227, 0.8594237565994263, 0.8782435059547424, 0.926766574382782], "precision_th race group 0": [0.8252052664756775, 0.8286483883857727, 0.8334180116653442, 0.8373658061027527, 0.8425670862197876, 0.8488219380378723, 0.8552548289299011, 0.8650177121162415, 0.8815008997917175, 0.9279670119285583], "precision_th race group 1": [0.5415704250335693, 0.5809285044670105, 0.6147651076316833, 0.6366197466850281, 0.6632201075553894, 0.6783439517021179, 0.7043010592460632, 0.7344753742218018, 0.7639999985694885, 0.8360655903816223], "precision_th sex group 0": [0.8089092373847961, 0.8165639042854309, 0.8228062987327576, 0.8283922672271729, 0.8345593810081482, 0.8414544463157654, 0.8484111428260803, 0.8585193753242493, 0.8750479817390442, 0.9237379431724548], "precision_th sex group 1": [0.8022881746292114, 0.8085874319076538, 0.8173849582672119, 0.8227172493934631, 0.8302906155586243, 0.8379665017127991, 0.8474542498588562, 0.8606294393539429, 0.8826155662536621, 0.9312732815742493], "precision_th subgroup 0": [0.8243519067764282, 0.8282119035720825, 0.8329408168792725, 0.8369371891021729, 0.8428229093551636, 0.8484894633293152, 0.85378098487854, 0.8634936213493347, 0.8781537413597107, 0.9256854057312012], "precision_th subgroup 1": [0.8263614773750305, 0.8292393088340759, 0.8340646028518677, 0.8379462361335754, 0.8422222137451172, 0.8492699861526489, 0.8572651147842407, 0.8671233057975769, 0.8861833214759827, 0.9314098954200745], "recall": 0.9806145429611206, "recall race group 0": 0.9840576648712158, "recall race group 1": 0.9083155393600464, "recall sex group 0": 0.980614185333252, "recall sex group 1": 0.980614960193634, "recall subgroup 0": 0.9825088381767273, "recall subgroup 1": 0.9861509203910828, "recall_th": [1.0, 0.9992246031761169, 0.9982553124427795, 0.9965106248855591, 0.9928273558616638, 0.9806145429611206, 0.9538625478744507, 0.9078220129013062, 0.7676650285720825, 0.41950178146362305], "recall_th race group 0": [1.0, 0.9997969269752502, 0.9992892146110535, 0.9980706572532654, 0.9945166707038879, 0.9840576648712158, 0.9593825936317444, 0.9162266254425049, 0.7848293781280518, 0.43430137634277344], "recall_th race group 1": [1.0, 0.9872068166732788, 0.9765458703041077, 0.9637526869773865, 0.9573560953140259, 0.9083155393600464, 0.8379530906677246, 0.7313432693481445, 0.40724948048591614, 0.10874200612306595], "recall_th sex group 0": [1.0, 0.9996569156646729, 0.9989706873893738, 0.9970835447311401, 0.9926230907440186, 0.980614185333252, 0.957282543182373, 0.9171384572982788, 0.782123863697052, 0.44261452555656433], "recall_th sex group 1": [1.0, 0.9986631274223328, 0.9973261952400208, 0.9957664608955383, 0.9930927157402039, 0.980614960193634, 0.949420690536499, 0.8957219123840332, 0.7488859295845032, 0.3894830644130707], "recall_th subgroup 0": [1.0, 1.0, 0.9998233318328857, 0.9984098672866821, 0.9938162565231323, 0.9825088381767273, 0.9614840745925903, 0.9231448769569397, 0.7932862043380737, 0.45335689187049866], "recall_th subgroup 1": [1.0, 0.9995224475860596, 0.9985673427581787, 0.9976122379302979, 0.9954632520675659, 0.9861509203910828, 0.9565424919128418, 0.906876802444458, 0.7734001874923706, 0.4085482358932495], "tn": 555.0, "tn race group 0": 360.0, "tn race group 1": 195.0, "tn sex group 0": 300.0, "tn sex group 1": 255.0, "tn subgroup 0": 213.0, "tn subgroup 1": 147.0, "tn_th": [0.0, 113.0, 229.0, 316.0, 425.0, 555.0, 719.0, 951.0, 1385.0, 2141.0], "tn_th race group 0": [0.0, 50.0, 119.0, 177.0, 256.0, 360.0, 487.0, 678.0, 1047.0, 1754.0], "tn_th race group 1": [0.0, 63.0, 110.0, 139.0, 169.0, 195.0, 232.0, 273.0, 338.0, 387.0], "tn_th sex group 0": [0.0, 68.0, 123.0, 173.0, 230.0, 300.0, 380.0, 496.0, 726.0, 1164.0], "tn_th sex group 1": [0.0, 45.0, 106.0, 143.0, 195.0, 255.0, 339.0, 455.0, 659.0, 977.0], "tn_th subgroup 0": [0.0, 32.0, 71.0, 105.0, 157.0, 213.0, 274.0, 380.0, 583.0, 1000.0], "tn_th subgroup 1": [0.0, 18.0, 48.0, 72.0, 99.0, 147.0, 213.0, 298.0, 464.0, 754.0], "tp": 10117.0, "tp race group 0": 9691.0, "tp race group 1": 426.0, "tp sex group 0": 5716.0, "tp sex group 1": 4401.0, "tp subgroup 0": 5561.0, "tp subgroup 1": 4130.0, "tp_th": [10317.0, 10309.0, 10299.0, 10281.0, 10243.0, 10117.0, 9841.0, 9366.0, 7920.0, 4328.0], "tp_th race group 0": [9848.0, 9846.0, 9841.0, 9829.0, 9794.0, 9691.0, 9448.0, 9023.0, 7729.0, 4277.0], "tp_th race group 1": [469.0, 463.0, 458.0, 452.0, 449.0, 426.0, 393.0, 343.0, 191.0, 51.0], "tp_th sex group 0": [5829.0, 5827.0, 5823.0, 5812.0, 5786.0, 5716.0, 5580.0, 5346.0, 4559.0, 2580.0], "tp_th sex group 1": [4488.0, 4482.0, 4476.0, 4469.0, 4457.0, 4401.0, 4261.0, 4020.0, 3361.0, 1748.0], "tp_th subgroup 0": [5660.0, 5660.0, 5659.0, 5651.0, 5625.0, 5561.0, 5442.0, 5225.0, 4490.0, 2566.0],