{"accuracy": 0.8346874713897705, "accuracy race group 0": 0.8427183032035828, "accuracy race group 1": 0.7240184545516968, "accuracy sex group 0": 0.8345822691917419, "accuracy sex group 1": 0.8348230123519897, "accuracy subgroup 0": 0.8409554362297058, "accuracy subgroup 1": 0.8451065421104431, "auc": 0.7259300947189331, "auc race group 0": 0.7047569155693054, "auc race group 1": 0.7641828656196594, "auc sex group 0": 0.720354437828064, "auc sex group 1": 0.7331475615501404, "auc subgroup 0": 0.7039186358451843, "auc subgroup 1": 0.7066184282302856, "aucpr": 0.9128870964050293, "fn": 183.0, "fn race group 0": 151.0, "fn race group 1": 32.0, "fn sex group 0": 114.0, "fn sex group 1": 69.0, "fn subgroup 0": 101.0, "fn subgroup 1": 50.0, "fn_th": [0.0, 8.0, 22.0, 38.0, 86.0, 183.0, 450.0, 968.0, 2574.0, 5888.0], "fn_th race group 0": [0.0, 2.0, 10.0, 21.0, 67.0, 151.0, 388.0, 825.0, 2295.0, 5473.0], "fn_th race group 1": [0.0, 6.0, 12.0, 17.0, 19.0, 32.0, 62.0, 143.0, 279.0, 415.0], "fn_th sex group 0": [0.0, 2.0, 10.0, 19.0, 53.0, 114.0, 235.0, 491.0, 1355.0, 3187.0], "fn_th sex group 1": [0.0, 6.0, 12.0, 19.0, 33.0, 69.0, 215.0, 477.0, 1219.0, 2701.0], "fn_th subgroup 0": [0.0, 0.0, 2.0, 11.0, 45.0, 101.0, 213.0, 443.0, 1252.0, 3034.0], "fn_th subgroup 1": [0.0, 2.0, 8.0, 10.0, 22.0, 50.0, 175.0, 382.0, 1043.0, 2439.0], "fnr": 0.01773771457374096, "fnr race group 0": 0.015333062969148159, "fnr race group 1": 0.0682302787899971, "fnr sex group 0": 0.01955738477408886, "fnr sex group 1": 0.01537433173507452, "fnr subgroup 0": 0.01784452237188816, "fnr subgroup 1": 0.011938872747123241, "fp": 1933.0, "fp race group 0": 1726.0, "fp race group 1": 207.0, "fp sex group 0": 1078.0, "fp sex group 1": 855.0, "fp subgroup 0": 991.0, "fp subgroup 1": 735.0, "fp_th": [2483.0, 2380.0, 2256.0, 2164.0, 2070.0, 1933.0, 1786.0, 1528.0, 1046.0, 364.0], "fp_th race group 0": [2086.0, 2037.0, 1965.0, 1904.0, 1830.0, 1726.0, 1611.0, 1401.0, 987.0, 356.0], "fp_th race group 1": [397.0, 343.0, 291.0, 260.0, 240.0, 207.0, 175.0, 127.0, 59.0, 8.0], "fp_th sex group 0": [1377.0, 1318.0, 1250.0, 1202.0, 1156.0, 1078.0, 1004.0, 882.0, 631.0, 227.0], "fp_th sex group 1": [1106.0, 1062.0, 1006.0, 962.0, 914.0, 855.0, 782.0, 646.0, 415.0, 137.0], "fp_th subgroup 0": [1206.0, 1178.0, 1131.0, 1097.0, 1055.0, 991.0, 933.0, 825.0, 602.0, 221.0], "fp_th subgroup 1": [880.0, 859.0, 834.0, 807.0, 775.0, 735.0, 678.0, 576.0, 385.0, 135.0], "fpr": 0.7784937620162964, "fpr race group 0": 0.8274208903312683, "fpr race group 1": 0.5214105844497681, "fpr sex group 0": 0.7828612923622131, "fpr sex group 1": 0.7730560302734375, "fpr subgroup 0": 0.8217247128486633, "fpr subgroup 1": 0.8352272510528564, "loss": 1.9792258739471436, "precision": 0.8398110270500183, "precision race group 0": 0.8489013314247131, "precision race group 1": 0.6785714030265808, "precision sex group 0": 0.8413072228431702, "precision sex group 1": 0.8378839492797852, "precision subgroup 0": 0.8487023115158081, "precision subgroup 1": 0.8491688966751099, "precision_th": [0.8060156106948853, 0.8124359846115112, 0.8202533721923828, 0.8260869383811951, 0.8317210078239441, 0.8398110270500183, 0.8467347621917725, 0.8595200777053833, 0.8809875845909119, 0.9240559339523315], "precision_th race group 0": [0.8252052664756775, 0.8285786509513855, 0.8335168957710266, 0.8376950025558472, 0.8423908352851868, 0.8489013314247131, 0.8544846773147583, 0.8655986189842224, 0.8844262361526489, 0.9247516393661499], "precision_th race group 1": [0.5415704250335693, 0.57444167137146, 0.6109625697135925, 0.6348314881324768, 0.6521739363670349, 0.6785714030265808, 0.699312686920166, 0.7196468114852905, 0.763052225112915, 0.8709677457809448], "precision_th sex group 0": [0.8089092373847961, 0.8155353665351868, 0.8231716156005859, 0.8285796046257019, 0.8332371711730957, 0.8413072228431702, 0.8478326797485352, 0.8581993579864502, 0.8763957023620605, 0.9208783507347107], "precision_th sex group 1": [0.8022881746292114, 0.8084415793418884, 0.8164903521537781, 0.8228687047958374, 0.8297634720802307, 0.8378839492797852, 0.8453016877174377, 0.861284077167511, 0.8873506784439087, 0.9287942051887512], "precision_th subgroup 0": [0.8243519067764282, 0.8277273774147034, 0.8334069848060608, 0.8373851180076599, 0.8418290615081787, 0.8487023115158081, 0.8537617325782776, 0.8634558320045471, 0.8798403143882751, 0.922374427318573], "precision_th subgroup 1": [0.8263614773750305, 0.8297324180603027, 0.8336657285690308, 0.838114321231842, 0.8431491851806641, 0.8491688966751099, 0.8554679155349731, 0.8685531616210938, 0.8909348249435425, 0.9283439517021179], "recall": 0.9822623133659363, "recall race group 0": 0.9846669435501099, "recall race group 1": 0.9317697286605835, "recall sex group 0": 0.9804426431655884, "recall sex group 1": 0.9846256971359253, "recall subgroup 0": 0.9821555018424988, "recall subgroup 1": 0.9880611300468445, "recall_th": [1.0, 0.9992246031761169, 0.9978675842285156, 0.9963167309761047, 0.9916642308235168, 0.9822623133659363, 0.956382691860199, 0.9061743021011353, 0.7505088448524475, 0.4292914569377899], "recall_th race group 0": [1.0, 0.9997969269752502, 0.9989845752716064, 0.9978675842285156, 0.9931966066360474, 0.9846669435501099, 0.9606011509895325, 0.9162266254425049, 0.7669577598571777, 0.4442526400089264], "recall_th race group 1": [1.0, 0.9872068166732788, 0.9744136333465576, 0.9637526869773865, 0.9594882726669312, 0.9317697286605835, 0.8678038120269775, 0.695095956325531, 0.4051172733306885, 0.11513859033584595], "recall_th sex group 0": [1.0, 0.9996569156646729, 0.9982844591140747, 0.996740460395813, 0.9909075498580933, 0.9804426431655884, 0.9596843123435974, 0.9157660007476807, 0.7675415873527527, 0.4532509744167328], "recall_th sex group 1": [1.0, 0.9986631274223328, 0.9973261952400208, 0.9957664608955383, 0.9926470518112183, 0.9846256971359253, 0.9520944952964783, 0.89371657371521, 0.7283868193626404, 0.39817291498184204], "recall_th subgroup 0": [1.0, 1.0, 0.9996466636657715, 0.9980565309524536, 0.9920494556427002, 0.9821555018424988, 0.9623674750328064, 0.9217314720153809, 0.7787985801696777, 0.46395760774612427], "recall_th subgroup 1": [1.0, 0.9995224475860596, 0.9980897903442383, 0.9976122379302979, 0.9947469234466553, 0.9880611300468445, 0.9582139253616333, 0.9087870121002197, 0.7509551048278809, 0.41762179136276245], "tn": 550.0, "tn race group 0": 360.0, "tn race group 1": 190.0, "tn sex group 0": 299.0, "tn sex group 1": 251.0, "tn subgroup 0": 215.0, "tn subgroup 1": 145.0, "tn_th": [0.0, 103.0, 227.0, 319.0, 413.0, 550.0, 697.0, 955.0, 1437.0, 2119.0], "tn_th race group 0": [0.0, 49.0, 121.0, 182.0, 256.0, 360.0, 475.0, 685.0, 1099.0, 1730.0], "tn_th race group 1": [0.0, 54.0, 106.0, 137.0, 157.0, 190.0, 222.0, 270.0, 338.0, 389.0], "tn_th sex group 0": [0.0, 59.0, 127.0, 175.0, 221.0, 299.0, 373.0, 495.0, 746.0, 1150.0], "tn_th sex group 1": [0.0, 44.0, 100.0, 144.0, 192.0, 251.0, 324.0, 460.0, 691.0, 969.0], "tn_th subgroup 0": [0.0, 28.0, 75.0, 109.0, 151.0, 215.0, 273.0, 381.0, 604.0, 985.0], "tn_th subgroup 1": [0.0, 21.0, 46.0, 73.0, 105.0, 145.0, 202.0, 304.0, 495.0, 745.0], "tp": 10134.0, "tp race group 0": 9697.0, "tp race group 1": 437.0, "tp sex group 0": 5715.0, "tp sex group 1": 4419.0, "tp subgroup 0": 5559.0, "tp subgroup 1": 4138.0, "tp_th": [10317.0, 10309.0, 10295.0, 10279.0, 10231.0, 10134.0, 9867.0, 9349.0, 7743.0, 4429.0], "tp_th race group 0": [9848.0, 9846.0, 9838.0, 9827.0, 9781.0, 9697.0, 9460.0, 9023.0, 7553.0, 4375.0], "tp_th race group 1": [469.0, 463.0, 457.0, 452.0, 450.0, 437.0, 407.0, 326.0, 190.0, 54.0], "tp_th sex group 0": [5829.0, 5827.0, 5819.0, 5810.0, 5776.0, 5715.0, 5594.0, 5338.0, 4474.0, 2642.0], "tp_th sex group 1": [4488.0, 4482.0, 4476.0, 4469.0, 4455.0, 4419.0, 4273.0, 4011.0, 3269.0, 1787.0], "tp_th subgroup 0": [5660.0, 5660.0, 5658.0, 5649.0, 5615.0, 5559.0, 5447.0, 5217.0, 4408.0, 2626.0],