{"accuracy": 0.8333593606948853, "accuracy race group 0": 0.8409585952758789, "accuracy race group 1": 0.7286373972892761, "accuracy sex group 0": 0.8344435095787048, "accuracy sex group 1": 0.8319628238677979, "accuracy subgroup 0": 0.8397902846336365, "accuracy subgroup 1": 0.8425414562225342, "auc": 0.7319794297218323, "auc race group 0": 0.7106466293334961, "auc race group 1": 0.775934100151062, "auc sex group 0": 0.7257875204086304, "auc sex group 1": 0.74014812707901, "auc subgroup 0": 0.7088203430175781, "auc subgroup 1": 0.7138131260871887, "aucpr": 0.9153869152069092, "fn": 148.0, "fn race group 0": 122.0, "fn race group 1": 26.0, "fn sex group 0": 85.0, "fn sex group 1": 63.0, "fn subgroup 0": 77.0, "fn subgroup 1": 45.0, "fn_th": [0.0, 6.0, 17.0, 36.0, 66.0, 148.0, 455.0, 1041.0, 2602.0, 5942.0], "fn_th race group 0": [0.0, 2.0, 8.0, 20.0, 49.0, 122.0, 382.0, 890.0, 2311.0, 5523.0], "fn_th race group 1": [0.0, 4.0, 9.0, 16.0, 17.0, 26.0, 73.0, 151.0, 291.0, 419.0], "fn_th sex group 0": [0.0, 0.0, 7.0, 18.0, 42.0, 85.0, 250.0, 534.0, 1371.0, 3221.0], "fn_th sex group 1": [0.0, 6.0, 10.0, 18.0, 24.0, 63.0, 205.0, 507.0, 1231.0, 2721.0], "fn_th subgroup 0": [0.0, 0.0, 2.0, 10.0, 34.0, 77.0, 221.0, 480.0, 1261.0, 3066.0], "fn_th subgroup 1": [0.0, 2.0, 6.0, 10.0, 15.0, 45.0, 161.0, 410.0, 1050.0, 2457.0], "fnr": 0.014345255680382252, "fnr race group 0": 0.012388302013278008, "fnr race group 1": 0.05543709918856621, "fnr sex group 0": 0.014582261443138123, "fnr sex group 1": 0.014037433080375195, "fnr subgroup 0": 0.013604240491986275, "fnr subgroup 1": 0.01074498612433672, "fp": 1985.0, "fp race group 0": 1776.0, "fp race group 1": 209.0, "fp sex group 0": 1108.0, "fp sex group 1": 877.0, "fp subgroup 0": 1023.0, "fp subgroup 1": 753.0, "fp_th": [2483.0, 2385.0, 2271.0, 2184.0, 2107.0, 1985.0, 1763.0, 1499.0, 1054.0, 326.0], "fp_th race group 0": [2086.0, 2045.0, 1974.0, 1917.0, 1859.0, 1776.0, 1602.0, 1394.0, 1002.0, 317.0], "fp_th race group 1": [397.0, 340.0, 297.0, 267.0, 248.0, 209.0, 161.0, 105.0, 52.0, 9.0], "fp_th sex group 0": [1377.0, 1321.0, 1260.0, 1211.0, 1172.0, 1108.0, 1005.0, 874.0, 624.0, 196.0], "fp_th sex group 1": [1106.0, 1064.0, 1011.0, 973.0, 935.0, 877.0, 758.0, 625.0, 430.0, 130.0], "fp_th subgroup 0": [1206.0, 1181.0, 1141.0, 1106.0, 1071.0, 1023.0, 939.0, 824.0, 598.0, 191.0], "fp_th subgroup 1": [880.0, 864.0, 833.0, 811.0, 788.0, 753.0, 663.0, 570.0, 404.0, 126.0], "fpr": 0.7994361519813538, "fpr race group 0": 0.8513902425765991, "fpr race group 1": 0.5264483690261841, "fpr sex group 0": 0.8046478033065796, "fpr sex group 1": 0.79294753074646, "fpr subgroup 0": 0.8482587337493896, "fpr subgroup 1": 0.855681836605072, "loss": 1.9586023092269897, "precision": 0.8366792798042297, "precision race group 0": 0.8455920815467834, "precision race group 1": 0.6794478297233582, "precision sex group 0": 0.8382954001426697, "precision sex group 1": 0.8345907330513, "precision subgroup 0": 0.8451407551765442, "precision subgroup 1": 0.8462010025978088, "precision_th": [0.8060156106948853, 0.8121455311775208, 0.8193461298942566, 0.8247894048690796, 0.8295031785964966, 0.8366792798042297, 0.848344087600708, 0.8608816862106323, 0.8798038363456726, 0.9306530356407166], "precision_th race group 0": [0.8252052664756775, 0.8280211687088013, 0.8329101204872131, 0.8367816209793091, 0.8405386805534363, 0.8455920815467834, 0.8552584052085876, 0.8653400540351868, 0.8826560378074646, 0.9317104816436768], "precision_th race group 1": [0.5415704250335693, 0.5776397585868835, 0.6076618432998657, 0.6291666626930237, 0.645714282989502, 0.6794478297233582, 0.7109515070915222, 0.7517730593681335, 0.7739130258560181, 0.8474576473236084], "precision_th sex group 0": [0.8089092373847961, 0.815244734287262, 0.8220841288566589, 0.8275420069694519, 0.8315849900245667, 0.8382954001426697, 0.8473572134971619, 0.858323872089386, 0.877213716506958, 0.9300998449325562], "precision_th sex group 1": [0.8022881746292114, 0.8081499934196472, 0.815813422203064, 0.8212382793426514, 0.8268197774887085, 0.8345907330513, 0.8496330380439758, 0.8643074035644531, 0.883374035358429, 0.9314707517623901], "precision_th subgroup 0": [0.8243519067764282, 0.827364444732666, 0.8321812152862549, 0.836293637752533, 0.8400776386260986, 0.8451407551765442, 0.8527751564979553, 0.8627581596374512, 0.8803281784057617, 0.9314182996749878], "precision_th subgroup 1": [0.8263614773750305, 0.8289108872413635, 0.8338983058929443, 0.8374423980712891, 0.8411610722541809, 0.8462010025978088, 0.8586353659629822, 0.868905246257782, 0.8859401345252991, 0.9321486353874207], "recall": 0.9856547713279724, "recall race group 0": 0.987611711025238, "recall race group 1": 0.9445629119873047, "recall sex group 0": 0.9854177236557007, "recall sex group 1": 0.9859625697135925, "recall subgroup 0": 0.9863957762718201, "recall subgroup 1": 0.9892550110816956, "recall_th": [1.0, 0.9994184374809265, 0.9983522295951843, 0.9965106248855591, 0.9936028122901917, 0.9856547713279724, 0.9558980464935303, 0.8990985751152039, 0.7477949261665344, 0.42405739426612854], "recall_th race group 0": [1.0, 0.9997969269752502, 0.9991876482963562, 0.9979691505432129, 0.9950243830680847, 0.987611711025238, 0.9612103700637817, 0.909626305103302, 0.7653330564498901, 0.43917545676231384], "recall_th race group 1": [1.0, 0.9914712309837341, 0.9808102250099182, 0.9658848643302917, 0.9637526869773865, 0.9445629119873047, 0.8443496823310852, 0.6780383586883545, 0.3795309066772461, 0.10660980641841888], "recall_th sex group 0": [1.0, 1.0, 0.9987990856170654, 0.9969120025634766, 0.9927946329116821, 0.9854177236557007, 0.9571110010147095, 0.9083890914916992, 0.7647967338562012, 0.44741809368133545], "recall_th sex group 1": [1.0, 0.9986631274223328, 0.9977718591690063, 0.9959893226623535, 0.9946523904800415, 0.9859625697135925, 0.9543226361274719, 0.8870320916175842, 0.7257130146026611, 0.39371657371520996], "recall_th subgroup 0": [1.0, 1.0, 0.9996466636657715, 0.9982331991195679, 0.9939929246902466, 0.9863957762718201, 0.9609540700912476, 0.9151943325996399, 0.7772085070610046, 0.45830389857292175], "recall_th subgroup 1": [1.0, 0.9995224475860596, 0.9985673427581787, 0.9976122379302979, 0.9964183568954468, 0.9892550110816956, 0.9615568518638611, 0.9021012187004089, 0.7492836713790894, 0.4133237898349762], "tn": 498.0, "tn race group 0": 310.0, "tn race group 1": 188.0, "tn sex group 0": 269.0, "tn sex group 1": 229.0, "tn subgroup 0": 183.0, "tn subgroup 1": 127.0, "tn_th": [0.0, 98.0, 212.0, 299.0, 376.0, 498.0, 720.0, 984.0, 1429.0, 2157.0], "tn_th race group 0": [0.0, 41.0, 112.0, 169.0, 227.0, 310.0, 484.0, 692.0, 1084.0, 1769.0], "tn_th race group 1": [0.0, 57.0, 100.0, 130.0, 149.0, 188.0, 236.0, 292.0, 345.0, 388.0], "tn_th sex group 0": [0.0, 56.0, 117.0, 166.0, 205.0, 269.0, 372.0, 503.0, 753.0, 1181.0], "tn_th sex group 1": [0.0, 42.0, 95.0, 133.0, 171.0, 229.0, 348.0, 481.0, 676.0, 976.0], "tn_th subgroup 0": [0.0, 25.0, 65.0, 100.0, 135.0, 183.0, 267.0, 382.0, 608.0, 1015.0], "tn_th subgroup 1": [0.0, 16.0, 47.0, 69.0, 92.0, 127.0, 217.0, 310.0, 476.0, 754.0], "tp": 10169.0, "tp race group 0": 9726.0, "tp race group 1": 443.0, "tp sex group 0": 5744.0, "tp sex group 1": 4425.0, "tp subgroup 0": 5583.0, "tp subgroup 1": 4143.0, "tp_th": [10317.0, 10311.0, 10300.0, 10281.0, 10251.0, 10169.0, 9862.0, 9276.0, 7715.0, 4375.0], "tp_th race group 0": [9848.0, 9846.0, 9840.0, 9828.0, 9799.0, 9726.0, 9466.0, 8958.0, 7537.0, 4325.0], "tp_th race group 1": [469.0, 465.0, 460.0, 453.0, 452.0, 443.0, 396.0, 318.0, 178.0, 50.0], "tp_th sex group 0": [5829.0, 5829.0, 5822.0, 5811.0, 5787.0, 5744.0, 5579.0, 5295.0, 4458.0, 2608.0], "tp_th sex group 1": [4488.0, 4482.0, 4478.0, 4470.0, 4464.0, 4425.0, 4283.0, 3981.0, 3257.0, 1767.0], "tp_th subgroup 0": [5660.0, 5660.0, 5658.0, 5650.0, 5626.0, 5583.0, 5439.0, 5180.0, 4399.0, 2594.0], "tp_th subgroup 1": [4188.0, 4186.0, 4182.0, 4178.0, 4173.0, 4143.0, 4027.0, 3778.0, 3138.0, 1731.0],