{"accuracy": 0.8329687714576721, "accuracy race group 0": 0.8408747911453247, "accuracy race group 1": 0.7240184545516968, "accuracy sex group 0": 0.8331945538520813, "accuracy sex group 1": 0.8326778411865234, "accuracy subgroup 0": 0.8392077088356018, "accuracy subgroup 1": 0.8431333899497986, "auc": 0.7274661064147949, "auc race group 0": 0.7062698602676392, "auc race group 1": 0.7725505232810974, "auc sex group 0": 0.7214455604553223, "auc sex group 1": 0.7358611226081848, "auc subgroup 0": 0.7056488394737244, "auc subgroup 1": 0.708115816116333, "aucpr": 0.9155348539352417, "fn": 160.0, "fn race group 0": 129.0, "fn race group 1": 31.0, "fn sex group 0": 95.0, "fn sex group 1": 65.0, "fn subgroup 0": 83.0, "fn subgroup 1": 46.0, "fn_th": [0.0, 6.0, 17.0, 34.0, 54.0, 160.0, 461.0, 858.0, 1949.0, 5454.0], "fn_th race group 0": [0.0, 2.0, 8.0, 17.0, 37.0, 129.0, 390.0, 730.0, 1697.0, 5057.0], "fn_th race group 1": [0.0, 4.0, 9.0, 17.0, 17.0, 31.0, 71.0, 128.0, 252.0, 397.0], "fn_th sex group 0": [0.0, 0.0, 7.0, 15.0, 29.0, 95.0, 239.0, 442.0, 1012.0, 2938.0], "fn_th sex group 1": [0.0, 6.0, 10.0, 19.0, 25.0, 65.0, 222.0, 416.0, 937.0, 2516.0], "fn_th subgroup 0": [0.0, 0.0, 2.0, 7.0, 21.0, 83.0, 209.0, 396.0, 923.0, 2790.0], "fn_th subgroup 1": [0.0, 2.0, 6.0, 10.0, 16.0, 46.0, 181.0, 334.0, 774.0, 2267.0], "fnr": 0.015508384443819523, "fnr race group 0": 0.013099106028676033, "fnr race group 1": 0.06609807908535004, "fnr sex group 0": 0.016297820955514908, "fnr sex group 1": 0.014483066275715828, "fnr subgroup 0": 0.014664310961961746, "fnr subgroup 1": 0.010983763262629509, "fp": 1978.0, "fp race group 0": 1770.0, "fp race group 1": 208.0, "fp sex group 0": 1107.0, "fp sex group 1": 871.0, "fp subgroup 0": 1021.0, "fp subgroup 1": 749.0, "fp_th": [2483.0, 2385.0, 2305.0, 2199.0, 2102.0, 1978.0, 1805.0, 1574.0, 1186.0, 403.0], "fp_th race group 0": [2086.0, 2046.0, 2001.0, 1938.0, 1868.0, 1770.0, 1635.0, 1455.0, 1127.0, 384.0], "fp_th race group 1": [397.0, 339.0, 304.0, 261.0, 234.0, 208.0, 170.0, 119.0, 59.0, 19.0], "fp_th sex group 0": [1377.0, 1321.0, 1279.0, 1220.0, 1178.0, 1107.0, 1023.0, 911.0, 711.0, 239.0], "fp_th sex group 1": [1106.0, 1064.0, 1026.0, 979.0, 924.0, 871.0, 782.0, 663.0, 475.0, 164.0], "fp_th subgroup 0": [1206.0, 1182.0, 1157.0, 1115.0, 1077.0, 1021.0, 951.0, 856.0, 680.0, 228.0], "fp_th subgroup 1": [880.0, 864.0, 844.0, 823.0, 791.0, 749.0, 684.0, 599.0, 447.0, 156.0], "fpr": 0.7966169714927673, "fpr race group 0": 0.8485139012336731, "fpr race group 1": 0.5239294767379761, "fpr sex group 0": 0.8039215803146362, "fpr sex group 1": 0.7875226140022278, "fpr subgroup 0": 0.846600353717804, "fpr subgroup 1": 0.8511363863945007, "loss": 1.9788686037063599, "precision": 0.8370004296302795, "precision race group 0": 0.845939576625824, "precision race group 1": 0.6780185699462891, "precision sex group 0": 0.8381815552711487, "precision sex group 1": 0.8354741334915161, "precision subgroup 0": 0.8452561497688293, "precision subgroup 1": 0.8468616008758545, "precision_th": [0.8060156106948853, 0.8121455311775208, 0.8171360492706299, 0.8238263130187988, 0.8300040364265442, 0.8370004296302795, 0.8452105522155762, 0.8573370575904846, 0.8758634924888611, 0.9234713315963745], "precision_th race group 0": [0.8252052664756775, 0.8279515504837036, 0.8310108780860901, 0.8353301286697388, 0.8400548100471497, 0.845939576625824, 0.8526097536087036, 0.8623853325843811, 0.8785298466682434, 0.9257971048355103], "precision_th race group 1": [0.5415704250335693, 0.5783582329750061, 0.6020942330360413, 0.633941113948822, 0.6588921546936035, 0.6780185699462891, 0.7007042169570923, 0.741304337978363, 0.7862318754196167, 0.791208803653717], "precision_th sex group 0": [0.8089092373847961, 0.815244734287262, 0.8198845386505127, 0.8265567421913147, 0.8311837315559387, 0.8381815552711487, 0.8453047275543213, 0.855350911617279, 0.8713820576667786, 0.9236421585083008], "precision_th sex group 1": [0.8022881746292114, 0.8081499934196472, 0.8135901093482971, 0.8203010559082031, 0.8284759521484375, 0.8354741334915161, 0.8450871706008911, 0.8599788546562195, 0.8820168972015381, 0.9232209920883179], "precision_th subgroup 0": [0.8243519067764282, 0.8272435069084167, 0.8302274346351624, 0.8352541327476501, 0.8396366834640503, 0.8452561497688293, 0.851452648639679, 0.8601307272911072, 0.8744692802429199, 0.9264041185379028], "precision_th subgroup 1": [0.8263614773750305, 0.8289108872413635, 0.8320732116699219, 0.8354328870773315, 0.8406205773353577, 0.8468616008758545, 0.854188859462738, 0.8654839396476746, 0.8842268586158752, 0.9248916506767273], "recall": 0.9844915866851807, "recall race group 0": 0.9869008660316467, "recall race group 1": 0.9339019060134888, "recall sex group 0": 0.9837021827697754, "recall sex group 1": 0.9855169057846069, "recall subgroup 0": 0.9853357076644897, "recall subgroup 1": 0.9890162348747253, "recall_th": [1.0, 0.9994184374809265, 0.9983522295951843, 0.9967044591903687, 0.9947659373283386, 0.9844915866851807, 0.9553164839744568, 0.9168362617492676, 0.811088502407074, 0.47135794162750244], "recall_th race group 0": [1.0, 0.9997969269752502, 0.9991876482963562, 0.9982737898826599, 0.996242880821228, 0.9869008660316467, 0.9603980779647827, 0.9258732795715332, 0.827680766582489, 0.4864947199821472], "recall_th race group 1": [1.0, 0.9914712309837341, 0.9808102250099182, 0.9637526869773865, 0.9637526869773865, 0.9339019060134888, 0.8486140966415405, 0.727078914642334, 0.46268656849861145, 0.15351812541484833], "recall_th sex group 0": [1.0, 1.0, 0.9987990856170654, 0.9974266886711121, 0.9950248599052429, 0.9837021827697754, 0.9589980840682983, 0.9241722226142883, 0.8263853192329407, 0.49596843123435974], "recall_th sex group 1": [1.0, 0.9986631274223328, 0.9977718591690063, 0.9957664608955383, 0.9944295883178711, 0.9855169057846069, 0.9505347609519958, 0.9073083996772766, 0.791221022605896, 0.43939393758773804], "recall_th subgroup 0": [1.0, 1.0, 0.9996466636657715, 0.9987632632255554, 0.9962897300720215, 0.9853357076644897, 0.9630742073059082, 0.9300353527069092, 0.8369258046150208, 0.5070671439170837], "recall_th subgroup 1": [1.0, 0.9995224475860596, 0.9985673427581787, 0.9976122379302979, 0.9961795806884766, 0.9890162348747253, 0.956781268119812, 0.9202483296394348, 0.8151862621307373, 0.4586915075778961], "tn": 505.0, "tn race group 0": 316.0, "tn race group 1": 189.0, "tn sex group 0": 270.0, "tn sex group 1": 235.0, "tn subgroup 0": 185.0, "tn subgroup 1": 131.0, "tn_th": [0.0, 98.0, 178.0, 284.0, 381.0, 505.0, 678.0, 909.0, 1297.0, 2080.0], "tn_th race group 0": [0.0, 40.0, 85.0, 148.0, 218.0, 316.0, 451.0, 631.0, 959.0, 1702.0], "tn_th race group 1": [0.0, 58.0, 93.0, 136.0, 163.0, 189.0, 227.0, 278.0, 338.0, 378.0], "tn_th sex group 0": [0.0, 56.0, 98.0, 157.0, 199.0, 270.0, 354.0, 466.0, 666.0, 1138.0], "tn_th sex group 1": [0.0, 42.0, 80.0, 127.0, 182.0, 235.0, 324.0, 443.0, 631.0, 942.0], "tn_th subgroup 0": [0.0, 24.0, 49.0, 91.0, 129.0, 185.0, 255.0, 350.0, 526.0, 978.0], "tn_th subgroup 1": [0.0, 16.0, 36.0, 57.0, 89.0, 131.0, 196.0, 281.0, 433.0, 724.0], "tp": 10157.0, "tp race group 0": 9719.0, "tp race group 1": 438.0, "tp sex group 0": 5734.0, "tp sex group 1": 4423.0, "tp subgroup 0": 5577.0, "tp subgroup 1": 4142.0, "tp_th": [10317.0, 10311.0, 10300.0, 10283.0, 10263.0, 10157.0, 9856.0, 9459.0, 8368.0, 4863.0], "tp_th race group 0": [9848.0, 9846.0, 9840.0, 9831.0, 9811.0, 9719.0, 9458.0, 9118.0, 8151.0, 4791.0], "tp_th race group 1": [469.0, 465.0, 460.0, 452.0, 452.0, 438.0, 398.0, 341.0, 217.0, 72.0], "tp_th sex group 0": [5829.0, 5829.0, 5822.0, 5814.0, 5800.0, 5734.0, 5590.0, 5387.0, 4817.0, 2891.0], "tp_th sex group 1": [4488.0, 4482.0, 4478.0, 4469.0, 4463.0, 4423.0, 4266.0, 4072.0, 3551.0, 1972.0], "tp_th subgroup 0": [5660.0, 5660.0, 5658.0, 5653.0, 5639.0, 5577.0, 5451.0, 5264.0, 4737.0, 2870.0], "tp_th subgroup 1": [4188.0, 4186.0, 4182.0, 4178.0, 4172.0, 4142.0, 4007.0, 3854.0, 3414.0, 1921.0],