{"accuracy": 0.8314062356948853, "accuracy race group 0": 0.8391989469528198, "accuracy race group 1": 0.7240184545516968, "accuracy sex group 0": 0.8330557942390442, "accuracy sex group 1": 0.8292813897132874, "accuracy subgroup 0": 0.8387707471847534, "accuracy subgroup 1": 0.8397790193557739, "auc": 0.7261700630187988, "auc race group 0": 0.7050594091415405, "auc race group 1": 0.7612208724021912, "auc sex group 0": 0.7186545729637146, "auc sex group 1": 0.7358213663101196, "auc subgroup 0": 0.7018771767616272, "auc subgroup 1": 0.70992511510849, "aucpr": 0.9136457443237305, "fn": 210.0, "fn race group 0": 173.0, "fn race group 1": 37.0, "fn sex group 0": 117.0, "fn sex group 1": 93.0, "fn subgroup 0": 105.0, "fn subgroup 1": 68.0, "fn_th": [0.0, 6.0, 20.0, 42.0, 81.0, 210.0, 490.0, 1120.0, 2796.0, 5726.0], "fn_th race group 0": [0.0, 2.0, 9.0, 25.0, 61.0, 173.0, 415.0, 963.0, 2485.0, 5304.0], "fn_th race group 1": [0.0, 4.0, 11.0, 17.0, 20.0, 37.0, 75.0, 157.0, 311.0, 422.0], "fn_th sex group 0": [0.0, 0.0, 10.0, 22.0, 48.0, 117.0, 258.0, 575.0, 1471.0, 3109.0], "fn_th sex group 1": [0.0, 6.0, 10.0, 20.0, 33.0, 93.0, 232.0, 545.0, 1325.0, 2617.0], "fn_th subgroup 0": [0.0, 0.0, 3.0, 14.0, 40.0, 105.0, 230.0, 516.0, 1358.0, 2952.0], "fn_th subgroup 1": [0.0, 2.0, 6.0, 11.0, 21.0, 68.0, 185.0, 447.0, 1127.0, 2352.0], "fnr": 0.020354753360152245, "fnr race group 0": 0.017567018046975136, "fnr race group 1": 0.07889125496149063, "fnr sex group 0": 0.020072054117918015, "fnr sex group 1": 0.020721925422549248, "fnr subgroup 0": 0.018551236018538475, "fnr subgroup 1": 0.016236867755651474, "fp": 1948.0, "fp race group 0": 1746.0, "fp race group 1": 202.0, "fp sex group 0": 1086.0, "fp sex group 1": 862.0, "fp subgroup 0": 1002.0, "fp subgroup 1": 744.0, "fp_th": [2483.0, 2400.0, 2287.0, 2180.0, 2079.0, 1948.0, 1781.0, 1473.0, 1011.0, 377.0], "fp_th race group 0": [2086.0, 2050.0, 1987.0, 1920.0, 1846.0, 1746.0, 1614.0, 1355.0, 959.0, 367.0], "fp_th race group 1": [397.0, 350.0, 300.0, 260.0, 233.0, 202.0, 167.0, 118.0, 52.0, 10.0], "fp_th sex group 0": [1377.0, 1324.0, 1266.0, 1210.0, 1163.0, 1086.0, 1001.0, 851.0, 596.0, 229.0], "fp_th sex group 1": [1106.0, 1076.0, 1021.0, 970.0, 916.0, 862.0, 780.0, 622.0, 415.0, 148.0], "fp_th subgroup 0": [1206.0, 1182.0, 1144.0, 1107.0, 1065.0, 1002.0, 934.0, 798.0, 568.0, 223.0], "fp_th subgroup 1": [880.0, 868.0, 843.0, 813.0, 781.0, 744.0, 680.0, 557.0, 391.0, 144.0], "fpr": 0.7845348119735718, "fpr race group 0": 0.8370086550712585, "fpr race group 1": 0.508816123008728, "fpr sex group 0": 0.7886710166931152, "fpr sex group 1": 0.7793851494789124, "fpr subgroup 0": 0.8308457732200623, "fpr subgroup 1": 0.8454545736312866, "loss": 1.968843936920166, "precision": 0.8384072780609131, "precision race group 0": 0.8471237421035767, "precision race group 1": 0.6813880205154419, "precision sex group 0": 0.8402471542358398, "precision sex group 1": 0.8360281586647034, "precision subgroup 0": 0.8471862077713013, "precision subgroup 1": 0.8470394611358643, "precision_th": [0.8060156106948853, 0.8111871480941772, 0.8182612657546997, 0.8249698877334595, 0.8311814665794373, 0.8384072780609131, 0.8465713262557983, 0.8619493842124939, 0.8815048933029175, 0.9241143465042114], "precision_th race group 0": [0.8252052664756775, 0.8276731967926025, 0.8319804072380066, 0.8364983201026917, 0.8413134813308716, 0.8471237421035767, 0.853896975517273, 0.86767578125, 0.8847633004188538, 0.9252697825431824], "precision_th race group 1": [0.5415704250335693, 0.5705521702766418, 0.6042216420173645, 0.6348314881324768, 0.6583577990531921, 0.6813880205154419, 0.7023172974586487, 0.7255814075469971, 0.7523809671401978, 0.8245614171028137], "precision_th sex group 0": [0.8089092373847961, 0.8149028420448303, 0.8213126063346863, 0.827561616897583, 0.8325172662734985, 0.8402471542358398, 0.8476871848106384, 0.8606060743331909, 0.8796931505203247, 0.9223465323448181], "precision_th sex group 1": [0.8022881746292114, 0.8064051866531372, 0.8143298625946045, 0.8216255903244019, 0.8294544816017151, 0.8360281586647034, 0.8451151847839355, 0.8637458682060242, 0.8840134143829346, 0.9266963601112366], "precision_th subgroup 0": [0.8243519067764282, 0.8272435069084167, 0.8317894339561462, 0.8360728621482849, 0.8406881093978882, 0.8471862077713013, 0.853236973285675, 0.8657017946243286, 0.8833675384521484, 0.923916757106781], "precision_th subgroup 1": [0.8263614773750305, 0.8282548189163208, 0.8322387933731079, 0.8370741605758667, 0.8421584367752075, 0.8470394611358643, 0.854793906211853, 0.870404839515686, 0.8867323398590088, 0.9272727370262146], "recall": 0.9796452522277832, "recall race group 0": 0.9824329614639282, "recall race group 1": 0.9211087226867676, "recall sex group 0": 0.9799279570579529, "recall sex group 1": 0.9792780876159668, "recall subgroup 0": 0.981448769569397, "recall subgroup 1": 0.9837631583213806, "recall_th": [1.0, 0.9994184374809265, 0.99806147813797, 0.9959290623664856, 0.9921488761901855, 0.9796452522277832, 0.9525055885314941, 0.891441285610199, 0.7289909720420837, 0.4449937045574188], "recall_th race group 0": [1.0, 0.9997969269752502, 0.9990860819816589, 0.9974614381790161, 0.9938058257102966, 0.9824329614639282, 0.957859456539154, 0.9022136330604553, 0.7476645112037659, 0.4614134728908539], "recall_th race group 1": [1.0, 0.9914712309837341, 0.9765458703041077, 0.9637526869773865, 0.9573560953140259, 0.9211087226867676, 0.8400852680206299, 0.6652451753616333, 0.336887001991272, 0.10021322220563889], "recall_th sex group 0": [1.0, 1.0, 0.9982844591140747, 0.9962257742881775, 0.9917653203010559, 0.9799279570579529, 0.9557385444641113, 0.9013552665710449, 0.7476410865783691, 0.4666323661804199], "recall_th sex group 1": [1.0, 0.9986631274223328, 0.9977718591690063, 0.9955436587333679, 0.9926470518112183, 0.9792780876159668, 0.9483066201210022, 0.8785650730133057, 0.7047683000564575, 0.416889488697052], "recall_th subgroup 0": [1.0, 1.0, 0.9994699358940125, 0.9975265264511108, 0.9929328560829163, 0.981448769569397, 0.9593639373779297, 0.908833920955658, 0.7600706815719604, 0.47844523191452026], "recall_th subgroup 1": [1.0, 0.9995224475860596, 0.9985673427581787, 0.9973734617233276, 0.9949856996536255, 0.9837631583213806, 0.9558261632919312, 0.893266499042511, 0.7308977842330933, 0.4383954107761383], "tn": 535.0, "tn race group 0": 340.0, "tn race group 1": 195.0, "tn sex group 0": 291.0, "tn sex group 1": 244.0, "tn subgroup 0": 204.0, "tn subgroup 1": 136.0, "tn_th": [0.0, 83.0, 196.0, 303.0, 404.0, 535.0, 702.0, 1010.0, 1472.0, 2106.0], "tn_th race group 0": [0.0, 36.0, 99.0, 166.0, 240.0, 340.0, 472.0, 731.0, 1127.0, 1719.0], "tn_th race group 1": [0.0, 47.0, 97.0, 137.0, 164.0, 195.0, 230.0, 279.0, 345.0, 387.0], "tn_th sex group 0": [0.0, 53.0, 111.0, 167.0, 214.0, 291.0, 376.0, 526.0, 781.0, 1148.0], "tn_th sex group 1": [0.0, 30.0, 85.0, 136.0, 190.0, 244.0, 326.0, 484.0, 691.0, 958.0], "tn_th subgroup 0": [0.0, 24.0, 62.0, 99.0, 141.0, 204.0, 272.0, 408.0, 638.0, 983.0], "tn_th subgroup 1": [0.0, 12.0, 37.0, 67.0, 99.0, 136.0, 200.0, 323.0, 489.0, 736.0], "tp": 10107.0, "tp race group 0": 9675.0, "tp race group 1": 432.0, "tp sex group 0": 5712.0, "tp sex group 1": 4395.0, "tp subgroup 0": 5555.0, "tp subgroup 1": 4120.0, "tp_th": [10317.0, 10311.0, 10297.0, 10275.0, 10236.0, 10107.0, 9827.0, 9197.0, 7521.0, 4591.0], "tp_th race group 0": [9848.0, 9846.0, 9839.0, 9823.0, 9787.0, 9675.0, 9433.0, 8885.0, 7363.0, 4544.0], "tp_th race group 1": [469.0, 465.0, 458.0, 452.0, 449.0, 432.0, 394.0, 312.0, 158.0, 47.0], "tp_th sex group 0": [5829.0, 5829.0, 5819.0, 5807.0, 5781.0, 5712.0, 5571.0, 5254.0, 4358.0, 2720.0], "tp_th sex group 1": [4488.0, 4482.0, 4478.0, 4468.0, 4455.0, 4395.0, 4256.0, 3943.0, 3163.0, 1871.0], "tp_th subgroup 0": [5660.0, 5660.0, 5657.0, 5646.0, 5620.0, 5555.0, 5430.0, 5144.0, 4302.0, 2708.0], "tp_th subgroup 1": [4188.0, 4186.0, 4182.0, 4177.0, 4167.0, 4120.0, 4003.0, 3741.0, 3061.0, 1836.0],