{
    "accuracy": {
        "mean": 0.8334843695163727,
        "std": 0.0013083108967360622
    },
    "micro_avg_auc": {
        "mean": 0.7280806183815003,
        "std": 0.0029789013141193186
    },
    "minority_auc": {
        "mean": 0.709710705280304,
        "std": 0.00405678481386478
    }
}