{"min_auc": {"mean": 0.8855106770992279, "std": 0.0006003687355699578}, "macro_avg_auc": {"mean": 0.9189917027950287, "std": 0.0006212176475717498}, "micro_avg_auc": {"mean": 0.9104861736297607, "std": 0.00043176891602352696}, "minority_auc": {"mean": 0.9408646404743195, "std": 0.0021966250352248307}, "accuracy": {"mean": 0.8582028090953827, "std": 0.0010849936192285543}}