{"min_auc": 0.7010477781295776, "macro_avg_auc": 0.7366690635681152, "micro_avg_auc": 0.7387089729309082, "minority_auc": 0.7520216703414917, "accuracy": 0.679499089717865}