{"min_auc": 0.9013968706130981, "macro_avg_auc": 0.9247008264064789, "micro_avg_auc": 0.933560848236084, "minority_auc": 0.9013968706130981, "accuracy": 0.8575822710990906}