{"min_auc": 0.919701099395752, "macro_avg_auc": 0.9402599632740021, "micro_avg_auc": 0.9484893679618835, "minority_auc": 0.919701099395752, "accuracy": 0.8759656548500061}