{"min_auc": 0.6844855546951294, "macro_avg_auc": 0.7181630581617355, "micro_avg_auc": 0.7205221652984619, "minority_auc": 0.7405324578285217, "accuracy": 0.6604823470115662}