{"min_auc": 0.8853533267974854, "macro_avg_auc": 0.9210895895957947, "micro_avg_auc": 0.9107092618942261, "minority_auc": 0.9446452856063843, "accuracy": 0.8520361185073853}