{"min_auc": 0.8857263922691345, "macro_avg_auc": 0.9199396520853043, "micro_avg_auc": 0.9107195734977722, "minority_auc": 0.9429039359092712, "accuracy": 0.8541858792304993}