{"min_auc": 0.8824299573898315, "macro_avg_auc": 0.9195585697889328, "micro_avg_auc": 0.9087043404579163, "minority_auc": 0.9421337842941284, "accuracy": 0.8533259630203247}