{"min_auc": 0.7194815874099731, "macro_avg_auc": 0.7493636161088943, "micro_avg_auc": 0.7436758875846863, "minority_auc": 0.7649572491645813, "accuracy": 0.8257594704627991}