{"min_auc": 0.7929450273513794, "macro_avg_auc": 0.8081538826227188, "micro_avg_auc": 0.81393963098526, "minority_auc": 0.8164174556732178, "accuracy": 0.8498619198799133}