{"min_auc": 0.750200092792511, "macro_avg_auc": 0.7737628519535065, "micro_avg_auc": 0.7755717039108276, "minority_auc": 0.7825854420661926, "accuracy": 0.8127039670944214}