{"min_auc": 0.8693028092384338, "macro_avg_auc": 0.9196380972862244, "micro_avg_auc": 0.9631117582321167, "minority_auc": 0.8693028092384338, "accuracy": 0.9002060890197754}