{"min_auc": 0.7053782939910889, "macro_avg_auc": 0.7380027025938034, "micro_avg_auc": 0.741011917591095, "minority_auc": 0.740384578704834, "accuracy": 0.6836734414100647}