{"min_auc": 0.694564700126648, "macro_avg_auc": 0.726971909403801, "micro_avg_auc": 0.7308696508407593, "minority_auc": 0.747780978679657, "accuracy": 0.6641929745674133}