{"min_auc": 0.804400622844696, "macro_avg_auc": 0.8243045955896378, "micro_avg_auc": 0.8262739181518555, "minority_auc": 0.8318197727203369, "accuracy": 0.8595280051231384}