{"min_auc": 0.8861787915229797, "macro_avg_auc": 0.9219346940517426, "micro_avg_auc": 0.9118730425834656, "minority_auc": 0.9463531970977783, "accuracy": 0.8525274991989136}