{"min_auc": 0.6998132467269897, "macro_avg_auc": 0.7391573339700699, "micro_avg_auc": 0.7391677498817444, "minority_auc": 0.7565578818321228, "accuracy": 0.6808905601501465}