{"min_auc": 0.6995409727096558, "macro_avg_auc": 0.7338349372148514, "micro_avg_auc": 0.7364099025726318, "minority_auc": 0.7421597242355347, "accuracy": 0.6762523055076599}