{"min_auc": 0.8858919143676758, "macro_avg_auc": 0.9195850491523743, "micro_avg_auc": 0.9108636975288391, "minority_auc": 0.9393208026885986, "accuracy": 0.8520361185073853}