{"min_auc": 0.6467189192771912, "macro_avg_auc": 0.7661916017532349, "micro_avg_auc": 0.8679660558700562, "minority_auc": 0.6467189192771912, "accuracy": 0.7764694094657898}