{"min_auc": 0.7869302034378052, "macro_avg_auc": 0.8086936473846436, "micro_avg_auc": 0.811566174030304, "minority_auc": 0.8359152674674988, "accuracy": 0.736254096031189}