{"min_auc": 0.5567517280578613, "macro_avg_auc": 0.6860785782337189, "micro_avg_auc": 0.7926475405693054, "minority_auc": 0.5567517280578613, "accuracy": 0.690609335899353}