{"min_auc": 0.8822836875915527, "macro_avg_auc": 0.9180048853158951, "micro_avg_auc": 0.9079393744468689, "minority_auc": 0.9462527632713318, "accuracy": 0.8442355990409851}