{"min_auc": 0.9265431761741638, "macro_avg_auc": 0.9440257847309113, "micro_avg_auc": 0.9505723714828491, "minority_auc": 0.9265431761741638, "accuracy": 0.8822147846221924}