{"min_auc": 0.8860443830490112, "macro_avg_auc": 0.9202476143836975, "micro_avg_auc": 0.9104458093643188, "minority_auc": 0.9487642645835876, "accuracy": 0.856519877910614}