{"min_auc": 0.8841202855110168, "macro_avg_auc": 0.9173651337623596, "micro_avg_auc": 0.9093705415725708, "minority_auc": 0.9391198754310608, "accuracy": 0.8512376546859741}