{"min_auc": 0.8843738436698914, "macro_avg_auc": 0.9195576310157776, "micro_avg_auc": 0.9096258878707886, "minority_auc": 0.9445114135742188, "accuracy": 0.8556599617004395}