{"min_auc": 0.6990916728973389, "macro_avg_auc": 0.730351522564888, "micro_avg_auc": 0.7325158715248108, "minority_auc": 0.753500759601593, "accuracy": 0.6827458143234253}