{
  "min_auc": {
    "mean": 0.8355542778968811,
    "std": 0.013222741113432999
  },
  "macro_avg_auc": {
    "mean": 0.8983429938554763,
    "std": 0.007707505893600619
  },
  "micro_avg_auc": {
    "mean": 0.9524109840393067,
    "std": 0.0032053698192135312
  },
  "minority_auc": {
    "mean": 0.8355542778968811,
    "std": 0.013222741113432999
  },
  "accuracy": {
    "mean": 0.8835541129112243,
    "std": 0.005527901645528997
  }
}