{
  "min_auc": {
    "mean": 0.9255853712558746,
    "std": 0.005455942205352963
  },
  "macro_avg_auc": {
    "mean": 0.943641972541809,
    "std": 0.004107599882722481
  },
  "micro_avg_auc": {
    "mean": 0.9506693363189698,
    "std": 0.003667768654915317
  },
  "minority_auc": {
    "mean": 0.9255853712558746,
    "std": 0.005455942205352963
  },
  "accuracy": {
    "mean": 0.8777753949165344,
    "std": 0.005896325899279711
  }
}