{"min_auc": 0.9123179912567139, "macro_avg_auc": 0.9352510869503021, "micro_avg_auc": 0.9442009329795837, "minority_auc": 0.9123179912567139, "accuracy": 0.8698313236236572}