{"min_auc": 0.9182187914848328, "macro_avg_auc": 0.9386272132396698, "micro_avg_auc": 0.946491539478302, "minority_auc": 0.9182187914848328, "accuracy": 0.8786563277244568}