{"min_auc": 0.6975405812263489, "macro_avg_auc": 0.7277252227067947, "micro_avg_auc": 0.7315224409103394, "minority_auc": 0.7559662461280823, "accuracy": 0.6539888978004456}