{"min_auc": 0.6980911493301392, "macro_avg_auc": 0.7311474978923798, "micro_avg_auc": 0.7326076030731201, "minority_auc": 0.7564595341682434, "accuracy": 0.6720778942108154}