{"min_auc": 0.6979581713676453, "macro_avg_auc": 0.7376151084899902, "micro_avg_auc": 0.7364232540130615, "minority_auc": 0.7497534155845642, "accuracy": 0.676716148853302}