{"min_auc": 0.8857872486114502, "macro_avg_auc": 0.9206687659025192, "micro_avg_auc": 0.9109119772911072, "minority_auc": 0.9459178447723389, "accuracy": 0.8563355803489685}