{"min_auc": 0.8856378793716431, "macro_avg_auc": 0.9215122014284134, "micro_avg_auc": 0.9105006456375122, "minority_auc": 0.9482285380363464, "accuracy": 0.8537558913230896}