{"min_auc": 0.8867737054824829, "macro_avg_auc": 0.9202533960342407, "micro_avg_auc": 0.9114221930503845, "minority_auc": 0.9423012733459473, "accuracy": 0.8597137928009033}