{"min_auc": 0.9078898429870605, "macro_avg_auc": 0.9324842691421509, "micro_avg_auc": 0.9420008659362793, "minority_auc": 0.9078898429870605, "accuracy": 0.8658458590507507}