{"min_auc": 0.8045841455459595, "macro_avg_auc": 0.8244240283966064, "micro_avg_auc": 0.8288167119026184, "minority_auc": 0.8422363996505737, "accuracy": 0.8627918362617493}