{"min_auc": 0.801944375038147, "macro_avg_auc": 0.8222154676914215, "micro_avg_auc": 0.8273343443870544, "minority_auc": 0.8310185074806213, "accuracy": 0.8558875322341919}