{"min_auc": 0.8829290866851807, "macro_avg_auc": 0.9183827787637711, "micro_avg_auc": 0.9074752330780029, "minority_auc": 0.9433392882347107, "accuracy": 0.8474909663200378}