{"min_auc": 0.7025926113128662, "macro_avg_auc": 0.7383216470479965, "micro_avg_auc": 0.7406637072563171, "minority_auc": 0.7413707375526428, "accuracy": 0.6757885217666626}