{"min_auc": 0.6916526556015015, "macro_avg_auc": 0.7220649421215057, "micro_avg_auc": 0.7267023324966431, "minority_auc": 0.7370315790176392, "accuracy": 0.6233766078948975}