{"min_auc": 0.7925101518630981, "macro_avg_auc": 0.8021334856748581, "micro_avg_auc": 0.8144930601119995, "minority_auc": 0.7935363054275513, "accuracy": 0.8494853377342224}