{"min_auc": 0.6958246231079102, "macro_avg_auc": 0.7327843904495239, "micro_avg_auc": 0.7337543964385986, "minority_auc": 0.7496548295021057, "accuracy": 0.6757885217666626}