{"min_auc": 0.6969009041786194, "macro_avg_auc": 0.7266529202461243, "micro_avg_auc": 0.728981614112854, "minority_auc": 0.7506410479545593, "accuracy": 0.6692950129508972}