{"min_auc": 0.8835015296936035, "macro_avg_auc": 0.9190502017736435, "micro_avg_auc": 0.9092682600021362, "minority_auc": 0.9431049227714539, "accuracy": 0.8519132733345032}