{"min_auc": 0.8785712122917175, "macro_avg_auc": 0.912617951631546, "micro_avg_auc": 0.9044273495674133, "minority_auc": 0.9321210384368896, "accuracy": 0.8519746661186218}