{"min_auc": 0.7000033259391785, "macro_avg_auc": 0.7348372340202332, "micro_avg_auc": 0.7362934350967407, "minority_auc": 0.745414137840271, "accuracy": 0.671150267124176}