{"min_auc": 0.6992244124412537, "macro_avg_auc": 0.7355026602745056, "micro_avg_auc": 0.7358771562576294, "minority_auc": 0.759812593460083, "accuracy": 0.6512059569358826}