{"min_auc": 0.8770755529403687, "macro_avg_auc": 0.911687895655632, "micro_avg_auc": 0.9038366675376892, "minority_auc": 0.9297769069671631, "accuracy": 0.8481665849685669}