{"min_auc": 0.9103586673736572, "macro_avg_auc": 0.932666003704071, "micro_avg_auc": 0.9409077167510986, "minority_auc": 0.9103586673736572, "accuracy": 0.8672692179679871}