{
  "min_auc": {
    "mean": 0.9050502002239227,
    "std": 0.007160320835792049
  },
  "macro_avg_auc": {
    "mean": 0.928142449259758,
    "std": 0.005175553637429468
  },
  "micro_avg_auc": {
    "mean": 0.9369614362716675,
    "std": 0.004392316088689679
  },
  "minority_auc": {
    "mean": 0.9050502002239227,
    "std": 0.007160320835792049
  },
  "accuracy": {
    "mean": 0.8616022884845733,
    "std": 0.00571206442692684
  }
}