{"min_auc": 0.7045932412147522, "macro_avg_auc": 0.7412744909524918, "micro_avg_auc": 0.7406724691390991, "minority_auc": 0.7592208981513977, "accuracy": 0.6771799921989441}