{"min_auc": 0.8481612801551819, "macro_avg_auc": 0.9073678553104401, "micro_avg_auc": 0.9588397741317749, "minority_auc": 0.8481612801551819, "accuracy": 0.8786183595657349}