{"min_auc": 0.7979585528373718, "macro_avg_auc": 0.8111212253570557, "micro_avg_auc": 0.8176969885826111, "minority_auc": 0.8196224570274353, "accuracy": 0.8484810590744019}