{"min_auc": 0.9086684584617615, "macro_avg_auc": 0.9307669103145599, "micro_avg_auc": 0.9394149780273438, "minority_auc": 0.9086684584617615, "accuracy": 0.8651645183563232}