{"min_auc": 0.9308454990386963, "macro_avg_auc": 0.9478422403335571, "micro_avg_auc": 0.9544747471809387, "minority_auc": 0.9308454990386963, "accuracy": 0.8863425850868225}