{"min_auc": 0.8095963001251221, "macro_avg_auc": 0.8210078924894333, "micro_avg_auc": 0.8283511996269226, "minority_auc": 0.8310184478759766, "accuracy": 0.8627918362617493}