{"min_auc": 0.8852205276489258, "macro_avg_auc": 0.9199329614639282, "micro_avg_auc": 0.9103361964225769, "minority_auc": 0.942401647567749, "accuracy": 0.8568884134292603}