{"min_auc": 0.780906081199646, "macro_avg_auc": 0.7983748912811279, "micro_avg_auc": 0.8109240531921387, "minority_auc": 0.8148148059844971, "accuracy": 0.7420285940170288}