{"min_auc": 0.8189224600791931, "macro_avg_auc": 0.8337145894765854, "micro_avg_auc": 0.8403871655464172, "minority_auc": 0.8423255085945129, "accuracy": 0.8427065014839172}