{"min_auc": 0.8235425353050232, "macro_avg_auc": 0.8916565775871277, "micro_avg_auc": 0.9503071904182434, "minority_auc": 0.8235425353050232, "accuracy": 0.8798940181732178}