{"min_auc": 0.8837991952896118, "macro_avg_auc": 0.9153910130262375, "micro_avg_auc": 0.9089609980583191, "minority_auc": 0.9369433522224426, "accuracy": 0.8560284972190857}