{"min_auc": 0.8840151429176331, "macro_avg_auc": 0.9184697270393372, "micro_avg_auc": 0.9092432260513306, "minority_auc": 0.9409617185592651, "accuracy": 0.8547386527061462}