{"min_auc": 0.8175073862075806, "macro_avg_auc": 0.8294256329536438, "micro_avg_auc": 0.836379885673523, "minority_auc": 0.84107905626297, "accuracy": 0.8673110604286194}