{"min_auc": 0.7013074159622192, "macro_avg_auc": 0.7330877184867859, "micro_avg_auc": 0.7355716824531555, "minority_auc": 0.7488659620285034, "accuracy": 0.6702226400375366}