{"min_auc": 0.7009592652320862, "macro_avg_auc": 0.7369969338178635, "micro_avg_auc": 0.7380644083023071, "minority_auc": 0.7543883919715881, "accuracy": 0.6762523055076599}