{"min_auc": 0.8856750130653381, "macro_avg_auc": 0.9189644455909729, "micro_avg_auc": 0.9105994701385498, "minority_auc": 0.94236820936203, "accuracy": 0.8600823283195496}