{"min_auc": 0.7128173112869263, "macro_avg_auc": 0.7524299025535583, "micro_avg_auc": 0.7387290596961975, "minority_auc": 0.7905982732772827, "accuracy": 0.8320361375808716}