{"min_auc": 0.80431067943573, "macro_avg_auc": 0.8151760548353195, "micro_avg_auc": 0.8259535431861877, "minority_auc": 0.8179309368133545, "accuracy": 0.8567662835121155}