{"min_auc": 0.8147835731506348, "macro_avg_auc": 0.8305274099111557, "micro_avg_auc": 0.8373082876205444, "minority_auc": 0.843215823173523, "accuracy": 0.8676877021789551}