{"min_auc": 0.804161548614502, "macro_avg_auc": 0.8248985111713409, "micro_avg_auc": 0.8263014554977417, "minority_auc": 0.8451744914054871, "accuracy": 0.8649259209632874}