{"min_auc": 0.8023824691772461, "macro_avg_auc": 0.8227606862783432, "micro_avg_auc": 0.8247304558753967, "minority_auc": 0.8492698669433594, "accuracy": 0.8607833385467529}