{"min_auc": 0.6870812773704529, "macro_avg_auc": 0.7340273261070251, "micro_avg_auc": 0.7328959107398987, "minority_auc": 0.7609468102455139, "accuracy": 0.6646567583084106}