{"min_auc": 0.6980469822883606, "macro_avg_auc": 0.7297492623329163, "micro_avg_auc": 0.7337232232093811, "minority_auc": 0.7516269087791443, "accuracy": 0.6790352463722229}