{"min_auc": 0.8849706053733826, "macro_avg_auc": 0.9175053983926773, "micro_avg_auc": 0.9098448157310486, "minority_auc": 0.9374455213546753, "accuracy": 0.8560899496078491}