{"min_auc": 0.8047192096710205, "macro_avg_auc": 0.8244343101978302, "micro_avg_auc": 0.8265063166618347, "minority_auc": 0.8456196784973145, "accuracy": 0.8578960299491882}