{"min_auc": 0.7862868309020996, "macro_avg_auc": 0.7928982079029083, "micro_avg_auc": 0.8098034858703613, "minority_auc": 0.7873042225837708, "accuracy": 0.7151644229888916}