{"min_auc": 0.744608461856842, "macro_avg_auc": 0.7646375298500061, "micro_avg_auc": 0.7694546580314636, "minority_auc": 0.7756410241127014, "accuracy": 0.8272658586502075}