{"min_auc": 0.7129934430122375, "macro_avg_auc": 0.7476827651262283, "micro_avg_auc": 0.7367594838142395, "minority_auc": 0.7647792100906372, "accuracy": 0.8340446949005127}