{"min_auc": 0.6656623482704163, "macro_avg_auc": 0.7828092873096466, "micro_avg_auc": 0.8817958831787109, "minority_auc": 0.6656623482704163, "accuracy": 0.8015896081924438}