{"min_auc": 0.8785994648933411, "macro_avg_auc": 0.9146551340818405, "micro_avg_auc": 0.9043729305267334, "minority_auc": 0.9397896528244019, "accuracy": 0.8511762022972107}