{"min_auc": 0.7927812933921814, "macro_avg_auc": 0.8088510185480118, "micro_avg_auc": 0.8186666965484619, "minority_auc": 0.8136574029922485, "accuracy": 0.8476023077964783}