{"min_auc": 0.7927240133285522, "macro_avg_auc": 0.8063105940818787, "micro_avg_auc": 0.8163081407546997, "minority_auc": 0.8180198669433594, "accuracy": 0.8471001982688904}