{"min_auc": 0.9266387224197388, "macro_avg_auc": 0.9447115659713745, "micro_avg_auc": 0.951575756072998, "minority_auc": 0.9266387224197388, "accuracy": 0.8760230541229248}