{"min_auc": 0.8010112643241882, "macro_avg_auc": 0.8147834241390228, "micro_avg_auc": 0.8243913054466248, "minority_auc": 0.8165953755378723, "accuracy": 0.8513683080673218}