{"min_auc": 0.8611852526664734, "macro_avg_auc": 0.9136779308319092, "micro_avg_auc": 0.9586793184280396, "minority_auc": 0.8611852526664734, "accuracy": 0.890589714050293}