{"min_auc": 0.6991041898727417, "macro_avg_auc": 0.7355412095785141, "micro_avg_auc": 0.7364594340324402, "minority_auc": 0.7583334445953369, "accuracy": 0.6692950129508972}