{"min_auc": 0.702472448348999, "macro_avg_auc": 0.7357487231492996, "micro_avg_auc": 0.7376574873924255, "minority_auc": 0.7584317326545715, "accuracy": 0.6646567583084106}