{"min_auc": 0.883340060710907, "macro_avg_auc": 0.9190292507410049, "micro_avg_auc": 0.9083555340766907, "minority_auc": 0.9451141357421875, "accuracy": 0.8423315286636353}