{"min_auc": 0.8816449642181396, "macro_avg_auc": 0.9187113344669342, "micro_avg_auc": 0.9075847864151001, "minority_auc": 0.9482284784317017, "accuracy": 0.853817343711853}