{"min_auc": 0.8845173716545105, "macro_avg_auc": 0.9159626811742783, "micro_avg_auc": 0.9096319079399109, "minority_auc": 0.936926543712616, "accuracy": 0.8511762022972107}