{"min_auc": 0.9215337038040161, "macro_avg_auc": 0.9404073059558868, "micro_avg_auc": 0.9476011991500854, "minority_auc": 0.9215337038040161, "accuracy": 0.8745285272598267}