{"min_auc": 0.8799193501472473, "macro_avg_auc": 0.9188684076070786, "micro_avg_auc": 0.9068577885627747, "minority_auc": 0.9480946063995361, "accuracy": 0.8417787551879883}