{"min_auc": 0.885163426399231, "macro_avg_auc": 0.9179397076368332, "micro_avg_auc": 0.9103857278823853, "minority_auc": 0.9391533732414246, "accuracy": 0.8595909476280212}