{"min_auc": 0.8850729465484619, "macro_avg_auc": 0.9202339053153992, "micro_avg_auc": 0.909777045249939, "minority_auc": 0.9487977623939514, "accuracy": 0.851667582988739}