{"min_auc": {"mean": 0.8850971341133118, "std": 0.0008201980056967708}, "macro_avg_auc": {"mean": 0.919397434592247, "std": 0.001587702769360862}, "micro_avg_auc": {"mean": 0.9102985739707947, "std": 0.0007795922252755042}, "minority_auc": {"mean": 0.9423564910888672, "std": 0.004119986384444913}, "accuracy": {"mean": 0.8520791232585907, "std": 0.0055604428993681395}}