{"min_auc": 0.8161877393722534, "macro_avg_auc": 0.8328691571950912, "micro_avg_auc": 0.8354675769805908, "minority_auc": 0.8397436141967773, "accuracy": 0.860406756401062}