{"min_auc": 0.8765394687652588, "macro_avg_auc": 0.909794345498085, "micro_avg_auc": 0.9024578928947449, "minority_auc": 0.9303128123283386, "accuracy": 0.8492721319198608}