{"min_auc": 0.8130718469619751, "macro_avg_auc": 0.8312490284442902, "micro_avg_auc": 0.8359960317611694, "minority_auc": 0.8439280986785889, "accuracy": 0.8663067817687988}