{"min_auc": 0.6987370252609253, "macro_avg_auc": 0.7369380742311478, "micro_avg_auc": 0.737165629863739, "minority_auc": 0.7516270279884338, "accuracy": 0.6743970513343811}