{"min_auc": 0.7010478377342224, "macro_avg_auc": 0.7342085391283035, "micro_avg_auc": 0.7377763986587524, "minority_auc": 0.7450197339057922, "accuracy": 0.676716148853302}