{"min_auc": {"mean": 0.8839888334274292, "std": 0.0009290685557899277}, "macro_avg_auc": {"mean": 0.9177511766552925, "std": 0.0007697829337825584}, "micro_avg_auc": {"mean": 0.909021383523941, "std": 0.0006983387894980422}, "minority_auc": {"mean": 0.9392572224140168, "std": 0.0031013138435674096}, "accuracy": {"mean": 0.8504084527492524, "std": 0.0027642594178873365}}