{"min_auc": 0.8654727339744568, "macro_avg_auc": 0.9178552627563477, "micro_avg_auc": 0.9631854891777039, "minority_auc": 0.8654727339744568, "accuracy": 0.8991267085075378}