{"min_auc": 0.6949002742767334, "macro_avg_auc": 0.7314624488353729, "micro_avg_auc": 0.7318680882453918, "minority_auc": 0.7477810382843018, "accuracy": 0.6757885217666626}