{"min_auc": 0.8846333622932434, "macro_avg_auc": 0.9164577573537827, "micro_avg_auc": 0.9095249772071838, "minority_auc": 0.9371776580810547, "accuracy": 0.8567041158676147}