{"min_auc": 0.884094774723053, "macro_avg_auc": 0.9190629124641418, "micro_avg_auc": 0.9098126888275146, "minority_auc": 0.938885509967804, "accuracy": 0.8569498062133789}