{"min_auc": 0.8660871386528015, "macro_avg_auc": 0.9170995950698853, "micro_avg_auc": 0.9611396789550781, "minority_auc": 0.8660871386528015, "accuracy": 0.8952016234397888}