{"min_auc": 0.8537299633026123, "macro_avg_auc": 0.9104739129543304, "micro_avg_auc": 0.9592533707618713, "minority_auc": 0.8537299633026123, "accuracy": 0.8959866762161255}