{"min_auc": {"mean": 0.6994797766208649, "std": 0.0029431332945148354}, "macro_avg_auc": {"mean": 0.7339891374111176, "std": 0.0026599763383265383}, "micro_avg_auc": {"mean": 0.7357430100440979, "std": 0.002495810380890724}, "minority_auc": {"mean": 0.7475245952606201, "std": 0.0023939276390155476}, "accuracy": {"mean": 0.6734693825244904, "std": 0.005680638192015183}}