{"min_auc": 0.885936975479126, "macro_avg_auc": 0.9199042916297913, "micro_avg_auc": 0.9111489057540894, "minority_auc": 0.9452816843986511, "accuracy": 0.7387138605117798}