{"min_auc": 0.8664750456809998, "macro_avg_auc": 0.9178031086921692, "micro_avg_auc": 0.9622295498847961, "minority_auc": 0.8664750456809998, "accuracy": 0.9005004167556763}