{"min_auc": 0.7022571563720703, "macro_avg_auc": 0.7401423752307892, "micro_avg_auc": 0.7386108636856079, "minority_auc": 0.768589437007904, "accuracy": 0.6781076192855835}