{"min_auc": 0.8238387703895569, "macro_avg_auc": 0.8929727971553802, "micro_avg_auc": 0.9525371789932251, "minority_auc": 0.8238387703895569, "accuracy": 0.8841134309768677}