{"min_auc": 0.8020498156547546, "macro_avg_auc": 0.8125356882810593, "micro_avg_auc": 0.8198481202125549, "minority_auc": 0.8201566934585571, "accuracy": 0.8516193628311157}