{"min_auc": 0.7970056533813477, "macro_avg_auc": 0.8034651279449463, "micro_avg_auc": 0.8173397779464722, "minority_auc": 0.8051104545593262, "accuracy": 0.8533768653869629}