{"min_auc": 0.8848664164543152, "macro_avg_auc": 0.9203091859817505, "micro_avg_auc": 0.9104013442993164, "minority_auc": 0.9451141357421875, "accuracy": 0.7433818578720093}