{"min_auc": 0.6911017894744873, "macro_avg_auc": 0.7218039184808731, "micro_avg_auc": 0.7270709276199341, "minority_auc": 0.7495560050010681, "accuracy": 0.5556586384773254}