{"min_auc": 0.7462570071220398, "macro_avg_auc": 0.7540768533945084, "micro_avg_auc": 0.7722339630126953, "minority_auc": 0.756054162979126, "accuracy": 0.8322871923446655}