{"min_auc": 0.8902185559272766, "macro_avg_auc": 0.9202091693878174, "micro_avg_auc": 0.9319849014282227, "minority_auc": 0.8902185559272766, "accuracy": 0.8512160181999207}