{"min_auc": 0.7062393426895142, "macro_avg_auc": 0.7401219010353088, "micro_avg_auc": 0.741942822933197, "minority_auc": 0.750049352645874, "accuracy": 0.6725417375564575}