{"min_auc": 0.7969171404838562, "macro_avg_auc": 0.81037937104702, "micro_avg_auc": 0.820107638835907, "minority_auc": 0.8241631388664246, "accuracy": 0.8552598357200623}