{"min_auc": 0.8839600086212158, "macro_avg_auc": 0.9182697981595993, "micro_avg_auc": 0.9089203476905823, "minority_auc": 0.9424352049827576, "accuracy": 0.8582396507263184}