{"min_auc": 0.882577121257782, "macro_avg_auc": 0.9166159480810165, "micro_avg_auc": 0.90790855884552, "minority_auc": 0.9391533732414246, "accuracy": 0.8503777384757996}