{"min_auc": 0.880116879940033, "macro_avg_auc": 0.9162230789661407, "micro_avg_auc": 0.9068943858146667, "minority_auc": 0.941865861415863, "accuracy": 0.8497635126113892}