{"min_auc": 0.702168345451355, "macro_avg_auc": 0.7329947650432587, "micro_avg_auc": 0.7355355024337769, "minority_auc": 0.7525147795677185, "accuracy": 0.668367326259613}