{"min_auc": 0.6956220269203186, "macro_avg_auc": 0.7296805083751678, "micro_avg_auc": 0.730201244354248, "minority_auc": 0.742061197757721, "accuracy": 0.6781076192855835}