{"min_auc": {"mean": 0.8825878918170929, "std": 0.0004708791209487286}, "macro_avg_auc": {"mean": 0.9179135039448738, "std": 0.0006762005235629669}, "micro_avg_auc": {"mean": 0.9084809064865113, "std": 0.00038465930835096567}, "minority_auc": {"mean": 0.9434264242649079, "std": 0.0017741875213855907}, "accuracy": {"mean": 0.8556968331336975, "std": 0.0010485673860099606}}