{"min_auc": 0.8861728310585022, "macro_avg_auc": 0.9196668118238449, "micro_avg_auc": 0.9114139676094055, "minority_auc": 0.9424686431884766, "accuracy": 0.7410478591918945}