{"min_auc": 0.7043464183807373, "macro_avg_auc": 0.7340998351573944, "micro_avg_auc": 0.7385979294776917, "minority_auc": 0.7488657832145691, "accuracy": 0.6734693646430969}