{"min_auc": 0.883517324924469, "macro_avg_auc": 0.918077364563942, "micro_avg_auc": 0.9091296195983887, "minority_auc": 0.9417654871940613, "accuracy": 0.8498863577842712}