{"min_auc": 0.6986609697341919, "macro_avg_auc": 0.7334073036909103, "micro_avg_auc": 0.7344386577606201, "minority_auc": 0.7492603659629822, "accuracy": 0.6790352463722229}