{"min_auc": 0.8753491640090942, "macro_avg_auc": 0.9114919751882553, "micro_avg_auc": 0.9030690789222717, "minority_auc": 0.9302122592926025, "accuracy": 0.8485351204872131}