{"accuracy": 0.6654687523841858, "accuracy race group 0": 0.6544823050498962, "accuracy race group 1": 0.6753035187721252, "accuracy sex group 0": 0.6573011875152588, "accuracy sex group 1": 0.6988862156867981, "accuracy subgroup 0": 0.6440570950508118, "accuracy subgroup 1": 0.6931464076042175, "auc": 0.7195126414299011, "auc race group 0": 0.6946636438369751, "auc race group 1": 0.7286354899406433, "auc sex group 0": 0.7122442126274109, "auc sex group 1": 0.7291513085365295, "auc subgroup 0": 0.6818552017211914, "auc subgroup 1": 0.7360080480575562, "aucpr": 0.7043202519416809, "fn": 3064.0, "fn race group 0": 1631.0, "fn race group 1": 1433.0, "fn sex group 0": 2466.0, "fn sex group 1": 598.0, "fn subgroup 0": 1279.0, "fn subgroup 1": 352.0, "fn_th": [0.0, 0.0, 458.0, 1408.0, 2382.0, 3064.0, 3737.0, 4712.0, 5697.0, 6097.0], "fn_th race group 0": [0.0, 0.0, 323.0, 867.0, 1335.0, 1631.0, 1886.0, 2202.0, 2465.0, 2566.0], "fn_th race group 1": [0.0, 0.0, 135.0, 541.0, 1047.0, 1433.0, 1851.0, 2510.0, 3232.0, 3531.0], "fn_th sex group 0": [0.0, 0.0, 354.0, 1165.0, 1920.0, 2466.0, 3056.0, 3900.0, 4789.0, 5153.0], "fn_th sex group 1": [0.0, 0.0, 104.0, 243.0, 462.0, 598.0, 681.0, 812.0, 908.0, 944.0], "fn_th subgroup 0": [0.0, 0.0, 249.0, 712.0, 1066.0, 1279.0, 1510.0, 1761.0, 1994.0, 2083.0], "fn_th subgroup 1": [0.0, 0.0, 74.0, 155.0, 269.0, 352.0, 376.0, 441.0, 471.0, 483.0], "fnr": 0.4991040825843811, "fnr race group 0": 0.6356196403503418, "fnr race group 1": 0.4010635316371918, "fnr sex group 0": 0.4746871888637543, "fnr sex group 1": 0.633474588394165, "fnr subgroup 0": 0.6140182614326477, "fnr subgroup 1": 0.7287784814834595, "fp": 1218.0, "fp race group 0": 458.0, "fp race group 1": 760.0, "fp sex group 0": 1059.0, "fp sex group 1": 159.0, "fp subgroup 0": 416.0, "fp subgroup 1": 42.0, "fp_th": [6661.0, 6626.0, 4949.0, 2839.0, 1821.0, 1218.0, 823.0, 322.0, 90.0, 6.0], "fp_th race group 0": [3480.0, 3451.0, 2269.0, 1176.0, 709.0, 458.0, 269.0, 89.0, 30.0, 0.0], "fp_th race group 1": [3181.0, 3175.0, 2680.0, 1663.0, 1112.0, 760.0, 554.0, 233.0, 60.0, 6.0], "fp_th sex group 0": [5091.0, 5068.0, 3866.0, 2352.0, 1549.0, 1059.0, 710.0, 293.0, 90.0, 6.0], "fp_th sex group 1": [1570.0, 1558.0, 1083.0, 487.0, 272.0, 159.0, 113.0, 29.0, 0.0, 0.0], "fp_th subgroup 0": [2679.0, 2656.0, 1818.0, 1001.0, 631.0, 416.0, 245.0, 89.0, 30.0, 0.0], "fp_th subgroup 1": [801.0, 795.0, 451.0, 175.0, 78.0, 42.0, 24.0, 0.0, 0.0, 0.0], "fpr": 0.18285542726516724, "fpr race group 0": 0.13160920143127441, "fpr race group 1": 0.23891857266426086, "fpr sex group 0": 0.20801414549350739, "fpr sex group 1": 0.10127388685941696, "fpr subgroup 0": 0.15528182685375214, "fpr subgroup 1": 0.05243445560336113, "loss": 2.4372644424438477, "precision": 0.716282308101654, "precision race group 0": 0.6712132096290588, "precision race group 1": 0.7379310131072998, "precision sex group 0": 0.7204329371452332, "precision sex group 1": 0.6851485371589661, "precision subgroup 0": 0.6590163707733154, "precision subgroup 1": 0.7572254538536072, "precision_th": [0.4796093702316284, 0.4809243977069855, 0.5344308614730835, 0.6249669790267944, 0.6735389232635498, 0.716282308101654, 0.7448062300682068, 0.8158947825431824, 0.8308270573616028, 0.875], "precision_th race group 0": [0.4244128465652466, 0.42645835876464844, 0.4971188008785248, 0.5909565091133118, 0.63453608751297, 0.6712132096290588, 0.7165437340736389, 0.8035320043563843, 0.7709923386573792, 0.0], "precision_th race group 1": [0.529019832611084, 0.5294902324676514, 0.5619483590126038, 0.6457933783531189, 0.6943375468254089, 0.7379310131072998, 0.7565904855728149, 0.8202160596847534, 0.8503740429878235, 0.875], "precision_th sex group 0": [0.5050554275512695, 0.5061872601509094, 0.5559894442558289, 0.6314634680747986, 0.6788972020149231, 0.7204329371452332, 0.7507897615432739, 0.8154911994934082, 0.8185483813285828, 0.875], "precision_th sex group 1": [0.3754972219467163, 0.37729817628860474, 0.436817467212677, 0.5900673270225525, 0.6392573118209839, 0.6851485371589661, 0.6994680762290955, 0.8198757767677307, 1.0, 0.0], "precision_th subgroup 0": [0.4374212622642517, 0.4395442008972168, 0.5021905899047852, 0.5779932737350464, 0.6171116232872009, 0.6590163707733154, 0.7004889845848083, 0.7834550142288208, 0.7478991746902466, 0.0], "precision_th subgroup 1": [0.37616822123527527, 0.3779342770576477, 0.47558140754699707, 0.6520874500274658, 0.732876718044281, 0.7572254538536072, 0.8167939186096191, 1.0, 1.0, 0.0], "recall": 0.5008959174156189, "recall race group 0": 0.3643803596496582, "recall race group 1": 0.5989364385604858, "recall sex group 0": 0.5253127813339233, "recall sex group 1": 0.36652541160583496, "recall subgroup 0": 0.3859817683696747, "recall subgroup 1": 0.2712215185165405, "recall_th": [1.0, 1.0, 0.9253950119018555, 0.7706466913223267, 0.61198890209198, 0.5008959174156189, 0.39126893877983093, 0.2324482798576355, 0.0719987004995346, 0.006841504946351051], "recall_th race group 0": [1.0, 1.0, 0.8741231560707092, 0.6621200442314148, 0.47973498702049255, 0.3643803596496582, 0.26500388979911804, 0.14185503125190735, 0.03936087340116501, 0.0], "recall_th race group 1": [1.0, 1.0, 0.9622166156768799, 0.8485866189002991, 0.7069689631462097, 0.5989364385604858, 0.4819479286670685, 0.297509104013443, 0.09543801099061966, 0.011754827573895454], "recall_th sex group 0": [1.0, 1.0, 0.9318575263023376, 0.7757459282875061, 0.630413830280304, 0.5253127813339233, 0.41174206137657166, 0.24927815794944763, 0.07815206795930862, 0.008084696717560291], "recall_th sex group 1": [1.0, 1.0, 0.8898305296897888, 0.742584764957428, 0.5105932354927063, 0.36652541160583496, 0.2786017060279846, 0.13983051478862762, 0.0381355918943882, 0.0], "recall_th subgroup 0": [1.0, 1.0, 0.8804608583450317, 0.6581853032112122, 0.488238126039505, 0.3859817683696747, 0.2750840187072754, 0.15458473563194275, 0.04272683709859848, 0.0], "recall_th subgroup 1": [1.0, 1.0, 0.8467909097671509, 0.6790890097618103, 0.4430641829967499, 0.2712215185165405, 0.22153209149837494, 0.08695652335882187, 0.02484472095966339, 0.0], "tn": 5443.0, "tn race group 0": 3022.0, "tn race group 1": 2421.0, "tn sex group 0": 4032.0, "tn sex group 1": 1411.0, "tn subgroup 0": 2263.0, "tn subgroup 1": 759.0, "tn_th": [0.0, 35.0, 1712.0, 3822.0, 4840.0, 5443.0, 5838.0, 6339.0, 6571.0, 6655.0], "tn_th race group 0": [0.0, 29.0, 1211.0, 2304.0, 2771.0, 3022.0, 3211.0, 3391.0, 3450.0, 3480.0], "tn_th race group 1": [0.0, 6.0, 501.0, 1518.0, 2069.0, 2421.0, 2627.0, 2948.0, 3121.0, 3175.0], "tn_th sex group 0": [0.0, 23.0, 1225.0, 2739.0, 3542.0, 4032.0, 4381.0, 4798.0, 5001.0, 5085.0], "tn_th sex group 1": [0.0, 12.0, 487.0, 1083.0, 1298.0, 1411.0, 1457.0, 1541.0, 1570.0, 1570.0], "tn_th subgroup 0": [0.0, 23.0, 861.0, 1678.0, 2048.0, 2263.0, 2434.0, 2590.0, 2649.0, 2679.0], "tn_th subgroup 1": [0.0, 6.0, 350.0, 626.0, 723.0, 759.0, 777.0, 801.0, 801.0, 801.0], "tp": 3075.0, "tp race group 0": 935.0, "tp race group 1": 2140.0, "tp sex group 0": 2729.0, "tp sex group 1": 346.0, "tp subgroup 0": 804.0, "tp subgroup 1": 131.0, "tp_th": [6139.0, 6139.0, 5681.0, 4731.0, 3757.0, 3075.0, 2402.0, 1427.0, 442.0, 42.0], "tp_th race group 0": [2566.0, 2566.0, 2243.0, 1699.0, 1231.0, 935.0, 680.0, 364.0, 101.0, 0.0], "tp_th race group 1": [3573.0, 3573.0, 3438.0, 3032.0, 2526.0, 2140.0, 1722.0, 1063.0, 341.0, 42.0], "tp_th sex group 0": [5195.0, 5195.0, 4841.0, 4030.0, 3275.0, 2729.0, 2139.0, 1295.0, 406.0, 42.0], "tp_th sex group 1": [944.0, 944.0, 840.0, 701.0, 482.0, 346.0, 263.0, 132.0, 36.0, 0.0], "tp_th subgroup 0": [2083.0, 2083.0, 1834.0, 1371.0, 1017.0, 804.0, 573.0, 322.0, 89.0, 0.0], "tp_th subgroup 1": [483.0, 483.0, 409.0, 328.0, 214.0, 131.0, 107.0, 42.0, 12.0, 0.0], "global_step": 100.0}