{"accuracy": 0.6649218797683716, "accuracy race group 0": 0.653489887714386, "accuracy race group 1": 0.6751554608345032, "accuracy sex group 0": 0.6572039723396301, "accuracy sex group 1": 0.6964995861053467, "accuracy subgroup 0": 0.6415371894836426, "accuracy subgroup 1": 0.6978192925453186, "auc": 0.7233228087425232, "auc race group 0": 0.6948598623275757, "auc race group 1": 0.734908401966095, "auc sex group 0": 0.7161102890968323, "auc sex group 1": 0.7344812154769897, "auc subgroup 0": 0.679868221282959, "auc subgroup 1": 0.7482843995094299, "aucpr": 0.7049444317817688, "fn": 2969.0, "fn race group 0": 1577.0, "fn race group 1": 1392.0, "fn sex group 0": 2389.0, "fn sex group 1": 580.0, "fn subgroup 0": 1237.0, "fn subgroup 1": 340.0, "fn_th": [0.0, 6.0, 472.0, 1378.0, 2333.0, 2969.0, 3713.0, 4740.0, 5677.0, 6073.0], "fn_th race group 0": [0.0, 6.0, 324.0, 854.0, 1311.0, 1577.0, 1862.0, 2226.0, 2447.0, 2560.0], "fn_th race group 1": [0.0, 0.0, 148.0, 524.0, 1022.0, 1392.0, 1851.0, 2514.0, 3230.0, 3513.0], "fn_th sex group 0": [0.0, 6.0, 373.0, 1141.0, 1872.0, 2389.0, 3026.0, 3922.0, 4769.0, 5129.0], "fn_th sex group 1": [0.0, 0.0, 99.0, 237.0, 461.0, 580.0, 687.0, 818.0, 908.0, 944.0], "fn_th subgroup 0": [0.0, 6.0, 255.0, 705.0, 1042.0, 1237.0, 1492.0, 1791.0, 1976.0, 2077.0], "fn_th subgroup 1": [0.0, 0.0, 69.0, 149.0, 269.0, 340.0, 370.0, 435.0, 471.0, 483.0], "fnr": 0.4836292564868927, "fnr race group 0": 0.614575207233429, "fnr race group 1": 0.3895885944366455, "fnr sex group 0": 0.4598652422428131, "fnr sex group 1": 0.6144067645072937, "fnr subgroup 0": 0.5938550233840942, "fnr subgroup 1": 0.7039337754249573, "fp": 1320.0, "fp race group 0": 518.0, "fp race group 1": 802.0, "fp sex group 0": 1137.0, "fp sex group 1": 183.0, "fp subgroup 0": 470.0, "fp subgroup 1": 48.0, "fp_th": [6661.0, 6596.0, 4994.0, 2924.0, 1899.0, 1320.0, 799.0, 316.0, 102.0, 18.0], "fp_th race group 0": [3480.0, 3421.0, 2309.0, 1248.0, 775.0, 518.0, 287.0, 83.0, 36.0, 0.0], "fp_th race group 1": [3181.0, 3175.0, 2685.0, 1676.0, 1124.0, 802.0, 512.0, 233.0, 66.0, 18.0], "fp_th sex group 0": [5091.0, 5044.0, 3923.0, 2400.0, 1621.0, 1137.0, 692.0, 287.0, 96.0, 18.0], "fp_th sex group 1": [1570.0, 1552.0, 1071.0, 524.0, 278.0, 183.0, 107.0, 29.0, 6.0, 0.0], "fp_th subgroup 0": [2679.0, 2632.0, 1858.0, 1061.0, 691.0, 470.0, 257.0, 83.0, 36.0, 0.0], "fp_th subgroup 1": [801.0, 789.0, 451.0, 187.0, 84.0, 48.0, 30.0, 0.0, 0.0, 0.0], "fpr": 0.19816844165325165, "fpr race group 0": 0.14885057508945465, "fpr race group 1": 0.2521219849586487, "fpr sex group 0": 0.22333529591560364, "fpr sex group 1": 0.11656051129102707, "fpr subgroup 0": 0.17543859779834747, "fpr subgroup 1": 0.05992509424686432, "loss": 2.4290544986724854, "precision": 0.7060133814811707, "precision race group 0": 0.6562707424163818, "precision race group 1": 0.7311431169509888, "precision sex group 0": 0.7116408944129944, "precision sex group 1": 0.6654478907585144, "precision subgroup 0": 0.6428571343421936, "precision subgroup 1": 0.7486910820007324, "precision_th": [0.4796093702316284, 0.4818131923675537, 0.5315636396408081, 0.619518518447876, 0.6671341061592102, 0.7060133814811707, 0.7522480487823486, 0.8157434463500977, 0.8191489577293396, 0.7857142686843872], "precision_th race group 0": [0.4244128465652466, 0.4280220568180084, 0.4926389753818512, 0.5783783793449402, 0.6182265877723694, 0.6562707424163818, 0.7103935480117798, 0.8037825226783752, 0.7677419185638428, 1.0], "precision_th race group 1": [0.529019832611084, 0.5294902324676514, 0.5605564713478088, 0.6452910304069519, 0.6941496729850769, 0.7311431169509888, 0.7708146572113037, 0.8196594715118408, 0.8386307954788208, 0.7692307829856873], "precision_th sex group 0": [0.5050554275512695, 0.5070849061012268, 0.5514007806777954, 0.6281375885009766, 0.6721278429031372, 0.7116408944129944, 0.7581265568733215, 0.8160256147384644, 0.8160919547080994, 0.7857142686843872], "precision_th sex group 1": [0.3754972219467163, 0.3782051205635071, 0.44102296233177185, 0.5743297934532166, 0.6346911787986755, 0.6654478907585144, 0.7060439586639404, 0.8129032254219055, 0.8571428656578064, 0.0], "precision_th subgroup 0": [0.4374212622642517, 0.4410702884197235, 0.495930552482605, 0.5649856328964233, 0.6010392904281616, 0.6428571343421936, 0.6969339847564697, 0.7786666750907898, 0.748251736164093, 1.0], "precision_th subgroup 1": [0.37616822123527527, 0.37971699237823486, 0.4786127209663391, 0.6410748362541199, 0.718120813369751, 0.7486910820007324, 0.7902097702026367, 1.0, 1.0, 0.0], "recall": 0.5163707733154297, "recall race group 0": 0.38542479276657104, "recall race group 1": 0.6104114055633545, "recall sex group 0": 0.5401347279548645, "recall sex group 1": 0.3855932056903839, "recall subgroup 0": 0.40614497661590576, "recall subgroup 1": 0.2960662543773651, "recall_th": [1.0, 0.9990226626396179, 0.923114538192749, 0.7755334973335266, 0.6199706792831421, 0.5163707733154297, 0.3951783776283264, 0.22788727283477783, 0.07525655627250671, 0.010750936344265938], "recall_th race group 0": [1.0, 0.9976617097854614, 0.8737334609031677, 0.6671862602233887, 0.4890880882740021, 0.38542479276657104, 0.2743569612503052, 0.13250194489955902, 0.04637568071484566, 0.0023382697254419327], "recall_th race group 1": [1.0, 1.0, 0.9585782289505005, 0.8533445000648499, 0.7139658331871033, 0.6104114055633545, 0.4819479286670685, 0.2963895797729492, 0.09599775820970535, 0.01679261215031147], "recall_th sex group 0": [1.0, 0.9988450407981873, 0.9282001852989197, 0.7803657650947571, 0.6396535038948059, 0.5401347279548645, 0.4175168573856354, 0.2450433075428009, 0.08200192451477051, 0.012704523280262947], "recall_th sex group 1": [1.0, 1.0, 0.8951271176338196, 0.7489407062530518, 0.5116525292396545, 0.3855932056903839, 0.27224576473236084, 0.13347457349300385, 0.0381355918943882, 0.0], "recall_th subgroup 0": [1.0, 0.9971195459365845, 0.8775804042816162, 0.6615458726882935, 0.4997599720954895, 0.40614497661590576, 0.28372541069984436, 0.14018243551254272, 0.051368217915296555, 0.0028804608155041933], "recall_th subgroup 1": [1.0, 1.0, 0.8571428656578064, 0.6915113925933838, 0.4430641829967499, 0.2960662543773651, 0.23395444452762604, 0.09937888383865356, 0.02484472095966339, 0.0], "tn": 5341.0, "tn race group 0": 2962.0, "tn race group 1": 2379.0, "tn sex group 0": 3954.0, "tn sex group 1": 1387.0, "tn subgroup 0": 2209.0, "tn subgroup 1": 753.0, "tn_th": [0.0, 65.0, 1667.0, 3737.0, 4762.0, 5341.0, 5862.0, 6345.0, 6559.0, 6643.0], "tn_th race group 0": [0.0, 59.0, 1171.0, 2232.0, 2705.0, 2962.0, 3193.0, 3397.0, 3444.0, 3480.0], "tn_th race group 1": [0.0, 6.0, 496.0, 1505.0, 2057.0, 2379.0, 2669.0, 2948.0, 3115.0, 3163.0], "tn_th sex group 0": [0.0, 47.0, 1168.0, 2691.0, 3470.0, 3954.0, 4399.0, 4804.0, 4995.0, 5073.0], "tn_th sex group 1": [0.0, 18.0, 499.0, 1046.0, 1292.0, 1387.0, 1463.0, 1541.0, 1564.0, 1570.0], "tn_th subgroup 0": [0.0, 47.0, 821.0, 1618.0, 1988.0, 2209.0, 2422.0, 2596.0, 2643.0, 2679.0], "tn_th subgroup 1": [0.0, 12.0, 350.0, 614.0, 717.0, 753.0, 771.0, 801.0, 801.0, 801.0], "tp": 3170.0, "tp race group 0": 989.0, "tp race group 1": 2181.0, "tp sex group 0": 2806.0, "tp sex group 1": 364.0, "tp subgroup 0": 846.0, "tp subgroup 1": 143.0, "tp_th": [6139.0, 6133.0, 5667.0, 4761.0, 3806.0, 3170.0, 2426.0, 1399.0, 462.0, 66.0], "tp_th race group 0": [2566.0, 2560.0, 2242.0, 1712.0, 1255.0, 989.0, 704.0, 340.0, 119.0, 6.0], "tp_th race group 1": [3573.0, 3573.0, 3425.0, 3049.0, 2551.0, 2181.0, 1722.0, 1059.0, 343.0, 60.0], "tp_th sex group 0": [5195.0, 5189.0, 4822.0, 4054.0, 3323.0, 2806.0, 2169.0, 1273.0, 426.0, 66.0], "tp_th sex group 1": [944.0, 944.0, 845.0, 707.0, 483.0, 364.0, 257.0, 126.0, 36.0, 0.0], "tp_th subgroup 0": [2083.0, 2077.0, 1828.0, 1378.0, 1041.0, 846.0, 591.0, 292.0, 107.0, 6.0], "tp_th subgroup 1": [483.0, 483.0, 414.0, 334.0, 214.0, 143.0, 113.0, 48.0, 12.0, 0.0], "global_step": 100.0}