{"accuracy": 0.6686718463897705, "accuracy race group 0": 0.6574594974517822, "accuracy race group 1": 0.6787089109420776, "accuracy sex group 0": 0.6601205468177795, "accuracy sex group 1": 0.7036595344543457, "accuracy subgroup 0": 0.6490970253944397, "accuracy subgroup 1": 0.6884735226631165, "auc": 0.7205878496170044, "auc race group 0": 0.6972797513008118, "auc race group 1": 0.7288814783096313, "auc sex group 0": 0.713400661945343, "auc sex group 1": 0.7303033471107483, "auc subgroup 0": 0.6808216571807861, "auc subgroup 1": 0.7552335262298584, "aucpr": 0.7025777697563171, "fn": 3047.0, "fn race group 0": 1607.0, "fn race group 1": 1440.0, "fn sex group 0": 2461.0, "fn sex group 1": 586.0, "fn subgroup 0": 1255.0, "fn subgroup 1": 352.0, "fn_th": [0.0, 0.0, 471.0, 1426.0, 2376.0, 3047.0, 3777.0, 4712.0, 5598.0, 6025.0], "fn_th race group 0": [0.0, 0.0, 323.0, 884.0, 1341.0, 1607.0, 1910.0, 2220.0, 2429.0, 2536.0], "fn_th race group 1": [0.0, 0.0, 148.0, 542.0, 1035.0, 1440.0, 1867.0, 2492.0, 3169.0, 3489.0], "fn_th sex group 0": [0.0, 0.0, 367.0, 1159.0, 1908.0, 2461.0, 3096.0, 3888.0, 4702.0, 5087.0], "fn_th sex group 1": [0.0, 0.0, 104.0, 267.0, 468.0, 586.0, 681.0, 824.0, 896.0, 938.0], "fn_th subgroup 0": [0.0, 0.0, 249.0, 723.0, 1054.0, 1255.0, 1534.0, 1779.0, 1964.0, 2059.0], "fn_th subgroup 1": [0.0, 0.0, 74.0, 161.0, 287.0, 352.0, 376.0, 441.0, 465.0, 477.0], "fnr": 0.49633491039276123, "fnr race group 0": 0.6262665390968323, "fnr race group 1": 0.4030226767063141, "fnr sex group 0": 0.47372472286224365, "fnr sex group 1": 0.6207627058029175, "fnr subgroup 0": 0.6024963855743408, "fnr subgroup 1": 0.7287784814834595, "fp": 1194.0, "fp race group 0": 464.0, "fp race group 1": 730.0, "fp sex group 0": 1035.0, "fp sex group 1": 159.0, "fp subgroup 0": 416.0, "fp subgroup 1": 48.0, "fp_th": [6661.0, 6626.0, 5008.0, 2870.0, 1850.0, 1194.0, 780.0, 334.0, 107.0, 30.0], "fp_th race group 0": [3480.0, 3445.0, 2334.0, 1206.0, 727.0, 464.0, 256.0, 89.0, 30.0, 6.0], "fp_th race group 1": [3181.0, 3181.0, 2674.0, 1664.0, 1123.0, 730.0, 524.0, 245.0, 77.0, 24.0], "fp_th sex group 0": [5091.0, 5062.0, 3930.0, 2353.0, 1584.0, 1035.0, 679.0, 311.0, 102.0, 30.0], "fp_th sex group 1": [1570.0, 1564.0, 1078.0, 517.0, 266.0, 159.0, 101.0, 23.0, 5.0, 0.0], "fp_th subgroup 0": [2679.0, 2650.0, 1870.0, 1013.0, 637.0, 416.0, 232.0, 89.0, 30.0, 6.0], "fp_th subgroup 1": [801.0, 795.0, 464.0, 193.0, 90.0, 48.0, 24.0, 0.0, 0.0, 0.0], "fpr": 0.17925237119197845, "fpr race group 0": 0.13333334028720856, "fpr race group 1": 0.2294875830411911, "fpr sex group 0": 0.20329993963241577, "fpr sex group 1": 0.10127388685941696, "fpr subgroup 0": 0.15528182685375214, "fpr subgroup 1": 0.05992509424686432, "loss": 2.442201852798462, "precision": 0.721418559551239, "precision race group 0": 0.6739283204078674, "precision race group 1": 0.745022714138031, "precision sex group 0": 0.7253913283348083, "precision sex group 1": 0.6924564838409424, "precision subgroup 0": 0.6655948758125305, "precision subgroup 1": 0.7318435907363892, "precision_th": [0.4796093702316284, 0.4809243977069855, 0.5309104323387146, 0.6215218305587769, 0.6704080104827881, 0.721418559551239, 0.7517504692077637, 0.8103350400924683, 0.834876537322998, 0.7916666865348816], "precision_th race group 0": [0.4244128465652466, 0.4268840551376343, 0.4900589883327484, 0.5824099779129028, 0.6275614500045776, 0.6739283204078674, 0.719298243522644, 0.7954022884368896, 0.8203592896461487, 0.8333333134651184], "precision_th race group 1": [0.529019832611084, 0.529019832611084, 0.561567485332489, 0.6455804109573364, 0.693253219127655, 0.745022714138031, 0.7650223970413208, 0.8152337670326233, 0.8399168252944946, 0.7777777910232544], "precision_th sex group 0": [0.5050554275512695, 0.5064833760261536, 0.5512673854827881, 0.6317107677459717, 0.6748101115226746, 0.7253913283348083, 0.7555795311927795, 0.8077874183654785, 0.8285714387893677, 0.782608687877655], "precision_th sex group 1": [0.3754972219467163, 0.3763955235481262, 0.43795621395111084, 0.5670017004013062, 0.6415094137191772, 0.6924564838409424, 0.7225274443626404, 0.8391608595848083, 0.9056603908538818, 1.0], "precision_th subgroup 0": [0.4374212622642517, 0.44010141491889954, 0.49514040350914, 0.5731142163276672, 0.6176470518112183, 0.6655948758125305, 0.7029449343681335, 0.7735369205474854, 0.7986577153205872, 0.800000011920929], "precision_th subgroup 1": [0.37616822123527527, 0.3779342770576477, 0.46849942207336426, 0.6252427101135254, 0.6853147149085999, 0.7318435907363892, 0.8167939186096191, 1.0, 1.0, 1.0], "recall": 0.5036650896072388, "recall race group 0": 0.37373343110084534, "recall race group 1": 0.5969773530960083, "recall sex group 0": 0.5262752771377563, "recall sex group 1": 0.3792372941970825, "recall subgroup 0": 0.3975036144256592, "recall subgroup 1": 0.2712215185165405, "recall_th": [1.0, 1.0, 0.9232773780822754, 0.7677146196365356, 0.6129662990570068, 0.5036650896072388, 0.3847532272338867, 0.2324482798576355, 0.08812510222196579, 0.01856979914009571], "recall_th race group 0": [1.0, 1.0, 0.8741231560707092, 0.6554949283599854, 0.47739672660827637, 0.37373343110084534, 0.2556508183479309, 0.1348402202129364, 0.053390491753816605, 0.011691348627209663], "recall_th race group 1": [1.0, 1.0, 0.9585782289505005, 0.8483067154884338, 0.7103274464607239, 0.5969773530960083, 0.47746992111206055, 0.302546888589859, 0.11307024955749512, 0.02350965514779091], "recall_th sex group 0": [1.0, 1.0, 0.9293551445007324, 0.7769008874893188, 0.6327237486839294, 0.5262752771377563, 0.4040423631668091, 0.2515880763530731, 0.09489893913269043, 0.020789220929145813], "recall_th sex group 1": [1.0, 1.0, 0.8898305296897888, 0.7171609997749329, 0.5042372941970825, 0.3792372941970825, 0.2786017060279846, 0.12711864709854126, 0.050847455859184265, 0.006355931982398033], "recall_th subgroup 0": [1.0, 1.0, 0.8804608583450317, 0.6529044508934021, 0.49399903416633606, 0.3975036144256592, 0.2635621726512909, 0.14594334363937378, 0.0571291409432888, 0.011521843262016773], "recall_th subgroup 1": [1.0, 1.0, 0.8467909097671509, 0.6666666865348816, 0.4057970941066742, 0.2712215185165405, 0.22153209149837494, 0.08695652335882187, 0.03726708143949509, 0.012422360479831696], "tn": 5467.0, "tn race group 0": 3016.0, "tn race group 1": 2451.0, "tn sex group 0": 4056.0, "tn sex group 1": 1411.0, "tn subgroup 0": 2263.0, "tn subgroup 1": 753.0, "tn_th": [0.0, 35.0, 1653.0, 3791.0, 4811.0, 5467.0, 5881.0, 6327.0, 6554.0, 6631.0], "tn_th race group 0": [0.0, 35.0, 1146.0, 2274.0, 2753.0, 3016.0, 3224.0, 3391.0, 3450.0, 3474.0], "tn_th race group 1": [0.0, 0.0, 507.0, 1517.0, 2058.0, 2451.0, 2657.0, 2936.0, 3104.0, 3157.0], "tn_th sex group 0": [0.0, 29.0, 1161.0, 2738.0, 3507.0, 4056.0, 4412.0, 4780.0, 4989.0, 5061.0], "tn_th sex group 1": [0.0, 6.0, 492.0, 1053.0, 1304.0, 1411.0, 1469.0, 1547.0, 1565.0, 1570.0], "tn_th subgroup 0": [0.0, 29.0, 809.0, 1666.0, 2042.0, 2263.0, 2447.0, 2590.0, 2649.0, 2673.0], "tn_th subgroup 1": [0.0, 6.0, 337.0, 608.0, 711.0, 753.0, 777.0, 801.0, 801.0, 801.0], "tp": 3092.0, "tp race group 0": 959.0, "tp race group 1": 2133.0, "tp sex group 0": 2734.0, "tp sex group 1": 358.0, "tp subgroup 0": 828.0, "tp subgroup 1": 131.0, "tp_th": [6139.0, 6139.0, 5668.0, 4713.0, 3763.0, 3092.0, 2362.0, 1427.0, 541.0, 114.0], "tp_th race group 0": [2566.0, 2566.0, 2243.0, 1682.0, 1225.0, 959.0, 656.0, 346.0, 137.0, 30.0], "tp_th race group 1": [3573.0, 3573.0, 3425.0, 3031.0, 2538.0, 2133.0, 1706.0, 1081.0, 404.0, 84.0], "tp_th sex group 0": [5195.0, 5195.0, 4828.0, 4036.0, 3287.0, 2734.0, 2099.0, 1307.0, 493.0, 108.0], "tp_th sex group 1": [944.0, 944.0, 840.0, 677.0, 476.0, 358.0, 263.0, 120.0, 48.0, 6.0], "tp_th subgroup 0": [2083.0, 2083.0, 1834.0, 1360.0, 1029.0, 828.0, 549.0, 304.0, 119.0, 24.0], "tp_th subgroup 1": [483.0, 483.0, 409.0, 322.0, 196.0, 131.0, 107.0, 42.0, 18.0, 6.0], "global_step": 100.0}