{"accuracy": 0.6653125286102295, "accuracy race group 0": 0.6632484197616577, "accuracy race group 1": 0.6671602129936218, "accuracy sex group 0": 0.6589539051055908, "accuracy sex group 1": 0.6913285851478577, "accuracy subgroup 0": 0.6553968787193298, "accuracy subgroup 1": 0.6923676133155823, "auc": 0.7241259217262268, "auc race group 0": 0.699508786201477, "auc race group 1": 0.7333298325538635, "auc sex group 0": 0.7163323760032654, "auc sex group 1": 0.737376868724823, "auc subgroup 0": 0.6858540773391724, "auc subgroup 1": 0.7454540729522705, "aucpr": 0.7065920829772949, "fn": 3077.0, "fn race group 0": 1584.0, "fn race group 1": 1493.0, "fn sex group 0": 2467.0, "fn sex group 1": 610.0, "fn subgroup 0": 1237.0, "fn subgroup 1": 347.0, "fn_th": [0.0, 0.0, 536.0, 1403.0, 2356.0, 3077.0, 3809.0, 4789.0, 5688.0, 6079.0], "fn_th race group 0": [0.0, 0.0, 383.0, 867.0, 1322.0, 1584.0, 1904.0, 2238.0, 2447.0, 2554.0], "fn_th race group 1": [0.0, 0.0, 153.0, 536.0, 1034.0, 1493.0, 1905.0, 2551.0, 3241.0, 3525.0], "fn_th sex group 0": [0.0, 0.0, 432.0, 1154.0, 1889.0, 2467.0, 3104.0, 3959.0, 4780.0, 5135.0], "fn_th sex group 1": [0.0, 0.0, 104.0, 249.0, 467.0, 610.0, 705.0, 830.0, 908.0, 944.0], "fn_th subgroup 0": [0.0, 0.0, 309.0, 706.0, 1053.0, 1237.0, 1522.0, 1791.0, 1976.0, 2071.0], "fn_th subgroup 1": [0.0, 0.0, 74.0, 161.0, 269.0, 347.0, 382.0, 447.0, 471.0, 483.0], "fnr": 0.5012217164039612, "fnr race group 0": 0.617303192615509, "fnr race group 1": 0.4178561568260193, "fnr sex group 0": 0.4748796820640564, "fnr sex group 1": 0.6461864113807678, "fnr subgroup 0": 0.5938550233840942, "fnr subgroup 1": 0.718426525592804, "fp": 1207.0, "fp race group 0": 452.0, "fp race group 1": 755.0, "fp sex group 0": 1041.0, "fp sex group 1": 166.0, "fp subgroup 0": 404.0, "fp subgroup 1": 48.0, "fp_th": [6661.0, 6644.0, 4937.0, 2780.0, 1845.0, 1207.0, 733.0, 292.0, 90.0, 18.0], "fp_th race group 0": [3480.0, 3463.0, 2269.0, 1182.0, 751.0, 452.0, 251.0, 83.0, 30.0, 0.0], "fp_th race group 1": [3181.0, 3181.0, 2668.0, 1598.0, 1094.0, 755.0, 482.0, 209.0, 60.0, 18.0], "fp_th sex group 0": [5091.0, 5074.0, 3872.0, 2281.0, 1585.0, 1041.0, 632.0, 263.0, 90.0, 18.0], "fp_th sex group 1": [1570.0, 1570.0, 1065.0, 499.0, 260.0, 166.0, 101.0, 29.0, 0.0, 0.0], "fp_th subgroup 0": [2679.0, 2662.0, 1812.0, 995.0, 667.0, 404.0, 227.0, 83.0, 30.0, 0.0], "fp_th subgroup 1": [801.0, 801.0, 457.0, 187.0, 84.0, 48.0, 24.0, 0.0, 0.0, 0.0], "fpr": 0.18120402097702026, "fpr race group 0": 0.12988506257534027, "fpr race group 1": 0.23734675347805023, "fpr sex group 0": 0.20447848737239838, "fpr sex group 1": 0.10573248565196991, "fpr subgroup 0": 0.15080253779888153, "fpr subgroup 1": 0.05992509424686432, "loss": 2.435809850692749, "precision": 0.7172639966011047, "precision race group 0": 0.6847977638244629, "precision race group 1": 0.733686089515686, "precision sex group 0": 0.7237994074821472, "precision sex group 1": 0.6679999828338623, "precision subgroup 0": 0.676800012588501, "precision subgroup 1": 0.739130437374115, "precision_th": [0.4796093702316284, 0.4802471995353699, 0.531593918800354, 0.6301224231719971, 0.6721748113632202, 0.7172639966011047, 0.7606921195983887, 0.8221681118011475, 0.8336414098739624, 0.7692307829856873], "precision_th race group 0": [0.4244128465652466, 0.4256095588207245, 0.4903414249420166, 0.5897257924079895, 0.6235588788986206, 0.6847977638244629, 0.7250821590423584, 0.798053503036499, 0.7986577153205872, 1.0], "precision_th race group 1": [0.529019832611084, 0.529019832611084, 0.5617608428001404, 0.6552319526672363, 0.6988714337348938, 0.733686089515686, 0.7758139371871948, 0.8302193284034729, 0.8469387888908386, 0.7272727489471436], "precision_th sex group 0": [0.5050554275512695, 0.5058915019035339, 0.5515923500061035, 0.6391964554786682, 0.6759353876113892, 0.7237994074821472, 0.7679030299186707, 0.824549674987793, 0.8217821717262268, 0.7692307829856873], "precision_th sex group 1": [0.3754972219467163, 0.3754972219467163, 0.4409448802471161, 0.5820770263671875, 0.6472184658050537, 0.6679999828338623, 0.7029411792755127, 0.7972028255462646, 1.0, 0.0], "precision_th subgroup 0": [0.4374212622642517, 0.43898841738700867, 0.494701623916626, 0.5805227756500244, 0.6069534420967102, 0.676800012588501, 0.7119289636611938, 0.7786666750907898, 0.7810218930244446, 1.0], "precision_th subgroup 1": [0.37616822123527527, 0.37616822123527527, 0.4722863733768463, 0.632612943649292, 0.718120813369751, 0.739130437374115, 0.8080000281333923, 1.0, 1.0, 0.0], "recall": 0.4987783133983612, "recall race group 0": 0.38269680738449097, "recall race group 1": 0.5821438431739807, "recall sex group 0": 0.5251203179359436, "recall sex group 1": 0.3538135588169098, "recall subgroup 0": 0.40614497661590576, "recall subgroup 1": 0.28157350420951843, "recall_th": [1.0, 1.0, 0.9126893877983093, 0.7714611291885376, 0.6162241697311401, 0.4987783133983612, 0.37954065203666687, 0.2199055254459381, 0.07346473634243011, 0.009773578494787216], "recall_th race group 0": [1.0, 1.0, 0.8507404327392578, 0.6621200442314148, 0.4848012328147888, 0.38269680738449097, 0.2579890787601471, 0.12782540917396545, 0.04637568071484566, 0.004676539450883865], "recall_th race group 1": [1.0, 1.0, 0.9571788311004639, 0.8499860167503357, 0.7106073498725891, 0.5821438431739807, 0.4668346047401428, 0.28603413701057434, 0.09291911870241165, 0.013434088788926601], "recall_th sex group 0": [1.0, 1.0, 0.9168431162834167, 0.7778633236885071, 0.6363811492919922, 0.5251203179359436, 0.4025024175643921, 0.2379210740327835, 0.07988450676202774, 0.011549566872417927], "recall_th sex group 1": [1.0, 1.0, 0.8898305296897888, 0.7362288236618042, 0.5052965879440308, 0.3538135588169098, 0.2531779706478119, 0.12076271325349808, 0.0381355918943882, 0.0], "recall_th subgroup 0": [1.0, 1.0, 0.8516562581062317, 0.6610657572746277, 0.49447911977767944, 0.40614497661590576, 0.26932308077812195, 0.14018243551254272, 0.051368217915296555, 0.005760921631008387], "recall_th subgroup 1": [1.0, 1.0, 0.8467909097671509, 0.6666666865348816, 0.4430641829967499, 0.28157350420951843, 0.20910972356796265, 0.07453416287899017, 0.02484472095966339, 0.0], "tn": 5454.0, "tn race group 0": 3028.0, "tn race group 1": 2426.0, "tn sex group 0": 4050.0, "tn sex group 1": 1404.0, "tn subgroup 0": 2275.0, "tn subgroup 1": 753.0, "tn_th": [0.0, 17.0, 1724.0, 3881.0, 4816.0, 5454.0, 5928.0, 6369.0, 6571.0, 6643.0], "tn_th race group 0": [0.0, 17.0, 1211.0, 2298.0, 2729.0, 3028.0, 3229.0, 3397.0, 3450.0, 3480.0], "tn_th race group 1": [0.0, 0.0, 513.0, 1583.0, 2087.0, 2426.0, 2699.0, 2972.0, 3121.0, 3163.0], "tn_th sex group 0": [0.0, 17.0, 1219.0, 2810.0, 3506.0, 4050.0, 4459.0, 4828.0, 5001.0, 5073.0], "tn_th sex group 1": [0.0, 0.0, 505.0, 1071.0, 1310.0, 1404.0, 1469.0, 1541.0, 1570.0, 1570.0], "tn_th subgroup 0": [0.0, 17.0, 867.0, 1684.0, 2012.0, 2275.0, 2452.0, 2596.0, 2649.0, 2679.0], "tn_th subgroup 1": [0.0, 0.0, 344.0, 614.0, 717.0, 753.0, 777.0, 801.0, 801.0, 801.0], "tp": 3062.0, "tp race group 0": 982.0, "tp race group 1": 2080.0, "tp sex group 0": 2728.0, "tp sex group 1": 334.0, "tp subgroup 0": 846.0, "tp subgroup 1": 136.0, "tp_th": [6139.0, 6139.0, 5603.0, 4736.0, 3783.0, 3062.0, 2330.0, 1350.0, 451.0, 60.0], "tp_th race group 0": [2566.0, 2566.0, 2183.0, 1699.0, 1244.0, 982.0, 662.0, 328.0, 119.0, 12.0], "tp_th race group 1": [3573.0, 3573.0, 3420.0, 3037.0, 2539.0, 2080.0, 1668.0, 1022.0, 332.0, 48.0], "tp_th sex group 0": [5195.0, 5195.0, 4763.0, 4041.0, 3306.0, 2728.0, 2091.0, 1236.0, 415.0, 60.0], "tp_th sex group 1": [944.0, 944.0, 840.0, 695.0, 477.0, 334.0, 239.0, 114.0, 36.0, 0.0], "tp_th subgroup 0": [2083.0, 2083.0, 1774.0, 1377.0, 1030.0, 846.0, 561.0, 292.0, 107.0, 12.0], "tp_th subgroup 1": [483.0, 483.0, 409.0, 322.0, 214.0, 136.0, 101.0, 36.0, 12.0, 0.0], "global_step": 100.0}