{"accuracy": 0.6603124737739563, "accuracy race group 0": 0.6584518551826477, "accuracy race group 1": 0.6619780659675598, "accuracy sex group 0": 0.6508846879005432, "accuracy sex group 1": 0.6988862156867981, "accuracy subgroup 0": 0.6478370428085327, "accuracy subgroup 1": 0.6978192925453186, "auc": 0.722322940826416, "auc race group 0": 0.6968243718147278, "auc race group 1": 0.7330460548400879, "auc sex group 0": 0.7171652317047119, "auc sex group 1": 0.7204958200454712, "auc subgroup 0": 0.6862491369247437, "auc subgroup 1": 0.7291519641876221, "aucpr": 0.7093344330787659, "fn": 3212.0, "fn race group 0": 1648.0, "fn race group 1": 1564.0, "fn sex group 0": 2597.0, "fn sex group 1": 615.0, "fn subgroup 0": 1296.0, "fn subgroup 1": 352.0, "fn_th": [0.0, 0.0, 542.0, 1556.0, 2560.0, 3212.0, 3901.0, 4879.0, 5633.0, 6067.0], "fn_th race group 0": [0.0, 0.0, 382.0, 931.0, 1412.0, 1648.0, 1958.0, 2262.0, 2429.0, 2554.0], "fn_th race group 1": [0.0, 0.0, 160.0, 625.0, 1148.0, 1564.0, 1943.0, 2617.0, 3204.0, 3513.0], "fn_th sex group 0": [0.0, 0.0, 433.0, 1271.0, 2057.0, 2597.0, 3202.0, 4037.0, 4725.0, 5123.0], "fn_th sex group 1": [0.0, 0.0, 109.0, 285.0, 503.0, 615.0, 699.0, 842.0, 908.0, 944.0], "fn_th subgroup 0": [0.0, 0.0, 303.0, 758.0, 1107.0, 1296.0, 1576.0, 1809.0, 1958.0, 2071.0], "fn_th subgroup 1": [0.0, 0.0, 79.0, 173.0, 305.0, 352.0, 382.0, 453.0, 471.0, 483.0], "fnr": 0.5232122540473938, "fnr race group 0": 0.6422447562217712, "fnr race group 1": 0.4377273917198181, "fnr sex group 0": 0.49990376830101013, "fnr sex group 1": 0.6514830589294434, "fnr subgroup 0": 0.6221795678138733, "fnr subgroup 1": 0.7287784814834595, "fp": 1136.0, "fp race group 0": 417.0, "fp race group 1": 719.0, "fp sex group 0": 994.0, "fp sex group 1": 142.0, "fp subgroup 0": 381.0, "fp subgroup 1": 36.0, "fp_th": [6661.0, 6644.0, 4841.0, 2608.0, 1664.0, 1136.0, 721.0, 280.0, 72.0, 18.0], "fp_th race group 0": [3480.0, 3463.0, 2210.0, 1063.0, 642.0, 417.0, 233.0, 77.0, 30.0, 0.0], "fp_th race group 1": [3181.0, 3181.0, 2631.0, 1545.0, 1022.0, 719.0, 488.0, 203.0, 42.0, 18.0], "fp_th sex group 0": [5091.0, 5074.0, 3811.0, 2126.0, 1417.0, 994.0, 626.0, 257.0, 72.0, 18.0], "fp_th sex group 1": [1570.0, 1570.0, 1030.0, 482.0, 247.0, 142.0, 95.0, 23.0, 0.0, 0.0], "fp_th subgroup 0": [2679.0, 2662.0, 1782.0, 905.0, 565.0, 381.0, 209.0, 77.0, 30.0, 0.0], "fp_th subgroup 1": [801.0, 801.0, 428.0, 158.0, 77.0, 36.0, 24.0, 0.0, 0.0, 0.0], "fpr": 0.17054496705532074, "fpr race group 0": 0.11982758343219757, "fpr race group 1": 0.22602954506874084, "fpr sex group 0": 0.19524651765823364, "fpr sex group 1": 0.0904458612203598, "fpr subgroup 0": 0.1422172486782074, "fpr subgroup 1": 0.04494382068514824, "loss": 2.457779884338379, "precision": 0.7204036712646484, "precision race group 0": 0.6876404285430908, "precision race group 1": 0.7364369630813599, "precision sex group 0": 0.7232739329338074, "precision sex group 1": 0.6985138058662415, "precision subgroup 0": 0.6738013625144958, "precision subgroup 1": 0.7844311594963074, "precision_th": [0.4796093702316284, 0.4802471995353699, 0.5362138152122498, 0.6373244524002075, 0.6826244592666626, 0.7204036712646484, 0.7563366293907166, 0.8181818127632141, 0.875432550907135, 0.800000011920929], "precision_th race group 0": [0.4244128465652466, 0.4256095588207245, 0.4970414340496063, 0.6060044765472412, 0.6425389647483826, 0.6876404285430908, 0.7229488492012024, 0.7979002594947815, 0.8203592896461487, 1.0], "precision_th race group 1": [0.529019832611084, 0.529019832611084, 0.5646922588348389, 0.6561317443847656, 0.7035102844238281, 0.7364369630813599, 0.7695939540863037, 0.824849009513855, 0.8978102207183838, 0.7692307829856873], "precision_th sex group 0": [0.5050554275512695, 0.5058915019035339, 0.5554648041725159, 0.6485950350761414, 0.6889132857322693, 0.7232739329338074, 0.7609774470329285, 0.8183745741844177, 0.8671586513519287, 0.800000011920929], "precision_th sex group 1": [0.3754972219467163, 0.3754972219467163, 0.4477211833000183, 0.5775635242462158, 0.6409883499145508, 0.6985138058662415, 0.720588207244873, 0.8159999847412109, 1.0, 0.0], "precision_th subgroup 0": [0.4374212622642517, 0.43898841738700867, 0.4997192621231079, 0.5941703915596008, 0.6333549618721008, 0.6738013625144958, 0.7081005573272705, 0.7806267738342285, 0.8064516186714172, 1.0], "precision_th subgroup 1": [0.37616822123527527, 0.37616822123527527, 0.48557692766189575, 0.6623931527137756, 0.6980392336845398, 0.7844311594963074, 0.8080000281333923, 1.0, 1.0, 0.0], "recall": 0.4767877459526062, "recall race group 0": 0.35775527358055115, "recall race group 1": 0.5622726082801819, "recall sex group 0": 0.5000962615013123, "recall sex group 1": 0.34851694107055664, "recall subgroup 0": 0.3778204619884491, "recall subgroup 1": 0.2712215185165405, "recall_th": [1.0, 1.0, 0.9117119908332825, 0.746538519859314, 0.5829939842224121, 0.4767877459526062, 0.3645544946193695, 0.20524515211582184, 0.0824238508939743, 0.01172829419374466], "recall_th race group 0": [1.0, 1.0, 0.8511301875114441, 0.6371784806251526, 0.44972720742225647, 0.35775527358055115, 0.23694466054439545, 0.11847233027219772, 0.053390491753816605, 0.004676539450883865], "recall_th race group 1": [1.0, 1.0, 0.9552196860313416, 0.8250769376754761, 0.6787014007568359, 0.5622726082801819, 0.4561992585659027, 0.26756227016448975, 0.10327456146478653, 0.01679261215031147], "recall_th sex group 0": [1.0, 1.0, 0.916650652885437, 0.755341649055481, 0.6040423512458801, 0.5000962615013123, 0.3836381137371063, 0.22290663421154022, 0.09047161042690277, 0.013859480619430542], "recall_th sex group 1": [1.0, 1.0, 0.8845338821411133, 0.6980932354927063, 0.46716102957725525, 0.34851694107055664, 0.25953391194343567, 0.10805084556341171, 0.0381355918943882, 0.0], "recall_th subgroup 0": [1.0, 1.0, 0.8545367121696472, 0.6361017823219299, 0.4685549736022949, 0.3778204619884491, 0.24339894950389862, 0.13154104351997375, 0.06000960245728493, 0.005760921631008387], "recall_th subgroup 1": [1.0, 1.0, 0.8364388942718506, 0.6418219208717346, 0.3685300350189209, 0.2712215185165405, 0.20910972356796265, 0.06211180239915848, 0.02484472095966339, 0.0], "tn": 5525.0, "tn race group 0": 3063.0, "tn race group 1": 2462.0, "tn sex group 0": 4097.0, "tn sex group 1": 1428.0, "tn subgroup 0": 2298.0, "tn subgroup 1": 765.0, "tn_th": [0.0, 17.0, 1820.0, 4053.0, 4997.0, 5525.0, 5940.0, 6381.0, 6589.0, 6643.0], "tn_th race group 0": [0.0, 17.0, 1270.0, 2417.0, 2838.0, 3063.0, 3247.0, 3403.0, 3450.0, 3480.0], "tn_th race group 1": [0.0, 0.0, 550.0, 1636.0, 2159.0, 2462.0, 2693.0, 2978.0, 3139.0, 3163.0], "tn_th sex group 0": [0.0, 17.0, 1280.0, 2965.0, 3674.0, 4097.0, 4465.0, 4834.0, 5019.0, 5073.0], "tn_th sex group 1": [0.0, 0.0, 540.0, 1088.0, 1323.0, 1428.0, 1475.0, 1547.0, 1570.0, 1570.0], "tn_th subgroup 0": [0.0, 17.0, 897.0, 1774.0, 2114.0, 2298.0, 2470.0, 2602.0, 2649.0, 2679.0], "tn_th subgroup 1": [0.0, 0.0, 373.0, 643.0, 724.0, 765.0, 777.0, 801.0, 801.0, 801.0], "tp": 2927.0, "tp race group 0": 918.0, "tp race group 1": 2009.0, "tp sex group 0": 2598.0, "tp sex group 1": 329.0, "tp subgroup 0": 787.0, "tp subgroup 1": 131.0, "tp_th": [6139.0, 6139.0, 5597.0, 4583.0, 3579.0, 2927.0, 2238.0, 1260.0, 506.0, 72.0], "tp_th race group 0": [2566.0, 2566.0, 2184.0, 1635.0, 1154.0, 918.0, 608.0, 304.0, 137.0, 12.0], "tp_th race group 1": [3573.0, 3573.0, 3413.0, 2948.0, 2425.0, 2009.0, 1630.0, 956.0, 369.0, 60.0], "tp_th sex group 0": [5195.0, 5195.0, 4762.0, 3924.0, 3138.0, 2598.0, 1993.0, 1158.0, 470.0, 72.0], "tp_th sex group 1": [944.0, 944.0, 835.0, 659.0, 441.0, 329.0, 245.0, 102.0, 36.0, 0.0], "tp_th subgroup 0": [2083.0, 2083.0, 1780.0, 1325.0, 976.0, 787.0, 507.0, 274.0, 125.0, 12.0], "tp_th subgroup 1": [483.0, 483.0, 404.0, 310.0, 178.0, 131.0, 101.0, 30.0, 12.0, 0.0], "global_step": 100.0}