{"accuracy": 0.6659374833106995, "accuracy race group 0": 0.6548131108283997, "accuracy race group 1": 0.6758957505226135, "accuracy sex group 0": 0.6568151116371155, "accuracy sex group 1": 0.7032617330551147, "accuracy subgroup 0": 0.6457371115684509, "accuracy subgroup 1": 0.6884735226631165, "auc": 0.7238849401473999, "auc race group 0": 0.6999217867851257, "auc race group 1": 0.7331616282463074, "auc sex group 0": 0.7159303426742554, "auc sex group 1": 0.7356651425361633, "auc subgroup 0": 0.685183584690094, "auc subgroup 1": 0.7480323314666748, "aucpr": 0.704487144947052, "fn": 3069.0, "fn race group 0": 1623.0, "fn race group 1": 1446.0, "fn sex group 0": 2489.0, "fn sex group 1": 580.0, "fn subgroup 0": 1271.0, "fn subgroup 1": 352.0, "fn_th": [0.0, 0.0, 461.0, 1378.0, 2346.0, 3069.0, 3791.0, 4717.0, 5603.0, 6043.0], "fn_th race group 0": [0.0, 0.0, 330.0, 867.0, 1323.0, 1623.0, 1910.0, 2214.0, 2435.0, 2542.0], "fn_th race group 1": [0.0, 0.0, 131.0, 511.0, 1023.0, 1446.0, 1881.0, 2503.0, 3168.0, 3501.0], "fn_th sex group 0": [0.0, 0.0, 362.0, 1135.0, 1902.0, 2489.0, 3104.0, 3905.0, 4701.0, 5099.0], "fn_th sex group 1": [0.0, 0.0, 99.0, 243.0, 444.0, 580.0, 687.0, 812.0, 902.0, 944.0], "fn_th subgroup 0": [0.0, 0.0, 261.0, 706.0, 1060.0, 1271.0, 1528.0, 1779.0, 1970.0, 2059.0], "fn_th subgroup 1": [0.0, 0.0, 69.0, 161.0, 263.0, 352.0, 382.0, 435.0, 465.0, 483.0], "fnr": 0.49991855025291443, "fnr race group 0": 0.6325019598007202, "fnr race group 1": 0.40470191836357117, "fnr sex group 0": 0.4791145324707031, "fnr sex group 1": 0.6144067645072937, "fnr subgroup 0": 0.6101776361465454, "fnr subgroup 1": 0.7287784814834595, "fp": 1207.0, "fp race group 0": 464.0, "fp race group 1": 743.0, "fp sex group 0": 1041.0, "fp sex group 1": 166.0, "fp subgroup 0": 416.0, "fp subgroup 1": 48.0, "fp_th": [6661.0, 6644.0, 5109.0, 2875.0, 1867.0, 1207.0, 787.0, 333.0, 107.0, 18.0], "fp_th race group 0": [3480.0, 3463.0, 2376.0, 1182.0, 731.0, 464.0, 275.0, 89.0, 30.0, 0.0], "fp_th race group 1": [3181.0, 3181.0, 2733.0, 1693.0, 1136.0, 743.0, 512.0, 244.0, 77.0, 18.0], "fp_th sex group 0": [5091.0, 5074.0, 4008.0, 2358.0, 1591.0, 1041.0, 680.0, 298.0, 102.0, 18.0], "fp_th sex group 1": [1570.0, 1570.0, 1101.0, 517.0, 276.0, 166.0, 107.0, 35.0, 5.0, 0.0], "fp_th subgroup 0": [2679.0, 2662.0, 1907.0, 989.0, 643.0, 416.0, 245.0, 89.0, 30.0, 0.0], "fp_th subgroup 1": [801.0, 801.0, 469.0, 193.0, 88.0, 48.0, 30.0, 0.0, 0.0, 0.0], "fpr": 0.18120402097702026, "fpr race group 0": 0.13333334028720856, "fpr race group 1": 0.23357434570789337, "fpr sex group 0": 0.20447848737239838, "fpr sex group 1": 0.10573248565196991, "fpr subgroup 0": 0.15528182685375214, "fpr subgroup 1": 0.05992509424686432, "loss": 2.4340147972106934, "precision": 0.7177928686141968, "precision race group 0": 0.6702203154563904, "precision race group 1": 0.7411149740219116, "precision sex group 0": 0.7221777439117432, "precision sex group 1": 0.6867924332618713, "precision subgroup 0": 0.6612377762794495, "precision subgroup 1": 0.7318435907363892, "precision_th": [0.4796093702316284, 0.4802471995353699, 0.526374340057373, 0.6234939694404602, 0.670141339302063, 0.7177928686141968, 0.7489632964134216, 0.8102564215660095, 0.8335925340652466, 0.8421052694320679], "precision_th race group 0": [0.4244128465652466, 0.4256095588207245, 0.48482221364974976, 0.5897257924079895, 0.6296859383583069, 0.6702203154563904, 0.7046186923980713, 0.7981859445571899, 0.8136646151542664, 1.0], "precision_th race group 1": [0.529019832611084, 0.529019832611084, 0.5574089288711548, 0.6439537405967712, 0.6918068528175354, 0.7411149740219116, 0.7676951289176941, 0.814307451248169, 0.8402489423751831, 0.800000011920929], "precision_th sex group 0": [0.5050554275512695, 0.5058915019035339, 0.5466576218605042, 0.6325958371162415, 0.6742424368858337, 0.7221777439117432, 0.754601240158081, 0.8123425841331482, 0.8288590312004089, 0.8421052694320679], "precision_th sex group 1": [0.3754972219467163, 0.3754972219467163, 0.43422403931617737, 0.5755336880683899, 0.6443299055099487, 0.6867924332618713, 0.7060439586639404, 0.7904191613197327, 0.8936170339584351, 0.0], "precision_th subgroup 0": [0.4374212622642517, 0.43898841738700867, 0.4886028468608856, 0.5819949507713318, 0.6140456199645996, 0.6612377762794495, 0.6937500238418579, 0.7735369205474854, 0.7902097702026367, 1.0], "precision_th subgroup 1": [0.37616822123527527, 0.37616822123527527, 0.46885618567466736, 0.6252427101135254, 0.7142857313156128, 0.7318435907363892, 0.7709923386573792, 1.0, 1.0, 0.0], "recall": 0.5000814199447632, "recall race group 0": 0.3674980401992798, "recall race group 1": 0.5952980518341064, "recall sex group 0": 0.5208854675292969, "recall sex group 1": 0.3855932056903839, "recall subgroup 0": 0.3898223638534546, "recall subgroup 1": 0.2712215185165405, "recall_th": [1.0, 1.0, 0.924906313419342, 0.7755334973335266, 0.617853045463562, 0.5000814199447632, 0.3824727237224579, 0.23163381218910217, 0.08731063455343246, 0.015637725591659546], "recall_th race group 0": [1.0, 1.0, 0.8713951706886292, 0.6621200442314148, 0.4844115376472473, 0.3674980401992798, 0.2556508183479309, 0.1371784806251526, 0.05105222016572952, 0.00935307890176773], "recall_th race group 1": [1.0, 1.0, 0.9633361101150513, 0.856982946395874, 0.7136859893798828, 0.5952980518341064, 0.4735516309738159, 0.2994682192802429, 0.11335012316703796, 0.020151132717728615], "recall_th sex group 0": [1.0, 1.0, 0.9303176403045654, 0.781520664691925, 0.6338787078857422, 0.5208854675292969, 0.4025024175643921, 0.248315691947937, 0.09509143233299255, 0.018479306250810623], "recall_th sex group 1": [1.0, 1.0, 0.8951271176338196, 0.742584764957428, 0.5296609997749329, 0.3855932056903839, 0.27224576473236084, 0.13983051478862762, 0.04449152573943138, 0.0], "recall_th subgroup 0": [1.0, 1.0, 0.8746999502182007, 0.6610657572746277, 0.49111858010292053, 0.3898223638534546, 0.2664426267147064, 0.14594334363937378, 0.05424867942929268, 0.011521843262016773], "recall_th subgroup 1": [1.0, 1.0, 0.8571428656578064, 0.6666666865348816, 0.455486536026001, 0.2712215185165405, 0.20910972356796265, 0.09937888383865356, 0.03726708143949509, 0.0], "tn": 5454.0, "tn race group 0": 3016.0, "tn race group 1": 2438.0, "tn sex group 0": 4050.0, "tn sex group 1": 1404.0, "tn subgroup 0": 2263.0, "tn subgroup 1": 753.0, "tn_th": [0.0, 17.0, 1552.0, 3786.0, 4794.0, 5454.0, 5874.0, 6328.0, 6554.0, 6643.0], "tn_th race group 0": [0.0, 17.0, 1104.0, 2298.0, 2749.0, 3016.0, 3205.0, 3391.0, 3450.0, 3480.0], "tn_th race group 1": [0.0, 0.0, 448.0, 1488.0, 2045.0, 2438.0, 2669.0, 2937.0, 3104.0, 3163.0], "tn_th sex group 0": [0.0, 17.0, 1083.0, 2733.0, 3500.0, 4050.0, 4411.0, 4793.0, 4989.0, 5073.0], "tn_th sex group 1": [0.0, 0.0, 469.0, 1053.0, 1294.0, 1404.0, 1463.0, 1535.0, 1565.0, 1570.0], "tn_th subgroup 0": [0.0, 17.0, 772.0, 1690.0, 2036.0, 2263.0, 2434.0, 2590.0, 2649.0, 2679.0], "tn_th subgroup 1": [0.0, 0.0, 332.0, 608.0, 713.0, 753.0, 771.0, 801.0, 801.0, 801.0], "tp": 3070.0, "tp race group 0": 943.0, "tp race group 1": 2127.0, "tp sex group 0": 2706.0, "tp sex group 1": 364.0, "tp subgroup 0": 812.0, "tp subgroup 1": 131.0, "tp_th": [6139.0, 6139.0, 5678.0, 4761.0, 3793.0, 3070.0, 2348.0, 1422.0, 536.0, 96.0], "tp_th race group 0": [2566.0, 2566.0, 2236.0, 1699.0, 1243.0, 943.0, 656.0, 352.0, 131.0, 24.0], "tp_th race group 1": [3573.0, 3573.0, 3442.0, 3062.0, 2550.0, 2127.0, 1692.0, 1070.0, 405.0, 72.0], "tp_th sex group 0": [5195.0, 5195.0, 4833.0, 4060.0, 3293.0, 2706.0, 2091.0, 1290.0, 494.0, 96.0], "tp_th sex group 1": [944.0, 944.0, 845.0, 701.0, 500.0, 364.0, 257.0, 132.0, 42.0, 0.0], "tp_th subgroup 0": [2083.0, 2083.0, 1822.0, 1377.0, 1023.0, 812.0, 555.0, 304.0, 113.0, 24.0], "tp_th subgroup 1": [483.0, 483.0, 414.0, 322.0, 220.0, 131.0, 101.0, 48.0, 18.0, 0.0], "global_step": 100.0}