{"accuracy": 0.6662499904632568, "accuracy race group 0": 0.6584518551826477, "accuracy race group 1": 0.6732307076454163, "accuracy sex group 0": 0.6573011875152588, "accuracy sex group 1": 0.7028639912605286, "accuracy subgroup 0": 0.6467870473861694, "accuracy subgroup 1": 0.7017133831977844, "auc": 0.7224653363227844, "auc race group 0": 0.6917475461959839, "auc race group 1": 0.7361454367637634, "auc sex group 0": 0.7155169248580933, "auc sex group 1": 0.7293401956558228, "auc subgroup 0": 0.6789211630821228, "auc subgroup 1": 0.733618438243866, "aucpr": 0.7062026858329773, "fn": 3059.0, "fn race group 0": 1601.0, "fn race group 1": 1458.0, "fn sex group 0": 2478.0, "fn sex group 1": 581.0, "fn subgroup 0": 1260.0, "fn subgroup 1": 341.0, "fn_th": [0.0, 0.0, 500.0, 1396.0, 2404.0, 3059.0, 3772.0, 4753.0, 5562.0, 6025.0], "fn_th race group 0": [0.0, 0.0, 335.0, 855.0, 1352.0, 1601.0, 1892.0, 2232.0, 2429.0, 2536.0], "fn_th race group 1": [0.0, 0.0, 165.0, 541.0, 1052.0, 1458.0, 1880.0, 2521.0, 3133.0, 3489.0], "fn_th sex group 0": [0.0, 0.0, 396.0, 1153.0, 1931.0, 2478.0, 3085.0, 3923.0, 4660.0, 5093.0], "fn_th sex group 1": [0.0, 0.0, 104.0, 243.0, 473.0, 581.0, 687.0, 830.0, 902.0, 932.0], "fn_th subgroup 0": [0.0, 0.0, 261.0, 706.0, 1071.0, 1260.0, 1510.0, 1791.0, 1958.0, 2059.0], "fn_th subgroup 1": [0.0, 0.0, 74.0, 149.0, 281.0, 341.0, 382.0, 441.0, 471.0, 477.0], "fnr": 0.4982896149158478, "fnr race group 0": 0.6239283084869385, "fnr race group 1": 0.4080604612827301, "fnr sex group 0": 0.47699710726737976, "fnr sex group 1": 0.6154661178588867, "fnr subgroup 0": 0.6048967838287354, "fnr subgroup 1": 0.7060041427612305, "fp": 1213.0, "fp race group 0": 464.0, "fp race group 1": 749.0, "fp sex group 0": 1047.0, "fp sex group 1": 166.0, "fp subgroup 0": 422.0, "fp subgroup 1": 42.0, "fp_th": [6661.0, 6650.0, 4983.0, 2840.0, 1844.0, 1213.0, 792.0, 298.0, 107.0, 24.0], "fp_th race group 0": [3480.0, 3469.0, 2310.0, 1176.0, 744.0, 464.0, 280.0, 83.0, 30.0, 0.0], "fp_th race group 1": [3181.0, 3181.0, 2673.0, 1664.0, 1100.0, 749.0, 512.0, 215.0, 77.0, 24.0], "fp_th sex group 0": [5091.0, 5080.0, 3894.0, 2317.0, 1573.0, 1047.0, 691.0, 275.0, 102.0, 24.0], "fp_th sex group 1": [1570.0, 1570.0, 1089.0, 523.0, 271.0, 166.0, 101.0, 23.0, 5.0, 0.0], "fp_th subgroup 0": [2679.0, 2668.0, 1841.0, 1001.0, 655.0, 422.0, 256.0, 83.0, 30.0, 0.0], "fp_th subgroup 1": [801.0, 801.0, 469.0, 175.0, 89.0, 42.0, 24.0, 0.0, 0.0, 0.0], "fpr": 0.18210479617118835, "fpr race group 0": 0.13333334028720856, "fpr race group 1": 0.2354605495929718, "fpr sex group 0": 0.20565703511238098, "fpr sex group 1": 0.10573248565196991, "fpr subgroup 0": 0.15752145648002625, "fpr subgroup 1": 0.05243445560336113, "loss": 2.4380877017974854, "precision": 0.7174469828605652, "precision race group 0": 0.6752974390983582, "precision race group 1": 0.7384776473045349, "precision sex group 0": 0.7218384742736816, "precision sex group 1": 0.6862003803253174, "precision subgroup 0": 0.661044180393219, "precision subgroup 1": 0.77173912525177, "precision_th": [0.4796093702316284, 0.4800218939781189, 0.5308793187141418, 0.6254780292510986, 0.6694748401641846, 0.7174469828605652, 0.7492877244949341, 0.8230403661727905, 0.8435672521591187, 0.8260869383811951], "precision_th race group 0": [0.4244128465652466, 0.425186425447464, 0.4913014769554138, 0.5926567316055298, 0.6200204491615295, 0.6752974390983582, 0.7064989805221558, 0.8009592294692993, 0.8203592896461487, 1.0], "precision_th race group 1": [0.529019832611084, 0.529019832611084, 0.5604341626167297, 0.6456558704376221, 0.6962165236473083, 0.7384776473045349, 0.7678004503250122, 0.8303078413009644, 0.8510638475418091, 0.7777777910232544], "precision_th sex group 0": [0.5050554275512695, 0.5055961012840271, 0.5520533919334412, 0.6356345415115356, 0.6747984290122986, 0.7218384742736816, 0.7533023953437805, 0.8222365975379944, 0.8398743867874146, 0.8095238208770752], "precision_th sex group 1": [0.3754972219467163, 0.3754972219467163, 0.435458779335022, 0.5727124214172363, 0.6347708702087402, 0.6862003803253174, 0.7178770899772644, 0.8321167826652527, 0.8936170339584351, 1.0], "precision_th subgroup 0": [0.4374212622642517, 0.43843400478363037, 0.4974064826965332, 0.579058051109314, 0.6070786118507385, 0.661044180393219, 0.6911942362785339, 0.7786666750907898, 0.8064516186714172, 1.0], "precision_th subgroup 1": [0.37616822123527527, 0.37616822123527527, 0.4658314287662506, 0.6561886072158813, 0.6941580772399902, 0.77173912525177, 0.8080000281333923, 1.0, 1.0, 1.0], "recall": 0.5017103552818298, "recall race group 0": 0.3760717213153839, "recall race group 1": 0.5919395685195923, "recall sex group 0": 0.5230028629302979, "recall sex group 1": 0.38453391194343567, "recall subgroup 0": 0.39510321617126465, "recall subgroup 1": 0.29399585723876953, "recall_th": [1.0, 1.0, 0.9185535311698914, 0.7726014256477356, 0.6084052920341492, 0.5017103552818298, 0.38556769490242004, 0.22576966881752014, 0.09398924559354782, 0.01856979914009571], "recall_th race group 0": [1.0, 1.0, 0.8694466352462769, 0.6667965650558472, 0.4731099009513855, 0.3760717213153839, 0.26266562938690186, 0.13016368448734283, 0.053390491753816605, 0.011691348627209663], "recall_th race group 1": [1.0, 1.0, 0.9538203477859497, 0.8485866189002991, 0.7055695652961731, 0.5919395685195923, 0.47383150458335876, 0.2944304645061493, 0.12314581871032715, 0.02350965514779091], "recall_th sex group 0": [1.0, 1.0, 0.9237728714942932, 0.7780558466911316, 0.628296434879303, 0.5230028629302979, 0.40615975856781006, 0.24485081434249878, 0.10298363864421844, 0.019634263589978218], "recall_th sex group 1": [1.0, 1.0, 0.8898305296897888, 0.742584764957428, 0.49894067645072937, 0.38453391194343567, 0.27224576473236084, 0.12076271325349808, 0.04449152573943138, 0.012711863964796066], "recall_th subgroup 0": [1.0, 1.0, 0.8746999502182007, 0.6610657572746277, 0.4858377277851105, 0.39510321617126465, 0.2750840187072754, 0.14018243551254272, 0.06000960245728493, 0.011521843262016773], "recall_th subgroup 1": [1.0, 1.0, 0.8467909097671509, 0.6915113925933838, 0.4182194471359253, 0.29399585723876953, 0.20910972356796265, 0.08695652335882187, 0.02484472095966339, 0.012422360479831696], "tn": 5448.0, "tn race group 0": 3016.0, "tn race group 1": 2432.0, "tn sex group 0": 4044.0, "tn sex group 1": 1404.0, "tn subgroup 0": 2257.0, "tn subgroup 1": 759.0, "tn_th": [0.0, 11.0, 1678.0, 3821.0, 4817.0, 5448.0, 5869.0, 6363.0, 6554.0, 6637.0], "tn_th race group 0": [0.0, 11.0, 1170.0, 2304.0, 2736.0, 3016.0, 3200.0, 3397.0, 3450.0, 3480.0], "tn_th race group 1": [0.0, 0.0, 508.0, 1517.0, 2081.0, 2432.0, 2669.0, 2966.0, 3104.0, 3157.0], "tn_th sex group 0": [0.0, 11.0, 1197.0, 2774.0, 3518.0, 4044.0, 4400.0, 4816.0, 4989.0, 5067.0], "tn_th sex group 1": [0.0, 0.0, 481.0, 1047.0, 1299.0, 1404.0, 1469.0, 1547.0, 1565.0, 1570.0], "tn_th subgroup 0": [0.0, 11.0, 838.0, 1678.0, 2024.0, 2257.0, 2423.0, 2596.0, 2649.0, 2679.0], "tn_th subgroup 1": [0.0, 0.0, 332.0, 626.0, 712.0, 759.0, 777.0, 801.0, 801.0, 801.0], "tp": 3080.0, "tp race group 0": 965.0, "tp race group 1": 2115.0, "tp sex group 0": 2717.0, "tp sex group 1": 363.0, "tp subgroup 0": 823.0, "tp subgroup 1": 142.0, "tp_th": [6139.0, 6139.0, 5639.0, 4743.0, 3735.0, 3080.0, 2367.0, 1386.0, 577.0, 114.0], "tp_th race group 0": [2566.0, 2566.0, 2231.0, 1711.0, 1214.0, 965.0, 674.0, 334.0, 137.0, 30.0], "tp_th race group 1": [3573.0, 3573.0, 3408.0, 3032.0, 2521.0, 2115.0, 1693.0, 1052.0, 440.0, 84.0], "tp_th sex group 0": [5195.0, 5195.0, 4799.0, 4042.0, 3264.0, 2717.0, 2110.0, 1272.0, 535.0, 102.0], "tp_th sex group 1": [944.0, 944.0, 840.0, 701.0, 471.0, 363.0, 257.0, 114.0, 42.0, 12.0], "tp_th subgroup 0": [2083.0, 2083.0, 1822.0, 1377.0, 1012.0, 823.0, 573.0, 292.0, 125.0, 24.0], "tp_th subgroup 1": [483.0, 483.0, 409.0, 334.0, 202.0, 142.0, 101.0, 42.0, 12.0, 6.0], "global_step": 100.0}