{"accuracy": 0.6644531488418579, "accuracy race group 0": 0.651670515537262, "accuracy race group 1": 0.6758957505226135, "accuracy sex group 0": 0.6533151865005493, "accuracy sex group 1": 0.7100238800048828, "accuracy subgroup 0": 0.638177216053009, "accuracy subgroup 1": 0.7017133831977844, "auc": 0.7235807180404663, "auc race group 0": 0.6972596645355225, "auc race group 1": 0.7341820001602173, "auc sex group 0": 0.7167193293571472, "auc sex group 1": 0.7311922311782837, "auc subgroup 0": 0.6830778121948242, "auc subgroup 1": 0.7446631193161011, "aucpr": 0.7031175494194031, "fn": 3094.0, "fn race group 0": 1636.0, "fn race group 1": 1458.0, "fn sex group 0": 2513.0, "fn sex group 1": 581.0, "fn subgroup 0": 1295.0, "fn subgroup 1": 341.0, "fn_th": [0.0, 0.0, 500.0, 1503.0, 2398.0, 3094.0, 3735.0, 4753.0, 5586.0, 6043.0], "fn_th race group 0": [0.0, 0.0, 347.0, 902.0, 1364.0, 1636.0, 1880.0, 2220.0, 2435.0, 2548.0], "fn_th race group 1": [0.0, 0.0, 153.0, 601.0, 1034.0, 1458.0, 1855.0, 2533.0, 3151.0, 3495.0], "fn_th sex group 0": [0.0, 0.0, 396.0, 1236.0, 1931.0, 2513.0, 3036.0, 3917.0, 4678.0, 5099.0], "fn_th sex group 1": [0.0, 0.0, 104.0, 267.0, 467.0, 581.0, 699.0, 836.0, 908.0, 944.0], "fn_th subgroup 0": [0.0, 0.0, 273.0, 735.0, 1083.0, 1295.0, 1504.0, 1773.0, 1964.0, 2065.0], "fn_th subgroup 1": [0.0, 0.0, 74.0, 167.0, 281.0, 341.0, 376.0, 447.0, 471.0, 483.0], "fnr": 0.503990888595581, "fnr race group 0": 0.6375681757926941, "fnr race group 1": 0.4080604612827301, "fnr sex group 0": 0.4837343692779541, "fnr sex group 1": 0.6154661178588867, "fnr subgroup 0": 0.6216994524002075, "fnr subgroup 1": 0.7060041427612305, "fp": 1201.0, "fp race group 0": 470.0, "fp race group 1": 731.0, "fp sex group 0": 1053.0, "fp sex group 1": 148.0, "fp subgroup 0": 428.0, "fp subgroup 1": 42.0, "fp_th": [6661.0, 6650.0, 5024.0, 2732.0, 1813.0, 1201.0, 809.0, 334.0, 113.0, 18.0], "fp_th race group 0": [3480.0, 3469.0, 2321.0, 1140.0, 731.0, 470.0, 274.0, 83.0, 36.0, 0.0], "fp_th race group 1": [3181.0, 3181.0, 2703.0, 1592.0, 1082.0, 731.0, 535.0, 251.0, 77.0, 18.0], "fp_th sex group 0": [5091.0, 5080.0, 3929.0, 2251.0, 1549.0, 1053.0, 708.0, 305.0, 108.0, 18.0], "fp_th sex group 1": [1570.0, 1570.0, 1095.0, 481.0, 264.0, 148.0, 101.0, 29.0, 5.0, 0.0], "fp_th subgroup 0": [2679.0, 2668.0, 1852.0, 971.0, 643.0, 428.0, 250.0, 83.0, 36.0, 0.0], "fp_th subgroup 1": [801.0, 801.0, 469.0, 169.0, 88.0, 42.0, 24.0, 0.0, 0.0, 0.0], "fpr": 0.18030326068401337, "fpr race group 0": 0.1350574642419815, "fpr race group 1": 0.2298019528388977, "fpr sex group 0": 0.20683559775352478, "fpr sex group 1": 0.09426751732826233, "fpr subgroup 0": 0.15976110100746155, "fpr subgroup 1": 0.05243445560336113, "loss": 2.44412899017334, "precision": 0.717145562171936, "precision race group 0": 0.6642857193946838, "precision race group 1": 0.7431482672691345, "precision sex group 0": 0.7180722951889038, "precision sex group 1": 0.7103717923164368, "precision subgroup 0": 0.6480262875556946, "precision subgroup 1": 0.77173912525177, "precision_th": [0.4796093702316284, 0.4800218939781189, 0.528838038444519, 0.6292073726654053, 0.673568606376648, 0.717145562171936, 0.7482103705406189, 0.8058139681816101, 0.8303303122520447, 0.8421052694320679], "precision_th race group 0": [0.4244128465652466, 0.425186425447464, 0.48876652121543884, 0.5934379696846008, 0.6218313574790955, 0.6642857193946838, 0.7145833373069763, 0.806526780128479, 0.7844311594963074, 1.0], "precision_th race group 1": [0.529019832611084, 0.529019832611084, 0.558549702167511, 0.6511831879615784, 0.7011874914169312, 0.7431482672691345, 0.7625388503074646, 0.8055770993232727, 0.8456913828849792, 0.8125], "precision_th sex group 0": [0.5050554275512695, 0.5055961012840271, 0.5498396158218384, 0.6375201344490051, 0.6781632900238037, 0.7180722951889038, 0.7530519962310791, 0.8073278665542603, 0.8271999955177307, 0.8421052694320679], "precision_th sex group 1": [0.3754972219467163, 0.3754972219467163, 0.43410852551460266, 0.5846286416053772, 0.6437246799468994, 0.7103717923164368, 0.7080925107002258, 0.7883211970329285, 0.8780487775802612, 0.0], "precision_th subgroup 0": [0.4374212622642517, 0.43843400478363037, 0.49426543712615967, 0.5812850594520569, 0.6086426973342896, 0.6480262875556946, 0.6984318494796753, 0.7888040542602539, 0.7677419185638428, 1.0], "precision_th subgroup 1": [0.37616822123527527, 0.37616822123527527, 0.4658314287662506, 0.6515464186668396, 0.6965517401695251, 0.77173912525177, 0.8167939186096191, 1.0, 1.0, 0.0], "recall": 0.49600911140441895, "recall race group 0": 0.3624317944049835, "recall race group 1": 0.5919395685195923, "recall sex group 0": 0.5162656307220459, "recall sex group 1": 0.38453391194343567, "recall subgroup 0": 0.3783005177974701, "recall subgroup 1": 0.29399585723876953, "recall_th": [1.0, 1.0, 0.9185535311698914, 0.7551718354225159, 0.6093826293945312, 0.49600911140441895, 0.39159470796585083, 0.22576966881752014, 0.09007981419563293, 0.015637725591659546], "recall_th race group 0": [1.0, 1.0, 0.8647700548171997, 0.6484801173210144, 0.46843335032463074, 0.3624317944049835, 0.2673421800136566, 0.1348402202129364, 0.05105222016572952, 0.007014809176325798], "recall_th race group 1": [1.0, 1.0, 0.9571788311004639, 0.831794023513794, 0.7106073498725891, 0.5919395685195923, 0.4808284342288971, 0.29107192158699036, 0.11810803413391113, 0.021830394864082336], "recall_th sex group 0": [1.0, 1.0, 0.9237728714942932, 0.7620789408683777, 0.628296434879303, 0.5162656307220459, 0.41559192538261414, 0.24600577354431152, 0.09951876848936081, 0.018479306250810623], "recall_th sex group 1": [1.0, 1.0, 0.8898305296897888, 0.7171609997749329, 0.5052965879440308, 0.38453391194343567, 0.25953391194343567, 0.1144067794084549, 0.0381355918943882, 0.0], "recall_th subgroup 0": [1.0, 1.0, 0.8689390420913696, 0.647143542766571, 0.4800768196582794, 0.3783005177974701, 0.2779644727706909, 0.1488238126039505, 0.0571291409432888, 0.008641382679343224], "recall_th subgroup 1": [1.0, 1.0, 0.8467909097671509, 0.6542443037033081, 0.4182194471359253, 0.29399585723876953, 0.22153209149837494, 0.07453416287899017, 0.02484472095966339, 0.0], "tn": 5460.0, "tn race group 0": 3010.0, "tn race group 1": 2450.0, "tn sex group 0": 4038.0, "tn sex group 1": 1422.0, "tn subgroup 0": 2251.0, "tn subgroup 1": 759.0, "tn_th": [0.0, 11.0, 1637.0, 3929.0, 4848.0, 5460.0, 5852.0, 6327.0, 6548.0, 6643.0], "tn_th race group 0": [0.0, 11.0, 1159.0, 2340.0, 2749.0, 3010.0, 3206.0, 3397.0, 3444.0, 3480.0], "tn_th race group 1": [0.0, 0.0, 478.0, 1589.0, 2099.0, 2450.0, 2646.0, 2930.0, 3104.0, 3163.0], "tn_th sex group 0": [0.0, 11.0, 1162.0, 2840.0, 3542.0, 4038.0, 4383.0, 4786.0, 4983.0, 5073.0], "tn_th sex group 1": [0.0, 0.0, 475.0, 1089.0, 1306.0, 1422.0, 1469.0, 1541.0, 1565.0, 1570.0], "tn_th subgroup 0": [0.0, 11.0, 827.0, 1708.0, 2036.0, 2251.0, 2429.0, 2596.0, 2643.0, 2679.0], "tn_th subgroup 1": [0.0, 0.0, 332.0, 632.0, 713.0, 759.0, 777.0, 801.0, 801.0, 801.0], "tp": 3045.0, "tp race group 0": 930.0, "tp race group 1": 2115.0, "tp sex group 0": 2682.0, "tp sex group 1": 363.0, "tp subgroup 0": 788.0, "tp subgroup 1": 142.0, "tp_th": [6139.0, 6139.0, 5639.0, 4636.0, 3741.0, 3045.0, 2404.0, 1386.0, 553.0, 96.0], "tp_th race group 0": [2566.0, 2566.0, 2219.0, 1664.0, 1202.0, 930.0, 686.0, 346.0, 131.0, 18.0], "tp_th race group 1": [3573.0, 3573.0, 3420.0, 2972.0, 2539.0, 2115.0, 1718.0, 1040.0, 422.0, 78.0], "tp_th sex group 0": [5195.0, 5195.0, 4799.0, 3959.0, 3264.0, 2682.0, 2159.0, 1278.0, 517.0, 96.0], "tp_th sex group 1": [944.0, 944.0, 840.0, 677.0, 477.0, 363.0, 245.0, 108.0, 36.0, 0.0], "tp_th subgroup 0": [2083.0, 2083.0, 1810.0, 1348.0, 1000.0, 788.0, 579.0, 310.0, 119.0, 18.0], "tp_th subgroup 1": [483.0, 483.0, 409.0, 316.0, 202.0, 142.0, 107.0, 36.0, 12.0, 0.0], "global_step": 100.0}