{"accuracy": 0.6654687523841858, "accuracy race group 0": 0.6556400656700134, "accuracy race group 1": 0.6742671132087708, "accuracy sex group 0": 0.6573011875152588, "accuracy sex group 1": 0.6988862156867981, "accuracy subgroup 0": 0.6455270648002625, "accuracy subgroup 1": 0.6931464076042175, "auc": 0.7242001891136169, "auc race group 0": 0.695983350276947, "auc race group 1": 0.735851526260376, "auc sex group 0": 0.7177954316139221, "auc sex group 1": 0.7313231825828552, "auc subgroup 0": 0.682214081287384, "auc subgroup 1": 0.7453325986862183, "aucpr": 0.7058091163635254, "fn": 3040.0, "fn race group 0": 1606.0, "fn race group 1": 1434.0, "fn sex group 0": 2460.0, "fn sex group 1": 580.0, "fn subgroup 0": 1260.0, "fn subgroup 1": 346.0, "fn_th": [0.0, 6.0, 484.0, 1427.0, 2375.0, 3040.0, 3642.0, 4718.0, 5581.0, 6043.0], "fn_th race group 0": [0.0, 6.0, 330.0, 872.0, 1335.0, 1606.0, 1880.0, 2226.0, 2435.0, 2548.0], "fn_th race group 1": [0.0, 0.0, 154.0, 555.0, 1040.0, 1434.0, 1762.0, 2492.0, 3146.0, 3495.0], "fn_th sex group 0": [0.0, 6.0, 385.0, 1172.0, 1896.0, 2460.0, 2979.0, 3888.0, 4673.0, 5099.0], "fn_th sex group 1": [0.0, 0.0, 99.0, 255.0, 479.0, 580.0, 663.0, 830.0, 908.0, 944.0], "fn_th subgroup 0": [0.0, 6.0, 261.0, 711.0, 1048.0, 1260.0, 1504.0, 1779.0, 1964.0, 2065.0], "fn_th subgroup 1": [0.0, 0.0, 69.0, 161.0, 287.0, 346.0, 376.0, 447.0, 471.0, 483.0], "fnr": 0.4951946437358856, "fnr race group 0": 0.6258768439292908, "fnr race group 1": 0.4013434052467346, "fnr sex group 0": 0.47353222966194153, "fnr sex group 1": 0.6144067645072937, "fnr subgroup 0": 0.6048967838287354, "fnr subgroup 1": 0.716356098651886, "fp": 1242.0, "fp race group 0": 476.0, "fp race group 1": 766.0, "fp sex group 0": 1065.0, "fp sex group 1": 177.0, "fp subgroup 0": 428.0, "fp subgroup 1": 48.0, "fp_th": [6661.0, 6620.0, 5031.0, 2845.0, 1925.0, 1242.0, 828.0, 339.0, 102.0, 18.0], "fp_th race group 0": [3480.0, 3439.0, 2298.0, 1182.0, 749.0, 476.0, 268.0, 89.0, 36.0, 0.0], "fp_th race group 1": [3181.0, 3181.0, 2733.0, 1663.0, 1176.0, 766.0, 560.0, 250.0, 66.0, 18.0], "fp_th sex group 0": [5091.0, 5056.0, 3930.0, 2334.0, 1637.0, 1065.0, 721.0, 316.0, 102.0, 18.0], "fp_th sex group 1": [1570.0, 1564.0, 1101.0, 511.0, 288.0, 177.0, 107.0, 23.0, 0.0, 0.0], "fp_th subgroup 0": [2679.0, 2644.0, 1829.0, 1001.0, 655.0, 428.0, 244.0, 89.0, 36.0, 0.0], "fp_th subgroup 1": [801.0, 795.0, 469.0, 181.0, 94.0, 48.0, 24.0, 0.0, 0.0, 0.0], "fpr": 0.18645848333835602, "fpr race group 0": 0.13678160309791565, "fpr race group 1": 0.2408047765493393, "fpr sex group 0": 0.20919269323349, "fpr sex group 1": 0.11273885518312454, "fpr subgroup 0": 0.15976110100746155, "fpr subgroup 1": 0.05992509424686432, "loss": 2.4403929710388184, "precision": 0.713890790939331, "precision race group 0": 0.6685236692428589, "precision race group 1": 0.7363166809082031, "precision sex group 0": 0.7197368144989014, "precision sex group 1": 0.6728280782699585, "precision subgroup 0": 0.6578736901283264, "precision subgroup 1": 0.7405405640602112, "precision_th": [0.4796093702316284, 0.4809064567089081, 0.529197096824646, 0.6235278844833374, 0.6616277098655701, 0.713890790939331, 0.7509774565696716, 0.8073863387107849, 0.8454545736312866, 0.8421052694320679], "precision_th race group 0": [0.4244128465652466, 0.42673778533935547, 0.49316278100013733, 0.5890125036239624, 0.6217171549797058, 0.6685236692428589, 0.7190775871276855, 0.7925407886505127, 0.7844311594963074, 1.0], "precision_th race group 1": [0.529019832611084, 0.529019832611084, 0.5557542443275452, 0.6447340250015259, 0.6829333901405334, 0.7363166809082031, 0.7638127207756042, 0.8121712803840637, 0.866125762462616, 0.8125], "precision_th sex group 0": [0.5050554275512695, 0.50649094581604, 0.5503432750701904, 0.6328456997871399, 0.6683549284934998, 0.7197368144989014, 0.7545114159584045, 0.8052988052368164, 0.8365384340286255, 0.8421052694320679], "precision_th sex group 1": [0.3754972219467163, 0.3763955235481262, 0.43422403931617737, 0.5741666555404663, 0.6175298690795898, 0.6728280782699585, 0.7242268323898315, 0.8321167826652527, 1.0, 0.0], "precision_th subgroup 0": [0.4374212622642517, 0.4399491548538208, 0.499041348695755, 0.5781710743904114, 0.6124260425567627, 0.6578736901283264, 0.7035236954689026, 0.7735369205474854, 0.7677419185638428, 1.0], "precision_th subgroup 1": [0.37616822123527527, 0.3779342770576477, 0.46885618567466736, 0.6401590704917908, 0.6758620738983154, 0.7405405640602112, 0.8167939186096191, 1.0, 1.0, 0.0], "recall": 0.504805326461792, "recall race group 0": 0.37412315607070923, "recall race group 1": 0.5986565947532654, "recall sex group 0": 0.5264677405357361, "recall sex group 1": 0.3855932056903839, "recall subgroup 0": 0.39510321617126465, "recall subgroup 1": 0.283643901348114, "recall_th": [1.0, 0.9990226626396179, 0.9211598038673401, 0.7675517201423645, 0.613129198551178, 0.504805326461792, 0.40674376487731934, 0.23147092759609222, 0.09089428186416626, 0.015637725591659546], "recall_th race group 0": [1.0, 0.9976617097854614, 0.8713951706886292, 0.6601714491844177, 0.47973498702049255, 0.37412315607070923, 0.2673421800136566, 0.13250194489955902, 0.05105222016572952, 0.007014809176325798], "recall_th race group 1": [1.0, 1.0, 0.9568989872932434, 0.8446683287620544, 0.7089280486106873, 0.5986565947532654, 0.5068569779396057, 0.302546888589859, 0.11950741708278656, 0.021830394864082336], "recall_th sex group 0": [1.0, 0.9988450407981873, 0.9258902668952942, 0.7743984460830688, 0.6350336670875549, 0.5264677405357361, 0.4265640079975128, 0.2515880763530731, 0.10048123449087143, 0.018479306250810623], "recall_th sex group 1": [1.0, 1.0, 0.8951271176338196, 0.7298728823661804, 0.4925847351551056, 0.3855932056903839, 0.29766950011253357, 0.12076271325349808, 0.0381355918943882, 0.0], "recall_th subgroup 0": [1.0, 0.9971195459365845, 0.8746999502182007, 0.6586653590202332, 0.4968794882297516, 0.39510321617126465, 0.2779644727706909, 0.14594334363937378, 0.0571291409432888, 0.008641382679343224], "recall_th subgroup 1": [1.0, 1.0, 0.8571428656578064, 0.6666666865348816, 0.4057970941066742, 0.283643901348114, 0.22153209149837494, 0.07453416287899017, 0.02484472095966339, 0.0], "tn": 5419.0, "tn race group 0": 3004.0, "tn race group 1": 2415.0, "tn sex group 0": 4026.0, "tn sex group 1": 1393.0, "tn subgroup 0": 2251.0, "tn subgroup 1": 753.0, "tn_th": [0.0, 41.0, 1630.0, 3816.0, 4736.0, 5419.0, 5833.0, 6322.0, 6559.0, 6643.0], "tn_th race group 0": [0.0, 41.0, 1182.0, 2298.0, 2731.0, 3004.0, 3212.0, 3391.0, 3444.0, 3480.0], "tn_th race group 1": [0.0, 0.0, 448.0, 1518.0, 2005.0, 2415.0, 2621.0, 2931.0, 3115.0, 3163.0], "tn_th sex group 0": [0.0, 35.0, 1161.0, 2757.0, 3454.0, 4026.0, 4370.0, 4775.0, 4989.0, 5073.0], "tn_th sex group 1": [0.0, 6.0, 469.0, 1059.0, 1282.0, 1393.0, 1463.0, 1547.0, 1570.0, 1570.0], "tn_th subgroup 0": [0.0, 35.0, 850.0, 1678.0, 2024.0, 2251.0, 2435.0, 2590.0, 2643.0, 2679.0], "tn_th subgroup 1": [0.0, 6.0, 332.0, 620.0, 707.0, 753.0, 777.0, 801.0, 801.0, 801.0], "tp": 3099.0, "tp race group 0": 960.0, "tp race group 1": 2139.0, "tp sex group 0": 2735.0, "tp sex group 1": 364.0, "tp subgroup 0": 823.0, "tp subgroup 1": 137.0, "tp_th": [6139.0, 6133.0, 5655.0, 4712.0, 3764.0, 3099.0, 2497.0, 1421.0, 558.0, 96.0], "tp_th race group 0": [2566.0, 2560.0, 2236.0, 1694.0, 1231.0, 960.0, 686.0, 340.0, 131.0, 18.0], "tp_th race group 1": [3573.0, 3573.0, 3419.0, 3018.0, 2533.0, 2139.0, 1811.0, 1081.0, 427.0, 78.0], "tp_th sex group 0": [5195.0, 5189.0, 4810.0, 4023.0, 3299.0, 2735.0, 2216.0, 1307.0, 522.0, 96.0], "tp_th sex group 1": [944.0, 944.0, 845.0, 689.0, 465.0, 364.0, 281.0, 114.0, 36.0, 0.0], "tp_th subgroup 0": [2083.0, 2077.0, 1822.0, 1372.0, 1035.0, 823.0, 579.0, 304.0, 119.0, 18.0], "tp_th subgroup 1": [483.0, 483.0, 414.0, 322.0, 196.0, 137.0, 107.0, 36.0, 12.0, 0.0], "global_step": 100.0}