{"accuracy": 0.6641406416893005, "accuracy race group 0": 0.6528283357620239, "accuracy race group 1": 0.6742671132087708, "accuracy sex group 0": 0.65506511926651, "accuracy sex group 1": 0.7012728452682495, "accuracy subgroup 0": 0.640697181224823, "accuracy subgroup 1": 0.6978192925453186, "auc": 0.7239257097244263, "auc race group 0": 0.698899507522583, "auc race group 1": 0.7336351871490479, "auc sex group 0": 0.7159640789031982, "auc sex group 1": 0.7360905408859253, "auc subgroup 0": 0.6834275722503662, "auc subgroup 1": 0.7496801614761353, "aucpr": 0.7051489949226379, "fn": 3063.0, "fn race group 0": 1623.0, "fn race group 1": 1440.0, "fn sex group 0": 2483.0, "fn sex group 1": 580.0, "fn subgroup 0": 1277.0, "fn subgroup 1": 346.0, "fn_th": [0.0, 0.0, 489.0, 1391.0, 2357.0, 3063.0, 3753.0, 4741.0, 5618.0, 6055.0], "fn_th race group 0": [0.0, 0.0, 341.0, 844.0, 1329.0, 1623.0, 1898.0, 2214.0, 2435.0, 2554.0], "fn_th race group 1": [0.0, 0.0, 148.0, 547.0, 1028.0, 1440.0, 1855.0, 2527.0, 3183.0, 3501.0], "fn_th sex group 0": [0.0, 0.0, 385.0, 1142.0, 1902.0, 2483.0, 3072.0, 3911.0, 4716.0, 5111.0], "fn_th sex group 1": [0.0, 0.0, 104.0, 249.0, 455.0, 580.0, 681.0, 830.0, 902.0, 944.0], "fn_th subgroup 0": [0.0, 0.0, 267.0, 683.0, 1060.0, 1277.0, 1522.0, 1773.0, 1970.0, 2071.0], "fn_th subgroup 1": [0.0, 0.0, 74.0, 161.0, 269.0, 346.0, 376.0, 441.0, 465.0, 483.0], "fnr": 0.49894118309020996, "fnr race group 0": 0.6325019598007202, "fnr race group 1": 0.4030226767063141, "fnr sex group 0": 0.4779595732688904, "fnr sex group 1": 0.6144067645072937, "fnr subgroup 0": 0.6130580902099609, "fnr subgroup 1": 0.716356098651886, "fp": 1236.0, "fp race group 0": 476.0, "fp race group 1": 760.0, "fp sex group 0": 1065.0, "fp sex group 1": 171.0, "fp subgroup 0": 434.0, "fp subgroup 1": 42.0, "fp_th": [6661.0, 6644.0, 5008.0, 2815.0, 1863.0, 1236.0, 793.0, 334.0, 101.0, 24.0], "fp_th race group 0": [3480.0, 3463.0, 2329.0, 1200.0, 739.0, 476.0, 269.0, 95.0, 30.0, 0.0], "fp_th race group 1": [3181.0, 3181.0, 2679.0, 1615.0, 1124.0, 760.0, 524.0, 239.0, 71.0, 24.0], "fp_th sex group 0": [5091.0, 5074.0, 3924.0, 2316.0, 1597.0, 1065.0, 692.0, 305.0, 96.0, 24.0], "fp_th sex group 1": [1570.0, 1570.0, 1084.0, 499.0, 266.0, 171.0, 101.0, 29.0, 5.0, 0.0], "fp_th subgroup 0": [2679.0, 2662.0, 1871.0, 1019.0, 655.0, 434.0, 251.0, 95.0, 30.0, 0.0], "fp_th subgroup 1": [801.0, 801.0, 458.0, 181.0, 84.0, 42.0, 18.0, 0.0, 0.0, 0.0], "fpr": 0.18555772304534912, "fpr race group 0": 0.13678160309791565, "fpr race group 1": 0.23891857266426086, "fpr sex group 0": 0.20919269323349, "fpr sex group 1": 0.10891719907522202, "fpr subgroup 0": 0.16200074553489685, "fpr subgroup 1": 0.05243445560336113, "loss": 2.431473731994629, "precision": 0.7133580446243286, "precision race group 0": 0.6645525097846985, "precision race group 1": 0.7372969388961792, "precision sex group 0": 0.7180301547050476, "precision sex group 1": 0.6803738474845886, "precision subgroup 0": 0.6499999761581421, "precision subgroup 1": 0.7653631567955017, "precision_th": [0.4796093702316284, 0.4802471995353699, 0.5301182270050049, 0.6277931928634644, 0.6699734330177307, 0.7133580446243286, 0.7505505084991455, 0.8071593642234802, 0.8376205563545227, 0.7777777910232544], "precision_th race group 0": [0.4244128465652466, 0.4256095588207245, 0.48858147859573364, 0.5893223881721497, 0.6260121464729309, 0.6645525097846985, 0.7129135727882385, 0.7874720096588135, 0.8136646151542664, 1.0], "precision_th race group 1": [0.529019832611084, 0.529019832611084, 0.5611074566841125, 0.6520146727561951, 0.6936494708061218, 0.7372969388961792, 0.7662801146507263, 0.8140077590942383, 0.8459869623184204, 0.75], "precision_th sex group 0": [0.5050554275512695, 0.5058915019035339, 0.5507213473320007, 0.6363636255264282, 0.6734151244163513, 0.7180301547050476, 0.7541740536689758, 0.8080554008483887, 0.8330434560775757, 0.7777777910232544], "precision_th sex group 1": [0.3754972219467163, 0.3754972219467163, 0.43659043312072754, 0.5820770263671875, 0.6476821303367615, 0.6803738474845886, 0.7225274443626404, 0.7972028255462646, 0.8936170339584351, 0.0], "precision_th subgroup 0": [0.4374212622642517, 0.43898841738700867, 0.4925413727760315, 0.5787515640258789, 0.6096543669700623, 0.6499999761581421, 0.6908866763114929, 0.7654321193695068, 0.7902097702026367, 1.0], "precision_th subgroup 1": [0.37616822123527527, 0.37616822123527527, 0.471741646528244, 0.6401590704917908, 0.718120813369751, 0.7653631567955017, 0.8560000061988831, 1.0, 1.0, 0.0], "recall": 0.50105881690979, "recall race group 0": 0.3674980401992798, "recall race group 1": 0.5969773530960083, "recall sex group 0": 0.5220404267311096, "recall sex group 1": 0.3855932056903839, "recall subgroup 0": 0.38694190979003906, "recall subgroup 1": 0.283643901348114, "recall_th": [1.0, 1.0, 0.9203453063964844, 0.7734158635139465, 0.616061270236969, 0.50105881690979, 0.3886626362800598, 0.22772438824176788, 0.08486723899841309, 0.013683009892702103], "recall_th race group 0": [1.0, 1.0, 0.8671083450317383, 0.671083390712738, 0.48207327723503113, 0.3674980401992798, 0.26032736897468567, 0.1371784806251526, 0.05105222016572952, 0.004676539450883865], "recall_th race group 1": [1.0, 1.0, 0.9585782289505005, 0.846907377243042, 0.7122865915298462, 0.5969773530960083, 0.4808284342288971, 0.2927511930465698, 0.10915197432041168, 0.020151132717728615], "recall_th sex group 0": [1.0, 1.0, 0.9258902668952942, 0.7801732420921326, 0.6338787078857422, 0.5220404267311096, 0.40866217017173767, 0.24716073274612427, 0.09220404177904129, 0.016169393435120583], "recall_th sex group 1": [1.0, 1.0, 0.8898305296897888, 0.7362288236618042, 0.5180084705352783, 0.3855932056903839, 0.2786017060279846, 0.12076271325349808, 0.04449152573943138, 0.0], "recall_th subgroup 0": [1.0, 1.0, 0.8718194961547852, 0.6721075177192688, 0.49111858010292053, 0.38694190979003906, 0.26932308077812195, 0.1488238126039505, 0.05424867942929268, 0.005760921631008387], "recall_th subgroup 1": [1.0, 1.0, 0.8467909097671509, 0.6666666865348816, 0.4430641829967499, 0.283643901348114, 0.22153209149837494, 0.08695652335882187, 0.03726708143949509, 0.0], "tn": 5425.0, "tn race group 0": 3004.0, "tn race group 1": 2421.0, "tn sex group 0": 4026.0, "tn sex group 1": 1399.0, "tn subgroup 0": 2245.0, "tn subgroup 1": 759.0, "tn_th": [0.0, 17.0, 1653.0, 3846.0, 4798.0, 5425.0, 5868.0, 6327.0, 6560.0, 6637.0], "tn_th race group 0": [0.0, 17.0, 1151.0, 2280.0, 2741.0, 3004.0, 3211.0, 3385.0, 3450.0, 3480.0], "tn_th race group 1": [0.0, 0.0, 502.0, 1566.0, 2057.0, 2421.0, 2657.0, 2942.0, 3110.0, 3157.0], "tn_th sex group 0": [0.0, 17.0, 1167.0, 2775.0, 3494.0, 4026.0, 4399.0, 4786.0, 4995.0, 5067.0], "tn_th sex group 1": [0.0, 0.0, 486.0, 1071.0, 1304.0, 1399.0, 1469.0, 1541.0, 1565.0, 1570.0], "tn_th subgroup 0": [0.0, 17.0, 808.0, 1660.0, 2024.0, 2245.0, 2428.0, 2584.0, 2649.0, 2679.0], "tn_th subgroup 1": [0.0, 0.0, 343.0, 620.0, 717.0, 759.0, 783.0, 801.0, 801.0, 801.0], "tp": 3076.0, "tp race group 0": 943.0, "tp race group 1": 2133.0, "tp sex group 0": 2712.0, "tp sex group 1": 364.0, "tp subgroup 0": 806.0, "tp subgroup 1": 137.0, "tp_th": [6139.0, 6139.0, 5650.0, 4748.0, 3782.0, 3076.0, 2386.0, 1398.0, 521.0, 84.0], "tp_th race group 0": [2566.0, 2566.0, 2225.0, 1722.0, 1237.0, 943.0, 668.0, 352.0, 131.0, 12.0], "tp_th race group 1": [3573.0, 3573.0, 3425.0, 3026.0, 2545.0, 2133.0, 1718.0, 1046.0, 390.0, 72.0], "tp_th sex group 0": [5195.0, 5195.0, 4810.0, 4053.0, 3293.0, 2712.0, 2123.0, 1284.0, 479.0, 84.0], "tp_th sex group 1": [944.0, 944.0, 840.0, 695.0, 489.0, 364.0, 263.0, 114.0, 42.0, 0.0], "tp_th subgroup 0": [2083.0, 2083.0, 1816.0, 1400.0, 1023.0, 806.0, 561.0, 310.0, 113.0, 12.0], "tp_th subgroup 1": [483.0, 483.0, 409.0, 322.0, 214.0, 137.0, 107.0, 42.0, 18.0, 0.0], "global_step": 100.0}