{
    "accuracy": {
        "mean": 0.6650937497615814,
        "std": 0.0019846812429585893
    },
    "micro_avg_auc": {
        "mean": 0.7227929055690765,
        "std": 0.0015193808848634647
    },
    "minority_auc": {
        "mean": 0.7435458660125732,
        "std": 0.007664541133354961
    }
}