{"min_auc": 0.8204977512359619, "macro_avg_auc": 0.8283490240573883, "micro_avg_auc": 0.8401228189468384, "minority_auc": 0.8253205418586731, "accuracy": 0.8203615546226501}