{"min_auc": 0.8094791769981384, "macro_avg_auc": 0.8245861977338791, "micro_avg_auc": 0.8335285782814026, "minority_auc": 0.8449074029922485, "accuracy": 0.867938756942749}