{"min_auc": 0.9276127219200134, "macro_avg_auc": 0.9462875127792358, "micro_avg_auc": 0.9535202383995056, "minority_auc": 0.9276127219200134, "accuracy": 0.8811472654342651}