{"min_auc": 0.6988827586174011, "macro_avg_auc": 0.7369576692581177, "micro_avg_auc": 0.7376849055290222, "minority_auc": 0.7580374479293823, "accuracy": 0.6790352463722229}