{"min_auc": 0.811321496963501, "macro_avg_auc": 0.826282188296318, "micro_avg_auc": 0.8333635330200195, "minority_auc": 0.8345798254013062, "accuracy": 0.8240020275115967}