{"min_auc": 0.8093463182449341, "macro_avg_auc": 0.8236202746629715, "micro_avg_auc": 0.8317404985427856, "minority_auc": 0.8283475637435913, "accuracy": 0.8400703072547913}