{"min_auc": {"mean": 0.6914442837238312, "std": 0.0024410192993997303}, "macro_avg_auc": {"mean": 0.7294217452406884, "std": 0.005810725328761996}, "micro_avg_auc": {"mean": 0.7299513995647431, "std": 0.003996129009742444}, "minority_auc": {"mean": 0.739940732717514, "std": 0.012359321027723233}, "accuracy": {"mean": 0.6660946190357209, "std": 0.015876611410544965}}