{"min_auc": 0.7761160135269165, "macro_avg_auc": 0.788980633020401, "micro_avg_auc": 0.7969211339950562, "minority_auc": 0.7938923835754395, "accuracy": 0.7901079654693604}