{"min_auc": 0.8854753375053406, "macro_avg_auc": 0.9213940650224686, "micro_avg_auc": 0.9109443426132202, "minority_auc": 0.9479271173477173, "accuracy": 0.7232356667518616}