{"min_auc": 0.7760597467422485, "macro_avg_auc": 0.7929965406656265, "micro_avg_auc": 0.8009229898452759, "minority_auc": 0.8068020343780518, "accuracy": 0.8423299193382263}