{"min_auc": {"mean": 0.8145576119422913, "std": 0.0036580946897308768}, "macro_avg_auc": {"mean": 0.8291226089000702, "std": 0.003706823116942193}, "micro_avg_auc": {"mean": 0.8369641244411469, "std": 0.0031860954809222555}, "minority_auc": {"mean": 0.8368856847286225, "std": 0.007348140934808284}, "accuracy": {"mean": 0.8645116806030273, "std": 0.004081695630632517}}