{"min_auc": 0.8199808597564697, "macro_avg_auc": 0.8338728696107864, "micro_avg_auc": 0.8390967845916748, "minority_auc": 0.8361822962760925, "accuracy": 0.8651769757270813}