{"min_auc": 0.841603696346283, "macro_avg_auc": 0.9027762413024902, "micro_avg_auc": 0.9558496475219727, "minority_auc": 0.841603696346283, "accuracy": 0.8862721920013428}