{"min_auc": 0.9047641754150391, "macro_avg_auc": 0.9287809431552887, "micro_avg_auc": 0.9380217790603638, "minority_auc": 0.9047641754150391, "accuracy": 0.8591559529304504}