{"min_auc": 0.7051060795783997, "macro_avg_auc": 0.7359501272439957, "micro_avg_auc": 0.7395268678665161, "minority_auc": 0.7362425923347473, "accuracy": 0.676716148853302}