{"min_auc": 0.8815534114837646, "macro_avg_auc": 0.9166040569543839, "micro_avg_auc": 0.9075901508331299, "minority_auc": 0.9381152391433716, "accuracy": 0.8526503443717957}