{"min_auc": 0.9297640323638916, "macro_avg_auc": 0.9464048147201538, "micro_avg_auc": 0.9526406526565552, "minority_auc": 0.9297640323638916, "accuracy": 0.880435585975647}