{"min_auc": 0.8842698931694031, "macro_avg_auc": 0.9184278249740601, "micro_avg_auc": 0.9099634885787964, "minority_auc": 0.9361730217933655, "accuracy": 0.8580554127693176}