{"min_auc": 0.8134765028953552, "macro_avg_auc": 0.8268154710531235, "micro_avg_auc": 0.834164559841156, "minority_auc": 0.838051974773407, "accuracy": 0.8620386719703674}