{"min_auc": 0.8589456677436829, "macro_avg_auc": 0.9132284820079803, "micro_avg_auc": 0.9602848887443542, "minority_auc": 0.8589456677436829, "accuracy": 0.893631637096405}