{"min_auc": 0.69857257604599, "macro_avg_auc": 0.7311487644910812, "micro_avg_auc": 0.7329679131507874, "minority_auc": 0.7518242001533508, "accuracy": 0.6790352463722229}