{"min_auc": 0.8858003616333008, "macro_avg_auc": 0.9187877327203751, "micro_avg_auc": 0.9107154607772827, "minority_auc": 0.9405264258384705, "accuracy": 0.8568269610404968}