{"min_auc": 0.8867530822753906, "macro_avg_auc": 0.9188724756240845, "micro_avg_auc": 0.9116108417510986, "minority_auc": 0.9390864372253418, "accuracy": 0.8557214140892029}