{"min_auc": 0.7042386531829834, "macro_avg_auc": 0.7381827980279922, "micro_avg_auc": 0.7396079301834106, "minority_auc": 0.7487672567367554, "accuracy": 0.6771799921989441}