{"min_auc": 0.9171431660652161, "macro_avg_auc": 0.9388278424739838, "micro_avg_auc": 0.9473118782043457, "minority_auc": 0.9171431660652161, "accuracy": 0.8756672143936157}