{"min_auc": 0.7212051153182983, "macro_avg_auc": 0.7378456294536591, "micro_avg_auc": 0.7430445551872253, "minority_auc": 0.7422542572021484, "accuracy": 0.831031858921051}