{"min_auc": 0.9359474778175354, "macro_avg_auc": 0.9501852691173553, "micro_avg_auc": 0.9555801749229431, "minority_auc": 0.9359474778175354, "accuracy": 0.8850500583648682}