{"min_auc": 0.8526666164398193, "macro_avg_auc": 0.9102272093296051, "micro_avg_auc": 0.9602285027503967, "minority_auc": 0.8526666164398193, "accuracy": 0.8950054049491882}