{"min_auc": 0.8133134245872498, "macro_avg_auc": 0.8297318816184998, "micro_avg_auc": 0.8357716202735901, "minority_auc": 0.8320869207382202, "accuracy": 0.8649259209632874}