{
  "min_auc": {
    "mean": 0.9017410993576049,
    "std": 0.011210993124611457
  },
  "macro_avg_auc": {
    "mean": 0.92602559030056,
    "std": 0.008236064762997755
  },
  "micro_avg_auc": {
    "mean": 0.9353561758995056,
    "std": 0.0071852859347698835
  },
  "minority_auc": {
    "mean": 0.9017410993576049,
    "std": 0.011210993124611457
  },
  "accuracy": {
    "mean": 0.8586552202701568,
    "std": 0.00947365339328393
  }
}