{"min_auc": 0.69552081823349, "macro_avg_auc": 0.7270987629890442, "micro_avg_auc": 0.729877769947052, "minority_auc": 0.7482738494873047, "accuracy": 0.6641929745674133}