{"min_auc": 0.6965843439102173, "macro_avg_auc": 0.7300971299409866, "micro_avg_auc": 0.7346787452697754, "minority_auc": 0.7244082689285278, "accuracy": 0.6669758558273315}