{"min_auc": 0.8853521347045898, "macro_avg_auc": 0.9190003126859665, "micro_avg_auc": 0.9107033014297485, "minority_auc": 0.9400241374969482, "accuracy": 0.855844259262085}