{"min_auc": 0.9032414555549622, "macro_avg_auc": 0.9284839332103729, "micro_avg_auc": 0.9383772015571594, "minority_auc": 0.9032414555549622, "accuracy": 0.8623748421669006}