{"min_auc": 0.7015734910964966, "macro_avg_auc": 0.7372566759586334, "micro_avg_auc": 0.7372060418128967, "minority_auc": 0.7605027556419373, "accuracy": 0.6846011281013489}