{"min_auc": 0.8833217620849609, "macro_avg_auc": 0.9191216379404068, "micro_avg_auc": 0.9092521071434021, "minority_auc": 0.945683479309082, "accuracy": 0.855045735836029}