{"min_auc": 0.882122278213501, "macro_avg_auc": 0.918540820479393, "micro_avg_auc": 0.908511757850647, "minority_auc": 0.9450806975364685, "accuracy": 0.8556599617004395}