{"min_auc": 0.8290892839431763, "macro_avg_auc": 0.8949673175811768, "micro_avg_auc": 0.9518846869468689, "minority_auc": 0.9608453512191772, "accuracy": 0.8826415538787842}