{"min_auc": 0.900276780128479, "macro_avg_auc": 0.924728274345398, "micro_avg_auc": 0.9341661334037781, "minority_auc": 0.900276780128479, "accuracy": 0.857153058052063}