{"min_auc": 0.885729968547821, "macro_avg_auc": 0.9190156310796738, "micro_avg_auc": 0.9106547236442566, "minority_auc": 0.9409617781639099, "accuracy": 0.857625424861908}