{"min_auc": 0.820854902267456, "macro_avg_auc": 0.8297982811927795, "micro_avg_auc": 0.8403661251068115, "minority_auc": 0.8323540091514587, "accuracy": 0.8462214469909668}