{"min_auc": 0.822134792804718, "macro_avg_auc": 0.8305960595607758, "micro_avg_auc": 0.8407620191574097, "minority_auc": 0.8247863054275513, "accuracy": 0.8304042220115662}