{"min_auc": {"mean": 0.8024195849895477, "std": 0.005450376735466344}, "macro_avg_auc": {"mean": 0.8216530039906502, "std": 0.005252958069085682}, "micro_avg_auc": {"mean": 0.8242175877094269, "std": 0.005053520510365091}, "minority_auc": {"mean": 0.8360665738582611, "std": 0.008792840507089778}, "accuracy": {"mean": 0.856954550743103, "std": 0.005730779687932392}}