{"min_auc": 0.8861107230186462, "macro_avg_auc": 0.9215360730886459, "micro_avg_auc": 0.9113317131996155, "minority_auc": 0.9464536905288696, "accuracy": 0.7540691494941711}