{"min_auc": 0.8861813545227051, "macro_avg_auc": 0.9197479635477066, "micro_avg_auc": 0.9111907482147217, "minority_auc": 0.94236820936203, "accuracy": 0.7627909779548645}