{"min_auc": 0.71455317735672, "macro_avg_auc": 0.7394195944070816, "micro_avg_auc": 0.7400304079055786, "minority_auc": 0.7450141906738281, "accuracy": 0.8268892765045166}