{"min_auc": 0.8854734897613525, "macro_avg_auc": 0.9183729737997055, "micro_avg_auc": 0.9107439517974854, "minority_auc": 0.9394547939300537, "accuracy": 0.8579325675964355}