{"min_auc": 0.8854004144668579, "macro_avg_auc": 0.9174495041370392, "micro_avg_auc": 0.9106812477111816, "minority_auc": 0.9342643022537231, "accuracy": 0.8578097224235535}