{"min_auc": 0.8861116170883179, "macro_avg_auc": 0.9187515079975128, "micro_avg_auc": 0.9109121561050415, "minority_auc": 0.9357041716575623, "accuracy": 0.8591609597206116}