{"min_auc": 0.8853689432144165, "macro_avg_auc": 0.9206823706626892, "micro_avg_auc": 0.9107266068458557, "minority_auc": 0.944477915763855, "accuracy": 0.8571954965591431}