{"min_auc": 0.6955207586288452, "macro_avg_auc": 0.7337049394845963, "micro_avg_auc": 0.732347309589386, "minority_auc": 0.7422583699226379, "accuracy": 0.6730055809020996}