{"min_auc": 0.8150246739387512, "macro_avg_auc": 0.8313950598239899, "micro_avg_auc": 0.8370076417922974, "minority_auc": 0.8358261585235596, "accuracy": 0.8636705875396729}