{"min_auc": 0.7001172304153442, "macro_avg_auc": 0.7366631329059601, "micro_avg_auc": 0.7366984486579895, "minority_auc": 0.7464989423751831, "accuracy": 0.6790352463722229}