{"min_auc": 0.8853681683540344, "macro_avg_auc": 0.9212397783994675, "micro_avg_auc": 0.9101523756980896, "minority_auc": 0.9507735967636108, "accuracy": 0.8542472720146179}