{"min_auc": 0.8867459297180176, "macro_avg_auc": 0.923916757106781, "micro_avg_auc": 0.911751925945282, "minority_auc": 0.9542227387428284, "accuracy": 0.7423990964889526}