{"min_auc": 0.8867759704589844, "macro_avg_auc": 0.9207874834537506, "micro_avg_auc": 0.9113548994064331, "minority_auc": 0.9470564126968384, "accuracy": 0.7576929926872253}