{"min_auc": 0.8045307397842407, "macro_avg_auc": 0.8255491852760315, "micro_avg_auc": 0.8297114372253418, "minority_auc": 0.8443731665611267, "accuracy": 0.8435852527618408}