{"min_auc": {"mean": 0.8114761233329773, "std": 0.005707641632333591}, "macro_avg_auc": {"mean": 0.8272201254963875, "std": 0.004105769535500837}, "micro_avg_auc": {"mean": 0.8333377778530121, "std": 0.004563395516415652}, "minority_auc": {"mean": 0.8374821782112122, "std": 0.0042137784513297735}, "accuracy": {"mean": 0.8644488990306854, "std": 0.003180130627806645}}