{"min_auc": {"mean": 0.8645382046699523, "std": 0.0040061505744112946}, "macro_avg_auc": {"mean": 0.9169707775115967, "std": 0.002158895434425986}, "micro_avg_auc": {"mean": 0.962402856349945, "std": 0.0013253735657949874}, "minority_auc": {"mean": 0.8645382046699523, "std": 0.0040061505744112946}, "accuracy": {"mean": 0.8982926189899445, "std": 0.00248909462657517}}