{"min_auc": 0.9125832915306091, "macro_avg_auc": 0.9356106817722321, "micro_avg_auc": 0.9445047378540039, "minority_auc": 0.9125832915306091, "accuracy": 0.8716817498207092}