{"min_auc": 0.7010477781295776, "macro_avg_auc": 0.7337965816259384, "micro_avg_auc": 0.7357436418533325, "minority_auc": 0.7510354518890381, "accuracy": 0.6836734414100647}