{"min_auc": 0.8854190111160278, "macro_avg_auc": 0.9200874716043472, "micro_avg_auc": 0.9108524322509766, "minority_auc": 0.9461187720298767, "accuracy": 0.7283336520195007}