{"min_auc": 0.885844886302948, "macro_avg_auc": 0.923506423830986, "micro_avg_auc": 0.9114475250244141, "minority_auc": 0.9525148868560791, "accuracy": 0.7609483599662781}