{"min_auc": 0.6985915303230286, "macro_avg_auc": 0.7367546111345291, "micro_avg_auc": 0.7361510992050171, "minority_auc": 0.7609959244728088, "accuracy": 0.6790352463722229}