{"min_auc": 0.9271207451820374, "macro_avg_auc": 0.9450835883617401, "micro_avg_auc": 0.9518181085586548, "minority_auc": 0.9271207451820374, "accuracy": 0.8815031051635742}