{"min_auc": 0.8844367861747742, "macro_avg_auc": 0.91840960085392, "micro_avg_auc": 0.9097447395324707, "minority_auc": 0.941631555557251, "accuracy": 0.8579939603805542}