{"min_auc": 0.7001171708106995, "macro_avg_auc": 0.7382946014404297, "micro_avg_auc": 0.7388580441474915, "minority_auc": 0.7508382797241211, "accuracy": 0.6804267168045044}