{"min_auc": 0.6994839310646057, "macro_avg_auc": 0.737292617559433, "micro_avg_auc": 0.7371071577072144, "minority_auc": 0.7614890933036804, "accuracy": 0.6618738174438477}