{"min_auc": 0.8752800822257996, "macro_avg_auc": 0.9137538075447083, "micro_avg_auc": 0.902521014213562, "minority_auc": 0.9435067176818848, "accuracy": 0.8472452759742737}