{"min_auc": 0.8847566843032837, "macro_avg_auc": 0.9167244732379913, "micro_avg_auc": 0.9090353846549988, "minority_auc": 0.9387180209159851, "accuracy": 0.8593452572822571}