{"min_auc": 0.689708948135376, "macro_avg_auc": 0.7262374013662338, "micro_avg_auc": 0.7259843349456787, "minority_auc": 0.7457101345062256, "accuracy": 0.6748608350753784}