{"min_auc": 0.6968249082565308, "macro_avg_auc": 0.7302073836326599, "micro_avg_auc": 0.731956422328949, "minority_auc": 0.7518244385719299, "accuracy": 0.6688311696052551}