{"min_auc": 0.9295127391815186, "macro_avg_auc": 0.9472819864749908, "micro_avg_auc": 0.9540094137191772, "minority_auc": 0.9295127391815186, "accuracy": 0.8810049295425415}