{"min_auc": 0.7987618446350098, "macro_avg_auc": 0.8160119503736496, "micro_avg_auc": 0.8200138807296753, "minority_auc": 0.8249643445014954, "accuracy": 0.8526236414909363}