{"min_auc": 0.8067957162857056, "macro_avg_auc": 0.8235087245702744, "micro_avg_auc": 0.8270033597946167, "minority_auc": 0.8285256028175354, "accuracy": 0.8600301146507263}