{"min_auc": 0.7822693586349487, "macro_avg_auc": 0.8127191364765167, "micro_avg_auc": 0.8121548295021057, "minority_auc": 0.8474892973899841, "accuracy": 0.7142857313156128}