{"min_auc": 0.8833814263343811, "macro_avg_auc": 0.9166100472211838, "micro_avg_auc": 0.9084973335266113, "minority_auc": 0.9374121427536011, "accuracy": 0.707634687423706}