{"min_auc": 0.7842918038368225, "macro_avg_auc": 0.8079355806112289, "micro_avg_auc": 0.8106589317321777, "minority_auc": 0.8298611044883728, "accuracy": 0.7505648732185364}