{"min_auc": 0.8845352530479431, "macro_avg_auc": 0.9191954880952835, "micro_avg_auc": 0.9100950360298157, "minority_auc": 0.9403924345970154, "accuracy": 0.8469995856285095}