{"min_auc": 0.8860137462615967, "macro_avg_auc": 0.9189321547746658, "micro_avg_auc": 0.9110451340675354, "minority_auc": 0.9403924345970154, "accuracy": 0.8598366379737854}