{"min_auc": 0.700433611869812, "macro_avg_auc": 0.7357331812381744, "micro_avg_auc": 0.7377139329910278, "minority_auc": 0.7533037066459656, "accuracy": 0.673933207988739}