{"min_auc": 0.886745035648346, "macro_avg_auc": 0.9219947308301926, "micro_avg_auc": 0.9114424586296082, "minority_auc": 0.9526153802871704, "accuracy": 0.8583011031150818}