{"min_auc": 0.9080675840377808, "macro_avg_auc": 0.9310997128486633, "micro_avg_auc": 0.9400546550750732, "minority_auc": 0.9080675840377808, "accuracy": 0.8571631908416748}