{"min_auc": 0.8009275197982788, "macro_avg_auc": 0.8183966726064682, "micro_avg_auc": 0.8227783441543579, "minority_auc": 0.8329771757125854, "accuracy": 0.7756716012954712}