{"min_auc": 0.89201819896698, "macro_avg_auc": 0.9193583726882935, "micro_avg_auc": 0.929909348487854, "minority_auc": 0.89201819896698, "accuracy": 0.8508583903312683}