{"min_auc": 0.6937228441238403, "macro_avg_auc": 0.734955444931984, "micro_avg_auc": 0.7334928512573242, "minority_auc": 0.7404831051826477, "accuracy": 0.6753246784210205}