{"min_auc": 0.9311423301696777, "macro_avg_auc": 0.9475916624069214, "micro_avg_auc": 0.9539002180099487, "minority_auc": 0.9311423301696777, "accuracy": 0.8798661828041077}