{"min_auc": 0.8852673172950745, "macro_avg_auc": 0.9197275787591934, "micro_avg_auc": 0.9102683067321777, "minority_auc": 0.9435402750968933, "accuracy": 0.8564584255218506}