{"min_auc": 0.7965208292007446, "macro_avg_auc": 0.8207383155822754, "micro_avg_auc": 0.8244156241416931, "minority_auc": 0.8382301330566406, "accuracy": 0.8570173382759094}