{"min_auc": 0.808250367641449, "macro_avg_auc": 0.8235106468200684, "micro_avg_auc": 0.8278874158859253, "minority_auc": 0.8399215936660767, "accuracy": 0.8637961149215698}