{"min_auc": 0.8129962682723999, "macro_avg_auc": 0.8257506936788559, "micro_avg_auc": 0.8328808546066284, "minority_auc": 0.8324429988861084, "accuracy": 0.8547577261924744}