{"min_auc": 0.884914755821228, "macro_avg_auc": 0.9184867739677429, "micro_avg_auc": 0.9102123975753784, "minority_auc": 0.9366084337234497, "accuracy": 0.8391376733779907}