{"min_auc": 0.7007122039794922, "macro_avg_auc": 0.734559029340744, "micro_avg_auc": 0.7347632050514221, "minority_auc": 0.7561637163162231, "accuracy": 0.6414656639099121}