{"min_auc": 0.875460684299469, "macro_avg_auc": 0.9106227457523346, "micro_avg_auc": 0.9024507403373718, "minority_auc": 0.9324559569358826, "accuracy": 0.8494564294815063}