{"min_auc": 0.8581656217575073, "macro_avg_auc": 0.9140703082084656, "micro_avg_auc": 0.9628385305404663, "minority_auc": 0.8581656217575073, "accuracy": 0.8978510499000549}