{"min_auc": 0.6985155940055847, "macro_avg_auc": 0.7317744493484497, "micro_avg_auc": 0.7331454157829285, "minority_auc": 0.7510354518890381, "accuracy": 0.673933207988739}