{"min_auc": 0.6952167749404907, "macro_avg_auc": 0.7289030700922012, "micro_avg_auc": 0.7318663597106934, "minority_auc": 0.750542402267456, "accuracy": 0.6665120720863342}