{"min_auc": 0.6906650066375732, "macro_avg_auc": 0.721047580242157, "micro_avg_auc": 0.7257233262062073, "minority_auc": 0.7469919919967651, "accuracy": 0.6660482287406921}