{"min_auc": 0.7910826206207275, "macro_avg_auc": 0.805735319852829, "micro_avg_auc": 0.8120362758636475, "minority_auc": 0.8074252605438232, "accuracy": 0.8450916409492493}