{"min_auc": 0.8277299404144287, "macro_avg_auc": 0.893852561712265, "micro_avg_auc": 0.9509739279747009, "minority_auc": 0.9599751830101013, "accuracy": 0.8831321597099304}