{"min_auc": 0.8822432160377502, "macro_avg_auc": 0.9171375036239624, "micro_avg_auc": 0.9083627462387085, "minority_auc": 0.9420334100723267, "accuracy": 0.853817343711853}