{"min_auc": 0.8820581436157227, "macro_avg_auc": 0.9184580296278, "micro_avg_auc": 0.908035159111023, "minority_auc": 0.9435737133026123, "accuracy": 0.8546772599220276}