{"min_auc": 0.8671897053718567, "macro_avg_auc": 0.9178455770015717, "micro_avg_auc": 0.961670458316803, "minority_auc": 0.8671897053718567, "accuracy": 0.8982435464859009}