{"min_auc": 0.8825138807296753, "macro_avg_auc": 0.9161647409200668, "micro_avg_auc": 0.9085425138473511, "minority_auc": 0.9382493495941162, "accuracy": 0.8547386527061462}