{"min_auc": 0.8830159902572632, "macro_avg_auc": 0.9173783212900162, "micro_avg_auc": 0.9086436629295349, "minority_auc": 0.9420668482780457, "accuracy": 0.8549843430519104}