{"min_auc": 0.8821183443069458, "macro_avg_auc": 0.9164030849933624, "micro_avg_auc": 0.9071258306503296, "minority_auc": 0.9433057904243469, "accuracy": 0.8431300520896912}