{"min_auc": 0.6961854696273804, "macro_avg_auc": 0.7322814464569092, "micro_avg_auc": 0.73393714427948, "minority_auc": 0.7465975880622864, "accuracy": 0.6609461903572083}