{"min_auc": 0.9182480573654175, "macro_avg_auc": 0.9367902874946594, "micro_avg_auc": 0.943659782409668, "minority_auc": 0.9182480573654175, "accuracy": 0.8704006671905518}