{"min_auc": 0.8764503002166748, "macro_avg_auc": 0.9118134081363678, "micro_avg_auc": 0.9044642448425293, "minority_auc": 0.9310159683227539, "accuracy": 0.8507462739944458}