{"min_auc": 0.8854826092720032, "macro_avg_auc": 0.9201687872409821, "micro_avg_auc": 0.9104147553443909, "minority_auc": 0.9453486204147339, "accuracy": 0.7243412733078003}