{"min_auc": 0.8023768663406372, "macro_avg_auc": 0.8272514790296555, "micro_avg_auc": 0.8282275199890137, "minority_auc": 0.8347578048706055, "accuracy": 0.8300276398658752}