{"min_auc": 0.812079668045044, "macro_avg_auc": 0.8291667550802231, "micro_avg_auc": 0.8328567147254944, "minority_auc": 0.839832603931427, "accuracy": 0.8165955543518066}