{"min_auc": 0.8829403519630432, "macro_avg_auc": 0.9174061566591263, "micro_avg_auc": 0.9083874821662903, "minority_auc": 0.9412965774536133, "accuracy": 0.8533873558044434}