{"min_auc": 0.7994887232780457, "macro_avg_auc": 0.8194326162338257, "micro_avg_auc": 0.8242299556732178, "minority_auc": 0.835381031036377, "accuracy": 0.8557620048522949}