{"min_auc": 0.8088054656982422, "macro_avg_auc": 0.8240847885608673, "micro_avg_auc": 0.8321390151977539, "minority_auc": 0.8265669345855713, "accuracy": 0.8627918362617493}