{"min_auc": 0.8566187620162964, "macro_avg_auc": 0.9129143357276917, "micro_avg_auc": 0.9617782831192017, "minority_auc": 0.8566187620162964, "accuracy": 0.8986360430717468}