{"min_auc": 0.7056441307067871, "macro_avg_auc": 0.740688756108284, "micro_avg_auc": 0.7411860227584839, "minority_auc": 0.7572485208511353, "accuracy": 0.6832096576690674}