{"min_auc": 0.8830334544181824, "macro_avg_auc": 0.9179910123348236, "micro_avg_auc": 0.909014105796814, "minority_auc": 0.9428369402885437, "accuracy": 0.856519877910614}