{"min_auc": 0.9039250016212463, "macro_avg_auc": 0.9272741973400116, "micro_avg_auc": 0.9362611770629883, "minority_auc": 0.9039250016212463, "accuracy": 0.8602288961410522}