{"min_auc": 0.6984459757804871, "macro_avg_auc": 0.7344250977039337, "micro_avg_auc": 0.7364347577095032, "minority_auc": 0.752514660358429, "accuracy": 0.6781076192855835}