{"min_auc": 0.8818347454071045, "macro_avg_auc": 0.9167790114879608, "micro_avg_auc": 0.9073155522346497, "minority_auc": 0.9416649341583252, "accuracy": 0.8471224308013916}