{"min_auc": 0.813746452331543, "macro_avg_auc": 0.8240567147731781, "micro_avg_auc": 0.836675763130188, "minority_auc": 0.813746452331543, "accuracy": 0.8651769757270813}