{"min_auc": 0.807712197303772, "macro_avg_auc": 0.8201604336500168, "micro_avg_auc": 0.8288823366165161, "minority_auc": 0.8088942766189575, "accuracy": 0.8592769503593445}