{"min_auc": 0.8828792572021484, "macro_avg_auc": 0.9186892062425613, "micro_avg_auc": 0.908850371837616, "minority_auc": 0.9452816247940063, "accuracy": 0.8560899496078491}