{"min_auc": 0.6924121379852295, "macro_avg_auc": 0.7182584255933762, "micro_avg_auc": 0.7228966951370239, "minority_auc": 0.7365384697914124, "accuracy": 0.6414656639099121}