{"min_auc": 0.8060623407363892, "macro_avg_auc": 0.8238641917705536, "micro_avg_auc": 0.8288961052894592, "minority_auc": 0.8413461446762085, "accuracy": 0.8614109754562378}