{"min_auc": 0.6998450756072998, "macro_avg_auc": 0.7348348647356033, "micro_avg_auc": 0.7357666492462158, "minority_auc": 0.7545858025550842, "accuracy": 0.6757885217666626}