{"min_auc": 0.8825879096984863, "macro_avg_auc": 0.9171011745929718, "micro_avg_auc": 0.9083971977233887, "minority_auc": 0.9382157325744629, "accuracy": 0.8514833450317383}