{"min_auc": 0.8121816515922546, "macro_avg_auc": 0.8300856798887253, "micro_avg_auc": 0.8331235647201538, "minority_auc": 0.8415242433547974, "accuracy": 0.8632940053939819}