{"min_auc": 0.8111608028411865, "macro_avg_auc": 0.822656437754631, "micro_avg_auc": 0.8368510007858276, "minority_auc": 0.830217182636261, "accuracy": 0.8619131445884705}