{"min_auc": {"mean": 0.6970961093902588, "std": 0.003960380044260807}, "macro_avg_auc": {"mean": 0.7317297920584679, "std": 0.006710096423487275}, "micro_avg_auc": {"mean": 0.7333131790161133, "std": 0.004844724123840471}, "minority_auc": {"mean": 0.7491122961044312, "std": 0.00618278407933051}, "accuracy": {"mean": 0.6751855373382568, "std": 0.0041018713639451735}}