{"min_auc": 0.9059770703315735, "macro_avg_auc": 0.9287854731082916, "micro_avg_auc": 0.9374969005584717, "minority_auc": 0.9059770703315735, "accuracy": 0.8617310523986816}