{"min_auc": 0.6915068030357361, "macro_avg_auc": 0.7338281571865082, "micro_avg_auc": 0.7310553193092346, "minority_auc": 0.7554733753204346, "accuracy": 0.6706864833831787}