{"min_auc": 0.8088638782501221, "macro_avg_auc": 0.828582152724266, "micro_avg_auc": 0.8350728750228882, "minority_auc": 0.8364494442939758, "accuracy": 0.8379362225532532}