{"min_auc": 0.8113560080528259, "macro_avg_auc": 0.8249009996652603, "micro_avg_auc": 0.8359673023223877, "minority_auc": 0.8263888359069824, "accuracy": 0.8371829986572266}