{"min_auc": 0.8814139366149902, "macro_avg_auc": 0.9173937439918518, "micro_avg_auc": 0.9070665240287781, "minority_auc": 0.9418323636054993, "accuracy": 0.8444198966026306}