{"min_auc": 0.800370991230011, "macro_avg_auc": 0.81781867146492, "micro_avg_auc": 0.824812650680542, "minority_auc": 0.8229612112045288, "accuracy": 0.8476023077964783}