{"min_auc": 0.8180808424949646, "macro_avg_auc": 0.8344471156597137, "micro_avg_auc": 0.8396424055099487, "minority_auc": 0.8493589758872986, "accuracy": 0.8683153390884399}