{"min_auc": 0.6992688775062561, "macro_avg_auc": 0.7363146245479584, "micro_avg_auc": 0.7368097901344299, "minority_auc": 0.7615875601768494, "accuracy": 0.6855287551879883}