{"min_auc": 0.7024217247962952, "macro_avg_auc": 0.7318171709775925, "micro_avg_auc": 0.7365150451660156, "minority_auc": 0.7479784488677979, "accuracy": 0.6697587966918945}