{"min_auc": 0.8966720700263977, "macro_avg_auc": 0.9235230684280396, "micro_avg_auc": 0.9337970018386841, "minority_auc": 0.8966720700263977, "accuracy": 0.8535765409469604}