{"min_auc": 0.6928490996360779, "macro_avg_auc": 0.7355110794305801, "micro_avg_auc": 0.7347922921180725, "minority_auc": 0.7487668991088867, "accuracy": 0.6753246784210205}