{"min_auc": 0.6931781768798828, "macro_avg_auc": 0.7343583852052689, "micro_avg_auc": 0.7335531711578369, "minority_auc": 0.7459073066711426, "accuracy": 0.6776437759399414}