{"min_auc": 0.699066162109375, "macro_avg_auc": 0.7384625673294067, "micro_avg_auc": 0.7369838953018188, "minority_auc": 0.7514299750328064, "accuracy": 0.6799628734588623}