{"min_auc": 0.6981671452522278, "macro_avg_auc": 0.7357934564352036, "micro_avg_auc": 0.7365128993988037, "minority_auc": 0.7526134252548218, "accuracy": 0.6748608350753784}