{"min_auc": 0.8592723608016968, "macro_avg_auc": 0.9142746329307556, "micro_avg_auc": 0.9621523022651672, "minority_auc": 0.8592723608016968, "accuracy": 0.8959866762161255}