{"min_auc": 0.8823181986808777, "macro_avg_auc": 0.9182506650686264, "micro_avg_auc": 0.908349335193634, "minority_auc": 0.9461522102355957, "accuracy": 0.8542472720146179}