{"min_auc": 0.8829314708709717, "macro_avg_auc": 0.9171980768442154, "micro_avg_auc": 0.9088732004165649, "minority_auc": 0.9413971304893494, "accuracy": 0.8552300333976746}