{"min_auc": 0.6938242316246033, "macro_avg_auc": 0.7266401648521423, "micro_avg_auc": 0.7303159832954407, "minority_auc": 0.7456112504005432, "accuracy": 0.6702226400375366}