{"min_auc": 0.9176340699195862, "macro_avg_auc": 0.9366362392902374, "micro_avg_auc": 0.9436909556388855, "minority_auc": 0.9176340699195862, "accuracy": 0.8676250576972961}