{"min_auc": 0.92013019323349, "macro_avg_auc": 0.9401265680789948, "micro_avg_auc": 0.9479331970214844, "minority_auc": 0.92013019323349, "accuracy": 0.8748927116394043}