{"min_auc": 0.869995653629303, "macro_avg_auc": 0.9162991046905518, "micro_avg_auc": 0.9561126232147217, "minority_auc": 0.869995653629303, "accuracy": 0.8907859921455383}