{"min_auc": 0.7006174921989441, "macro_avg_auc": 0.7337474673986435, "micro_avg_auc": 0.7355711460113525, "minority_auc": 0.752613365650177, "accuracy": 0.6850649118423462}