{"min_auc": 0.6992307901382446, "macro_avg_auc": 0.7364738285541534, "micro_avg_auc": 0.7372480034828186, "minority_auc": 0.7521202564239502, "accuracy": 0.6757885217666626}