{"min_auc": 0.6994524598121643, "macro_avg_auc": 0.7355379909276962, "micro_avg_auc": 0.7364693284034729, "minority_auc": 0.7469918727874756, "accuracy": 0.6748608350753784}