{"min_auc": 0.8494771718978882, "macro_avg_auc": 0.9088467657566071, "micro_avg_auc": 0.9601723551750183, "minority_auc": 0.8494771718978882, "accuracy": 0.8966735601425171}