{"min_auc": 0.930038332939148, "macro_avg_auc": 0.9459497332572937, "micro_avg_auc": 0.9519044160842896, "minority_auc": 0.930038332939148, "accuracy": 0.8800796866416931}