{"min_auc": 0.9125357270240784, "macro_avg_auc": 0.9350548386573792, "micro_avg_auc": 0.9437232613563538, "minority_auc": 0.9125357270240784, "accuracy": 0.8708154559135437}