{"min_auc": {"mean": 0.8841554284095764, "std": 0.001854611751477643}, "macro_avg_auc": {"mean": 0.9192625850439071, "std": 0.0011282166339539464}, "micro_avg_auc": {"mean": 0.9093350052833558, "std": 0.0015697947803360107}, "minority_auc": {"mean": 0.9439521610736847, "std": 0.00402528608154091}, "accuracy": {"mean": 0.8498372375965119, "std": 0.007023698725317251}}