{"min_auc": {"mean": 0.6880885362625122, "std": 0.11169198464378376}, "macro_avg_auc": {"mean": 0.787324208021164, "std": 0.08749966898546198}, "micro_avg_auc": {"mean": 0.870922839641571, "std": 0.0695698325101074}, "minority_auc": {"mean": 0.6880885362625122, "std": 0.11169198464378376}, "accuracy": {"mean": 0.7924050509929657, "std": 0.07311282502860487}}