{"min_auc": 0.8853574991226196, "macro_avg_auc": 0.9205964356660843, "micro_avg_auc": 0.9110561013221741, "minority_auc": 0.9461522102355957, "accuracy": 0.8567041158676147}