{"min_auc": 0.8857189416885376, "macro_avg_auc": 0.918026015162468, "micro_avg_auc": 0.9111200571060181, "minority_auc": 0.9361061453819275, "accuracy": 0.8595294952392578}