{"min_auc": 0.8509455919265747, "macro_avg_auc": 0.9082054793834686, "micro_avg_auc": 0.9573816061019897, "minority_auc": 0.8509455919265747, "accuracy": 0.8924541473388672}