{"min_auc": 0.8847273588180542, "macro_avg_auc": 0.915397509932518, "micro_avg_auc": 0.9091478586196899, "minority_auc": 0.9349340200424194, "accuracy": 0.8532031178474426}