{"min_auc": 0.7012631893157959, "macro_avg_auc": 0.7321812808513641, "micro_avg_auc": 0.7353869080543518, "minority_auc": 0.7466961145401001, "accuracy": 0.6813543438911438}