{"min_auc": 0.8370980620384216, "macro_avg_auc": 0.8982597589492798, "micro_avg_auc": 0.950875997543335, "minority_auc": 0.8370980620384216, "accuracy": 0.8814640641212463}