{"min_auc": 0.7169500589370728, "macro_avg_auc": 0.7446020394563675, "micro_avg_auc": 0.744046688079834, "minority_auc": 0.7635326981544495, "accuracy": 0.8272658586502075}