{"min_auc": 0.9362969398498535, "macro_avg_auc": 0.9509530067443848, "micro_avg_auc": 0.9564657211303711, "minority_auc": 0.9362969398498535, "accuracy": 0.8847639560699463}