{"min_auc": 0.8850542306900024, "macro_avg_auc": 0.9185346364974976, "micro_avg_auc": 0.9099287986755371, "minority_auc": 0.9475922584533691, "accuracy": 0.8564584255218506}