{"min_auc": 0.7019277811050415, "macro_avg_auc": 0.7382954061031342, "micro_avg_auc": 0.7383737564086914, "minority_auc": 0.7466962933540344, "accuracy": 0.6827458143234253}