{"min_auc": 0.8820762634277344, "macro_avg_auc": 0.9172361791133881, "micro_avg_auc": 0.9068141579627991, "minority_auc": 0.9416984915733337, "accuracy": 0.8372949957847595}