{"min_auc": 0.8379868865013123, "macro_avg_auc": 0.9018070101737976, "micro_avg_auc": 0.957037091255188, "minority_auc": 0.8379868865013123, "accuracy": 0.8929447531700134}