{"0": 2.564507904130546, "1": 9.652591170825335, "2": 2.3868058851447556, "3": 11.429545454545455}