{"0": 4.361665221162186, "1": 14.791176470588235, "2": 5.820601851851852, "3": 19.64453125, "4": 6.224009900990099, "5": 27.784530386740332, "6": 4.045856798069187, "7": 27.331521739130434}