{"juv_fel_count": [0.06303440047723205, 0.46496552404865815], "juv_misd_count": [0.0914694770332074, 0.4836063559455284], "juv_other_count": [0.10916683237224101, 0.47763576148556075], "priors_count": [3.473255120302247, 4.9228667165752364], "age": [34.78405249552595, 11.834508224951316]}