{"juv_fel_count": [0.06303440047723205, 0.4649655240486567], "juv_misd_count": [0.0914694770332074, 0.4836063559454982], "juv_other_count": [0.10916683237224101, 0.4776357614855577], "priors_count": [3.473255120302247, 4.922866716575293], "age": [34.78405249552595, 11.834508224951309]}