{"min_auc": 0.8142901659011841, "macro_avg_auc": 0.831789419054985, "micro_avg_auc": 0.8341481685638428, "minority_auc": 0.8399216532707214, "accuracy": 0.862917423248291}