{"min_auc": 0.8861680626869202, "macro_avg_auc": 0.9190219640731812, "micro_avg_auc": 0.9110156297683716, "minority_auc": 0.9400241374969482, "accuracy": 0.8593452572822571}