{"min_auc": 0.8578998446464539, "macro_avg_auc": 0.9142268300056458, "micro_avg_auc": 0.9634116888046265, "minority_auc": 0.8578998446464539, "accuracy": 0.9005985856056213}