{"min_auc": 0.8856499791145325, "macro_avg_auc": 0.9219401329755783, "micro_avg_auc": 0.911325991153717, "minority_auc": 0.9473578929901123, "accuracy": 0.8571341037750244}