{"min_auc": 0.8866056203842163, "macro_avg_auc": 0.9207651615142822, "micro_avg_auc": 0.9119092226028442, "minority_auc": 0.9442099928855896, "accuracy": 0.7556046843528748}