{"min_auc": 0.8866543769836426, "macro_avg_auc": 0.9223978072404861, "micro_avg_auc": 0.91159588098526, "minority_auc": 0.9503717422485352, "accuracy": 0.7559118270874023}