{"min_auc": 0.8800764679908752, "macro_avg_auc": 0.9167100638151169, "micro_avg_auc": 0.9058457612991333, "minority_auc": 0.9448127150535583, "accuracy": 0.8519132733345032}