{"min_auc": 0.8393071293830872, "macro_avg_auc": 0.9009895622730255, "micro_avg_auc": 0.9541894793510437, "minority_auc": 0.8393071293830872, "accuracy": 0.8890197277069092}