{"min_auc": 0.8848485350608826, "macro_avg_auc": 0.9188052862882614, "micro_avg_auc": 0.9103236794471741, "minority_auc": 0.9382492303848267, "accuracy": 0.8422086834907532}