{"min_auc": 0.6956980228424072, "macro_avg_auc": 0.7323941290378571, "micro_avg_auc": 0.733613908290863, "minority_auc": 0.7539941072463989, "accuracy": 0.6762523055076599}