{"min_auc": 0.9005382657051086, "macro_avg_auc": 0.9243896007537842, "micro_avg_auc": 0.9334573745727539, "minority_auc": 0.9005382657051086, "accuracy": 0.8565093278884888}