{"min_auc": 0.8845699429512024, "macro_avg_auc": 0.9197613149881363, "micro_avg_auc": 0.9099562168121338, "minority_auc": 0.941832423210144, "accuracy": 0.8535102009773254}