{"min_auc": 0.8823302388191223, "macro_avg_auc": 0.9191166907548904, "micro_avg_auc": 0.9075671434402466, "minority_auc": 0.9430379271507263, "accuracy": 0.8555371165275574}