{"min_auc": 0.8762580156326294, "macro_avg_auc": 0.9130010455846786, "micro_avg_auc": 0.9034035801887512, "minority_auc": 0.9426360726356506, "accuracy": 0.8506234288215637}