{"min_auc": 0.800273597240448, "macro_avg_auc": 0.814491480588913, "micro_avg_auc": 0.8179385662078857, "minority_auc": 0.8222043514251709, "accuracy": 0.8511172533035278}