{"min_auc": 0.8835850954055786, "macro_avg_auc": 0.9184700399637222, "micro_avg_auc": 0.9093976020812988, "minority_auc": 0.9465541839599609, "accuracy": 0.8527731895446777}