{"min_auc": 0.7016051411628723, "macro_avg_auc": 0.7337722033262253, "micro_avg_auc": 0.7349530458450317, "minority_auc": 0.7510355710983276, "accuracy": 0.676716148853302}