{"min_auc": 0.7020924091339111, "macro_avg_auc": 0.7378770560026169, "micro_avg_auc": 0.7393011450767517, "minority_auc": 0.744921088218689, "accuracy": 0.6771799921989441}