{"min_auc": 0.6965147852897644, "macro_avg_auc": 0.7346093207597733, "micro_avg_auc": 0.7340413928031921, "minority_auc": 0.7467948794364929, "accuracy": 0.6771799921989441}