{"min_auc": 0.8177720904350281, "macro_avg_auc": 0.8273827731609344, "micro_avg_auc": 0.8355362415313721, "minority_auc": 0.8358262181282043, "accuracy": 0.8650514483451843}