{"min_auc": 0.8076586127281189, "macro_avg_auc": 0.8259761184453964, "micro_avg_auc": 0.8306455016136169, "minority_auc": 0.8415242433547974, "accuracy": 0.8612854480743408}