{"age": [38.51987539487539, 13.609442588832817], "fnlwgt": [190088.08823271323, 105640.79309597165], "education-num": [10.079896454896454, 2.5620251747722316], "capital-gain": [1045.1615917865918, 7167.535320753199], "capital-loss": [84.96362758862759, 398.8729102896926], "hours-per-week": [40.44572657072657, 12.424982412815218]}