{"age": [38.67240925443856, 13.697878956379814], "fnlwgt": [189956.26584573986, 105637.85838147435], "education-num": [10.078885021498143, 2.560832635189565], "capital-gain": [1063.566556494779, 7361.767962613799], "capital-loss": [88.58352101553132, 405.7714628624677], "hours-per-week": [40.44944280324081, 12.35970983569615]}