{"age": [38.619497499195646, 13.688125451337218], "fnlwgt": [189771.9755476908, 105567.01079989561], "education-num": [10.078270788850215, 2.567029041554005], "capital-gain": [1072.59296849864, 7470.271498013322], "capital-loss": [85.54456111614847, 398.95961309894204], "hours-per-week": [40.410365907163126, 12.316941514514228]}