{"min_auc": 0.8851123452186584, "macro_avg_auc": 0.9213234931230545, "micro_avg_auc": 0.9101462364196777, "minority_auc": 0.9454491138458252, "accuracy": 0.8560284972190857}