{"min_auc": 0.8816894888877869, "macro_avg_auc": 0.9183488935232162, "micro_avg_auc": 0.9079388976097107, "minority_auc": 0.9405263662338257, "accuracy": 0.8501320481300354}