{"min_auc": 0.8178824782371521, "macro_avg_auc": 0.8326391130685806, "micro_avg_auc": 0.8404173851013184, "minority_auc": 0.8320869207382202, "accuracy": 0.8297765254974365}