{"min_auc": {"mean": 0.885297292470932, "std": 0.0006518614005294807}, "macro_avg_auc": {"mean": 0.918700386583805, "std": 0.001815989101837644}, "micro_avg_auc": {"mean": 0.9101847589015961, "std": 0.0007322508613241217}, "minority_auc": {"mean": 0.9414238631725311, "std": 0.0059271811311176065}, "accuracy": {"mean": 0.8574227571487427, "std": 0.0015485177592630156}}