{"min_auc": 0.6999367475509644, "macro_avg_auc": 0.7292035073041916, "micro_avg_auc": 0.7326472401618958, "minority_auc": 0.7426527142524719, "accuracy": 0.6474953889846802}