{"min_auc": 0.6949194669723511, "macro_avg_auc": 0.7241792231798172, "micro_avg_auc": 0.7273287177085876, "minority_auc": 0.7482739090919495, "accuracy": 0.6400741934776306}