{"min_auc": 0.8775269985198975, "macro_avg_auc": 0.9123550653457642, "micro_avg_auc": 0.9037765264511108, "minority_auc": 0.9326903820037842, "accuracy": 0.8475523591041565}