{"min_auc": 0.9185596108436584, "macro_avg_auc": 0.9365749955177307, "micro_avg_auc": 0.943621814250946, "minority_auc": 0.9185596108436584, "accuracy": 0.8643776774406433}