{"min_auc": 0.7729194164276123, "macro_avg_auc": 0.8610334098339081, "micro_avg_auc": 0.9369005560874939, "minority_auc": 0.7729194164276123, "accuracy": 0.8528112769126892}