{"min_auc": 0.8831548094749451, "macro_avg_auc": 0.9180563539266586, "micro_avg_auc": 0.9080519676208496, "minority_auc": 0.9407273530960083, "accuracy": 0.8493335843086243}