{"min_auc": {"mean": 0.8056459844112396, "std": 0.004493256828665422}, "macro_avg_auc": {"mean": 0.8218386709690094, "std": 0.0031956705714729873}, "micro_avg_auc": {"mean": 0.8284003674983978, "std": 0.0034997689960420257}, "minority_auc": {"mean": 0.8276754140853881, "std": 0.01056005790329409}, "accuracy": {"mean": 0.8587747931480407, "std": 0.004925003572687866}}