{"min_auc": 0.7010477781295776, "macro_avg_auc": 0.7325637191534042, "micro_avg_auc": 0.7334867715835571, "minority_auc": 0.745414137840271, "accuracy": 0.6716141104698181}