{"min_auc": 0.8855603337287903, "macro_avg_auc": 0.9187475144863129, "micro_avg_auc": 0.910508930683136, "minority_auc": 0.9416314959526062, "accuracy": 0.8573183417320251}