{"min_auc": 0.9232571125030518, "macro_avg_auc": 0.9409089982509613, "micro_avg_auc": 0.9476732611656189, "minority_auc": 0.9232571125030518, "accuracy": 0.8768770694732666}