{"min_auc": 0.8956329822540283, "macro_avg_auc": 0.9212567806243896, "micro_avg_auc": 0.9309985637664795, "minority_auc": 0.8956329822540283, "accuracy": 0.85271817445755}