{"min_auc": 0.6948685646057129, "macro_avg_auc": 0.7295257747173309, "micro_avg_auc": 0.7318616509437561, "minority_auc": 0.7379191517829895, "accuracy": 0.6600185632705688}