{"min_auc": 0.6943433880805969, "macro_avg_auc": 0.7361684590578079, "micro_avg_auc": 0.7348029017448425, "minority_auc": 0.747978150844574, "accuracy": 0.6753246784210205}