{"min_auc": {"mean": 0.6996595561504364, "std": 0.0034582863378119053}, "macro_avg_auc": {"mean": 0.7346805244684219, "std": 0.0032341360548626716}, "micro_avg_auc": {"mean": 0.7361120104789733, "std": 0.003034601991546629}, "minority_auc": {"mean": 0.7532936871051789, "std": 0.004436680144277011}, "accuracy": {"mean": 0.6688311696052551, "std": 0.0070555726230699944}}