{"zfygpa": [0.007156308851224099, 0.9562693255420447], "zgpa": [0.005135324186171628, 0.920368671471327], "DOB_yr": [64.9954802259887, 6.374190672838127], "cluster_tier": [3.7390906645143933, 1.183449020338684], "family_income": [3.4257734732311005, 0.8794618881913947], "lsat": [36.57297820823247, 5.6298900858951075], "ugpa": [3.224229217110554, 0.4184663119239122], "weighted_lsat_ugpa": [741.996243659541, 107.69097610618918]}