{"min_auc": 0.8494945764541626, "macro_avg_auc": 0.9072947204113007, "micro_avg_auc": 0.9571343064308167, "minority_auc": 0.8494945764541626, "accuracy": 0.8935335278511047}