{"min_auc": 0.6993385553359985, "macro_avg_auc": 0.7376110702753067, "micro_avg_auc": 0.7374349236488342, "minority_auc": 0.7428500652313232, "accuracy": 0.6771799921989441}