{"min_auc": 0.7383851408958435, "macro_avg_auc": 0.7666123658418655, "micro_avg_auc": 0.7648568749427795, "minority_auc": 0.7802706360816956, "accuracy": 0.8113231062889099}