{"min_auc": 0.8850253820419312, "macro_avg_auc": 0.9181679785251617, "micro_avg_auc": 0.9102378487586975, "minority_auc": 0.9387180805206299, "accuracy": 0.8584853410720825}