{"min_auc": 0.8190709352493286, "macro_avg_auc": 0.836552307009697, "micro_avg_auc": 0.8365740776062012, "minority_auc": 0.847133219242096, "accuracy": 0.8648003935813904}