{"min_auc": 0.8204348087310791, "macro_avg_auc": 0.8322239071130753, "micro_avg_auc": 0.8385567665100098, "minority_auc": 0.8345797061920166, "accuracy": 0.8651769757270813}