{"min_auc": 0.8053683042526245, "macro_avg_auc": 0.8174237310886383, "micro_avg_auc": 0.8284085988998413, "minority_auc": 0.8227386474609375, "accuracy": 0.8535023927688599}