{"min_auc": 0.9289870262145996, "macro_avg_auc": 0.9454412460327148, "micro_avg_auc": 0.9515523314476013, "minority_auc": 0.9289870262145996, "accuracy": 0.881218433380127}