{"min_auc": 0.8839505910873413, "macro_avg_auc": 0.9172319322824478, "micro_avg_auc": 0.9091291427612305, "minority_auc": 0.9370437264442444, "accuracy": 0.8574411869049072}