{"min_auc": 0.8091806769371033, "macro_avg_auc": 0.8256718516349792, "micro_avg_auc": 0.8323783278465271, "minority_auc": 0.8379184603691101, "accuracy": 0.8650514483451843}