{"min_auc": {"mean": 0.881853210926056, "std": 0.0012347450536867774}, "macro_avg_auc": {"mean": 0.9175952941179275, "std": 0.0008769502387923591}, "micro_avg_auc": {"mean": 0.9073748707771301, "std": 0.0008166875759157224}, "minority_auc": {"mean": 0.9437411963939667, "std": 0.002140118462245916}, "accuracy": {"mean": 0.8433265805244445, "std": 0.0029857127574406273}}