{"min_auc": 0.8108687400817871, "macro_avg_auc": 0.8186546117067337, "micro_avg_auc": 0.8263859748840332, "minority_auc": 0.8222044110298157, "accuracy": 0.8526236414909363}