{"min_auc": 0.8117850422859192, "macro_avg_auc": 0.8284018039703369, "micro_avg_auc": 0.8341252207756042, "minority_auc": 0.8311075568199158, "accuracy": 0.8642982840538025}