{"min_auc": 0.6866826415061951, "macro_avg_auc": 0.7132592499256134, "micro_avg_auc": 0.7202096581459045, "minority_auc": 0.7383133172988892, "accuracy": 0.6651206016540527}