{"min_auc": 0.8832258582115173, "macro_avg_auc": 0.9176399409770966, "micro_avg_auc": 0.9090186953544617, "minority_auc": 0.9411961436271667, "accuracy": 0.8553528785705566}