{"min_auc": 0.8144515156745911, "macro_avg_auc": 0.8285571336746216, "micro_avg_auc": 0.8344835042953491, "minority_auc": 0.837161660194397, "accuracy": 0.8644238114356995}