{"min_auc": 0.8436862230300903, "macro_avg_auc": 0.9051935374736786, "micro_avg_auc": 0.9583554267883301, "minority_auc": 0.8436862230300903, "accuracy": 0.8946129083633423}