{"min_auc": 0.8979392647743225, "macro_avg_auc": 0.9219349920749664, "micro_avg_auc": 0.9311397671699524, "minority_auc": 0.8979392647743225, "accuracy": 0.8555078506469727}