{"min_auc": 0.8028785586357117, "macro_avg_auc": 0.8209299892187119, "micro_avg_auc": 0.8242915272712708, "minority_auc": 0.839476466178894, "accuracy": 0.8587747812271118}