{"min_auc": 0.8597996234893799, "macro_avg_auc": 0.9143415689468384, "micro_avg_auc": 0.9617443680763245, "minority_auc": 0.8597996234893799, "accuracy": 0.8950054049491882}