{"min_auc": 0.6989397406578064, "macro_avg_auc": 0.7341900169849396, "micro_avg_auc": 0.7359116673469543, "minority_auc": 0.7532050013542175, "accuracy": 0.6785714030265808}