{"min_auc": 0.7011491060256958, "macro_avg_auc": 0.7302330285310745, "micro_avg_auc": 0.7341831922531128, "minority_auc": 0.7523175477981567, "accuracy": 0.6753246784210205}