{"min_auc": 0.8836721777915955, "macro_avg_auc": 0.9186346381902695, "micro_avg_auc": 0.9090757369995117, "minority_auc": 0.940057635307312, "accuracy": 0.855844259262085}