{"min_auc": 0.6885596513748169, "macro_avg_auc": 0.7329350858926773, "micro_avg_auc": 0.7318535447120667, "minority_auc": 0.7451183199882507, "accuracy": 0.673933207988739}