{"min_auc": {"mean": 0.809587162733078, "std": 0.007261673989205601}, "macro_avg_auc": {"mean": 0.8263224929571151, "std": 0.006320658062567331}, "micro_avg_auc": {"mean": 0.8308768033981323, "std": 0.006125600903567921}, "minority_auc": {"mean": 0.8371349692344665, "std": 0.008663927583626517}, "accuracy": {"mean": 0.8603690683841705, "std": 0.0047114557687987155}}