{"min_auc": 0.9044064283370972, "macro_avg_auc": 0.9273708164691925, "micro_avg_auc": 0.9361499547958374, "minority_auc": 0.9044064283370972, "accuracy": 0.8587267398834229}