{"min_auc": 0.7020040154457092, "macro_avg_auc": 0.7362058907747269, "micro_avg_auc": 0.7375050187110901, "minority_auc": 0.7578400373458862, "accuracy": 0.6762523055076599}