{"min_auc": 0.9210754632949829, "macro_avg_auc": 0.9419351816177368, "micro_avg_auc": 0.9499701857566833, "minority_auc": 0.9210754632949829, "accuracy": 0.8790121674537659}