{"min_auc": 0.8318126797676086, "macro_avg_auc": 0.8968409597873688, "micro_avg_auc": 0.9528980255126953, "minority_auc": 0.9618692398071289, "accuracy": 0.8834265470504761}