{"min_auc": 0.795838475227356, "macro_avg_auc": 0.8149711191654205, "micro_avg_auc": 0.8160866498947144, "minority_auc": 0.84731125831604, "accuracy": 0.7730354070663452}