{"min_auc": 0.8855502605438232, "macro_avg_auc": 0.9191775470972061, "micro_avg_auc": 0.9104902744293213, "minority_auc": 0.9404594898223877, "accuracy": 0.7551747560501099}