{"min_auc": 0.7215771079063416, "macro_avg_auc": 0.7492148280143738, "micro_avg_auc": 0.744704008102417, "minority_auc": 0.7662926912307739, "accuracy": 0.8201104402542114}