{"min_auc": 0.6887781023979187, "macro_avg_auc": 0.7316805571317673, "micro_avg_auc": 0.7310380935668945, "minority_auc": 0.7254930734634399, "accuracy": 0.6614100337028503}