{"min_auc": 0.6927858591079712, "macro_avg_auc": 0.7340763360261917, "micro_avg_auc": 0.7331811189651489, "minority_auc": 0.7486686110496521, "accuracy": 0.6781076192855835}