{"min_auc": 0.6933301687240601, "macro_avg_auc": 0.7294663786888123, "micro_avg_auc": 0.7300382852554321, "minority_auc": 0.7535009980201721, "accuracy": 0.6730055809020996}