{"min_auc": 0.6983445882797241, "macro_avg_auc": 0.7359777539968491, "micro_avg_auc": 0.7369416356086731, "minority_auc": 0.7445266842842102, "accuracy": 0.6632652878761292}