{"min_auc": 0.8081952333450317, "macro_avg_auc": 0.8261142075061798, "micro_avg_auc": 0.8326932191848755, "minority_auc": 0.8352920413017273, "accuracy": 0.8612854480743408}