{"min_auc": 0.854932427406311, "macro_avg_auc": 0.9124307334423065, "micro_avg_auc": 0.9623907804489136, "minority_auc": 0.854932427406311, "accuracy": 0.894024133682251}