{"min_auc": 0.6990853548049927, "macro_avg_auc": 0.7298214286565781, "micro_avg_auc": 0.7333057522773743, "minority_auc": 0.7534023523330688, "accuracy": 0.6776437759399414}