{"min_auc": 0.9005518555641174, "macro_avg_auc": 0.9246239066123962, "micro_avg_auc": 0.9337908029556274, "minority_auc": 0.9005518555641174, "accuracy": 0.8567954301834106}