{"accuracy": 0.8621718883514404, "accuracy race group 0": 0.8702584505081177, "accuracy race group 1": 0.7501305341720581, "accuracy sex group 0": 0.8690705299377441, "accuracy sex group 1": 0.8532209992408752, "accuracy subgroup 0": 0.8747395873069763, "accuracy subgroup 1": 0.8641467094421387, "accuracy subgroup 2": 0.7544400691986084, "accuracy subgroup 3": 0.7473128437995911, "auc": 0.8158846497535706, "auc race group 0": 0.8022595643997192, "auc race group 1": 0.8172149062156677, "auc sex group 0": 0.8230718970298767, "auc sex group 1": 0.8065257668495178, "auc subgroup 0": 0.8106706142425537, "auc subgroup 1": 0.7903822660446167, "auc subgroup 2": 0.8321119546890259, "auc subgroup 3": 0.8027692437171936, "aucpr": 0.9359155297279358, "fn": 10994.0, "fn race group 0": 9800.0, "fn race group 1": 1194.0, "fn sex group 0": 5656.0, "fn sex group 1": 5338.0, "fn subgroup 0": 5074.0, "fn subgroup 1": 4726.0, "fn subgroup 2": 582.0, "fn subgroup 3": 612.0, "fn_th": [0.0, 450.0, 1735.0, 3796.0, 7815.0, 10994.0, 14659.0, 21856.0, 40916.0, 78669.0], "fn_th race group 0": [0.0, 288.0, 1475.0, 3471.0, 7200.0, 9800.0, 12853.0, 18797.0, 35409.0, 71104.0], "fn_th race group 1": [0.0, 162.0, 260.0, 325.0, 615.0, 1194.0, 1806.0, 3059.0, 5507.0, 7565.0], "fn_th sex group 0": [0.0, 257.0, 770.0, 1833.0, 3856.0, 5656.0, 7745.0, 11922.0, 22787.0, 43675.0], "fn_th sex group 1": [0.0, 193.0, 965.0, 1963.0, 3959.0, 5338.0, 6914.0, 9934.0, 18129.0, 34994.0], "fn_th subgroup 0": [0.0, 160.0, 608.0, 1671.0, 3596.0, 5074.0, 7035.0, 10730.0, 20792.0, 40877.0], "fn_th subgroup 1": [0.0, 128.0, 867.0, 1800.0, 3604.0, 4726.0, 5818.0, 8067.0, 14617.0, 30227.0], "fn_th subgroup 2": [0.0, 97.0, 162.0, 162.0, 260.0, 582.0, 710.0, 1192.0, 1995.0, 2798.0], "fn_th subgroup 3": [0.0, 65.0, 98.0, 163.0, 355.0, 612.0, 1096.0, 1867.0, 3512.0, 4767.0], "fnr": 0.05347120389342308, "fnr race group 0": 0.049922313541173935, "fnr race group 1": 0.12837329506874084, "fnr sex group 0": 0.04865041375160217, "fnr sex group 1": 0.05974392220377922, "fnr subgroup 0": 0.04493645578622818, "fnr subgroup 1": 0.05667346343398094, "fnr subgroup 2": 0.17409512400627136, "fnr subgroup 3": 0.1027190312743187, "fp": 24290.0, "fp race group 0": 21178.0, "fp race group 1": 3112.0, "fp sex group 0": 13273.0, "fp sex group 1": 11017.0, "fp subgroup 0": 12182.0, "fp subgroup 1": 8996.0, "fp subgroup 2": 1091.0, "fp subgroup 3": 2021.0, "fp_th": [50394.0, 40044.0, 36508.0, 31534.0, 26506.0, 24290.0, 21972.0, 18759.0, 14742.0, 8698.0], "fp_th race group 0": [42462.0, 34842.0, 31759.0, 27329.0, 22752.0, 21178.0, 19440.0, 17254.0, 13877.0, 8506.0], "fp_th race group 1": [7932.0, 5202.0, 4749.0, 4205.0, 3754.0, 3112.0, 2532.0, 1505.0, 865.0, 192.0], "fp_th sex group 0": [28316.0, 22274.0, 20248.0, 17395.0, 14558.0, 13273.0, 12020.0, 10572.0, 8224.0, 4653.0], "fp_th sex group 1": [22078.0, 17770.0, 16260.0, 14139.0, 11948.0, 11017.0, 9952.0, 8187.0, 6518.0, 4045.0], "fp_th subgroup 0": [24846.0, 20217.0, 18354.0, 15693.0, 13081.0, 12182.0, 11185.0, 9963.0, 7967.0, 4653.0], "fp_th subgroup 1": [17616.0, 14625.0, 13405.0, 11636.0, 9671.0, 8996.0, 8255.0, 7291.0, 5910.0, 3853.0], "fp_th subgroup 2": [3470.0, 2057.0, 1894.0, 1702.0, 1477.0, 1091.0, 835.0, 609.0, 257.0, 0.0], "fp_th subgroup 3": [4462.0, 3145.0, 2855.0, 2503.0, 2277.0, 2021.0, 1697.0, 896.0, 608.0, 192.0], "fpr": 0.48200181126594543, "fpr race group 0": 0.49875181913375854, "fpr race group 1": 0.39233484864234924, "fpr sex group 0": 0.4687455892562866, "fpr sex group 1": 0.499003529548645, "fpr subgroup 0": 0.4903002381324768, "fpr subgroup 1": 0.5106720924377441, "fpr subgroup 2": 0.3144092261791229, "fpr subgroup 3": 0.4529359042644501, "loss": 0.8071086406707764, "precision": 0.8890371322631836, "precision race group 0": 0.8980273008346558, "precision race group 1": 0.7226133942604065, "precision sex group 0": 0.8928516507148743, "precision sex group 1": 0.8840645551681519, "precision subgroup 0": 0.898502767086029, "precision subgroup 1": 0.8973762392997742, "precision subgroup 2": 0.7167705297470093, "precision subgroup 3": 0.7256685495376587, "precision_th": [0.8031484484672546, 0.8366883993148804, 0.8481231927871704, 0.864860475063324, 0.8818263411521912, 0.8890371322631836, 0.8968058228492737, 0.9073670506477356, 0.9178407192230225, 0.9358720183372498], "precision_th race group 0": [0.8221613764762878, 0.8490766882896423, 0.8598387241363525, 0.8758692145347595, 0.892606794834137, 0.8980273008346558, 0.9041854739189148, 0.9114097952842712, 0.9205998778343201, 0.9363833069801331], "precision_th race group 1": [0.5397202968597412, 0.6372637748718262, 0.6556200385093689, 0.6809802055358887, 0.6982315182685852, 0.7226133942604065, 0.7474818229675293, 0.8057312369346619, 0.8143378496170044, 0.9004149436950684], "precision_th sex group 0": [0.8041418194770813, 0.838915228843689, 0.8508280515670776, 0.8680397272109985, 0.8853339552879333, 0.8928516507148743, 0.900276243686676, 0.9079959392547607, 0.9191307425498962, 0.9397560954093933], "precision_th sex group 1": [0.8018595576286316, 0.8338087201118469, 0.844614565372467, 0.8607324361801147, 0.8772512078285217, 0.8840645551681519, 0.8922780752182007, 0.906542181968689, 0.9161531925201416, 0.9307351112365723], "precision_th subgroup 0": [0.8196441531181335, 0.8479604721069336, 0.8595296144485474, 0.8763717412948608, 0.8931291103363037, 0.898502767086029, 0.90445476770401, 0.9111620187759399, 0.9204016327857971, 0.9393279552459717], "precision_th subgroup 1": [0.8255945444107056, 0.8505930304527283, 0.8602597713470459, 0.8751850128173828, 0.8918921947479248, 0.8973762392997742, 0.9038181304931641, 0.9117462038993835, 0.920865535736084, 0.9324224591255188], "precision_th subgroup 2": [0.4906795918941498, 0.6121063828468323, 0.6267980337142944, 0.6514437794685364, 0.676096498966217, 0.7167705297470093, 0.7592272162437439, 0.779347836971283, 0.8398754000663757, 1.0], "precision_th subgroup 3": [0.571785032749176, 0.6520248055458069, 0.672403872013092, 0.6983610391616821, 0.7110406160354614, 0.7256685495376587, 0.7412715554237366, 0.8203328847885132, 0.800916850566864, 0.8611713647842407], "recall": 0.9465287923812866, "recall race group 0": 0.9500777125358582, "recall race group 1": 0.8716267347335815, "recall sex group 0": 0.9513495564460754, "recall sex group 1": 0.9402560591697693, "recall subgroup 0": 0.95506352186203, "recall subgroup 1": 0.9433265328407288, "recall subgroup 2": 0.8259048461914062, "recall subgroup 3": 0.8972809910774231, "recall_th": [1.0, 0.9978113770484924, 0.9915615320205688, 0.9815375208854675, 0.9619904160499573, 0.9465287923812866, 0.9287034273147583, 0.893699586391449, 0.8009980320930481, 0.6173798441886902], "recall_th race group 0": [1.0, 0.9985328912734985, 0.9924861788749695, 0.9823183417320251, 0.9633224010467529, 0.9500777125358582, 0.9345253705978394, 0.9042459726333618, 0.8196225166320801, 0.6377881169319153], "recall_th race group 1": [1.0, 0.9825825095176697, 0.9720460176467896, 0.9650574922561646, 0.9338780641555786, 0.8716267347335815, 0.8058273196220398, 0.6711106300354004, 0.40791311860084534, 0.18664659559726715], "recall_th sex group 0": [1.0, 0.9977893829345703, 0.9933767914772034, 0.9842333197593689, 0.9668323993682861, 0.9513495564460754, 0.9333809018135071, 0.8974522352218628, 0.8039962649345398, 0.6243269443511963], "recall_th sex group 1": [1.0, 0.9978399276733398, 0.9891995191574097, 0.978029727935791, 0.9556900858879089, 0.9402560591697693, 0.9226171970367432, 0.888816773891449, 0.7970967292785645, 0.6083404421806335], "recall_th subgroup 0": [1.0, 0.9985830187797546, 0.9946154356002808, 0.9852012395858765, 0.9681530594825745, 0.95506352186203, 0.9376965165138245, 0.9049727916717529, 0.8158614635467529, 0.6379843354225159], "recall_th subgroup 1": [1.0, 0.9984650611877441, 0.9896030426025391, 0.9784146547317505, 0.9567813873291016, 0.9433265328407288, 0.9302314519882202, 0.9032617807388306, 0.8247151970863342, 0.6375224590301514],