{"accuracy": 0.8231250047683716, "accuracy race group 0": 0.8303167223930359, "accuracy race group 1": 0.7240184545516968, "accuracy sex group 0": 0.8265334367752075, "accuracy sex group 1": 0.818734347820282, "accuracy subgroup 0": 0.8316341638565063, "accuracy subgroup 1": 0.8285319805145264, "auc": 0.7187592387199402, "auc race group 0": 0.6944211721420288, "auc race group 1": 0.7641882300376892, "auc sex group 0": 0.7154605388641357, "auc sex group 1": 0.7232596278190613, "auc subgroup 0": 0.6962820291519165, "auc subgroup 1": 0.6923680305480957, "aucpr": 0.9092827439308167, "fn": 250.0, "fn race group 0": 184.0, "fn race group 1": 66.0, "fn sex group 0": 119.0, "fn sex group 1": 131.0, "fn subgroup 0": 97.0, "fn subgroup 1": 87.0, "fn_th": [0.0, 0.0, 0.0, 10.0, 55.0, 250.0, 679.0, 1679.0, 3840.0, 7935.0], "fn_th race group 0": [0.0, 0.0, 0.0, 2.0, 36.0, 184.0, 533.0, 1421.0, 3458.0, 7487.0], "fn_th race group 1": [0.0, 0.0, 0.0, 8.0, 19.0, 66.0, 146.0, 258.0, 382.0, 448.0], "fn_th sex group 0": [0.0, 0.0, 0.0, 2.0, 29.0, 119.0, 332.0, 873.0, 2039.0, 4386.0], "fn_th sex group 1": [0.0, 0.0, 0.0, 8.0, 26.0, 131.0, 347.0, 806.0, 1801.0, 3549.0], "fn_th subgroup 0": [0.0, 0.0, 0.0, 0.0, 22.0, 97.0, 288.0, 788.0, 1895.0, 4221.0], "fn_th subgroup 1": [0.0, 0.0, 0.0, 2.0, 14.0, 87.0, 245.0, 633.0, 1563.0, 3266.0], "fnr": 0.02423185110092163, "fnr race group 0": 0.01868399605154991, "fnr race group 1": 0.14072494208812714, "fnr sex group 0": 0.0204151663929224, "fnr sex group 1": 0.02918894775211811, "fnr subgroup 0": 0.017137808725237846, "fnr subgroup 1": 0.020773638039827347, "fp": 2014.0, "fp race group 0": 1841.0, "fp race group 1": 173.0, "fp sex group 0": 1131.0, "fp sex group 1": 883.0, "fp subgroup 0": 1059.0, "fp subgroup 1": 782.0, "fp_th": [2483.0, 2481.0, 2454.0, 2369.0, 2217.0, 2014.0, 1724.0, 1295.0, 770.0, 147.0], "fp_th race group 0": [2086.0, 2084.0, 2077.0, 2049.0, 1971.0, 1841.0, 1620.0, 1235.0, 751.0, 145.0], "fp_th race group 1": [397.0, 397.0, 377.0, 320.0, 246.0, 173.0, 104.0, 60.0, 19.0, 2.0], "fp_th sex group 0": [1377.0, 1375.0, 1355.0, 1322.0, 1236.0, 1131.0, 1009.0, 777.0, 438.0, 96.0], "fp_th sex group 1": [1106.0, 1106.0, 1099.0, 1047.0, 981.0, 883.0, 715.0, 518.0, 332.0, 51.0], "fp_th subgroup 0": [1206.0, 1204.0, 1201.0, 1187.0, 1133.0, 1059.0, 958.0, 746.0, 429.0, 94.0], "fp_th subgroup 1": [880.0, 880.0, 876.0, 862.0, 838.0, 782.0, 662.0, 489.0, 322.0, 51.0], "fpr": 0.811115562915802, "fpr race group 0": 0.8825503587722778, "fpr race group 1": 0.4357682764530182, "fpr sex group 0": 0.8213507533073425, "fpr sex group 1": 0.7983725070953369, "fpr subgroup 0": 0.8781094551086426, "fpr subgroup 1": 0.8886363506317139, "loss": 0.4313724637031555, "precision": 0.8332919478416443, "precision race group 0": 0.8399826288223267, "precision race group 1": 0.6996527910232544, "precision sex group 0": 0.834673285484314, "precision sex group 1": 0.8314885497093201, "precision subgroup 0": 0.8400785326957703, "precision subgroup 1": 0.8398525714874268, "precision_th": [0.8060156106948853, 0.8061415553092957, 0.8078458905220032, 0.8131113648414612, 0.8223415613174438, 0.8332919478416443, 0.8482661247253418, 0.869626522064209, 0.8937491178512573, 0.9418742656707764], "precision_th race group 0": [0.8252052664756775, 0.8253436088562012, 0.8258280754089355, 0.8277427554130554, 0.8327251076698303, 0.8399826288223267, 0.8518518805503845, 0.8721796870231628, 0.8948326706886292, 0.9421388506889343], "precision_th race group 1": [0.5415704250335693, 0.5415704250335693, 0.5543735027313232, 0.5902689099311829, 0.6465517282485962, 0.6996527910232544, 0.756440281867981, 0.7785977721214294, 0.8207547068595886, 0.9130434989929199], "precision_th sex group 0": [0.8089092373847961, 0.8091338276863098, 0.8113864064216614, 0.8150790333747864, 0.8243319988250732, 0.834673285484314, 0.8449124097824097, 0.8644688725471497, 0.8964049220085144, 0.9376218318939209], "precision_th sex group 1": [0.8022881746292114, 0.8022881746292114, 0.8032933473587036, 0.8105663061141968, 0.819768488407135, 0.8314885497093201, 0.8527594804763794, 0.8766666650772095, 0.890029788017273, 0.9484848380088806], "precision_th subgroup 0": [0.8243519067764282, 0.8245920538902283, 0.8249526023864746, 0.8266394138336182, 0.8326687216758728, 0.8400785326957703, 0.8486571907997131, 0.8672125339508057, 0.8977110385894775, 0.9386823177337646], "precision_th subgroup 1": [0.8263614773750305, 0.8263614773750305, 0.8270142078399658, 0.8292393088340759, 0.8328012824058533, 0.8398525714874268, 0.8562431931495667, 0.8790801167488098, 0.8907363414764404, 0.9475848078727722], "recall": 0.9757681488990784, "recall race group 0": 0.9813160300254822, "recall race group 1": 0.8592750430107117, "recall sex group 0": 0.979584813117981, "recall sex group 1": 0.9708110690116882, "recall subgroup 0": 0.9828621745109558, "recall subgroup 1": 0.9792263507843018, "recall_th": [1.0, 1.0, 1.0, 0.9990307092666626, 0.9946690201759338, 0.9757681488990784, 0.9341862797737122, 0.8372588753700256, 0.6277987957000732, 0.23088106513023376], "recall_th race group 0": [1.0, 1.0, 1.0, 0.9997969269752502, 0.9963444471359253, 0.9813160300254822, 0.9458773136138916, 0.8557067513465881, 0.6488627195358276, 0.23974411189556122], "recall_th race group 1": [1.0, 1.0, 1.0, 0.9829424023628235, 0.9594882726669312, 0.8592750430107117, 0.6886993646621704, 0.44989338517189026, 0.1855010688304901, 0.04477611929178238], "recall_th sex group 0": [1.0, 1.0, 1.0, 0.9996569156646729, 0.9950248599052429, 0.979584813117981, 0.9430434107780457, 0.8502315878868103, 0.6501972675323486, 0.24755533039569855], "recall_th sex group 1": [1.0, 1.0, 1.0, 0.9982174634933472, 0.9942067861557007, 0.9708110690116882, 0.9226827025413513, 0.8204099535942078, 0.5987076759338379, 0.20922459661960602], "recall_th subgroup 0": [1.0, 1.0, 1.0, 1.0, 0.9961130619049072, 0.9828621745109558, 0.949116587638855, 0.8607773780822754, 0.6651943325996399, 0.2542402744293213], "recall_th subgroup 1": [1.0, 1.0, 1.0, 0.9995224475860596, 0.996657133102417, 0.9792263507843018, 0.9414995312690735, 0.8488538861274719, 0.6267908215522766, 0.22015281021595], "tn": 469.0, "tn race group 0": 245.0, "tn race group 1": 224.0, "tn sex group 0": 246.0, "tn sex group 1": 223.0, "tn subgroup 0": 147.0, "tn subgroup 1": 98.0, "tn_th": [0.0, 2.0, 29.0, 114.0, 266.0, 469.0, 759.0, 1188.0, 1713.0, 2336.0], "tn_th race group 0": [0.0, 2.0, 9.0, 37.0, 115.0, 245.0, 466.0, 851.0, 1335.0, 1941.0], "tn_th race group 1": [0.0, 0.0, 20.0, 77.0, 151.0, 224.0, 293.0, 337.0, 378.0, 395.0], "tn_th sex group 0": [0.0, 2.0, 22.0, 55.0, 141.0, 246.0, 368.0, 600.0, 939.0, 1281.0], "tn_th sex group 1": [0.0, 0.0, 7.0, 59.0, 125.0, 223.0, 391.0, 588.0, 774.0, 1055.0], "tn_th subgroup 0": [0.0, 2.0, 5.0, 19.0, 73.0, 147.0, 248.0, 460.0, 777.0, 1112.0], "tn_th subgroup 1": [0.0, 0.0, 4.0, 18.0, 42.0, 98.0, 218.0, 391.0, 558.0, 829.0], "tp": 10067.0, "tp race group 0": 9664.0, "tp race group 1": 403.0, "tp sex group 0": 5710.0, "tp sex group 1": 4357.0, "tp subgroup 0": 5563.0, "tp subgroup 1": 4101.0, "tp_th": [10317.0, 10317.0, 10317.0, 10307.0, 10262.0, 10067.0, 9638.0, 8638.0, 6477.0, 2382.0], "tp_th race group 0": [9848.0, 9848.0, 9848.0, 9846.0, 9812.0, 9664.0, 9315.0, 8427.0, 6390.0, 2361.0], "tp_th race group 1": [469.0, 469.0, 469.0, 461.0, 450.0, 403.0, 323.0, 211.0, 87.0, 21.0], "tp_th sex group 0": [5829.0, 5829.0, 5829.0, 5827.0, 5800.0, 5710.0, 5497.0, 4956.0, 3790.0, 1443.0], "tp_th sex group 1": [4488.0, 4488.0, 4488.0, 4480.0, 4462.0, 4357.0, 4141.0, 3682.0, 2687.0, 939.0], "tp_th subgroup 0": [5660.0, 5660.0, 5660.0, 5660.0, 5638.0, 5563.0, 5372.0, 4872.0, 3765.0, 1439.0], "tp_th subgroup 1": [4188.0, 4188.0, 4188.0, 4186.0, 4174.0, 4101.0, 3943.0, 3555.0, 2625.0, 922.0], "global_step": 102.0}