{"accuracy": 0.8624062538146973, "accuracy race group 0": 0.871188223361969, "accuracy race group 1": 0.7407299876213074, "accuracy sex group 0": 0.8685932755470276, "accuracy sex group 1": 0.8543787002563477, "accuracy subgroup 0": 0.874478280544281, "accuracy subgroup 1": 0.8667010068893433, "accuracy subgroup 2": 0.749596357345581, "accuracy subgroup 3": 0.7349328398704529, "auc": 0.8217505812644958, "auc race group 0": 0.8083063364028931, "auc race group 1": 0.8293808102607727, "auc sex group 0": 0.8255859613418579, "auc sex group 1": 0.8166673183441162, "auc subgroup 0": 0.813490092754364, "auc subgroup 1": 0.8010327816009521, "auc subgroup 2": 0.8362354040145874, "auc subgroup 3": 0.8209059238433838, "aucpr": 0.9419363737106323, "fn": 10647.0, "fn race group 0": 9388.0, "fn race group 1": 1259.0, "fn sex group 0": 5404.0, "fn sex group 1": 5243.0, "fn subgroup 0": 4854.0, "fn subgroup 1": 4534.0, "fn subgroup 2": 550.0, "fn subgroup 3": 709.0, "fn_th": [0.0, 743.0, 2123.0, 4663.0, 7496.0, 10647.0, 14437.0, 22502.0, 52541.0, 89839.0], "fn_th race group 0": [0.0, 613.0, 1832.0, 4144.0, 6752.0, 9388.0, 12726.0, 19635.0, 46043.0, 81858.0], "fn_th race group 1": [0.0, 130.0, 291.0, 519.0, 744.0, 1259.0, 1711.0, 2867.0, 6498.0, 7981.0], "fn_th sex group 0": [0.0, 389.0, 901.0, 2123.0, 3604.0, 5404.0, 7682.0, 12564.0, 28826.0, 49676.0], "fn_th sex group 1": [0.0, 354.0, 1222.0, 2540.0, 3892.0, 5243.0, 6755.0, 9938.0, 23715.0, 40163.0], "fn_th subgroup 0": [0.0, 291.0, 739.0, 1863.0, 3215.0, 4854.0, 6971.0, 11308.0, 26319.0, 46654.0], "fn_th subgroup 1": [0.0, 322.0, 1093.0, 2281.0, 3537.0, 4534.0, 5755.0, 8327.0, 19724.0, 35204.0], "fn_th subgroup 2": [0.0, 98.0, 162.0, 260.0, 389.0, 550.0, 711.0, 1256.0, 2507.0, 3022.0], "fn_th subgroup 3": [0.0, 32.0, 129.0, 259.0, 355.0, 709.0, 1000.0, 1611.0, 3991.0, 4959.0], "fnr": 0.05178350955247879, "fnr race group 0": 0.04782354086637497, "fnr race group 1": 0.13536179065704346, "fnr sex group 0": 0.04648282378911972, "fnr sex group 1": 0.058680664747953415, "fnr subgroup 0": 0.042988087981939316, "fnr subgroup 1": 0.054371029138565063, "fnr subgroup 2": 0.16452288627624512, "fnr subgroup 3": 0.1189996674656868, "fp": 24577.0, "fp race group 0": 21368.0, "fp race group 1": 3209.0, "fp sex group 0": 13594.0, "fp sex group 1": 10983.0, "fp subgroup 0": 12438.0, "fp subgroup 1": 8930.0, "fp subgroup 2": 1156.0, "fp subgroup 3": 2053.0, "fp_th": [50394.0, 40588.0, 35805.0, 30401.0, 27183.0, 24577.0, 22039.0, 18539.0, 11948.0, 7034.0], "fp_th race group 0": [42462.0, 35098.0, 31056.0, 26198.0, 23430.0, 21368.0, 19538.0, 17096.0, 11628.0, 6938.0], "fp_th race group 1": [7932.0, 5490.0, 4749.0, 4203.0, 3753.0, 3209.0, 2501.0, 1443.0, 320.0, 96.0], "fp_th sex group 0": [28316.0, 22402.0, 19770.0, 16651.0, 14976.0, 13594.0, 12084.0, 10414.0, 6549.0, 3885.0], "fp_th sex group 1": [22078.0, 18186.0, 16035.0, 13750.0, 12207.0, 10983.0, 9955.0, 8125.0, 5399.0, 3149.0], "fp_th subgroup 0": [24846.0, 20250.0, 17939.0, 15013.0, 13564.0, 12438.0, 11249.0, 9867.0, 6517.0, 3885.0], "fp_th subgroup 1": [17616.0, 14848.0, 13117.0, 11185.0, 9866.0, 8930.0, 8289.0, 7229.0, 5111.0, 3053.0], "fp_th subgroup 2": [3470.0, 2152.0, 1831.0, 1638.0, 1412.0, 1156.0, 835.0, 547.0, 32.0, 0.0], "fp_th subgroup 3": [4462.0, 3338.0, 2918.0, 2565.0, 2341.0, 2053.0, 1666.0, 896.0, 288.0, 96.0], "fpr": 0.48769694566726685, "fpr race group 0": 0.5032263994216919, "fpr race group 1": 0.4045637845993042, "fpr sex group 0": 0.4800819456577301, "fpr sex group 1": 0.49746352434158325, "fpr subgroup 0": 0.5006037354469299, "fpr subgroup 1": 0.5069255232810974, "fpr subgroup 2": 0.3331412076950073, "fpr subgroup 3": 0.46010756492614746, "loss": 0.8316209316253662, "precision": 0.8880502581596375, "precision race group 0": 0.8974097967147827, "precision race group 1": 0.7147809267044067, "precision sex group 0": 0.8907656073570251, "precision sex group 1": 0.8844964504241943, "precision subgroup 0": 0.8967792391777039, "precision subgroup 1": 0.8982753753662109, "precision subgroup 2": 0.7072676420211792, "precision subgroup 3": 0.7188441753387451, "precision_th": [0.8031484484672546, 0.8346390724182129, 0.8503686189651489, 0.8685896396636963, 0.8793438076972961, 0.8880502581596375, 0.8966314792633057, 0.9080603122711182, 0.9275935888290405, 0.942720353603363], "precision_th race group 0": [0.8221613764762878, 0.8479223251342773, 0.8622971177101135, 0.8800232410430908, 0.8899912238121033, 0.8974097967147827, 0.903809130191803, 0.9117698669433594, 0.9281734228134155, 0.9428430199623108], "precision_th race group 1": [0.5397202968597412, 0.6255371570587158, 0.6548441052436829, 0.6763188242912292, 0.695125937461853, 0.7147809267044067, 0.7521553635597229, 0.8168084025382996, 0.8975344300270081, 0.9322034120559692], "precision_th sex group 0": [0.8041418194770813, 0.8379848003387451, 0.8536931872367859, 0.8726851344108582, 0.8826608061790466, 0.8907656073570251, 0.8998508453369141, 0.9087355732917786, 0.9303156733512878, 0.9448677897453308], "precision_th sex group 1": [0.8018595576286316, 0.830322802066803, 0.8460556268692017, 0.8632630109786987, 0.8750089406967163, 0.8844964504241943, 0.8924341797828674, 0.9071800112724304, 0.9239919781684875, 0.9398288130760193], "precision_th subgroup 0": [0.8196441531181335, 0.847599983215332, 0.8621296286582947, 0.8809106349945068, 0.8899597525596619, 0.8967792391777039, 0.9040130376815796, 0.9114860892295837, 0.9300097823143005, 0.9446155428886414], "precision_th subgroup 1": [0.8255945444107056, 0.8483598232269287, 0.8625254034996033, 0.8788111805915833, 0.8900344371795654, 0.8982753753662109, 0.903531014919281, 0.9121542572975159, 0.9256873726844788, 0.9404164552688599], "precision_th subgroup 2": [0.4906795918941498, 0.6012599468231201, 0.6346767544746399, 0.6530396342277527, 0.6765918731689453, 0.7072676420211792, 0.7591577768325806, 0.7923310399055481, 0.9631336331367493, 1.0], "precision_th subgroup 3": [0.571785032749176, 0.6396805047988892, 0.6663998961448669, 0.6896176338195801, 0.705312192440033, 0.7188441753387451, 0.7484903335571289, 0.8291054964065552, 0.8722838163375854, 0.9123287796974182], "recall": 0.9482164978981018, "recall race group 0": 0.9521764516830444, "recall race group 1": 0.8646382093429565, "recall sex group 0": 0.9535171985626221, "recall sex group 1": 0.9413193464279175, "recall subgroup 0": 0.9570119380950928, "recall subgroup 1": 0.9456290006637573, "recall subgroup 2": 0.8354771137237549, "recall subgroup 3": 0.8810003399848938, "recall_th": [1.0, 0.9963862895965576, 0.98967444896698, 0.977320671081543, 0.9635419249534607, 0.9482164978981018, 0.9297831654548645, 0.8905576467514038, 0.7444578409194946, 0.5630526542663574], "recall_th race group 0": [1.0, 0.9968773126602173, 0.9906675815582275, 0.9788900017738342, 0.9656045436859131, 0.9521764516830444, 0.9351723194122314, 0.8999770879745483, 0.7654517292976379, 0.5830060243606567], "recall_th race group 1": [1.0, 0.9860230088233948, 0.9687130451202393, 0.9441995620727539, 0.9200085997581482, 0.8646382093429565, 0.8160412907600403, 0.6917535662651062, 0.3013654351234436, 0.14192022383213043], "recall_th sex group 0": [1.0, 0.9966539740562439, 0.9922500252723694, 0.9817388653755188, 0.968999981880188, 0.9535171985626221, 0.9339228272438049, 0.8919300436973572, 0.7520514726638794, 0.5727089643478394], "recall_th sex group 1": [1.0, 0.9960379600524902, 0.9863231182098389, 0.9715718030929565, 0.9564399719238281, 0.9413193464279175, 0.9243967533111572, 0.8887720108032227, 0.7345771789550781, 0.5504879951477051], "recall_th subgroup 0": [1.0, 0.9974228143692017, 0.9934552311897278, 0.9835008382797241, 0.9715272784233093, 0.9570119380950928, 0.9382632970809937, 0.8998538851737976, 0.7669131755828857, 0.586821973323822], "recall_th subgroup 1": [1.0, 0.9961386322975159, 0.9868929386138916, 0.9726465940475464, 0.9575848579406738, 0.9456290006637573, 0.9309869408607483, 0.9001439213752747, 0.763472855091095, 0.5778390765190125],