{"accuracy": 0.8257812261581421, "accuracy race group 0": 0.8318250179290771, "accuracy race group 1": 0.7424942255020142, "accuracy sex group 0": 0.8261170983314514, "accuracy sex group 1": 0.8253486156463623, "accuracy subgroup 0": 0.831342875957489, "accuracy subgroup 1": 0.8324782848358154, "auc": 0.7229470014572144, "auc race group 0": 0.6977840662002563, "auc race group 1": 0.7809879779815674, "auc sex group 0": 0.7159246802330017, "auc sex group 1": 0.7323647737503052, "auc subgroup 0": 0.6962119936943054, "auc subgroup 1": 0.7005433440208435, "aucpr": 0.9099579453468323, "fn": 293.0, "fn race group 0": 227.0, "fn race group 1": 66.0, "fn sex group 0": 151.0, "fn sex group 1": 142.0, "fn subgroup 0": 127.0, "fn subgroup 1": 100.0, "fn_th": [0.0, 0.0, 6.0, 30.0, 100.0, 293.0, 680.0, 1526.0, 3857.0, 8019.0], "fn_th race group 0": [0.0, 0.0, 2.0, 20.0, 63.0, 227.0, 526.0, 1278.0, 3471.0, 7569.0], "fn_th race group 1": [0.0, 0.0, 4.0, 10.0, 37.0, 66.0, 154.0, 248.0, 386.0, 450.0], "fn_th sex group 0": [0.0, 0.0, 2.0, 11.0, 57.0, 151.0, 323.0, 794.0, 2085.0, 4393.0], "fn_th sex group 1": [0.0, 0.0, 4.0, 19.0, 43.0, 142.0, 357.0, 732.0, 1772.0, 3626.0], "fn_th subgroup 0": [0.0, 0.0, 0.0, 8.0, 39.0, 127.0, 273.0, 707.0, 1942.0, 4230.0], "fn_th subgroup 1": [0.0, 0.0, 2.0, 12.0, 24.0, 100.0, 253.0, 571.0, 1529.0, 3339.0], "fnr": 0.02839972823858261, "fnr race group 0": 0.02305036596953869, "fnr race group 1": 0.14072494208812714, "fnr sex group 0": 0.025904957205057144, "fnr sex group 1": 0.03163992986083031, "fnr subgroup 0": 0.022438162937760353, "fnr subgroup 1": 0.023877745494246483, "fp": 1937.0, "fp race group 0": 1780.0, "fp race group 1": 157.0, "fp sex group 0": 1102.0, "fp sex group 1": 835.0, "fp subgroup 0": 1031.0, "fp subgroup 1": 749.0, "fp_th": [2483.0, 2463.0, 2406.0, 2293.0, 2116.0, 1937.0, 1684.0, 1342.0, 781.0, 141.0], "fp_th race group 0": [2086.0, 2079.0, 2062.0, 2008.0, 1902.0, 1780.0, 1582.0, 1280.0, 764.0, 141.0], "fp_th race group 1": [397.0, 384.0, 344.0, 285.0, 214.0, 157.0, 102.0, 62.0, 17.0, 0.0], "fp_th sex group 0": [1377.0, 1363.0, 1339.0, 1281.0, 1190.0, 1102.0, 973.0, 792.0, 465.0, 98.0], "fp_th sex group 1": [1106.0, 1100.0, 1067.0, 1012.0, 926.0, 835.0, 711.0, 550.0, 316.0, 43.0], "fp_th subgroup 0": [1206.0, 1203.0, 1192.0, 1160.0, 1102.0, 1031.0, 922.0, 759.0, 455.0, 98.0], "fp_th subgroup 1": [880.0, 876.0, 870.0, 848.0, 800.0, 749.0, 660.0, 521.0, 309.0, 43.0], "fpr": 0.7801046967506409, "fpr race group 0": 0.8533077836036682, "fpr race group 1": 0.39546599984169006, "fpr sex group 0": 0.8002904653549194, "fpr sex group 1": 0.7549728751182556, "fpr subgroup 0": 0.8548921942710876, "fpr subgroup 1": 0.8511363863945007, "loss": 0.4282522201538086, "precision": 0.8380570411682129, "precision race group 0": 0.8438733220100403, "precision race group 1": 0.7196428775787354, "precision sex group 0": 0.8374631404876709, "precision sex group 1": 0.8388342261314392, "precision subgroup 0": 0.8429311513900757, "precision subgroup 1": 0.845151960849762, "precision_th": [0.8060156106948853, 0.8072770237922668, 0.8108044266700745, 0.8177265524864197, 0.828427791595459, 0.8380570411682129, 0.8512498736381531, 0.8675614595413208, 0.8921419978141785, 0.9421893954277039], "precision_th race group 0": [0.8252052664756775, 0.8256896138191223, 0.8268390893936157, 0.8303480744361877, 0.83725506067276, 0.8438733220100403, 0.8549156188964844, 0.8700507879257202, 0.8930121660232544, 0.941735565662384], "precision_th race group 1": [0.5415704250335693, 0.5498241782188416, 0.5747836828231812, 0.6169354915618896, 0.6687306761741638, 0.7196428775787354, 0.7553957104682922, 0.7809187173843384, 0.8299999833106995, 1.0], "precision_th sex group 0": [0.8089092373847961, 0.8104838728904724, 0.8131453990936279, 0.8195520639419556, 0.829072117805481, 0.8374631404876709, 0.8498225212097168, 0.8640810251235962, 0.8895224332809448, 0.9361147284507751], "precision_th sex group 1": [0.8022881746292114, 0.8031495809555054, 0.8077823519706726, 0.8153621554374695, 0.8275926113128662, 0.8388342261314392, 0.8531598448753357, 0.8722712397575378, 0.8957783579826355, 0.9524862170219421], "precision_th subgroup 0": [0.8243519067764282, 0.8247122168540955, 0.8260362148284912, 0.8297122716903687, 0.8360850811004639, 0.8429311513900757, 0.853859543800354, 0.8671218752861023, 0.8909657597541809, 0.9358638525009155], "precision_th subgroup 1": [0.8263614773750305, 0.8270142078399658, 0.8279272317886353, 0.831210196018219, 0.8388396501541138, 0.845151960849762, 0.8563656210899353, 0.874093770980835, 0.8958894610404968, 0.9517937302589417], "recall": 0.9716002941131592, "recall race group 0": 0.9769496321678162, "recall race group 1": 0.8592750430107117, "recall sex group 0": 0.9740950465202332, "recall sex group 1": 0.9683600664138794, "recall subgroup 0": 0.9775618314743042, "recall subgroup 1": 0.976122260093689, "recall_th": [1.0, 1.0, 0.9994184374809265, 0.9970921874046326, 0.9903072714805603, 0.9716002941131592, 0.9340893626213074, 0.8520888090133667, 0.6261510252952576, 0.22273917496204376], "recall_th race group 0": [1.0, 1.0, 0.9997969269752502, 0.9979691505432129, 0.9936027526855469, 0.9769496321678162, 0.9465881586074829, 0.8702274560928345, 0.6475426554679871, 0.23141755163669586], "recall_th race group 1": [1.0, 1.0, 0.9914712309837341, 0.9786780476570129, 0.9211087226867676, 0.8592750430107117, 0.6716417670249939, 0.4712153375148773, 0.17697228491306305, 0.04051172733306885], "recall_th sex group 0": [1.0, 1.0, 0.9996569156646729, 0.9981128573417664, 0.9902213215827942, 0.9740950465202332, 0.9445874094963074, 0.8637845516204834, 0.6423057317733765, 0.24635443091392517], "recall_th sex group 1": [1.0, 1.0, 0.9991087317466736, 0.9957664608955383, 0.9904189109802246, 0.9683600664138794, 0.9204545617103577, 0.8368983864784241, 0.6051693558692932, 0.19206774234771729], "recall_th subgroup 0": [1.0, 1.0, 1.0, 0.9985865950584412, 0.9931095242500305, 0.9775618314743042, 0.9517667889595032, 0.8750883340835571, 0.6568904519081116, 0.2526501715183258], "recall_th subgroup 1": [1.0, 1.0, 0.9995224475860596, 0.9971346855163574, 0.9942693114280701, 0.976122260093689, 0.9395893216133118, 0.86365807056427, 0.6349092721939087, 0.20272205770015717], "tn": 546.0, "tn race group 0": 306.0, "tn race group 1": 240.0, "tn sex group 0": 275.0, "tn sex group 1": 271.0, "tn subgroup 0": 175.0, "tn subgroup 1": 131.0, "tn_th": [0.0, 20.0, 77.0, 190.0, 367.0, 546.0, 799.0, 1141.0, 1702.0, 2342.0], "tn_th race group 0": [0.0, 7.0, 24.0, 78.0, 184.0, 306.0, 504.0, 806.0, 1322.0, 1945.0], "tn_th race group 1": [0.0, 13.0, 53.0, 112.0, 183.0, 240.0, 295.0, 335.0, 380.0, 397.0], "tn_th sex group 0": [0.0, 14.0, 38.0, 96.0, 187.0, 275.0, 404.0, 585.0, 912.0, 1279.0], "tn_th sex group 1": [0.0, 6.0, 39.0, 94.0, 180.0, 271.0, 395.0, 556.0, 790.0, 1063.0], "tn_th subgroup 0": [0.0, 3.0, 14.0, 46.0, 104.0, 175.0, 284.0, 447.0, 751.0, 1108.0], "tn_th subgroup 1": [0.0, 4.0, 10.0, 32.0, 80.0, 131.0, 220.0, 359.0, 571.0, 837.0], "tp": 10024.0, "tp race group 0": 9621.0, "tp race group 1": 403.0, "tp sex group 0": 5678.0, "tp sex group 1": 4346.0, "tp subgroup 0": 5533.0, "tp subgroup 1": 4088.0, "tp_th": [10317.0, 10317.0, 10311.0, 10287.0, 10217.0, 10024.0, 9637.0, 8791.0, 6460.0, 2298.0], "tp_th race group 0": [9848.0, 9848.0, 9846.0, 9828.0, 9785.0, 9621.0, 9322.0, 8570.0, 6377.0, 2279.0], "tp_th race group 1": [469.0, 469.0, 465.0, 459.0, 432.0, 403.0, 315.0, 221.0, 83.0, 19.0], "tp_th sex group 0": [5829.0, 5829.0, 5827.0, 5818.0, 5772.0, 5678.0, 5506.0, 5035.0, 3744.0, 1436.0], "tp_th sex group 1": [4488.0, 4488.0, 4484.0, 4469.0, 4445.0, 4346.0, 4131.0, 3756.0, 2716.0, 862.0], "tp_th subgroup 0": [5660.0, 5660.0, 5660.0, 5652.0, 5621.0, 5533.0, 5387.0, 4953.0, 3718.0, 1430.0], "tp_th subgroup 1": [4188.0, 4188.0, 4186.0, 4176.0, 4164.0, 4088.0, 3935.0, 3617.0, 2659.0, 849.0], "global_step": 102.0}