{"accuracy": 0.8665273189544678, "accuracy race group 0": 0.8746644258499146, "accuracy race group 1": 0.7537863254547119, "accuracy sex group 0": 0.8714776039123535, "accuracy sex group 1": 0.8601044416427612, "accuracy subgroup 0": 0.8772729635238647, "accuracy subgroup 1": 0.8711066842079163, "accuracy subgroup 2": 0.7542932629585266, "accuracy subgroup 3": 0.7534549236297607, "auc": 0.8187609314918518, "auc race group 0": 0.8054019808769226, "auc race group 1": 0.8299644589424133, "auc sex group 0": 0.8246265649795532, "auc sex group 1": 0.8111622929573059, "auc subgroup 0": 0.8132079839706421, "auc subgroup 1": 0.7943953275680542, "auc subgroup 2": 0.8322752118110657, "auc subgroup 3": 0.8245996832847595, "aucpr": 0.9426327347755432, "fn": 9075.0, "fn race group 0": 8169.0, "fn race group 1": 906.0, "fn sex group 0": 4826.0, "fn sex group 1": 4249.0, "fn subgroup 0": 4372.0, "fn subgroup 1": 3797.0, "fn subgroup 2": 454.0, "fn subgroup 3": 452.0, "fn_th": [0.0, 514.0, 1735.0, 4021.0, 6018.0, 9075.0, 12702.0, 18964.0, 32747.0, 82340.0], "fn_th race group 0": [0.0, 385.0, 1508.0, 3729.0, 5565.0, 8169.0, 11218.0, 16516.0, 28463.0, 74811.0], "fn_th race group 1": [0.0, 129.0, 227.0, 292.0, 453.0, 906.0, 1484.0, 2448.0, 4284.0, 7529.0], "fn_th sex group 0": [0.0, 193.0, 900.0, 2026.0, 2991.0, 4826.0, 6911.0, 10412.0, 18668.0, 45610.0], "fn_th sex group 1": [0.0, 321.0, 835.0, 1995.0, 3027.0, 4249.0, 5791.0, 8552.0, 14079.0, 36730.0], "fn_th subgroup 0": [0.0, 96.0, 771.0, 1864.0, 2764.0, 4372.0, 6265.0, 9478.0, 16995.0, 42813.0], "fn_th subgroup 1": [0.0, 289.0, 737.0, 1865.0, 2801.0, 3797.0, 4953.0, 7038.0, 11468.0, 31998.0], "fn_th subgroup 2": [0.0, 97.0, 129.0, 162.0, 227.0, 454.0, 646.0, 934.0, 1673.0, 2797.0], "fn_th subgroup 3": [0.0, 32.0, 98.0, 130.0, 226.0, 452.0, 838.0, 1514.0, 2611.0, 4732.0], "fnr": 0.04413781687617302, "fnr race group 0": 0.04161381348967552, "fnr race group 1": 0.09740888327360153, "fnr sex group 0": 0.04151112213730812, "fnr sex group 1": 0.047555625438690186, "fnr subgroup 0": 0.03871938958764076, "fnr subgroup 1": 0.045533038675785065, "fnr subgroup 2": 0.1358061581850052, "fnr subgroup 3": 0.07586438208818436, "fp": 25094.0, "fp race group 0": 21757.0, "fp race group 1": 3337.0, "fp sex group 0": 13755.0, "fp sex group 1": 11339.0, "fp subgroup 0": 12535.0, "fp subgroup 1": 9222.0, "fp subgroup 2": 1220.0, "fp subgroup 3": 2117.0, "fp_th": [50394.0, 40879.0, 35736.0, 30631.0, 27766.0, 25094.0, 22617.0, 19792.0, 15999.0, 8221.0], "fp_th race group 0": [42462.0, 35387.0, 30922.0, 26394.0, 23948.0, 21757.0, 20051.0, 18157.0, 14940.0, 8029.0], "fp_th race group 1": [7932.0, 5492.0, 4814.0, 4237.0, 3818.0, 3337.0, 2566.0, 1635.0, 1059.0, 192.0], "fp_th sex group 0": [28316.0, 22786.0, 19926.0, 17009.0, 15493.0, 13755.0, 12502.0, 11088.0, 8933.0, 4592.0], "fp_th sex group 1": [22078.0, 18093.0, 15810.0, 13622.0, 12273.0, 11339.0, 10115.0, 8704.0, 7066.0, 3629.0], "fp_th subgroup 0": [24846.0, 20601.0, 17968.0, 15307.0, 13985.0, 12535.0, 11635.0, 10414.0, 8483.0, 4560.0], "fp_th subgroup 1": [17616.0, 14786.0, 12954.0, 11087.0, 9963.0, 9222.0, 8416.0, 7743.0, 6457.0, 3469.0], "fp_th subgroup 2": [3470.0, 2185.0, 1958.0, 1702.0, 1508.0, 1220.0, 867.0, 674.0, 450.0, 32.0], "fp_th subgroup 3": [4462.0, 3307.0, 2856.0, 2535.0, 2310.0, 2117.0, 1699.0, 961.0, 609.0, 160.0], "fpr": 0.4979560971260071, "fpr race group 0": 0.5123875737190247, "fpr race group 1": 0.42070096731185913, "fpr sex group 0": 0.48576775193214417, "fpr sex group 1": 0.5135881900787354, "fpr subgroup 0": 0.5045077800750732, "fpr subgroup 1": 0.5235013365745544, "fpr subgroup 2": 0.3515850007534027, "fpr subgroup 3": 0.4744509160518646, "loss": 0.7857666015625, "precision": 0.8867726922035217, "precision race group 0": 0.896342396736145, "precision race group 1": 0.7155642509460449, "precision sex group 0": 0.8901243805885315, "precision sex group 1": 0.8824218511581421, "precision subgroup 0": 0.8964716792106628, "precision subgroup 1": 0.896166205406189, "precision subgroup 2": 0.7030907869338989, "precision subgroup 3": 0.7222878336906433, "precision_th": [0.8031484484672546, 0.8338056206703186, 0.8508557677268982, 0.8680926561355591, 0.8778733015060425, 0.8867726922035217, 0.8950589299201965, 0.9041243195533752, 0.915285587310791, 0.9374766945838928], "precision_th race group 0": [0.8221613764762878, 0.8470128178596497, 0.8630066514015198, 0.8794629573822021, 0.8884520530700684, 0.896342396736145, 0.9022560715675354, 0.9082729816436768, 0.9182632565498352, 0.9380109906196594], "precision_th race group 1": [0.5397202968597412, 0.6254773736000061, 0.6533698439598083, 0.6801298260688782, 0.6985630989074707, 0.7155642509460449, 0.7528652548789978, 0.8073751330375671, 0.8257076740264893, 0.9022403359413147], "precision_th sex group 0": [0.8041418194770813, 0.8358960151672363, 0.8527098298072815, 0.870398759841919, 0.8796753883361816, 0.8901243805885315, 0.8973975777626038, 0.9051772952079773, 0.9161401987075806, 0.9389686584472656], "precision_th sex group 1": [0.8018595576286316, 0.8310959935188293, 0.8484514355659485, 0.865095317363739, 0.8755198121070862, 0.8824218511581421, 0.8920168280601501, 0.9027485847473145, 0.9141798615455627, 0.9354810118675232], "precision_th subgroup 0": [0.8196441531181335, 0.8455928564071655, 0.8619036078453064, 0.8788600564002991, 0.887341320514679, 0.8964716792106628, 0.9016358852386475, 0.9085295796394348, 0.9187475442886353, 0.9389247298240662], "precision_th subgroup 1": [0.8255945444107056, 0.8489482998847961, 0.8645078539848328, 0.8802855014801025, 0.88997483253479, 0.896166205406189, 0.9031006693840027, 0.907925546169281, 0.9176182150840759, 0.9367674589157104], "precision_th subgroup 2": [0.4906795918941498, 0.5976799726486206, 0.621423065662384, 0.6514437794685364, 0.6738754510879517, 0.7030907869338989, 0.7567340135574341, 0.7813817858695984, 0.7877358198165894, 0.9446367025375366], "precision_th subgroup 3": [0.571785032749176, 0.6418282389640808, 0.6723267436027527, 0.6968790888786316, 0.7127580046653748, 0.7222878336906433, 0.7508432269096375, 0.822201669216156, 0.8460566401481628, 0.8845598697662354], "recall": 0.9558621644973755, "recall race group 0": 0.9583861827850342, "recall race group 1": 0.9025911092758179, "recall sex group 0": 0.9584888815879822, "recall sex group 1": 0.9524443745613098, "recall subgroup 0": 0.9612805843353271, "recall subgroup 1": 0.9544669389724731, "recall subgroup 2": 0.864193856716156, "recall subgroup 3": 0.9241356253623962, "recall_th": [1.0, 0.9975000619888306, 0.9915615320205688, 0.9804431796073914, 0.9707304239273071, 0.9558621644973755, 0.9382216334342957, 0.9077653288841248, 0.8407293558120728, 0.5995253324508667], "recall_th race group 0": [1.0, 0.9980387687683105, 0.9923180937767029, 0.9810040593147278, 0.9716512560844421, 0.9583861827850342, 0.9428542256355286, 0.9158656001091003, 0.855006217956543, 0.6189042329788208], "recall_th race group 1": [1.0, 0.9861305356025696, 0.9755940437316895, 0.9686055183410645, 0.9512955546379089, 0.9025911092758179, 0.8404472470283508, 0.7368025183677673, 0.5394043922424316, 0.1905171424150467], "recall_th sex group 0": [1.0, 0.9983398914337158, 0.992258608341217, 0.9825732707977295, 0.9742727279663086, 0.9584888815879822, 0.9405546188354492, 0.9104405641555786, 0.8394261002540588, 0.6076828837394714], "recall_th sex group 1": [1.0, 0.9964073300361633, 0.9906545281410217, 0.9776715636253357, 0.966121256351471, 0.9524443745613098, 0.9351860284805298, 0.9042843580245972, 0.8424251079559326, 0.5889107584953308], "recall_th subgroup 0": [1.0, 0.9991497993469238, 0.9931718707084656, 0.9834920167922974, 0.9755213856697083, 0.9612805843353271, 0.9445157647132874, 0.916060745716095, 0.8494885563850403, 0.6208387017250061], "recall_th subgroup 1": [1.0, 0.9965343475341797, 0.9911620020866394, 0.9776352047920227, 0.9664108157157898, 0.9544669389724731, 0.9406043887138367, 0.915601372718811, 0.8624775409698486, 0.6162849068641663],