{"accuracy": 0.8265625238418579, "accuracy race group 0": 0.8341712951660156, "accuracy race group 1": 0.7217090129852295, "accuracy sex group 0": 0.827782392501831, "accuracy sex group 1": 0.8249910473823547, "accuracy subgroup 0": 0.833818793296814, "accuracy subgroup 1": 0.8346487879753113, "auc": 0.7207285165786743, "auc race group 0": 0.6955426931381226, "auc race group 1": 0.7728325128555298, "auc sex group 0": 0.7144827842712402, "auc sex group 1": 0.7290893197059631, "auc subgroup 0": 0.695751428604126, "auc subgroup 1": 0.6957313418388367, "aucpr": 0.910980761051178, "fn": 271.0, "fn race group 0": 185.0, "fn race group 1": 86.0, "fn sex group 0": 135.0, "fn sex group 1": 136.0, "fn subgroup 0": 104.0, "fn subgroup 1": 81.0, "fn_th": [0.0, 0.0, 2.0, 23.0, 94.0, 271.0, 706.0, 1700.0, 3602.0, 8053.0], "fn_th race group 0": [0.0, 0.0, 0.0, 9.0, 52.0, 185.0, 550.0, 1432.0, 3230.0, 7607.0], "fn_th race group 1": [0.0, 0.0, 2.0, 14.0, 42.0, 86.0, 156.0, 268.0, 372.0, 446.0], "fn_th sex group 0": [0.0, 0.0, 2.0, 10.0, 46.0, 135.0, 369.0, 905.0, 1905.0, 4417.0], "fn_th sex group 1": [0.0, 0.0, 0.0, 13.0, 48.0, 136.0, 337.0, 795.0, 1697.0, 3636.0], "fn_th subgroup 0": [0.0, 0.0, 0.0, 5.0, 29.0, 104.0, 316.0, 806.0, 1773.0, 4252.0], "fn_th subgroup 1": [0.0, 0.0, 0.0, 4.0, 23.0, 81.0, 234.0, 626.0, 1457.0, 3355.0], "fnr": 0.02626732550561428, "fnr race group 0": 0.018785540014505386, "fnr race group 1": 0.18336887657642365, "fnr sex group 0": 0.023160060867667198, "fnr sex group 1": 0.03030303120613098, "fnr subgroup 0": 0.01837455853819847, "fnr subgroup 1": 0.01934097334742546, "fp": 1949.0, "fp race group 0": 1794.0, "fp race group 1": 155.0, "fp sex group 0": 1106.0, "fp sex group 1": 843.0, "fp subgroup 0": 1037.0, "fp subgroup 1": 757.0, "fp_th": [2483.0, 2477.0, 2445.0, 2347.0, 2170.0, 1949.0, 1698.0, 1323.0, 802.0, 132.0], "fp_th race group 0": [2086.0, 2082.0, 2075.0, 2041.0, 1949.0, 1794.0, 1606.0, 1263.0, 780.0, 130.0], "fp_th race group 1": [397.0, 395.0, 370.0, 306.0, 221.0, 155.0, 92.0, 60.0, 22.0, 2.0], "fp_th sex group 0": [1377.0, 1373.0, 1353.0, 1296.0, 1208.0, 1106.0, 973.0, 772.0, 472.0, 86.0], "fp_th sex group 1": [1106.0, 1104.0, 1092.0, 1051.0, 962.0, 843.0, 725.0, 551.0, 330.0, 46.0], "fp_th subgroup 0": [1206.0, 1204.0, 1199.0, 1174.0, 1121.0, 1037.0, 927.0, 742.0, 458.0, 84.0], "fp_th subgroup 1": [880.0, 878.0, 876.0, 867.0, 828.0, 757.0, 679.0, 521.0, 322.0, 46.0], "fpr": 0.7849375605583191, "fpr race group 0": 0.8600191473960876, "fpr race group 1": 0.39042821526527405, "fpr sex group 0": 0.8031953573226929, "fpr sex group 1": 0.7622061371803284, "fpr subgroup 0": 0.8598673343658447, "fpr subgroup 1": 0.8602272868156433, "loss": 0.43003159761428833, "precision": 0.837515652179718, "precision race group 0": 0.8434144854545593, "precision race group 1": 0.7118958830833435, "precision sex group 0": 0.8373529314994812, "precision sex group 1": 0.8377285599708557, "precision subgroup 0": 0.8427119851112366, "precision subgroup 1": 0.8443667888641357, "precision_th": [0.8060156106948853, 0.8063936233520508, 0.8083855509757996, 0.8143343329429626, 0.8249011635780334, 0.837515652179718, 0.8498541116714478, 0.8669013977050781, 0.8933085203170776, 0.9449082016944885], "precision_th race group 0": [0.8252052664756775, 0.8254819512367249, 0.8259665966033936, 0.8281986713409424, 0.8340570330619812, 0.8434144854545593, 0.8527145981788635, 0.8695113062858582, 0.8945661187171936, 0.9451708197593689], "precision_th race group 1": [0.5415704250335693, 0.5428240895271301, 0.5579450130462646, 0.5978975296020508, 0.6589506268501282, 0.7118958830833435, 0.7728394865989685, 0.7701149582862854, 0.8151260614395142, 0.9200000166893005], "precision_th sex group 0": [0.8089092373847961, 0.809358537197113, 0.8115599155426025, 0.8178496360778809, 0.8272064328193665, 0.8373529314994812, 0.8487486243247986, 0.8644663095474243, 0.8926296830177307, 0.9425901174545288], "precision_th sex group 1": [0.8022881746292114, 0.8025751113891602, 0.8043010830879211, 0.8098081946372986, 0.8219178318977356, 0.8377285599708557, 0.8513125777244568, 0.8701696395874023, 0.8942646384239197, 0.948775053024292], "precision_th subgroup 0": [0.8243519067764282, 0.8245920538902283, 0.8251931667327881, 0.8280860781669617, 0.8339751362800598, 0.8427119851112366, 0.8521766662597656, 0.8674052953720093, 0.8945915102958679, 0.9436997175216675], "precision_th subgroup 1": [0.8263614773750305, 0.8266876935958862, 0.8270142078399658, 0.828350841999054, 0.8341678380966187, 0.8443667888641357, 0.8534426689147949, 0.8723977208137512, 0.8945299983024597, 0.9476677775382996], "recall": 0.9737326502799988, "recall race group 0": 0.9812144637107849, "recall race group 1": 0.8166311383247375, "recall sex group 0": 0.9768399596214294, "recall sex group 1": 0.9696969985961914, "recall subgroup 0": 0.9816254377365112, "recall subgroup 1": 0.980659008026123, "recall_th": [1.0, 1.0, 0.9998061656951904, 0.9977706670761108, 0.9908888339996338, 0.9737326502799988, 0.9315692782402039, 0.8352234363555908, 0.6508675217628479, 0.21944363415241241], "recall_th race group 0": [1.0, 1.0, 1.0, 0.9990860819816589, 0.9947197437286377, 0.9812144637107849, 0.9441511034965515, 0.8545897603034973, 0.672014594078064, 0.227558895945549], "recall_th race group 1": [1.0, 1.0, 0.9957355856895447, 0.9701492786407471, 0.9104477763175964, 0.8166311383247375, 0.6673774123191833, 0.4285714328289032, 0.20682302117347717, 0.04904051125049591], "recall_th sex group 0": [1.0, 1.0, 0.9996569156646729, 0.9982844591140747, 0.9921084046363831, 0.9768399596214294, 0.9366958141326904, 0.8447418212890625, 0.6731857657432556, 0.24223709106445312], "recall_th sex group 1": [1.0, 1.0, 1.0, 0.9971033930778503, 0.9893048405647278, 0.9696969985961914, 0.9249109029769897, 0.8228609561920166, 0.6218805909156799, 0.18983957171440125], "recall_th subgroup 0": [1.0, 1.0, 1.0, 0.9991165995597839, 0.9948763251304626, 0.9816254377365112, 0.9441696405410767, 0.8575971722602844, 0.6867491006851196, 0.24876324832439423], "recall_th subgroup 1": [1.0, 1.0, 1.0, 0.9990448951721191, 0.9945081472396851, 0.980659008026123, 0.9441260695457458, 0.8505253195762634, 0.6521012187004089, 0.19890162348747253], "tn": 534.0, "tn race group 0": 292.0, "tn race group 1": 242.0, "tn sex group 0": 271.0, "tn sex group 1": 263.0, "tn subgroup 0": 169.0, "tn subgroup 1": 123.0, "tn_th": [0.0, 6.0, 38.0, 136.0, 313.0, 534.0, 785.0, 1160.0, 1681.0, 2351.0], "tn_th race group 0": [0.0, 4.0, 11.0, 45.0, 137.0, 292.0, 480.0, 823.0, 1306.0, 1956.0], "tn_th race group 1": [0.0, 2.0, 27.0, 91.0, 176.0, 242.0, 305.0, 337.0, 375.0, 395.0], "tn_th sex group 0": [0.0, 4.0, 24.0, 81.0, 169.0, 271.0, 404.0, 605.0, 905.0, 1291.0], "tn_th sex group 1": [0.0, 2.0, 14.0, 55.0, 144.0, 263.0, 381.0, 555.0, 776.0, 1060.0], "tn_th subgroup 0": [0.0, 2.0, 7.0, 32.0, 85.0, 169.0, 279.0, 464.0, 748.0, 1122.0], "tn_th subgroup 1": [0.0, 2.0, 4.0, 13.0, 52.0, 123.0, 201.0, 359.0, 558.0, 834.0], "tp": 10046.0, "tp race group 0": 9663.0, "tp race group 1": 383.0, "tp sex group 0": 5694.0, "tp sex group 1": 4352.0, "tp subgroup 0": 5556.0, "tp subgroup 1": 4107.0, "tp_th": [10317.0, 10317.0, 10315.0, 10294.0, 10223.0, 10046.0, 9611.0, 8617.0, 6715.0, 2264.0], "tp_th race group 0": [9848.0, 9848.0, 9848.0, 9839.0, 9796.0, 9663.0, 9298.0, 8416.0, 6618.0, 2241.0], "tp_th race group 1": [469.0, 469.0, 467.0, 455.0, 427.0, 383.0, 313.0, 201.0, 97.0, 23.0], "tp_th sex group 0": [5829.0, 5829.0, 5827.0, 5819.0, 5783.0, 5694.0, 5460.0, 4924.0, 3924.0, 1412.0], "tp_th sex group 1": [4488.0, 4488.0, 4488.0, 4475.0, 4440.0, 4352.0, 4151.0, 3693.0, 2791.0, 852.0], "tp_th subgroup 0": [5660.0, 5660.0, 5660.0, 5655.0, 5631.0, 5556.0, 5344.0, 4854.0, 3887.0, 1408.0], "tp_th subgroup 1": [4188.0, 4188.0, 4188.0, 4184.0, 4165.0, 4107.0, 3954.0, 3562.0, 2731.0, 833.0], "global_step": 102.0}