{"accuracy": 0.8617929816246033, "accuracy race group 0": 0.8690480589866638, "accuracy race group 1": 0.7612719535827637, "accuracy sex group 0": 0.8677424788475037, "accuracy sex group 1": 0.8540735840797424, "accuracy subgroup 0": 0.8724167346954346, "accuracy subgroup 1": 0.8644536137580872, "accuracy subgroup 2": 0.7732276320457458, "accuracy subgroup 3": 0.7534549236297607, "auc": 0.8217803835868835, "auc race group 0": 0.8078364729881287, "auc race group 1": 0.8378068208694458, "auc sex group 0": 0.8255261778831482, "auc sex group 1": 0.8166795372962952, "auc subgroup 0": 0.8137008547782898, "auc subgroup 1": 0.7996107339859009, "auc subgroup 2": 0.8422774076461792, "auc subgroup 3": 0.8320921063423157, "aucpr": 0.9394434094429016, "fn": 11674.0, "fn race group 0": 10318.0, "fn race group 1": 1356.0, "fn sex group 0": 6206.0, "fn sex group 1": 5468.0, "fn subgroup 0": 5624.0, "fn subgroup 1": 4694.0, "fn subgroup 2": 582.0, "fn subgroup 3": 774.0, "fn_th": [0.0, 1059.0, 3501.0, 5949.0, 8747.0, 11674.0, 16107.0, 23822.0, 50971.0, 105271.0], "fn_th race group 0": [0.0, 930.0, 3211.0, 5431.0, 7875.0, 10318.0, 14075.0, 20312.0, 44309.0, 96809.0], "fn_th race group 1": [0.0, 129.0, 290.0, 518.0, 872.0, 1356.0, 2032.0, 3510.0, 6662.0, 8462.0], "fn_th sex group 0": [0.0, 482.0, 2024.0, 3216.0, 4535.0, 6206.0, 8616.0, 12603.0, 28184.0, 58004.0], "fn_th sex group 1": [0.0, 577.0, 1477.0, 2733.0, 4212.0, 5468.0, 7491.0, 11219.0, 22787.0, 47267.0], "fn_th subgroup 0": [0.0, 385.0, 1830.0, 2924.0, 4146.0, 5624.0, 7776.0, 11250.0, 25612.0, 54854.0], "fn_th subgroup 1": [0.0, 545.0, 1381.0, 2507.0, 3729.0, 4694.0, 6299.0, 9062.0, 18697.0, 41955.0], "fn_th subgroup 2": [0.0, 97.0, 194.0, 292.0, 389.0, 582.0, 840.0, 1353.0, 2572.0, 3150.0], "fn_th subgroup 3": [0.0, 32.0, 96.0, 226.0, 483.0, 774.0, 1192.0, 2157.0, 4090.0, 5312.0], "fnr": 0.056778497993946075, "fnr race group 0": 0.052561067044734955, "fnr race group 1": 0.14579077064990997, "fnr sex group 0": 0.05338127166032791, "fnr sex group 1": 0.06119890883564949, "fnr subgroup 0": 0.04980737715959549, "fnr subgroup 1": 0.05628972128033638, "fnr subgroup 2": 0.17409512400627136, "fnr subgroup 3": 0.12990936636924744, "fp": 23707.0, "fp race group 0": 20949.0, "fp race group 1": 2758.0, "fp sex group 0": 12915.0, "fp sex group 1": 10792.0, "fp subgroup 0": 11952.0, "fp subgroup 1": 8997.0, "fp subgroup 2": 963.0, "fp subgroup 3": 1795.0, "fp_th": [50394.0, 38148.0, 32621.0, 29179.0, 26123.0, 23707.0, 21166.0, 18212.0, 12365.0, 5522.0], "fp_th race group 0": [42462.0, 33205.0, 28352.0, 25233.0, 22786.0, 20949.0, 19180.0, 16930.0, 12141.0, 5458.0], "fp_th race group 1": [7932.0, 4943.0, 4269.0, 3946.0, 3337.0, 2758.0, 1986.0, 1282.0, 224.0, 64.0], "fp_th sex group 0": [28316.0, 20925.0, 17874.0, 15816.0, 14302.0, 12915.0, 11695.0, 10249.0, 6870.0, 3212.0], "fp_th sex group 1": [22078.0, 17223.0, 14747.0, 13363.0, 11821.0, 10792.0, 9471.0, 7963.0, 5495.0, 2310.0], "fp_th subgroup 0": [24846.0, 19030.0, 16203.0, 14339.0, 13114.0, 11952.0, 10989.0, 9799.0, 6806.0, 3180.0], "fp_th subgroup 1": [17616.0, 14175.0, 12149.0, 10894.0, 9672.0, 8997.0, 8191.0, 7131.0, 5335.0, 2278.0], "fp_th subgroup 2": [3470.0, 1895.0, 1671.0, 1477.0, 1188.0, 963.0, 706.0, 450.0, 64.0, 32.0], "fp_th subgroup 3": [4462.0, 3048.0, 2598.0, 2469.0, 2149.0, 1795.0, 1280.0, 832.0, 160.0, 32.0], "fpr": 0.47043299674987793, "fpr race group 0": 0.4933587610721588, "fpr race group 1": 0.3477054834365845, "fpr sex group 0": 0.45610255002975464, "fpr sex group 1": 0.4888123869895935, "fpr subgroup 0": 0.4810432195663452, "fpr subgroup 1": 0.5107288956642151, "fpr subgroup 2": 0.27752161026000977, "fpr subgroup 3": 0.40228596329689026, "loss": 0.8692978620529175, "precision": 0.8910719156265259, "precision race group 0": 0.8987658023834229, "precision race group 1": 0.7423152327537537, "precision sex group 0": 0.8949718475341797, "precision sex group 1": 0.8860064148902893, "precision subgroup 0": 0.8997676968574524, "precision subgroup 1": 0.8974034190177917, "precision subgroup 2": 0.7414070963859558, "precision subgroup 3": 0.7427998185157776, "precision_th": [0.8031484484672546, 0.8428150415420532, 0.8610252141952515, 0.8724894523620605, 0.8828470706939697, 0.8910719156265259, 0.8995276689529419, 0.9089381694793701, 0.9259580969810486, 0.9478352665901184], "precision_th race group 0": [0.8221613764762878, 0.8547335863113403, 0.8719688057899475, 0.8832383751869202, 0.8921199440956116, 0.8987658023834229, 0.9047713875770569, 0.9122447967529297, 0.9260312914848328, 0.9479962587356567], "precision_th race group 1": [0.5397202968597412, 0.6498051881790161, 0.6785391569137573, 0.6899992227554321, 0.7163861989974976, 0.7423152327537537, 0.7854132652282715, 0.818747341632843, 0.9217603802680969, 0.9291251301765442], "precision_th sex group 0": [0.8041418194770813, 0.8469287157058716, 0.8647016286849976, 0.8772602677345276, 0.8865146040916443, 0.8949718475341797, 0.9020001888275146, 0.9100207090377808, 0.9276415705680847, 0.9477434754371643], "precision_th sex group 1": [0.8018595576286316, 0.8375096917152405, 0.8562922477722168, 0.8663405776023865, 0.8780799508094788, 0.8860064148902893, 0.8962968587875366, 0.9075059294700623, 0.9237398505210876, 0.9479624032974243], "precision_th subgroup 0": [0.8196441531181335, 0.8553511500358582, 0.8727059960365295, 0.884669840335846, 0.8924050331115723, 0.8997676968574524, 0.9053716659545898, 0.9120882153511047, 0.9276795983314514, 0.9480739831924438], "precision_th subgroup 1": [0.8255945444107056, 0.8538960814476013, 0.870972216129303, 0.8812992572784424, 0.8917309641838074, 0.8974034190177917, 0.9039539694786072, 0.9124590158462524, 0.9238162040710449, 0.9478873610496521], "precision_th subgroup 2": [0.4906795918941498, 0.6313946843147278, 0.6533194780349731, 0.6738074421882629, 0.7131820321083069, 0.7414070963859558, 0.7799937725067139, 0.8155737519264221, 0.9233533143997192, 0.8577777743339539], "precision_th subgroup 3": [0.571785032749176, 0.6603521108627319, 0.6929078102111816, 0.6989391446113586, 0.7181269526481628, 0.7427998185157776, 0.7882897853851318, 0.8204187154769897, 0.9211045503616333, 0.9528023600578308], "recall": 0.9432215094566345, "recall race group 0": 0.9474389553070068, "recall race group 1": 0.8542092442512512, "recall sex group 0": 0.9466187357902527, "recall sex group 1": 0.938801109790802, "recall subgroup 0": 0.9501926302909851, "recall subgroup 1": 0.9437102675437927, "recall subgroup 2": 0.8259048461914062, "recall subgroup 3": 0.870090663433075, "recall_th": [1.0, 0.9948493838310242, 0.982972264289856, 0.9710659980773926, 0.9574574828147888, 0.9432215094566345, 0.921660840511322, 0.8841376304626465, 0.7520937919616699, 0.4879964590072632], "recall_th race group 0": [1.0, 0.9952625036239624, 0.9836428165435791, 0.9723338484764099, 0.9598838686943054, 0.9474389553070068, 0.9283003211021423, 0.8965283632278442, 0.7742848992347717, 0.5068439245223999], "recall_th race group 1": [1.0, 0.9861305356025696, 0.9688205718994141, 0.9443070888519287, 0.9062466621398926, 0.8542092442512512, 0.781528890132904, 0.6226212382316589, 0.28373292088508606, 0.0902053564786911], "recall_th sex group 0": [1.0, 0.9958540201187134, 0.9825904369354248, 0.9723373651504517, 0.9609919190406799, 0.9466187357902527, 0.9258889555931091, 0.8915945291519165, 0.757573664188385, 0.5010752081871033], "recall_th sex group 1": [1.0, 0.9935421347618103, 0.9834691286087036, 0.9694117307662964, 0.9528585076332092, 0.938801109790802, 0.9161592721939087, 0.874434769153595, 0.744963526725769, 0.47097864747047424], "recall_th subgroup 0": [1.0, 0.9965903759002686, 0.9837931394577026, 0.9741044044494629, 0.9632821083068848, 0.9501926302909851, 0.931134045124054, 0.9003675580024719, 0.773174524307251, 0.5142009258270264],