{"accuracy": 0.8257812261581421, "accuracy race group 0": 0.8340036869049072, "accuracy race group 1": 0.7124711275100708, "accuracy sex group 0": 0.827366054058075, "accuracy sex group 1": 0.8237397074699402, "accuracy subgroup 0": 0.8333818912506104, "accuracy subgroup 1": 0.8348460793495178, "auc": 0.717619001865387, "auc race group 0": 0.6925483345985413, "auc race group 1": 0.7526302933692932, "auc sex group 0": 0.7113170623779297, "auc sex group 1": 0.7259998321533203, "auc subgroup 0": 0.6917458176612854, "auc subgroup 1": 0.6940409541130066, "aucpr": 0.9060397744178772, "fn": 255.0, "fn race group 0": 172.0, "fn race group 1": 83.0, "fn sex group 0": 123.0, "fn sex group 1": 132.0, "fn subgroup 0": 93.0, "fn subgroup 1": 79.0, "fn_th": [0.0, 0.0, 0.0, 4.0, 61.0, 255.0, 806.0, 1823.0, 3764.0, 8074.0], "fn_th race group 0": [0.0, 0.0, 0.0, 0.0, 34.0, 172.0, 630.0, 1530.0, 3368.0, 7625.0], "fn_th race group 1": [0.0, 0.0, 0.0, 4.0, 27.0, 83.0, 176.0, 293.0, 396.0, 449.0], "fn_th sex group 0": [0.0, 0.0, 0.0, 2.0, 31.0, 123.0, 420.0, 948.0, 2043.0, 4462.0], "fn_th sex group 1": [0.0, 0.0, 0.0, 2.0, 30.0, 132.0, 386.0, 875.0, 1721.0, 3612.0], "fn_th subgroup 0": [0.0, 0.0, 0.0, 0.0, 20.0, 93.0, 357.0, 841.0, 1894.0, 4297.0], "fn_th subgroup 1": [0.0, 0.0, 0.0, 0.0, 14.0, 79.0, 273.0, 689.0, 1474.0, 3328.0], "fnr": 0.024716487154364586, "fnr race group 0": 0.01746547594666481, "fnr race group 1": 0.17697228491306305, "fnr sex group 0": 0.021101389080286026, "fnr sex group 1": 0.029411764815449715, "fnr subgroup 0": 0.016431095078587532, "fnr subgroup 1": 0.018863419070839882, "fp": 1975.0, "fp race group 0": 1809.0, "fp race group 1": 166.0, "fp sex group 0": 1121.0, "fp sex group 1": 854.0, "fp subgroup 0": 1051.0, "fp subgroup 1": 758.0, "fp_th": [2483.0, 2483.0, 2479.0, 2427.0, 2249.0, 1975.0, 1646.0, 1233.0, 787.0, 156.0], "fp_th race group 0": [2086.0, 2086.0, 2082.0, 2069.0, 1980.0, 1809.0, 1551.0, 1181.0, 768.0, 154.0], "fp_th race group 1": [397.0, 397.0, 397.0, 358.0, 269.0, 166.0, 95.0, 52.0, 19.0, 2.0], "fp_th sex group 0": [1377.0, 1377.0, 1373.0, 1346.0, 1261.0, 1121.0, 965.0, 736.0, 457.0, 105.0], "fp_th sex group 1": [1106.0, 1106.0, 1106.0, 1081.0, 988.0, 854.0, 681.0, 497.0, 330.0, 51.0], "fp_th subgroup 0": [1206.0, 1206.0, 1202.0, 1195.0, 1148.0, 1051.0, 917.0, 709.0, 445.0, 105.0], "fp_th subgroup 1": [880.0, 880.0, 880.0, 874.0, 832.0, 758.0, 634.0, 472.0, 323.0, 49.0], "fpr": 0.7954087853431702, "fpr race group 0": 0.8672099709510803, "fpr race group 1": 0.41813603043556213, "fpr sex group 0": 0.8140885829925537, "fpr sex group 1": 0.7721518874168396, "fpr subgroup 0": 0.8714759349822998, "fpr subgroup 1": 0.8613636493682861, "loss": 0.4341178834438324, "precision": 0.8359225988388062, "precision race group 0": 0.8424901962280273, "precision race group 1": 0.6992753744125366, "precision sex group 0": 0.8357990384101868, "precision sex group 1": 0.8360844254493713, "precision subgroup 0": 0.8411906957626343, "precision subgroup 1": 0.8442572355270386, "precision_th": [0.8060156106948853, 0.8060156106948853, 0.8062675595283508, 0.8094976544380188, 0.8201519250869751, 0.8359225988388062, 0.8524693250656128, 0.8732394576072693, 0.8927792906761169, 0.934972882270813], "precision_th race group 0": [0.8252052664756775, 0.8252052664756775, 0.8254819512367249, 0.8263824582099915, 0.832118034362793, 0.8424901962280273, 0.8559755086898804, 0.8756711483001709, 0.8940397500991821, 0.9352124333381653], "precision_th race group 1": [0.5415704250335693, 0.5415704250335693, 0.5415704250335693, 0.5650060772895813, 0.6216596364974976, 0.6992753744125366, 0.7551546096801758, 0.7719298005104065, 0.79347825050354, 0.9090909361839294], "precision_th sex group 0": [0.8089092373847961, 0.8089092373847961, 0.809358537197113, 0.8123518824577332, 0.8213627934455872, 0.8357990384101868, 0.8486037254333496, 0.868969202041626, 0.8922932147979736, 0.9286684989929199], "precision_th sex group 1": [0.8022881746292114, 0.8022881746292114, 0.8022881746292114, 0.8058199882507324, 0.8185824751853943, 0.8360844254493713, 0.8576207160949707, 0.8790754079818726, 0.8934452533721924, 0.9449838399887085], "precision_th subgroup 0": [0.8243519067764282, 0.8243519067764282, 0.8248324394226074, 0.8256747126579285, 0.8308780193328857, 0.8411906957626343, 0.8525723218917847, 0.8717438578605652, 0.8943243622779846, 0.9284741282463074], "precision_th subgroup 1": [0.8263614773750305, 0.8263614773750305, 0.8263614773750305, 0.8273409605026245, 0.833799421787262, 0.8442572355270386, 0.8606287240982056, 0.881138265132904, 0.8936450481414795, 0.9460946321487427], "recall": 0.9752835035324097, "recall race group 0": 0.9825345277786255, "recall race group 1": 0.8230277299880981, "recall sex group 0": 0.9788985848426819, "recall sex group 1": 0.970588207244873, "recall subgroup 0": 0.9835689067840576, "recall subgroup 1": 0.9811365604400635, "recall_th": [1.0, 1.0, 1.0, 0.9996122717857361, 0.9940874576568604, 0.9752835035324097, 0.9218764901161194, 0.823301374912262, 0.635165274143219, 0.2174081653356552], "recall_th race group 0": [1.0, 1.0, 1.0, 1.0, 0.996547520160675, 0.9825345277786255, 0.9360276460647583, 0.8446385264396667, 0.6580016016960144, 0.22573111951351166], "recall_th race group 1": [1.0, 1.0, 1.0, 0.9914712309837341, 0.9424306750297546, 0.8230277299880981, 0.6247334480285645, 0.37526652216911316, 0.1556503176689148, 0.04264392331242561], "recall_th sex group 0": [1.0, 1.0, 1.0, 0.9996569156646729, 0.9946817755699158, 0.9788985848426819, 0.9279464483261108, 0.837364912033081, 0.6495110392570496, 0.23451706767082214], "recall_th sex group 1": [1.0, 1.0, 1.0, 0.9995543956756592, 0.9933155179023743, 0.970588207244873, 0.9139928817749023, 0.8050356507301331, 0.6165329813957214, 0.19518716633319855], "recall_th subgroup 0": [1.0, 1.0, 1.0, 1.0, 0.9964664578437805, 0.9835689067840576, 0.9369257688522339, 0.8514134287834167, 0.6653710007667542, 0.24081271886825562], "recall_th subgroup 1": [1.0, 1.0, 1.0, 1.0, 0.996657133102417, 0.9811365604400635, 0.9348137378692627, 0.8354823589324951, 0.6480420231819153, 0.20534861087799072], "tn": 508.0, "tn race group 0": 277.0, "tn race group 1": 231.0, "tn sex group 0": 256.0, "tn sex group 1": 252.0, "tn subgroup 0": 155.0, "tn subgroup 1": 122.0, "tn_th": [0.0, 0.0, 4.0, 56.0, 234.0, 508.0, 837.0, 1250.0, 1696.0, 2327.0], "tn_th race group 0": [0.0, 0.0, 4.0, 17.0, 106.0, 277.0, 535.0, 905.0, 1318.0, 1932.0], "tn_th race group 1": [0.0, 0.0, 0.0, 39.0, 128.0, 231.0, 302.0, 345.0, 378.0, 395.0], "tn_th sex group 0": [0.0, 0.0, 4.0, 31.0, 116.0, 256.0, 412.0, 641.0, 920.0, 1272.0], "tn_th sex group 1": [0.0, 0.0, 0.0, 25.0, 118.0, 252.0, 425.0, 609.0, 776.0, 1055.0], "tn_th subgroup 0": [0.0, 0.0, 4.0, 11.0, 58.0, 155.0, 289.0, 497.0, 761.0, 1101.0], "tn_th subgroup 1": [0.0, 0.0, 0.0, 6.0, 48.0, 122.0, 246.0, 408.0, 557.0, 831.0], "tp": 10062.0, "tp race group 0": 9676.0, "tp race group 1": 386.0, "tp sex group 0": 5706.0, "tp sex group 1": 4356.0, "tp subgroup 0": 5567.0, "tp subgroup 1": 4109.0, "tp_th": [10317.0, 10317.0, 10317.0, 10313.0, 10256.0, 10062.0, 9511.0, 8494.0, 6553.0, 2243.0], "tp_th race group 0": [9848.0, 9848.0, 9848.0, 9848.0, 9814.0, 9676.0, 9218.0, 8318.0, 6480.0, 2223.0], "tp_th race group 1": [469.0, 469.0, 469.0, 465.0, 442.0, 386.0, 293.0, 176.0, 73.0, 20.0], "tp_th sex group 0": [5829.0, 5829.0, 5829.0, 5827.0, 5798.0, 5706.0, 5409.0, 4881.0, 3786.0, 1367.0], "tp_th sex group 1": [4488.0, 4488.0, 4488.0, 4486.0, 4458.0, 4356.0, 4102.0, 3613.0, 2767.0, 876.0], "tp_th subgroup 0": [5660.0, 5660.0, 5660.0, 5660.0, 5640.0, 5567.0, 5303.0, 4819.0, 3766.0, 1363.0], "tp_th subgroup 1": [4188.0, 4188.0, 4188.0, 4188.0, 4174.0, 4109.0, 3915.0, 3499.0, 2714.0, 860.0], "global_step": 102.0}