{"accuracy": 0.8219531178474426, "accuracy race group 0": 0.8303167223930359, "accuracy race group 1": 0.7066974639892578, "accuracy sex group 0": 0.8257008194923401, "accuracy sex group 1": 0.8171254992485046, "accuracy subgroup 0": 0.8316341638565063, "accuracy subgroup 1": 0.8285319805145264, "auc": 0.7177932262420654, "auc race group 0": 0.6925697922706604, "auc race group 1": 0.7702411413192749, "auc sex group 0": 0.7077216506004333, "auc sex group 1": 0.7308679819107056, "auc subgroup 0": 0.6883796453475952, "auc subgroup 1": 0.6988034248352051, "aucpr": 0.9060437083244324, "fn": 195.0, "fn race group 0": 116.0, "fn race group 1": 79.0, "fn sex group 0": 78.0, "fn sex group 1": 117.0, "fn subgroup 0": 54.0, "fn subgroup 1": 62.0, "fn_th": [0.0, 0.0, 0.0, 0.0, 25.0, 195.0, 680.0, 1839.0, 4168.0, 7910.0], "fn_th race group 0": [0.0, 0.0, 0.0, 0.0, 7.0, 116.0, 507.0, 1563.0, 3775.0, 7462.0], "fn_th race group 1": [0.0, 0.0, 0.0, 0.0, 18.0, 79.0, 173.0, 276.0, 393.0, 448.0], "fn_th sex group 0": [0.0, 0.0, 0.0, 0.0, 13.0, 78.0, 351.0, 996.0, 2275.0, 4361.0], "fn_th sex group 1": [0.0, 0.0, 0.0, 0.0, 12.0, 117.0, 329.0, 843.0, 1893.0, 3549.0], "fn_th subgroup 0": [0.0, 0.0, 0.0, 0.0, 5.0, 54.0, 291.0, 898.0, 2128.0, 4194.0], "fn_th subgroup 1": [0.0, 0.0, 0.0, 0.0, 2.0, 62.0, 216.0, 665.0, 1647.0, 3268.0], "fnr": 0.01890084333717823, "fnr race group 0": 0.011779041029512882, "fnr race group 1": 0.168443500995636, "fnr sex group 0": 0.013381369411945343, "fnr sex group 1": 0.0260695181787014, "fnr subgroup 0": 0.009540636092424393, "fnr subgroup 1": 0.014804202131927013, "fp": 2084.0, "fp race group 0": 1909.0, "fp race group 1": 175.0, "fp sex group 0": 1178.0, "fp sex group 1": 906.0, "fp subgroup 0": 1102.0, "fp subgroup 1": 807.0, "fp_th": [2483.0, 2483.0, 2479.0, 2448.0, 2337.0, 2084.0, 1723.0, 1248.0, 727.0, 156.0], "fp_th race group 0": [2086.0, 2086.0, 2084.0, 2079.0, 2041.0, 1909.0, 1634.0, 1196.0, 710.0, 156.0], "fp_th race group 1": [397.0, 397.0, 395.0, 369.0, 296.0, 175.0, 89.0, 52.0, 17.0, 0.0], "fp_th sex group 0": [1377.0, 1377.0, 1373.0, 1355.0, 1307.0, 1178.0, 991.0, 732.0, 430.0, 100.0], "fp_th sex group 1": [1106.0, 1106.0, 1106.0, 1093.0, 1030.0, 906.0, 732.0, 516.0, 297.0, 56.0], "fp_th subgroup 0": [1206.0, 1206.0, 1204.0, 1201.0, 1182.0, 1102.0, 951.0, 707.0, 420.0, 100.0], "fp_th subgroup 1": [880.0, 880.0, 880.0, 878.0, 859.0, 807.0, 683.0, 489.0, 290.0, 56.0], "fpr": 0.8393073081970215, "fpr race group 0": 0.9151486158370972, "fpr race group 1": 0.4408060312271118, "fpr sex group 0": 0.8554829359054565, "fpr sex group 1": 0.8191681504249573, "fpr subgroup 0": 0.9137645363807678, "fpr subgroup 1": 0.9170454740524292, "loss": 0.4362718462944031, "precision": 0.8292642831802368, "precision race group 0": 0.8360106348991394, "precision race group 1": 0.6902654767036438, "precision sex group 0": 0.8299899101257324, "precision sex group 1": 0.828311562538147, "precision subgroup 0": 0.83571857213974, "precision subgroup 1": 0.8364078402519226, "precision_th": [0.8060156106948853, 0.8060156106948853, 0.8062675595283508, 0.8082256317138672, 0.8149496912956238, 0.8292642831802368, 0.8483274579048157, 0.8716841340065002, 0.8942699432373047, 0.9391338229179382], "precision_th race group 0": [0.8252052664756775, 0.8252052664756775, 0.8253436088562012, 0.8256896138191223, 0.8282275795936584, 0.8360106348991394, 0.8511161804199219, 0.8738529682159424, 0.895326554775238, 0.938630998134613], "precision_th race group 1": [0.5415704250335693, 0.5415704250335693, 0.5428240895271301, 0.559665858745575, 0.6037483215332031, 0.6902654767036438, 0.768831193447113, 0.7877551317214966, 0.8172042965888977, 1.0], "precision_th sex group 0": [0.8089092373847961, 0.8089092373847961, 0.809358537197113, 0.8113864064216614, 0.8165099024772644, 0.8299899101257324, 0.8468078374862671, 0.8684636354446411, 0.8920682668685913, 0.9362244606018066], "precision_th sex group 1": [0.8022881746292114, 0.8022881746292114, 0.8022881746292114, 0.8041569590568542, 0.8129313588142395, 0.828311562538147, 0.8503373265266418, 0.8759913444519043, 0.8973029255867004, 0.9437186121940613], "precision_th subgroup 0": [0.8243519067764282, 0.8243519067764282, 0.8245920538902283, 0.8249526023864746, 0.8271171450614929, 0.83571857213974, 0.8495253324508667, 0.8707259297370911, 0.8937246799468994, 0.9361430406570435], "precision_th subgroup 1": [0.8263614773750305, 0.8263614773750305, 0.8263614773750305, 0.8266876935958862, 0.8297324180603027, 0.8364078402519226, 0.8532760739326477, 0.8781156539916992, 0.8975626826286316, 0.9426229596138], "recall": 0.9810991287231445, "recall race group 0": 0.9882209300994873, "recall race group 1": 0.831556499004364, "recall sex group 0": 0.9866186380386353, "recall sex group 1": 0.9739304780960083, "recall subgroup 0": 0.9904593825340271, "recall subgroup 1": 0.9851958155632019, "recall_th": [1.0, 1.0, 1.0, 1.0, 0.9975768327713013, 0.9810991287231445, 0.9340893626213074, 0.8217505216598511, 0.5960065722465515, 0.23330426216125488], "recall_th race group 0": [1.0, 1.0, 1.0, 1.0, 0.9992892146110535, 0.9882209300994873, 0.9485174417495728, 0.8412875533103943, 0.6166734099388123, 0.2422827035188675], "recall_th race group 1": [1.0, 1.0, 1.0, 1.0, 0.9616204500198364, 0.831556499004364, 0.631130039691925, 0.4115138649940491, 0.1620469093322754, 0.04477611929178238], "recall_th sex group 0": [1.0, 1.0, 1.0, 1.0, 0.9977697730064392, 0.9866186380386353, 0.9397838115692139, 0.829130232334137, 0.6097100973129272, 0.25184422731399536], "recall_th sex group 1": [1.0, 1.0, 1.0, 1.0, 0.9973261952400208, 0.9739304780960083, 0.9266933798789978, 0.8121657967567444, 0.5782085657119751, 0.20922459661960602], "recall_th subgroup 0": [1.0, 1.0, 1.0, 1.0, 0.9991165995597839, 0.9904593825340271, 0.9485865831375122, 0.8413427472114563, 0.6240282654762268, 0.2590106129646301], "recall_th subgroup 1": [1.0, 1.0, 1.0, 1.0, 0.9995224475860596, 0.9851958155632019, 0.9484240412712097, 0.8412129878997803, 0.606733500957489, 0.21967525780200958], "tn": 399.0, "tn race group 0": 177.0, "tn race group 1": 222.0, "tn sex group 0": 199.0, "tn sex group 1": 200.0, "tn subgroup 0": 104.0, "tn subgroup 1": 73.0, "tn_th": [0.0, 0.0, 4.0, 35.0, 146.0, 399.0, 760.0, 1235.0, 1756.0, 2327.0], "tn_th race group 0": [0.0, 0.0, 2.0, 7.0, 45.0, 177.0, 452.0, 890.0, 1376.0, 1930.0], "tn_th race group 1": [0.0, 0.0, 2.0, 28.0, 101.0, 222.0, 308.0, 345.0, 380.0, 397.0], "tn_th sex group 0": [0.0, 0.0, 4.0, 22.0, 70.0, 199.0, 386.0, 645.0, 947.0, 1277.0], "tn_th sex group 1": [0.0, 0.0, 0.0, 13.0, 76.0, 200.0, 374.0, 590.0, 809.0, 1050.0], "tn_th subgroup 0": [0.0, 0.0, 2.0, 5.0, 24.0, 104.0, 255.0, 499.0, 786.0, 1106.0], "tn_th subgroup 1": [0.0, 0.0, 0.0, 2.0, 21.0, 73.0, 197.0, 391.0, 590.0, 824.0], "tp": 10122.0, "tp race group 0": 9732.0, "tp race group 1": 390.0, "tp sex group 0": 5751.0, "tp sex group 1": 4371.0, "tp subgroup 0": 5606.0, "tp subgroup 1": 4126.0, "tp_th": [10317.0, 10317.0, 10317.0, 10317.0, 10292.0, 10122.0, 9637.0, 8478.0, 6149.0, 2407.0], "tp_th race group 0": [9848.0, 9848.0, 9848.0, 9848.0, 9841.0, 9732.0, 9341.0, 8285.0, 6073.0, 2386.0], "tp_th race group 1": [469.0, 469.0, 469.0, 469.0, 451.0, 390.0, 296.0, 193.0, 76.0, 21.0], "tp_th sex group 0": [5829.0, 5829.0, 5829.0, 5829.0, 5816.0, 5751.0, 5478.0, 4833.0, 3554.0, 1468.0], "tp_th sex group 1": [4488.0, 4488.0, 4488.0, 4488.0, 4476.0, 4371.0, 4159.0, 3645.0, 2595.0, 939.0], "tp_th subgroup 0": [5660.0, 5660.0, 5660.0, 5660.0, 5655.0, 5606.0, 5369.0, 4762.0, 3532.0, 1466.0], "tp_th subgroup 1": [4188.0, 4188.0, 4188.0, 4188.0, 4186.0, 4126.0, 3972.0, 3523.0, 2541.0, 920.0], "global_step": 102.0}