{"accuracy": 0.855886697769165, "accuracy race group 0": 0.8625773191452026, "accuracy race group 1": 0.7631869316101074, "accuracy sex group 0": 0.8601408004760742, "accuracy sex group 1": 0.8503670692443848, "accuracy subgroup 0": 0.8646859526634216, "accuracy subgroup 1": 0.85970139503479, "accuracy subgroup 2": 0.7682371735572815, "accuracy subgroup 3": 0.7598848342895508, "auc": 0.8207470178604126, "auc race group 0": 0.8077532052993774, "auc race group 1": 0.8210031986236572, "auc sex group 0": 0.8237826824188232, "auc sex group 1": 0.8165733814239502, "auc subgroup 0": 0.8121851086616516, "auc subgroup 1": 0.8014172315597534, "auc subgroup 2": 0.8247483968734741, "auc subgroup 3": 0.8146799802780151, "aucpr": 0.9342439770698547, "fn": 14570.0, "fn race group 0": 12957.0, "fn race group 1": 1613.0, "fn sex group 0": 7721.0, "fn sex group 1": 6849.0, "fn subgroup 0": 7009.0, "fn subgroup 1": 5948.0, "fn subgroup 2": 712.0, "fn subgroup 3": 901.0, "fn_th": [0.0, 868.0, 3055.0, 6721.0, 9809.0, 14570.0, 20836.0, 31053.0, 47663.0, 105789.0], "fn_th race group 0": [0.0, 739.0, 2665.0, 6105.0, 8872.0, 12957.0, 18032.0, 26383.0, 41579.0, 97615.0], "fn_th race group 1": [0.0, 129.0, 390.0, 616.0, 937.0, 1613.0, 2804.0, 4670.0, 6084.0, 8174.0], "fn_th sex group 0": [0.0, 514.0, 1482.0, 3600.0, 5147.0, 7721.0, 11380.0, 16938.0, 26254.0, 57842.0], "fn_th sex group 1": [0.0, 354.0, 1573.0, 3121.0, 4662.0, 6849.0, 9456.0, 14115.0, 21409.0, 47947.0], "fn_th subgroup 0": [0.0, 417.0, 1254.0, 3243.0, 4661.0, 7009.0, 10156.0, 15169.0, 24035.0, 54692.0], "fn_th subgroup 1": [0.0, 322.0, 1411.0, 2862.0, 4211.0, 5948.0, 7876.0, 11214.0, 17544.0, 42923.0], "fn_th subgroup 2": [0.0, 97.0, 228.0, 357.0, 486.0, 712.0, 1224.0, 1769.0, 2219.0, 3150.0], "fn_th subgroup 3": [0.0, 32.0, 162.0, 259.0, 451.0, 901.0, 1580.0, 2901.0, 3865.0, 5024.0], "fnr": 0.07086369395256042, "fnr race group 0": 0.0660044327378273, "fnr race group 1": 0.1734222173690796, "fnr sex group 0": 0.06641263514757156, "fnr sex group 1": 0.0766553282737732, "fnr subgroup 0": 0.0620732419192791, "fnr subgroup 1": 0.07132750004529953, "fnr subgroup 2": 0.21298235654830933, "fnr subgroup 3": 0.1512252390384674, "fp": 22323.0, "fp race group 0": 19855.0, "fp race group 1": 2468.0, "fp sex group 0": 12499.0, "fp sex group 1": 9824.0, "fp subgroup 0": 11632.0, "fp subgroup 1": 8223.0, "fp subgroup 2": 867.0, "fp subgroup 3": 1601.0, "fp_th": [50394.0, 39177.0, 32496.0, 27213.0, 24510.0, 22323.0, 19789.0, 16219.0, 12975.0, 6095.0], "fp_th race group 0": [42462.0, 34073.0, 28226.0, 23426.0, 21173.0, 19855.0, 17994.0, 15226.0, 12462.0, 5999.0], "fp_th race group 1": [7932.0, 5104.0, 4270.0, 3787.0, 3337.0, 2468.0, 1795.0, 993.0, 513.0, 96.0], "fp_th sex group 0": [28316.0, 21664.0, 18003.0, 14975.0, 13690.0, 12499.0, 11054.0, 9059.0, 7129.0, 3400.0], "fp_th sex group 1": [22078.0, 17513.0, 14493.0, 12238.0, 10820.0, 9824.0, 8735.0, 7160.0, 5846.0, 2695.0], "fp_th subgroup 0": [24846.0, 19640.0, 16332.0, 13529.0, 12372.0, 11632.0, 10380.0, 8674.0, 6936.0, 3400.0], "fp_th subgroup 1": [17616.0, 14433.0, 11894.0, 9897.0, 8801.0, 8223.0, 7614.0, 6552.0, 5526.0, 2599.0], "fp_th subgroup 2": [3470.0, 2024.0, 1671.0, 1446.0, 1318.0, 867.0, 674.0, 385.0, 193.0, 0.0], "fp_th subgroup 3": [4462.0, 3080.0, 2599.0, 2341.0, 2019.0, 1601.0, 1121.0, 608.0, 320.0, 96.0], "fpr": 0.442969411611557, "fpr race group 0": 0.46759456396102905, "fpr race group 1": 0.31114473938941956, "fpr sex group 0": 0.44141122698783875, "fpr sex group 1": 0.4449678361415863, "fpr subgroup 0": 0.4681638777256012, "fpr subgroup 1": 0.4667915403842926, "fpr subgroup 2": 0.2498559057712555, "fpr subgroup 3": 0.3588077127933502, "loss": 0.8741081357002258, "precision": 0.895373523235321, "precision race group 0": 0.9022898077964783, "precision race group 1": 0.7569909691810608, "precision sex group 0": 0.8967332243919373, "precision sex group 1": 0.8935909867286682, "precision subgroup 0": 0.901036262512207, "precision subgroup 1": 0.9040098190307617, "precision subgroup 2": 0.7521440982818604, "precision subgroup 3": 0.759537398815155, "precision_th": [0.8031484484672546, 0.8393825888633728, 0.8617467880249023, 0.8796406984329224, 0.8887461423873901, 0.895373523235321, 0.9032601714134216, 0.914982259273529, 0.9240863919258118, 0.9424522519111633], "precision_th race group 0": [0.8221613764762878, 0.8516236543655396, 0.8727790713310242, 0.89034104347229, 0.8985024690628052, 0.9022898077964783, 0.9083187580108643, 0.9177631139755249, 0.9254611730575562, 0.9426969289779663], "precision_th race group 1": [0.5397202968597412, 0.6424768567085266, 0.6760488748550415, 0.6963598728179932, 0.7148107290267944, 0.7569909691810608, 0.7835263013839722, 0.8234353065490723, 0.8624665141105652, 0.9215044975280762], "precision_th sex group 0": [0.8041418194770813, 0.8423381447792053, 0.8644137978553772, 0.8826714158058167, 0.8903053402900696, 0.8967332243919373, 0.9046509861946106, 0.9164137244224548, 0.926605761051178, 0.9449980854988098], "precision_th sex group 1": [0.8018595576286316, 0.8355695009231567, 0.8582841157913208, 0.8757121562957764, 0.886708676815033, 0.8935909867286682, 0.9014408588409424, 0.9130994081497192, 0.9207698106765747, 0.938883364200592], "precision_th subgroup 0": [0.8196441531181335, 0.8513675332069397, 0.8723992705345154, 0.8901875615119934, 0.8974350690841675, 0.901036262512207, 0.9082544445991516, 0.9184927940368652, 0.927611231803894, 0.9448257684707642], "precision_th subgroup 1": [0.8255945444107056, 0.8519707322120667, 0.8732969164848328, 0.8905501961708069, 0.8999658823013306, 0.9040098190307617, 0.9084063172340393, 0.9167767763137817, 0.9225746989250183, 0.9396507740020752], "precision_th subgroup 2": [0.4906795918941498, 0.6159392595291138, 0.6508566737174988, 0.6737364530563354, 0.6843113899230957, 0.7521440982818604, 0.7586824297904968, 0.8034711480140686, 0.8534548282623291, 1.0], "precision_th subgroup 3": [0.571785032749176, 0.6580057740211487, 0.6904109716415405, 0.7088308334350586, 0.7317299842834473, 0.759537398815155, 0.7961447238922119, 0.8341063857078552, 0.8673849701881409, 0.9067960977554321], "recall": 0.929136335849762, "recall race group 0": 0.9339955449104309, "recall race group 1": 0.8265777826309204, "recall sex group 0": 0.933587372303009, "recall sex group 1": 0.9233446717262268, "recall subgroup 0": 0.9379267692565918, "recall subgroup 1": 0.9286724925041199, "recall subgroup 2": 0.7870176434516907, "recall subgroup 3": 0.8487747311592102, "recall_th": [1.0, 0.9957783222198486, 0.9851414561271667, 0.9673112630844116, 0.952292263507843, 0.929136335849762, 0.8986605405807495, 0.8489683866500854, 0.7681828141212463, 0.485477089881897], "recall_th race group 0": [1.0, 0.9962354302406311, 0.9864242076873779, 0.9689004421234131, 0.9548050165176392, 0.9339955449104309, 0.9081429243087769, 0.8656020164489746, 0.7881918549537659, 0.5027380585670471], "recall_th race group 1": [1.0, 0.9861305356025696, 0.9580690264701843, 0.9337705373764038, 0.8992581367492676, 0.8265777826309204, 0.6985270380973816, 0.497903436422348, 0.3458767831325531, 0.12116976827383041], "recall_th sex group 0": [1.0, 0.9955788254737854, 0.9872524738311768, 0.9690343737602234, 0.955727756023407, 0.933587372303009, 0.9021142721176147, 0.8543068170547485, 0.774174690246582, 0.5024686455726624], "recall_th sex group 1": [1.0, 0.9960379600524902, 0.9823946952819824, 0.9650691747665405, 0.9478219747543335, 0.9233446717262268, 0.8941666483879089, 0.842022180557251, 0.7603863477706909, 0.4633679687976837], "recall_th subgroup 0": [1.0, 0.9963069558143616, 0.9888942837715149, 0.9712792634963989, 0.9587211608886719, 0.9379267692565918, 0.9100562334060669, 0.8656600117683411, 0.7871407866477966, 0.5156356692314148], "recall_th subgroup 1": [1.0, 0.9961386322975159, 0.9830794930458069, 0.9656793475151062, 0.9495023488998413, 0.9286724925041199, 0.9055522084236145, 0.8655234575271606, 0.7896150350570679, 0.4852740168571472],