{"accuracy": 0.8258593678474426, "accuracy race group 0": 0.8338360786437988, "accuracy race group 1": 0.7159353494644165, "accuracy sex group 0": 0.8265334367752075, "accuracy sex group 1": 0.8249910473823547, "accuracy subgroup 0": 0.83207106590271, "accuracy subgroup 1": 0.836227297782898, "auc": 0.7156565189361572, "auc race group 0": 0.6892398595809937, "auc race group 1": 0.7725934982299805, "auc sex group 0": 0.7090668082237244, "auc sex group 1": 0.7244607210159302, "auc subgroup 0": 0.6892314553260803, "auc subgroup 1": 0.6896489858627319, "aucpr": 0.9072331190109253, "fn": 299.0, "fn race group 0": 189.0, "fn race group 1": 110.0, "fn sex group 0": 142.0, "fn sex group 1": 157.0, "fn subgroup 0": 105.0, "fn subgroup 1": 84.0, "fn_th": [0.0, 0.0, 0.0, 9.0, 70.0, 299.0, 762.0, 1664.0, 3999.0, 8143.0], "fn_th race group 0": [0.0, 0.0, 0.0, 4.0, 31.0, 189.0, 576.0, 1370.0, 3613.0, 7691.0], "fn_th race group 1": [0.0, 0.0, 0.0, 5.0, 39.0, 110.0, 186.0, 294.0, 386.0, 452.0], "fn_th sex group 0": [0.0, 0.0, 0.0, 1.0, 32.0, 142.0, 399.0, 894.0, 2161.0, 4495.0], "fn_th sex group 1": [0.0, 0.0, 0.0, 8.0, 38.0, 157.0, 363.0, 770.0, 1838.0, 3648.0], "fn_th subgroup 0": [0.0, 0.0, 0.0, 0.0, 18.0, 105.0, 321.0, 787.0, 2015.0, 4328.0], "fn_th subgroup 1": [0.0, 0.0, 0.0, 4.0, 13.0, 84.0, 255.0, 583.0, 1598.0, 3363.0], "fnr": 0.028981292620301247, "fnr race group 0": 0.019191714003682137, "fnr race group 1": 0.23454158008098602, "fnr sex group 0": 0.024360954761505127, "fnr sex group 1": 0.03498217463493347, "fnr subgroup 0": 0.018551236018538475, "fnr subgroup 1": 0.020057305693626404, "fp": 1930.0, "fp race group 0": 1794.0, "fp race group 1": 136.0, "fp sex group 0": 1108.0, "fp sex group 1": 822.0, "fp subgroup 0": 1048.0, "fp subgroup 1": 746.0, "fp_th": [2483.0, 2481.0, 2440.0, 2356.0, 2152.0, 1930.0, 1690.0, 1363.0, 753.0, 118.0], "fp_th race group 0": [2086.0, 2084.0, 2072.0, 2046.0, 1945.0, 1794.0, 1612.0, 1316.0, 739.0, 118.0], "fp_th race group 1": [397.0, 397.0, 368.0, 310.0, 207.0, 136.0, 78.0, 47.0, 14.0, 0.0], "fp_th sex group 0": [1377.0, 1377.0, 1351.0, 1309.0, 1208.0, 1108.0, 984.0, 793.0, 432.0, 73.0], "fp_th sex group 1": [1106.0, 1104.0, 1089.0, 1047.0, 944.0, 822.0, 706.0, 570.0, 321.0, 45.0], "fp_th subgroup 0": [1206.0, 1206.0, 1198.0, 1181.0, 1123.0, 1048.0, 945.0, 771.0, 422.0, 73.0], "fp_th subgroup 1": [880.0, 878.0, 874.0, 865.0, 822.0, 746.0, 667.0, 545.0, 317.0, 45.0], "fpr": 0.7772855162620544, "fpr race group 0": 0.8600191473960876, "fpr race group 1": 0.3425692617893219, "fpr sex group 0": 0.8046478033065796, "fpr sex group 1": 0.7432187795639038, "fpr subgroup 0": 0.8689883947372437, "fpr subgroup 1": 0.8477272987365723, "loss": 0.4334775507450104, "precision": 0.8384667038917542, "precision race group 0": 0.8433598279953003, "precision race group 1": 0.7252525091171265, "precision sex group 0": 0.8369389176368713, "precision sex group 1": 0.8404812812805176, "precision subgroup 0": 0.8412842750549316, "precision subgroup 1": 0.846185564994812, "precision_th": [0.8060156106948853, 0.8061415553092957, 0.8087324500083923, 0.8139608502388, 0.8264375925064087, 0.8384667038917542, 0.849711000919342, 0.8639177083969116, 0.8935086727142334, 0.9485166072845459], "precision_th race group 0": [0.8252052664756775, 0.8253436088562012, 0.8261744976043701, 0.8279226422309875, 0.8346369862556458, 0.8433598279953003, 0.8518927097320557, 0.8656319975852966, 0.8940349817276001, 0.9481318593025208], "precision_th race group 1": [0.5415704250335693, 0.5415704250335693, 0.5603345036506653, 0.5994831919670105, 0.6750392317771912, 0.7252525091171265, 0.7839335203170776, 0.7882882952690125, 0.8556700944900513, 1.0], "precision_th sex group 0": [0.8089092373847961, 0.8089092373847961, 0.8118384480476379, 0.8165895938873291, 0.8275517225265503, 0.8369389176368713, 0.8465855717658997, 0.8615572452545166, 0.8946341276168823, 0.9481165409088135], "precision_th sex group 1": [0.8022881746292114, 0.8025751113891602, 0.8047337532043457, 0.8105663061141968, 0.8249907493591309, 0.8404812812805176, 0.8538604974746704, 0.8670709133148193, 0.891955554485321, 0.9491525292396545], "precision_th subgroup 0": [0.8243519067764282, 0.8243519067764282, 0.8253135085105896, 0.827364444732666, 0.8339985013008118, 0.8412842750549316, 0.8496180772781372, 0.8633947372436523, 0.8962380290031433, 0.9480426907539368], "precision_th subgroup 1": [0.8263614773750305, 0.8266876935958862, 0.8273409605026245, 0.8286789655685425, 0.8355013132095337, 0.846185564994812, 0.8550000190734863, 0.8686746954917908, 0.8909528851509094, 0.9482758641242981], "recall": 0.9710187315940857, "recall race group 0": 0.9808082580566406, "recall race group 1": 0.7654584050178528, "recall sex group 0": 0.9756390452384949, "recall sex group 1": 0.9650177955627441, "recall subgroup 0": 0.981448769569397, "recall subgroup 1": 0.9799426794052124, "recall_th": [1.0, 1.0, 1.0, 0.9991276264190674, 0.9932150840759277, 0.9710187315940857, 0.9261413216590881, 0.8387128114700317, 0.6123872995376587, 0.21072016656398773], "recall_th race group 0": [1.0, 1.0, 1.0, 0.9995938539505005, 0.9968521595001221, 0.9808082580566406, 0.9415109753608704, 0.8608854413032532, 0.6331234574317932, 0.2190292477607727], "recall_th race group 1": [1.0, 1.0, 1.0, 0.9893389940261841, 0.916844367980957, 0.7654584050178528, 0.6034114956855774, 0.3731343150138855, 0.17697228491306305, 0.036247335374355316], "recall_th sex group 0": [1.0, 1.0, 1.0, 0.9998284578323364, 0.9945102334022522, 0.9756390452384949, 0.9315491318702698, 0.8466289043426514, 0.6292674541473389, 0.22885571420192719], "recall_th sex group 1": [1.0, 1.0, 1.0, 0.9982174634933472, 0.9915329813957214, 0.9650177955627441, 0.9191176295280457, 0.8284313678741455, 0.5904634594917297, 0.1871657818555832], "recall_th subgroup 0": [1.0, 1.0, 1.0, 1.0, 0.996819794178009, 0.981448769569397, 0.9432862401008606, 0.8609540462493896, 0.6439929604530334, 0.23533569276332855], "recall_th subgroup 1": [1.0, 1.0, 1.0, 0.9990448951721191, 0.9968959093093872, 0.9799426794052124, 0.9391117691993713, 0.8607927560806274, 0.6184335947036743, 0.19699139893054962], "tn": 553.0, "tn race group 0": 292.0, "tn race group 1": 261.0, "tn sex group 0": 269.0, "tn sex group 1": 284.0, "tn subgroup 0": 158.0, "tn subgroup 1": 134.0, "tn_th": [0.0, 2.0, 43.0, 127.0, 331.0, 553.0, 793.0, 1120.0, 1730.0, 2365.0], "tn_th race group 0": [0.0, 2.0, 14.0, 40.0, 141.0, 292.0, 474.0, 770.0, 1347.0, 1968.0], "tn_th race group 1": [0.0, 0.0, 29.0, 87.0, 190.0, 261.0, 319.0, 350.0, 383.0, 397.0], "tn_th sex group 0": [0.0, 0.0, 26.0, 68.0, 169.0, 269.0, 393.0, 584.0, 945.0, 1304.0], "tn_th sex group 1": [0.0, 2.0, 17.0, 59.0, 162.0, 284.0, 400.0, 536.0, 785.0, 1061.0], "tn_th subgroup 0": [0.0, 0.0, 8.0, 25.0, 83.0, 158.0, 261.0, 435.0, 784.0, 1133.0], "tn_th subgroup 1": [0.0, 2.0, 6.0, 15.0, 58.0, 134.0, 213.0, 335.0, 563.0, 835.0], "tp": 10018.0, "tp race group 0": 9659.0, "tp race group 1": 359.0, "tp sex group 0": 5687.0, "tp sex group 1": 4331.0, "tp subgroup 0": 5555.0, "tp subgroup 1": 4104.0, "tp_th": [10317.0, 10317.0, 10317.0, 10308.0, 10247.0, 10018.0, 9555.0, 8653.0, 6318.0, 2174.0], "tp_th race group 0": [9848.0, 9848.0, 9848.0, 9844.0, 9817.0, 9659.0, 9272.0, 8478.0, 6235.0, 2157.0], "tp_th race group 1": [469.0, 469.0, 469.0, 464.0, 430.0, 359.0, 283.0, 175.0, 83.0, 17.0], "tp_th sex group 0": [5829.0, 5829.0, 5829.0, 5828.0, 5797.0, 5687.0, 5430.0, 4935.0, 3668.0, 1334.0], "tp_th sex group 1": [4488.0, 4488.0, 4488.0, 4480.0, 4450.0, 4331.0, 4125.0, 3718.0, 2650.0, 840.0], "tp_th subgroup 0": [5660.0, 5660.0, 5660.0, 5660.0, 5642.0, 5555.0, 5339.0, 4873.0, 3645.0, 1332.0], "tp_th subgroup 1": [4188.0, 4188.0, 4188.0, 4184.0, 4175.0, 4104.0, 3933.0, 3605.0, 2590.0, 825.0], "global_step": 102.0}