{"accuracy": 0.8658164143562317, "accuracy race group 0": 0.8733535408973694, "accuracy race group 1": 0.7613880634307861, "accuracy sex group 0": 0.8723975419998169, "accuracy sex group 1": 0.8572774529457092, "accuracy subgroup 0": 0.8765906095504761, "accuracy subgroup 1": 0.8689385056495667, "accuracy subgroup 2": 0.7876119017601013, "accuracy subgroup 3": 0.7442418336868286, "auc": 0.8242114186286926, "auc race group 0": 0.8128401637077332, "auc race group 1": 0.8282235860824585, "auc sex group 0": 0.8302189707756042, "auc sex group 1": 0.8162029981613159, "auc subgroup 0": 0.819308876991272, "auc subgroup 1": 0.803716242313385, "auc subgroup 2": 0.8418546915054321, "auc subgroup 3": 0.816211462020874, "aucpr": 0.9404321312904358, "fn": 10221.0, "fn race group 0": 9318.0, "fn race group 1": 903.0, "fn sex group 0": 5335.0, "fn sex group 1": 4886.0, "fn subgroup 0": 4916.0, "fn subgroup 1": 4402.0, "fn subgroup 2": 419.0, "fn subgroup 3": 484.0, "fn_th": [0.0, 1219.0, 3658.0, 5528.0, 7492.0, 10221.0, 14017.0, 21986.0, 56400.0, 111623.0], "fn_th race group 0": [0.0, 1090.0, 3368.0, 5107.0, 6910.0, 9318.0, 12534.0, 19121.0, 49834.0, 103030.0], "fn_th race group 1": [0.0, 129.0, 290.0, 421.0, 582.0, 903.0, 1483.0, 2865.0, 6566.0, 8593.0], "fn_th sex group 0": [0.0, 545.0, 1797.0, 2765.0, 3954.0, 5335.0, 7394.0, 12053.0, 30948.0, 61140.0], "fn_th sex group 1": [0.0, 674.0, 1861.0, 2763.0, 3538.0, 4886.0, 6623.0, 9933.0, 25452.0, 50483.0], "fn_th subgroup 0": [0.0, 448.0, 1700.0, 2570.0, 3695.0, 4916.0, 6652.0, 10798.0, 28503.0, 57990.0], "fn_th subgroup 1": [0.0, 642.0, 1668.0, 2537.0, 3215.0, 4402.0, 5882.0, 8323.0, 21331.0, 45040.0], "fn_th subgroup 2": [0.0, 97.0, 97.0, 195.0, 259.0, 419.0, 742.0, 1255.0, 2445.0, 3150.0], "fn_th subgroup 3": [0.0, 32.0, 193.0, 226.0, 323.0, 484.0, 741.0, 1610.0, 4121.0, 5443.0], "fnr": 0.04971158504486084, "fnr race group 0": 0.0474669523537159, "fnr race group 1": 0.0970863327383995, "fnr sex group 0": 0.04588931426405907, "fnr sex group 1": 0.05468505248427391, "fnr subgroup 0": 0.04353717342019081, "fnr subgroup 1": 0.052788104861974716, "fnr subgroup 2": 0.12533652782440186, "fnr subgroup 3": 0.08123531192541122, "fp": 24130.0, "fp race group 0": 20921.0, "fp race group 1": 3209.0, "fp sex group 0": 13113.0, "fp sex group 1": 11017.0, "fp subgroup 0": 12085.0, "fp subgroup 1": 8836.0, "fp subgroup 2": 1028.0, "fp subgroup 3": 2181.0, "fp_th": [50394.0, 38054.0, 32241.0, 28896.0, 26221.0, 24130.0, 21778.0, 18601.0, 11564.0, 5040.0], "fp_th race group 0": [42462.0, 32916.0, 27778.0, 24850.0, 22497.0, 20921.0, 19213.0, 17062.0, 11243.0, 4944.0], "fp_th race group 1": [7932.0, 5138.0, 4463.0, 4046.0, 3724.0, 3209.0, 2565.0, 1539.0, 321.0, 96.0], "fp_th sex group 0": [28316.0, 21055.0, 17557.0, 15755.0, 14239.0, 13113.0, 11986.0, 10509.0, 6262.0, 2761.0], "fp_th sex group 1": [22078.0, 16999.0, 14684.0, 13141.0, 11982.0, 11017.0, 9792.0, 8092.0, 5302.0, 2279.0], "fp_th subgroup 0": [24846.0, 19031.0, 15789.0, 14244.0, 12889.0, 12085.0, 11119.0, 9962.0, 6197.0, 2761.0], "fp_th subgroup 1": [17616.0, 13885.0, 11989.0, 10606.0, 9608.0, 8836.0, 8094.0, 7100.0, 5046.0, 2183.0], "fp_th subgroup 2": [3470.0, 2024.0, 1768.0, 1511.0, 1350.0, 1028.0, 867.0, 547.0, 65.0, 0.0], "fp_th subgroup 3": [4462.0, 3114.0, 2695.0, 2535.0, 2374.0, 2181.0, 1698.0, 992.0, 256.0, 96.0], "fpr": 0.4788268506526947, "fpr race group 0": 0.49269935488700867, "fpr race group 1": 0.4045637845993042, "fpr sex group 0": 0.4630950689315796, "fpr sex group 1": 0.499003529548645, "fpr subgroup 0": 0.4863961935043335, "fpr subgroup 1": 0.5015894770622253, "fpr subgroup 2": 0.29625359177589417, "fpr subgroup 3": 0.4887942671775818, "loss": 0.8368716239929199, "precision": 0.8900758624076843, "precision race group 0": 0.8993737697601318, "precision race group 1": 0.7235289216041565, "precision sex group 0": 0.8942806720733643, "precision sex group 1": 0.8846133947372437, "precision subgroup 0": 0.8993620872497559, "precision subgroup 1": 0.8993896842002869, "precision subgroup 2": 0.7398785352706909, "precision subgroup 3": 0.7150881886482239, "precision_th": [0.8031484484672546, 0.8430380821228027, 0.8623291254043579, 0.8738022446632385, 0.8831167817115784, 0.8900758624076843, 0.8979317545890808, 0.9080165028572083, 0.928071141242981, 0.9491027593612671], "precision_th race group 0": [0.8221613764762878, 0.8557144999504089, 0.8741453886032104, 0.884979248046875, 0.8938279747962952, 0.8993737697601318, 0.9053472280502319, 0.9121628999710083, 0.9287127256393433, 0.949663519859314], "precision_th race group 1": [0.5397202968597412, 0.6409503817558289, 0.6687694787979126, 0.6869874596595764, 0.7007152438163757, 0.7235289216041565, 0.7529615759849548, 0.8070219159126282, 0.8949607610702515, 0.8805969953536987], "precision_th sex group 0": [0.8041418194770813, 0.8460531830787659, 0.8670105338096619, 0.8781025409698486, 0.8874769806861877, 0.8942806720733643, 0.9008191823959351, 0.9083895683288574, 0.9316166639328003, 0.952297031879425], "precision_th sex group 1": [0.8018595576286316, 0.8391358256340027, 0.8562801480293274, 0.8682289719581604, 0.8774746656417847, 0.8846133947372437, 0.8941599726676941, 0.9075273871421814, 0.9233793020248413, 0.9446091651916504], "precision_th subgroup 0": [0.8196441531181335, 0.8552753925323486, 0.8756811022758484, 0.8856720924377441, 0.8944467902183533, 0.8993620872497559, 0.9052751064300537, 0.9111162424087524, 0.9316072463989258, 0.9521374106407166], "precision_th subgroup 1": [0.8255945444107056, 0.8563120365142822, 0.8720641136169434, 0.8840354681015015, 0.8929864168167114, 0.8993896842002869, 0.9054461121559143, 0.9135906100273132, 0.9248043894767761, 0.9461426734924316], "precision_th subgroup 2": [0.4906795918941498, 0.6159392595291138, 0.6473873257637024, 0.675681471824646, 0.6955345273017883, 0.7398785352706909, 0.75, 0.7924098968505859, 0.9325025677680969, 1.0], "precision_th subgroup 3": [0.571785032749176, 0.6555309891700745, 0.6814420819282532, 0.6933591365814209, 0.7035834789276123, 0.7150881886482239, 0.7544468641281128, 0.8142322301864624, 0.8776875138282776, 0.8428805470466614], "recall": 0.9502884149551392, "recall race group 0": 0.9525330662727356, "recall race group 1": 0.9029136896133423, "recall sex group 0": 0.9541106820106506, "recall sex group 1": 0.9453149437904358, "recall subgroup 0": 0.9564628005027771, "recall subgroup 1": 0.9472119212150574, "recall subgroup 2": 0.8746634721755981, "recall subgroup 3": 0.9187647104263306, "recall_th": [1.0, 0.9940711855888367, 0.9822086691856384, 0.9731135964393616, 0.9635613560676575, 0.9502884149551392, 0.9318259358406067, 0.8930673003196716, 0.7256889343261719, 0.4571024179458618], "recall_th race group 0": [1.0, 0.9944474101066589, 0.9828430414199829, 0.9739843606948853, 0.964799702167511, 0.9525330662727356, 0.9361503720283508, 0.9025954604148865, 0.7461399435997009, 0.47515344619750977], "recall_th race group 1": [1.0, 0.9861305356025696, 0.9688205718994141, 0.954736053943634, 0.9374260902404785, 0.9029136896133423, 0.8405547738075256, 0.6919686198234558, 0.29405438899993896, 0.07612084597349167], "recall_th sex group 0": [1.0, 0.9953121542930603, 0.9845430254936218, 0.9762166738510132, 0.9659894108772278, 0.9541106820106506, 0.9364000558853149, 0.896325409412384, 0.7337989807128906, 0.4741007089614868], "recall_th sex group 1": [1.0, 0.9924564361572266, 0.9791713356971741, 0.9690759778022766, 0.9604020118713379, 0.9453149437904358, 0.9258741140365601, 0.8888279795646667, 0.7151363492012024, 0.43498456478118896], "recall_th subgroup 0": [1.0, 0.9960324168205261, 0.9849444031715393, 0.9772394895553589, 0.9672762751579285, 0.9564628005027771, 0.9410884380340576, 0.9043705463409424, 0.7475711703300476, 0.48642784357070923], "recall_th subgroup 1": [1.0, 0.9923012256622314, 0.9799975752830505, 0.9695767164230347, 0.961446225643158, 0.9472119212150574, 0.9294639825820923, 0.9001918435096741, 0.7442019581794739, 0.4598872661590576],