{"accuracy": 0.8661991953849792, "accuracy race group 0": 0.8725410103797913, "accuracy race group 1": 0.7783322930335999, "accuracy sex group 0": 0.8721554279327393, "accuracy sex group 1": 0.8584710955619812, "accuracy subgroup 0": 0.8760970234870911, "accuracy subgroup 1": 0.8676910400390625, "accuracy subgroup 2": 0.7924556136131287, "accuracy subgroup 3": 0.7690978646278381, "auc": 0.8246888518333435, "auc race group 0": 0.8117078542709351, "auc race group 1": 0.8362333178520203, "auc sex group 0": 0.8253673911094666, "auc sex group 1": 0.8236290812492371, "auc subgroup 0": 0.8142914772033691, "auc subgroup 1": 0.8080649971961975, "auc subgroup 2": 0.8350599408149719, "auc subgroup 3": 0.837530791759491, "aucpr": 0.9425408840179443, "fn": 10897.0, "fn race group 0": 9963.0, "fn race group 1": 934.0, "fn sex group 0": 5692.0, "fn sex group 1": 5205.0, "fn subgroup 0": 5273.0, "fn subgroup 1": 4690.0, "fn subgroup 2": 419.0, "fn subgroup 3": 515.0, "fn_th": [0.0, 1351.0, 3374.0, 5852.0, 8231.0, 10897.0, 15627.0, 24974.0, 44516.0, 96724.0], "fn_th race group 0": [0.0, 1157.0, 3050.0, 5432.0, 7651.0, 9963.0, 13726.0, 21305.0, 38752.0, 88453.0], "fn_th race group 1": [0.0, 194.0, 324.0, 420.0, 580.0, 934.0, 1901.0, 3669.0, 5764.0, 8271.0], "fn_th sex group 0": [0.0, 709.0, 1545.0, 3088.0, 4409.0, 5692.0, 8167.0, 13917.0, 24999.0, 53593.0], "fn_th sex group 1": [0.0, 642.0, 1829.0, 2764.0, 3822.0, 5205.0, 7460.0, 11057.0, 19517.0, 43131.0], "fn_th subgroup 0": [0.0, 579.0, 1382.0, 2829.0, 4086.0, 5273.0, 7296.0, 12243.0, 22714.0, 50507.0], "fn_th subgroup 1": [0.0, 578.0, 1668.0, 2603.0, 3565.0, 4690.0, 6430.0, 9062.0, 16038.0, 37946.0], "fn_th subgroup 2": [0.0, 130.0, 163.0, 259.0, 323.0, 419.0, 871.0, 1674.0, 2285.0, 3086.0], "fn_th subgroup 3": [0.0, 64.0, 161.0, 161.0, 257.0, 515.0, 1030.0, 1995.0, 3479.0, 5185.0], "fnr": 0.05299942567944527, "fnr race group 0": 0.050752654671669006, "fnr race group 1": 0.1004193127155304, "fnr sex group 0": 0.04896007105708122, "fnr sex group 1": 0.058255359530448914, "fnr subgroup 0": 0.04669884592294693, "fnr subgroup 1": 0.056241754442453384, "fnr subgroup 2": 0.12533652782440186, "fnr subgroup 3": 0.08643840253353119, "fp": 23356.0, "fp race group 0": 20470.0, "fp race group 1": 2886.0, "fp sex group 0": 12791.0, "fp sex group 1": 10565.0, "fp subgroup 0": 11796.0, "fp subgroup 1": 8674.0, "fp subgroup 2": 995.0, "fp subgroup 3": 1891.0, "fp_th": [50394.0, 38244.0, 32848.0, 28697.0, 26026.0, 23356.0, 20979.0, 17958.0, 13362.0, 6418.0], "fp_th race group 0": [42462.0, 33043.0, 28193.0, 24654.0, 22465.0, 20470.0, 18991.0, 16739.0, 12912.0, 6354.0], "fp_th race group 1": [7932.0, 5201.0, 4655.0, 4043.0, 3561.0, 2886.0, 1988.0, 1219.0, 450.0, 64.0], "fp_th sex group 0": [28316.0, 21118.0, 18036.0, 15816.0, 14302.0, 12791.0, 11794.0, 10124.0, 7517.0, 3755.0], "fp_th sex group 1": [22078.0, 17126.0, 14812.0, 12881.0, 11724.0, 10565.0, 9185.0, 7834.0, 5845.0, 2663.0], "fp_th subgroup 0": [24846.0, 19030.0, 16205.0, 14306.0, 12986.0, 11796.0, 11087.0, 9705.0, 7259.0, 3755.0], "fp_th subgroup 1": [17616.0, 14013.0, 11988.0, 10348.0, 9479.0, 8674.0, 7904.0, 7034.0, 5653.0, 2599.0], "fp_th subgroup 2": [3470.0, 2088.0, 1831.0, 1510.0, 1316.0, 995.0, 707.0, 419.0, 258.0, 0.0], "fp_th subgroup 3": [4462.0, 3113.0, 2824.0, 2533.0, 2245.0, 1891.0, 1281.0, 800.0, 192.0, 64.0], "fpr": 0.46346786618232727, "fpr race group 0": 0.48207810521125793, "fpr race group 1": 0.3638426661491394, "fpr sex group 0": 0.4517233967781067, "fpr sex group 1": 0.4785306751728058, "fpr subgroup 0": 0.47476455569267273, "fpr subgroup 1": 0.49239328503608704, "fpr subgroup 2": 0.28674352169036865, "fpr subgroup 3": 0.4238009750843048, "loss": 0.8317975997924805, "precision": 0.8928943276405334, "precision race group 0": 0.9010212421417236, "precision race group 1": 0.743535041809082, "precision sex group 0": 0.8963090777397156, "precision sex group 1": 0.888446569442749, "precision subgroup 0": 0.9012374877929688, "precision subgroup 1": 0.9007256031036377, "precision subgroup 2": 0.7461087107658386, "precision subgroup 3": 0.7421597838401794, "precision_th": [0.8031484484672546, 0.8422921299934387, 0.8602688312530518, 0.8743844628334045, 0.8835009932518005, 0.8928943276405334, 0.9005536437034607, 0.9095724821090698, 0.9234058856964111, 0.9443365335464478], "precision_th race group 0": [0.8221613764762878, 0.8551958799362183, 0.8726879358291626, 0.8856106400489807, 0.8935908079147339, 0.9010212421417236, 0.9057846069335938, 0.9126990437507629, 0.9242542386054993, 0.9443637132644653], "precision_th race group 1": [0.5397202968597412, 0.6364970803260803, 0.6585240364074707, 0.6871711611747742, 0.7100635170936584, 0.743535041809082, 0.7882403135299683, 0.8220697641372681, 0.8871331810951233, 0.9414991140365601], "precision_th sex group 0": [0.8041418194770813, 0.8454784154891968, 0.8641345500946045, 0.8773820400238037, 0.8866279125213623, 0.8963090777397156, 0.9016224145889282, 0.9099808931350708, 0.9238985180854797, 0.9434658288955688], "precision_th sex group 1": [0.8018595576286316, 0.838177502155304, 0.855254054069519, 0.8704971671104431, 0.8794447183609009, 0.888446569442749, 0.8991468548774719, 0.9090391993522644, 0.9227628111839294, 0.9455196261405945], "precision_th subgroup 0": [0.8196441531181335, 0.8551375269889832, 0.8731387853622437, 0.8849925994873047, 0.893395721912384, 0.9012374877929688, 0.905000627040863, 0.912074089050293, 0.9255181550979614, 0.9432462453842163], "precision_th subgroup 1": [0.8255945444107056, 0.8552749752998352, 0.8720734119415283, 0.886454164981842, 0.893856942653656, 0.9007256031036377, 0.906862735748291, 0.9135468602180481, 0.9225669503211975, 0.9459026455879211], "precision_th subgroup 2": [0.4906795918941498, 0.6061120629310608, 0.6346038579940796, 0.6713104248046875, 0.696494460105896, 0.7461087107658386, 0.777603030204773, 0.7993295192718506, 0.8039513826370239, 1.0], "precision_th subgroup 3": [0.571785032749176, 0.6543799042701721, 0.672427773475647, 0.6959183812141418, 0.7174679040908813, 0.7421597838401794, 0.79368656873703, 0.8320386409759521, 0.9281167984008789, 0.9235364198684692], "recall": 0.9470005631446838, "recall race group 0": 0.9492473602294922, "recall race group 1": 0.899580717086792, "recall sex group 0": 0.9510399103164673, "recall sex group 1": 0.9417446255683899, "recall subgroup 0": 0.9533011317253113, "recall subgroup 1": 0.9437582492828369, "recall subgroup 2": 0.8746634721755981, "recall subgroup 3": 0.9135615825653076, "recall_th": [1.0, 0.9934291839599609, 0.9835899472236633, 0.9715377688407898, 0.9599671363830566, 0.9470005631446838, 0.9239954352378845, 0.8785346746444702, 0.7834888100624084, 0.52956622838974], "recall_th race group 0": [1.0, 0.994106113910675, 0.9844629764556885, 0.972328782081604, 0.9610249400138855, 0.9492473602294922, 0.9300782084465027, 0.8914698958396912, 0.802592933177948, 0.549410343170166], "recall_th race group 1": [1.0, 0.9791420102119446, 0.9651650190353394, 0.9548435807228088, 0.9376410841941833, 0.899580717086792, 0.7956133484840393, 0.6055262684822083, 0.3802816867828369, 0.1107407808303833], "recall_th sex group 0": [1.0, 0.9939014911651611, 0.9867106080055237, 0.9734383821487427, 0.9620757102966309, 0.9510399103164673, 0.9297510981559753, 0.8802921175956726, 0.7849696278572083, 0.5390166640281677], "recall_th sex group 1": [1.0, 0.9928146004676819, 0.9795295000076294, 0.9690647721290588, 0.9572234153747559, 0.9417446255683899, 0.9165062308311462, 0.8762479424476624, 0.7815619707107544, 0.5172695517539978], "recall_th subgroup 0": [1.0, 0.9948722720146179, 0.9877607226371765, 0.9749457836151123, 0.9638134837150574, 0.9533011317253113, 0.9353850483894348, 0.8915733098983765, 0.798839807510376, 0.5526989102363586], "recall_th subgroup 1": [1.0, 0.9930686950683594, 0.9799975752830505, 0.9687852263450623, 0.9572490453720093, 0.9437582492828369, 0.9228924512863159, 0.8913298845291138, 0.807674765586853, 0.5449573993682861],