{"accuracy": 0.8231250047683716, "accuracy race group 0": 0.8311547040939331, "accuracy race group 1": 0.7124711275100708, "accuracy sex group 0": 0.8248681426048279, "accuracy sex group 1": 0.8208795189857483, "accuracy subgroup 0": 0.8307602405548096, "accuracy subgroup 1": 0.8316890001296997, "auc": 0.7145861983299255, "auc race group 0": 0.6891935467720032, "auc race group 1": 0.7683801651000977, "auc sex group 0": 0.7074063420295715, "auc sex group 1": 0.7236751914024353, "auc subgroup 0": 0.6874064803123474, "auc subgroup 1": 0.6918202638626099, "aucpr": 0.9090331196784973, "fn": 261.0, "fn race group 0": 188.0, "fn race group 1": 73.0, "fn sex group 0": 133.0, "fn sex group 1": 128.0, "fn subgroup 0": 105.0, "fn subgroup 1": 83.0, "fn_th": [0.0, 0.0, 2.0, 28.0, 85.0, 261.0, 622.0, 1488.0, 3757.0, 7865.0], "fn_th race group 0": [0.0, 0.0, 0.0, 13.0, 53.0, 188.0, 483.0, 1266.0, 3392.0, 7411.0], "fn_th race group 1": [0.0, 0.0, 2.0, 15.0, 32.0, 73.0, 139.0, 222.0, 365.0, 454.0], "fn_th sex group 0": [0.0, 0.0, 2.0, 10.0, 42.0, 133.0, 329.0, 779.0, 2041.0, 4345.0], "fn_th sex group 1": [0.0, 0.0, 0.0, 18.0, 43.0, 128.0, 293.0, 709.0, 1716.0, 3520.0], "fn_th subgroup 0": [0.0, 0.0, 0.0, 5.0, 30.0, 105.0, 279.0, 694.0, 1905.0, 4178.0], "fn_th subgroup 1": [0.0, 0.0, 0.0, 8.0, 23.0, 83.0, 204.0, 572.0, 1487.0, 3233.0], "fnr": 0.02529805153608322, "fnr race group 0": 0.01909017004072666, "fnr race group 1": 0.1556503176689148, "fnr sex group 0": 0.02281695045530796, "fnr sex group 1": 0.028520498424768448, "fnr subgroup 0": 0.018551236018538475, "fnr subgroup 1": 0.01981852948665619, "fp": 2003.0, "fp race group 0": 1827.0, "fp race group 1": 176.0, "fp sex group 0": 1129.0, "fp sex group 1": 874.0, "fp subgroup 0": 1057.0, "fp subgroup 1": 770.0, "fp_th": [2483.0, 2465.0, 2425.0, 2329.0, 2158.0, 2003.0, 1751.0, 1400.0, 795.0, 142.0], "fp_th race group 0": [2086.0, 2079.0, 2068.0, 2024.0, 1929.0, 1827.0, 1636.0, 1338.0, 774.0, 142.0], "fp_th race group 1": [397.0, 386.0, 357.0, 305.0, 229.0, 176.0, 115.0, 62.0, 21.0, 0.0], "fp_th sex group 0": [1377.0, 1365.0, 1348.0, 1298.0, 1209.0, 1129.0, 1007.0, 804.0, 476.0, 93.0], "fp_th sex group 1": [1106.0, 1100.0, 1077.0, 1031.0, 949.0, 874.0, 744.0, 596.0, 319.0, 49.0], "fp_th subgroup 0": [1206.0, 1203.0, 1196.0, 1170.0, 1116.0, 1057.0, 952.0, 775.0, 463.0, 93.0], "fp_th subgroup 1": [880.0, 876.0, 872.0, 854.0, 813.0, 770.0, 684.0, 563.0, 311.0, 49.0], "fpr": 0.8066854476928711, "fpr race group 0": 0.8758389353752136, "fpr race group 1": 0.4433249235153198, "fpr sex group 0": 0.8198983073234558, "fpr sex group 1": 0.7902351021766663, "fpr subgroup 0": 0.8764510750770569, "fpr subgroup 1": 0.875, "loss": 0.43035274744033813, "precision": 0.833899974822998, "precision race group 0": 0.8409506678581238, "precision race group 1": 0.692307710647583, "precision sex group 0": 0.8345787525177002, "precision sex group 1": 0.8330149054527283, "precision subgroup 0": 0.8401391506195068, "precision subgroup 1": 0.8420512676239014, "precision_th": [0.8060156106948853, 0.807150661945343, 0.8096546530723572, 0.8154224157333374, 0.8258273005485535, 0.833899974822998, 0.8470208048820496, 0.8631342053413391, 0.8919102549552917, 0.9452582597732544], "precision_th race group 0": [0.8252052664756775, 0.8256896138191223, 0.82645183801651, 0.8293279409408569, 0.8354657292366028, 0.8409506678581238, 0.8512862324714661, 0.8651209473609924, 0.8929460644721985, 0.944939911365509], "precision_th race group 1": [0.5415704250335693, 0.5485380291938782, 0.5667475461959839, 0.5981554388999939, 0.6561561822891235, 0.692307710647583, 0.7415730357170105, 0.799352765083313, 0.8320000171661377, 1.0], "precision_th sex group 0": [0.8089092373847961, 0.8102585673332214, 0.8121254444122314, 0.817619800567627, 0.8271869421005249, 0.8345787525177002, 0.8452435731887817, 0.8626580238342285, 0.8883677124977112, 0.9410272836685181], "precision_th sex group 1": [0.8022881746292114, 0.8031495809555054, 0.8064690232276917, 0.8125795125961304, 0.824063777923584, 0.8330149054527283, 0.8493621945381165, 0.8637714385986328, 0.8967971801757812, 0.9518190622329712], "precision_th subgroup 0": [0.8243519067764282, 0.8247122168540955, 0.8255542516708374, 0.8285714387893677, 0.8345686197280884, 0.8401391506195068, 0.8496763110160828, 0.8650060892105103, 0.8902323246002197, 0.9409523606300354], "precision_th subgroup 1": [0.8263614773750305, 0.8270142078399658, 0.8276680111885071, 0.8303536176681519, 0.8366814255714417, 0.8420512676239014, 0.8534704446792603, 0.8652787804603577, 0.8967463374137878, 0.951195240020752], "recall": 0.9747019410133362, "recall race group 0": 0.9809098243713379, "recall race group 1": 0.8443496823310852, "recall sex group 0": 0.9771830439567566, "recall sex group 1": 0.9714794754981995, "recall subgroup 0": 0.981448769569397, "recall subgroup 1": 0.9801814556121826, "recall_th": [1.0, 1.0, 0.9998061656951904, 0.9972860217094421, 0.9917611479759216, 0.9747019410133362, 0.9397111535072327, 0.8557720184326172, 0.6358437538146973, 0.23766598105430603], "recall_th race group 0": [1.0, 1.0, 1.0, 0.9986799359321594, 0.9946181774139404, 0.9809098243713379, 0.9509544968605042, 0.8714459538459778, 0.6555646061897278, 0.24746140837669373], "recall_th race group 1": [1.0, 1.0, 0.9957355856895447, 0.968017041683197, 0.9317697286605835, 0.8443496823310852, 0.7036247253417969, 0.526652455329895, 0.22174839675426483, 0.031982943415641785], "recall_th sex group 0": [1.0, 1.0, 0.9996569156646729, 0.9982844591140747, 0.9927946329116821, 0.9771830439567566, 0.9435580968856812, 0.8663578629493713, 0.6498541831970215, 0.25458911061286926], "recall_th sex group 1": [1.0, 1.0, 1.0, 0.9959893226623535, 0.9904189109802246, 0.9714794754981995, 0.9347147941589355, 0.8420231938362122, 0.6176470518112183, 0.21568627655506134], "recall_th subgroup 0": [1.0, 1.0, 1.0, 0.9991165995597839, 0.9946996569633484, 0.981448769569397, 0.9507067203521729, 0.877385139465332, 0.6634275913238525, 0.2618374526500702], "recall_th subgroup 1": [1.0, 1.0, 1.0, 0.9980897903442383, 0.9945081472396851, 0.9801814556121826, 0.9512894153594971, 0.8634192943572998, 0.6449379324913025, 0.22803246974945068], "tn": 480.0, "tn race group 0": 259.0, "tn race group 1": 221.0, "tn sex group 0": 248.0, "tn sex group 1": 232.0, "tn subgroup 0": 149.0, "tn subgroup 1": 110.0, "tn_th": [0.0, 18.0, 58.0, 154.0, 325.0, 480.0, 732.0, 1083.0, 1688.0, 2341.0], "tn_th race group 0": [0.0, 7.0, 18.0, 62.0, 157.0, 259.0, 450.0, 748.0, 1312.0, 1944.0], "tn_th race group 1": [0.0, 11.0, 40.0, 92.0, 168.0, 221.0, 282.0, 335.0, 376.0, 397.0], "tn_th sex group 0": [0.0, 12.0, 29.0, 79.0, 168.0, 248.0, 370.0, 573.0, 901.0, 1284.0], "tn_th sex group 1": [0.0, 6.0, 29.0, 75.0, 157.0, 232.0, 362.0, 510.0, 787.0, 1057.0], "tn_th subgroup 0": [0.0, 3.0, 10.0, 36.0, 90.0, 149.0, 254.0, 431.0, 743.0, 1113.0], "tn_th subgroup 1": [0.0, 4.0, 8.0, 26.0, 67.0, 110.0, 196.0, 317.0, 569.0, 831.0], "tp": 10056.0, "tp race group 0": 9660.0, "tp race group 1": 396.0, "tp sex group 0": 5696.0, "tp sex group 1": 4360.0, "tp subgroup 0": 5555.0, "tp subgroup 1": 4105.0, "tp_th": [10317.0, 10317.0, 10315.0, 10289.0, 10232.0, 10056.0, 9695.0, 8829.0, 6560.0, 2452.0], "tp_th race group 0": [9848.0, 9848.0, 9848.0, 9835.0, 9795.0, 9660.0, 9365.0, 8582.0, 6456.0, 2437.0], "tp_th race group 1": [469.0, 469.0, 467.0, 454.0, 437.0, 396.0, 330.0, 247.0, 104.0, 15.0], "tp_th sex group 0": [5829.0, 5829.0, 5827.0, 5819.0, 5787.0, 5696.0, 5500.0, 5050.0, 3788.0, 1484.0], "tp_th sex group 1": [4488.0, 4488.0, 4488.0, 4470.0, 4445.0, 4360.0, 4195.0, 3779.0, 2772.0, 968.0], "tp_th subgroup 0": [5660.0, 5660.0, 5660.0, 5655.0, 5630.0, 5555.0, 5381.0, 4966.0, 3755.0, 1482.0], "tp_th subgroup 1": [4188.0, 4188.0, 4188.0, 4180.0, 4165.0, 4105.0, 3984.0, 3616.0, 2701.0, 955.0], "global_step": 102.0}