{"accuracy": 0.8278124928474426, "accuracy race group 0": 0.8345064520835876, "accuracy race group 1": 0.7355658411979675, "accuracy sex group 0": 0.8286150693893433, "accuracy sex group 1": 0.8267787098884583, "accuracy subgroup 0": 0.8336731791496277, "accuracy subgroup 1": 0.8356353640556335, "auc": 0.7151064276695251, "auc race group 0": 0.6901600956916809, "auc race group 1": 0.7694730162620544, "auc sex group 0": 0.7104237675666809, "auc sex group 1": 0.7214093804359436, "auc subgroup 0": 0.6911736130714417, "auc subgroup 1": 0.6892171502113342, "aucpr": 0.9072189331054688, "fn": 301.0, "fn race group 0": 229.0, "fn race group 1": 72.0, "fn sex group 0": 151.0, "fn sex group 1": 150.0, "fn subgroup 0": 127.0, "fn subgroup 1": 102.0, "fn_th": [0.0, 0.0, 0.0, 28.0, 97.0, 301.0, 763.0, 1723.0, 3852.0, 7932.0], "fn_th race group 0": [0.0, 0.0, 0.0, 14.0, 64.0, 229.0, 609.0, 1460.0, 3484.0, 7489.0], "fn_th race group 1": [0.0, 0.0, 0.0, 14.0, 33.0, 72.0, 154.0, 263.0, 368.0, 443.0], "fn_th sex group 0": [0.0, 0.0, 0.0, 13.0, 52.0, 151.0, 388.0, 910.0, 2068.0, 4358.0], "fn_th sex group 1": [0.0, 0.0, 0.0, 15.0, 45.0, 150.0, 375.0, 813.0, 1784.0, 3574.0], "fn_th subgroup 0": [0.0, 0.0, 0.0, 8.0, 38.0, 127.0, 335.0, 813.0, 1935.0, 4193.0], "fn_th subgroup 1": [0.0, 0.0, 0.0, 6.0, 26.0, 102.0, 274.0, 647.0, 1549.0, 3296.0], "fnr": 0.02917514741420746, "fnr race group 0": 0.02325345203280449, "fnr race group 1": 0.15351812541484833, "fnr sex group 0": 0.025904957205057144, "fnr sex group 1": 0.03342245891690254, "fnr subgroup 0": 0.022438162937760353, "fnr subgroup 1": 0.02435530163347721, "fp": 1903.0, "fp race group 0": 1746.0, "fp race group 1": 157.0, "fp sex group 0": 1084.0, "fp sex group 1": 819.0, "fp subgroup 0": 1015.0, "fp subgroup 1": 731.0, "fp_th": [2483.0, 2477.0, 2425.0, 2316.0, 2152.0, 1903.0, 1659.0, 1307.0, 798.0, 158.0], "fp_th race group 0": [2086.0, 2084.0, 2069.0, 2023.0, 1918.0, 1746.0, 1550.0, 1251.0, 770.0, 154.0], "fp_th race group 1": [397.0, 393.0, 356.0, 293.0, 234.0, 157.0, 109.0, 56.0, 28.0, 4.0], "fp_th sex group 0": [1377.0, 1375.0, 1343.0, 1287.0, 1201.0, 1084.0, 960.0, 763.0, 459.0, 104.0], "fp_th sex group 1": [1106.0, 1102.0, 1082.0, 1029.0, 951.0, 819.0, 699.0, 544.0, 339.0, 54.0], "fp_th subgroup 0": [1206.0, 1206.0, 1193.0, 1165.0, 1108.0, 1015.0, 910.0, 733.0, 445.0, 102.0], "fp_th subgroup 1": [880.0, 878.0, 876.0, 858.0, 810.0, 731.0, 640.0, 518.0, 325.0, 52.0], "fpr": 0.7664116024971008, "fpr race group 0": 0.8370086550712585, "fpr race group 1": 0.39546599984169006, "fpr sex group 0": 0.7872185707092285, "fpr sex group 1": 0.7405063509941101, "fpr subgroup 0": 0.8416252136230469, "fpr subgroup 1": 0.8306818008422852, "loss": 0.43187958002090454, "precision": 0.840338945388794, "precision race group 0": 0.8463704586029053, "precision race group 1": 0.7166064977645874, "precision sex group 0": 0.8396924138069153, "precision sex group 1": 0.8411867618560791, "precision subgroup 0": 0.8449908494949341, "precision subgroup 1": 0.8482457995414734, "precision_th": [0.8060156106948853, 0.8063936233520508, 0.8096845149993896, 0.8162633776664734, 0.8260588645935059, 0.840338945388794, 0.8520467281341553, 0.8679931163787842, 0.8901280164718628, 0.9378686547279358], "precision_th race group 0": [0.8252052664756775, 0.8253436088562012, 0.8263824582099915, 0.8293834924697876, 0.8360964059829712, 0.8463704586029053, 0.8563351631164551, 0.8702147603034973, 0.8920661807060242, 0.9387186765670776], "precision_th race group 1": [0.5415704250335693, 0.5440835356712341, 0.5684848427772522, 0.6082887649536133, 0.6507462859153748, 0.7166064977645874, 0.7429245114326477, 0.7862595319747925, 0.7829457521438599, 0.8666666746139526], "precision_th sex group 0": [0.8089092373847961, 0.8091338276863098, 0.8127440214157104, 0.8188089728355408, 0.8278876543045044, 0.8396924138069153, 0.8500234484672546, 0.865716278553009, 0.8912322521209717, 0.9339682459831238], "precision_th sex group 1": [0.8022881746292114, 0.8028622269630432, 0.8057450652122498, 0.8129770755767822, 0.8236929774284363, 0.8411867618560791, 0.854738175868988, 0.8710594773292542, 0.888596773147583, 0.9442148804664612], "precision_th subgroup 0": [0.8243519067764282, 0.8243519067764282, 0.8259156346321106, 0.8291037082672119, 0.835364043712616, 0.8449908494949341, 0.8540497422218323, 0.8686379790306091, 0.8932853937149048, 0.9349904656410217], "precision_th subgroup 1": [0.8263614773750305, 0.8266876935958862, 0.8270142078399658, 0.8297619223594666, 0.8370876908302307, 0.8482457995414734, 0.8594642281532288, 0.8723823428153992, 0.890350878238678, 0.944915235042572], "recall": 0.9708248376846313, "recall race group 0": 0.9767465591430664, "recall race group 1": 0.8464818596839905, "recall sex group 0": 0.9740950465202332, "recall sex group 1": 0.9665775299072266, "recall subgroup 0": 0.9775618314743042, "recall subgroup 1": 0.9756447076797485, "recall_th": [1.0, 1.0, 1.0, 0.9972860217094421, 0.9905980229377747, 0.9708248376846313, 0.9260444045066833, 0.8329941034317017, 0.6266356706619263, 0.2311718463897705], "recall_th race group 0": [1.0, 1.0, 1.0, 0.9985783696174622, 0.9935012459754944, 0.9767465591430664, 0.9381600618362427, 0.8517465591430664, 0.6462225914001465, 0.23954102396965027], "recall_th race group 1": [1.0, 1.0, 1.0, 0.9701492786407471, 0.9296375513076782, 0.8464818596839905, 0.6716417670249939, 0.43923240900039673, 0.21535180509090424, 0.05543709918856621], "recall_th sex group 0": [1.0, 1.0, 1.0, 0.9977697730064392, 0.9910790920257568, 0.9740950465202332, 0.9334362745285034, 0.8438840508460999, 0.6452221870422363, 0.25235888361930847], "recall_th sex group 1": [1.0, 1.0, 1.0, 0.9966577291488647, 0.989973247051239, 0.9665775299072266, 0.9164438247680664, 0.8188502788543701, 0.602495551109314, 0.2036541849374771], "recall_th subgroup 0": [1.0, 1.0, 1.0, 0.9985865950584412, 0.9932861924171448, 0.9775618314743042, 0.9408127069473267, 0.8563604354858398, 0.6581271886825562, 0.2591872811317444], "recall_th subgroup 1": [1.0, 1.0, 1.0, 0.9985673427581787, 0.9937917590141296, 0.9756447076797485, 0.9345749616622925, 0.8455109596252441, 0.6301336884498596, 0.21298949420452118], "tn": 580.0, "tn race group 0": 340.0, "tn race group 1": 240.0, "tn sex group 0": 293.0, "tn sex group 1": 287.0, "tn subgroup 0": 191.0, "tn subgroup 1": 149.0, "tn_th": [0.0, 6.0, 58.0, 167.0, 331.0, 580.0, 824.0, 1176.0, 1685.0, 2325.0], "tn_th race group 0": [0.0, 2.0, 17.0, 63.0, 168.0, 340.0, 536.0, 835.0, 1316.0, 1932.0], "tn_th race group 1": [0.0, 4.0, 41.0, 104.0, 163.0, 240.0, 288.0, 341.0, 369.0, 393.0], "tn_th sex group 0": [0.0, 2.0, 34.0, 90.0, 176.0, 293.0, 417.0, 614.0, 918.0, 1273.0], "tn_th sex group 1": [0.0, 4.0, 24.0, 77.0, 155.0, 287.0, 407.0, 562.0, 767.0, 1052.0], "tn_th subgroup 0": [0.0, 0.0, 13.0, 41.0, 98.0, 191.0, 296.0, 473.0, 761.0, 1104.0], "tn_th subgroup 1": [0.0, 2.0, 4.0, 22.0, 70.0, 149.0, 240.0, 362.0, 555.0, 828.0], "tp": 10016.0, "tp race group 0": 9619.0, "tp race group 1": 397.0, "tp sex group 0": 5678.0, "tp sex group 1": 4338.0, "tp subgroup 0": 5533.0, "tp subgroup 1": 4086.0, "tp_th": [10317.0, 10317.0, 10317.0, 10289.0, 10220.0, 10016.0, 9554.0, 8594.0, 6465.0, 2385.0], "tp_th race group 0": [9848.0, 9848.0, 9848.0, 9834.0, 9784.0, 9619.0, 9239.0, 8388.0, 6364.0, 2359.0], "tp_th race group 1": [469.0, 469.0, 469.0, 455.0, 436.0, 397.0, 315.0, 206.0, 101.0, 26.0], "tp_th sex group 0": [5829.0, 5829.0, 5829.0, 5816.0, 5777.0, 5678.0, 5441.0, 4919.0, 3761.0, 1471.0], "tp_th sex group 1": [4488.0, 4488.0, 4488.0, 4473.0, 4443.0, 4338.0, 4113.0, 3675.0, 2704.0, 914.0], "tp_th subgroup 0": [5660.0, 5660.0, 5660.0, 5652.0, 5622.0, 5533.0, 5325.0, 4847.0, 3725.0, 1467.0], "tp_th subgroup 1": [4188.0, 4188.0, 4188.0, 4182.0, 4162.0, 4086.0, 3914.0, 3541.0, 2639.0, 892.0], "global_step": 102.0}