{"accuracy": 0.8620468974113464, "accuracy race group 0": 0.86783766746521, "accuracy race group 1": 0.7818139791488647, "accuracy sex group 0": 0.8664075136184692, "accuracy sex group 1": 0.8563889861106873, "accuracy subgroup 0": 0.8703116178512573, "accuracy subgroup 1": 0.8644635081291199, "accuracy subgroup 2": 0.7874651551246643, "accuracy subgroup 3": 0.7781190276145935, "auc": 0.8191260695457458, "auc race group 0": 0.8050015568733215, "auc race group 1": 0.845865786075592, "auc sex group 0": 0.8239855766296387, "auc sex group 1": 0.8127648830413818, "auc subgroup 0": 0.8118495941162109, "auc subgroup 1": 0.7953697443008423, "auc subgroup 2": 0.8474724888801575, "auc subgroup 3": 0.8427495956420898, "aucpr": 0.9341962933540344, "fn": 12892.0, "fn race group 0": 11667.0, "fn race group 1": 1225.0, "fn sex group 0": 7038.0, "fn sex group 1": 5854.0, "fn subgroup 0": 6425.0, "fn subgroup 1": 5242.0, "fn subgroup 2": 613.0, "fn subgroup 3": 612.0, "fn_th": [0.0, 1059.0, 3563.0, 5722.0, 8870.0, 12892.0, 18517.0, 28164.0, 44615.0, 96359.0], "fn_th race group 0": [0.0, 929.0, 3304.0, 5366.0, 8031.0, 11667.0, 16487.0, 24494.0, 39109.0, 88151.0], "fn_th race group 1": [0.0, 130.0, 259.0, 356.0, 839.0, 1225.0, 2030.0, 3670.0, 5506.0, 8208.0], "fn_th sex group 0": [0.0, 418.0, 1831.0, 2894.0, 4659.0, 7038.0, 9869.0, 15462.0, 25068.0, 53752.0], "fn_th sex group 1": [0.0, 641.0, 1732.0, 2828.0, 4211.0, 5854.0, 8648.0, 12702.0, 19547.0, 42607.0], "fn_th subgroup 0": [0.0, 320.0, 1701.0, 2731.0, 4303.0, 6425.0, 8869.0, 13885.0, 22880.0, 50730.0], "fn_th subgroup 1": [0.0, 609.0, 1603.0, 2635.0, 3728.0, 5242.0, 7618.0, 10609.0, 16229.0, 37421.0], "fn_th subgroup 2": [0.0, 98.0, 130.0, 163.0, 356.0, 613.0, 1000.0, 1577.0, 2188.0, 3022.0], "fn_th subgroup 3": [0.0, 32.0, 129.0, 193.0, 483.0, 612.0, 1030.0, 2093.0, 3318.0, 5186.0], "fnr": 0.06270244717597961, "fnr race group 0": 0.05943302437663078, "fnr race group 1": 0.13170626759529114, "fnr sex group 0": 0.06053777039051056, "fnr sex group 1": 0.06551909446716309, "fnr subgroup 0": 0.05690120905637741, "fnr subgroup 1": 0.06286125630140305, "fnr subgroup 2": 0.1833682358264923, "fnr subgroup 3": 0.1027190312743187, "fp": 22424.0, "fp race group 0": 19889.0, "fp race group 1": 2535.0, "fp sex group 0": 12276.0, "fp sex group 1": 10148.0, "fp subgroup 0": 11441.0, "fp subgroup 1": 8448.0, "fp subgroup 2": 835.0, "fp subgroup 3": 1700.0, "fp_th": [50394.0, 40107.0, 32521.0, 27795.0, 24865.0, 22424.0, 20081.0, 17190.0, 13494.0, 6930.0], "fp_th race group 0": [42462.0, 34616.0, 27834.0, 23784.0, 21721.0, 19889.0, 18252.0, 16098.0, 13012.0, 6738.0], "fp_th race group 1": [7932.0, 5491.0, 4687.0, 4011.0, 3144.0, 2535.0, 1829.0, 1092.0, 482.0, 192.0], "fp_th sex group 0": [28316.0, 22437.0, 17776.0, 15202.0, 13495.0, 12276.0, 11090.0, 9675.0, 7647.0, 3786.0], "fp_th sex group 1": [22078.0, 17670.0, 14745.0, 12593.0, 11370.0, 10148.0, 8991.0, 7515.0, 5847.0, 3144.0], "fp_th subgroup 0": [24846.0, 20187.0, 15912.0, 13726.0, 12468.0, 11441.0, 10511.0, 9288.0, 7421.0, 3754.0], "fp_th subgroup 1": [17616.0, 14429.0, 11922.0, 10058.0, 9253.0, 8448.0, 7741.0, 6810.0, 5591.0, 2984.0], "fp_th subgroup 2": [3470.0, 2250.0, 1864.0, 1476.0, 1027.0, 835.0, 579.0, 387.0, 226.0, 32.0], "fp_th subgroup 3": [4462.0, 3241.0, 2823.0, 2535.0, 2117.0, 1700.0, 1250.0, 705.0, 256.0, 160.0], "fpr": 0.4449736177921295, "fpr race group 0": 0.46839526295661926, "fpr race group 1": 0.3195915222167969, "fpr sex group 0": 0.4335358142852783, "fpr sex group 1": 0.45964309573173523, "fpr subgroup 0": 0.4604765474796295, "fpr subgroup 1": 0.47956404089927673, "fpr subgroup 2": 0.2406340092420578, "fpr subgroup 3": 0.3809950649738312, "loss": 0.8677783012390137, "precision": 0.8957692384719849, "precision race group 0": 0.9027560949325562, "precision race group 1": 0.7610969543457031, "precision sex group 0": 0.8989596366882324, "precision sex group 1": 0.8916298151016235, "precision subgroup 0": 0.9029856324195862, "precision subgroup 1": 0.902443528175354, "precision subgroup 2": 0.7657784223556519, "precision subgroup 3": 0.7587283849716187, "precision_th": [0.8031484484672546, 0.8360664248466492, 0.8613555431365967, 0.8779202103614807, 0.8877938389778137, 0.8957692384719849, 0.9030699133872986, 0.9116795063018799, 0.9226638674736023, 0.9403496384620667], "precision_th race group 0": [0.8221613764762878, 0.8494904041290283, 0.8739601969718933, 0.8892340660095215, 0.8965641856193542, 0.9027560949325562, 0.9078507423400879, 0.9143308997154236, 0.9235523343086243, 0.9413536190986633], "precision_th race group 1": [0.5397202968597412, 0.6254944801330566, 0.6586058735847473, 0.6904137134552002, 0.7291056513786316, 0.7610969543457031, 0.7990109920501709, 0.8375725150108337, 0.8873041868209839, 0.8505836725234985], "precision_th sex group 0": [0.8041418194770813, 0.8377387523651123, 0.865540087223053, 0.8817572593688965, 0.8921211361885071, 0.8989596366882324, 0.9056001305580139, 0.9124204516410828, 0.9226301908493042, 0.9428890347480774], "precision_th sex group 1": [0.8018595576286316, 0.8338926434516907, 0.8559510111808777, 0.8729429841041565, 0.8821846842765808, 0.8916298151016235, 0.8997558355331421, 0.9107068777084351, 0.9227077960968018, 0.9369750618934631], "precision_th subgroup 0": [0.8196441531181335, 0.8479688763618469, 0.8748328685760498, 0.8892260789871216, 0.897026777267456, 0.9029856324195862, 0.9082465767860413, 0.9142524600028992, 0.923852801322937, 0.9430685639381409], "precision_th subgroup 1": [0.8255945444107056, 0.8515687584877014, 0.8727763891220093, 0.8892449140548706, 0.8959343433380127, 0.902443528175354, 0.9073078632354736, 0.9144375324249268, 0.9231498837471008, 0.9390435814857483], "precision_th subgroup 2": [0.4906795918941498, 0.5905368328094482, 0.6328540444374084, 0.6829897165298462, 0.7441455125808716, 0.7657784223556519, 0.8018480539321899, 0.8202508091926575, 0.8363504409790039, 0.9093484282493591], "precision_th subgroup 3": [0.571785032749176, 0.6464492082595825, 0.6737170815467834, 0.6945782899856567, 0.7211538553237915, 0.7587283849716187, 0.7976691722869873, 0.8457330465316772, 0.9116021990776062, 0.8283261656761169], "recall": 0.937297523021698, "recall race group 0": 0.9405669569969177, "recall race group 1": 0.8682937026023865, "recall sex group 0": 0.9394622445106506, "recall sex group 1": 0.9344809055328369, "recall subgroup 0": 0.943098783493042, "recall subgroup 1": 0.9371387362480164, "recall subgroup 2": 0.8166317939758301, "recall subgroup 3": 0.8972809910774231, "recall_th": [1.0, 0.9948493838310242, 0.9826707243919373, 0.9721700549125671, 0.9568592309951782, 0.937297523021698, 0.9099394083023071, 0.863019585609436, 0.7830073237419128, 0.5313414931297302], "recall_th race group 0": [1.0, 0.9952675700187683, 0.9831690192222595, 0.972665011882782, 0.9590891599655151, 0.9405669569969177, 0.9160133600234985, 0.875224769115448, 0.8007742762565613, 0.5509487986564636], "recall_th race group 1": [1.0, 0.9860230088233948, 0.9721535444259644, 0.9617245197296143, 0.9097946286201477, 0.8682937026023865, 0.7817438840866089, 0.6054188013076782, 0.40802064538002014, 0.1175142452120781], "recall_th sex group 0": [1.0, 0.9964045286178589, 0.984250545501709, 0.9751070737838745, 0.9599253535270691, 0.9394622445106506, 0.915111243724823, 0.8670027256011963, 0.7843761444091797, 0.5376490354537964], "recall_th sex group 1": [1.0, 0.9928258061408997, 0.9806151390075684, 0.968348503112793, 0.9528696537017822, 0.9344809055328369, 0.903209924697876, 0.8578367829322815, 0.7812262177467346, 0.5231342911720276], "recall_th subgroup 0": [1.0, 0.9971660375595093, 0.9849355816841125, 0.9758136868476868, 0.9618917107582092, 0.943098783493042, 0.9214541912078857, 0.8770313858985901, 0.7973697185516357, 0.5507239699363708], "recall_th subgroup 1": [1.0, 0.9926969408988953, 0.9807770848274231, 0.9684014916419983, 0.9552943706512451, 0.9371387362480164, 0.9086461067199707, 0.8727785348892212, 0.8053843379020691, 0.5512531399726868],