{"accuracy": 0.8659453392028809, "accuracy race group 0": 0.8724070191383362, "accuracy race group 1": 0.7764173150062561, "accuracy sex group 0": 0.8721692562103271, "accuracy sex group 1": 0.8578698039054871, "accuracy subgroup 0": 0.8768156170845032, "accuracy subgroup 1": 0.8663941025733948, "accuracy subgroup 2": 0.7782180905342102, "accuracy subgroup 3": 0.7752399444580078, "auc": 0.8196206092834473, "auc race group 0": 0.8055276274681091, "auc race group 1": 0.8377050161361694, "auc sex group 0": 0.8219699263572693, "auc sex group 1": 0.8164490461349487, "auc subgroup 0": 0.8098346590995789, "auc subgroup 1": 0.799406886100769, "auc subgroup 2": 0.8358631134033203, "auc subgroup 3": 0.8360928297042847, "aucpr": 0.941304087638855, "fn": 10673.0, "fn race group 0": 9771.0, "fn race group 1": 902.0, "fn sex group 0": 5625.0, "fn sex group 1": 5048.0, "fn subgroup 0": 5173.0, "fn subgroup 1": 4598.0, "fn subgroup 2": 452.0, "fn subgroup 3": 450.0, "fn_th": [0.0, 1189.0, 3085.0, 5596.0, 8297.0, 10673.0, 14562.0, 22694.0, 38955.0, 88298.0], "fn_th race group 0": [0.0, 1060.0, 2825.0, 5239.0, 7619.0, 9771.0, 13078.0, 19763.0, 33835.0, 79963.0], "fn_th race group 1": [0.0, 129.0, 260.0, 357.0, 678.0, 902.0, 1484.0, 2931.0, 5120.0, 8335.0], "fn_th sex group 0": [0.0, 548.0, 1609.0, 2992.0, 4374.0, 5625.0, 7647.0, 12760.0, 21856.0, 49357.0], "fn_th sex group 1": [0.0, 641.0, 1476.0, 2604.0, 3923.0, 5048.0, 6915.0, 9934.0, 17099.0, 38941.0], "fn_th subgroup 0": [0.0, 451.0, 1414.0, 2732.0, 4018.0, 5173.0, 6970.0, 11375.0, 19925.0, 46239.0], "fn_th subgroup 1": [0.0, 609.0, 1411.0, 2507.0, 3601.0, 4598.0, 6108.0, 8388.0, 13910.0, 33724.0], "fn_th subgroup 2": [0.0, 97.0, 195.0, 260.0, 356.0, 452.0, 677.0, 1385.0, 1931.0, 3118.0], "fn_th subgroup 3": [0.0, 32.0, 65.0, 97.0, 322.0, 450.0, 807.0, 1546.0, 3189.0, 5217.0], "fnr": 0.05190996453166008, "fnr race group 0": 0.04977458715438843, "fnr race group 1": 0.0969788208603859, "fnr sex group 0": 0.048383768647909164, "fnr sex group 1": 0.05649818852543831, "fnr subgroup 0": 0.045813221484422684, "fnr subgroup 1": 0.05513850599527359, "fnr subgroup 2": 0.1352078914642334, "fnr subgroup 3": 0.07552870362997055, "fp": 23645.0, "fp race group 0": 20694.0, "fp race group 1": 2951.0, "fp sex group 0": 12856.0, "fp sex group 1": 10789.0, "fp subgroup 0": 11797.0, "fp subgroup 1": 8897.0, "fp subgroup 2": 1059.0, "fp subgroup 3": 1892.0, "fp_th": [50394.0, 38471.0, 33591.0, 28989.0, 26091.0, 23645.0, 21717.0, 18343.0, 14584.0, 7322.0], "fp_th race group 0": [42462.0, 33271.0, 29000.0, 24752.0, 22433.0, 20694.0, 19376.0, 16964.0, 13814.0, 7258.0], "fp_th race group 1": [7932.0, 5200.0, 4591.0, 4237.0, 3658.0, 2951.0, 2341.0, 1379.0, 770.0, 64.0], "fp_th sex group 0": [28316.0, 21215.0, 18328.0, 15913.0, 14303.0, 12856.0, 11859.0, 10218.0, 8161.0, 4176.0], "fp_th sex group 1": [22078.0, 17256.0, 15263.0, 13076.0, 11788.0, 10789.0, 9858.0, 8125.0, 6423.0, 3146.0], "fp_th subgroup 0": [24846.0, 19159.0, 16529.0, 14242.0, 12954.0, 11797.0, 11088.0, 9671.0, 7871.0, 4176.0], "fp_th subgroup 1": [17616.0, 14112.0, 12471.0, 10510.0, 9479.0, 8897.0, 8288.0, 7293.0, 5943.0, 3082.0], "fp_th subgroup 2": [3470.0, 2056.0, 1799.0, 1671.0, 1349.0, 1059.0, 771.0, 547.0, 290.0, 0.0], "fp_th subgroup 3": [4462.0, 3144.0, 2792.0, 2566.0, 2309.0, 1892.0, 1570.0, 832.0, 480.0, 64.0], "fpr": 0.4692026972770691, "fpr race group 0": 0.4873533844947815, "fpr race group 1": 0.3720373213291168, "fpr sex group 0": 0.4540189206600189, "fpr sex group 1": 0.488676518201828, "fpr subgroup 0": 0.4748047888278961, "fpr subgroup 1": 0.5050522089004517, "fpr subgroup 2": 0.30518731474876404, "fpr subgroup 3": 0.4240250885486603, "loss": 0.789133608341217, "precision": 0.8918235301971436, "precision race group 0": 0.9001389741897583, "precision race group 1": 0.7400000095367432, "precision sex group 0": 0.8958935737609863, "precision sex group 1": 0.8865378499031067, "precision subgroup 0": 0.901312530040741, "precision subgroup 1": 0.898539125919342, "precision subgroup 2": 0.7318987250328064, "precision subgroup 3": 0.7443243265151978, "precision_th": [0.8031484484672546, 0.8416101336479187, 0.8577327728271484, 0.8734099268913269, 0.8832094669342041, 0.8918235301971436, 0.8979277014732361, 0.9088569283485413, 0.919529914855957, 0.9412500858306885], "precision_th race group 0": [0.8221613764762878, 0.854404091835022, 0.869651198387146, 0.8853107690811157, 0.8937423825263977, 0.9001389741897583, 0.9043647050857544, 0.9123334884643555, 0.9216378331184387, 0.941278338432312], "precision_th race group 1": [0.5397202968597412, 0.6381853818893433, 0.6632189154624939, 0.6785524487495422, 0.702141523361206, 0.7400000095367432, 0.7695412635803223, 0.8220415711402893, 0.8444758653640747, 0.9378640651702881], "precision_th sex group 0": [0.8041418194770813, 0.845061182975769, 0.8621716499328613, 0.8768143653869629, 0.8866523504257202, 0.8958935737609863, 0.9015605449676514, 0.910144567489624, 0.9204294085502625, 0.9412468075752258], "precision_th sex group 1": [0.8018595576286316, 0.8371506929397583, 0.8520094752311707, 0.8690041899681091, 0.8787404894828796, 0.8865378499031067, 0.8931856751441956, 0.9071842432022095, 0.918357253074646, 0.9412544369697571], "precision_th subgroup 0": [0.8196441531181335, 0.8544403314590454, 0.8708974719047546, 0.8855374455451965, 0.8936898112297058, 0.901312530040741, 0.9052574634552002, 0.9130392074584961, 0.9219619035720825, 0.9410602450370789], "precision_th subgroup 1": [0.8255945444107056, 0.8543547987937927, 0.8679618835449219, 0.8850021362304688, 0.8938141465187073, 0.898539125919342, 0.9031436443328857, 0.9113798141479492, 0.9212043881416321, 0.9415712356567383], "precision_th subgroup 2": [0.4906795918941498, 0.6122217774391174, 0.6363452672958374, 0.6485065221786499, 0.6888837814331055, 0.7318987250328064, 0.7756764888763428, 0.7816367149353027, 0.8296121954917908, 1.0], "precision_th subgroup 3": [0.571785032749176, 0.6533627510070801, 0.6785262227058411, 0.6955025792121887, 0.7093769907951355, 0.7443243265151978, 0.7664037942886353, 0.8413425087928772, 0.8522622585296631, 0.9204968810081482], "recall": 0.9480900168418884, "recall race group 0": 0.9502254128456116, "recall race group 1": 0.9030211567878723, "recall sex group 0": 0.9516162276268005, "recall sex group 1": 0.9435018301010132, "recall subgroup 0": 0.9541867971420288, "recall subgroup 1": 0.9448614716529846, "recall subgroup 2": 0.8647921085357666, "recall subgroup 3": 0.9244713187217712, "recall_th": [1.0, 0.9942170977592468, 0.9849956035614014, 0.9727829098701477, 0.9596461057662964, 0.9480900168418884, 0.9291751980781555, 0.8896238207817078, 0.8105356693267822, 0.5705475807189941], "recall_th race group 0": [1.0, 0.994600236415863, 0.9856091141700745, 0.9733119606971741, 0.9611879587173462, 0.9502254128456116, 0.9333791732788086, 0.8993250131607056, 0.8276406526565552, 0.5926593542098999], "recall_th race group 1": [1.0, 0.9861305356025696, 0.9720460176467896, 0.9616170525550842, 0.9271045923233032, 0.9030211567878723, 0.8404472470283508, 0.684872567653656, 0.44952157139778137, 0.1038597971200943], "recall_th sex group 0": [1.0, 0.9952863454818726, 0.9861600995063782, 0.9742641448974609, 0.9623767733573914, 0.9516162276268005, 0.9342238903045654, 0.8902441263198853, 0.8120043277740479, 0.5754528641700745], "recall_th sex group 1": [1.0, 0.9928258061408997, 0.9834803342819214, 0.9708555340766907, 0.9560930132865906, 0.9435018301010132, 0.9226059913635254, 0.888816773891449, 0.8086246848106384, 0.5641648173332214], "recall_th subgroup 0": [1.0, 0.9960058331489563, 0.9874773025512695, 0.9758048057556152, 0.9644157290458679, 0.9541867971420288, 0.9382721781730652, 0.8992605209350586, 0.8235398530960083, 0.5904972553253174], "recall_th subgroup 1": [1.0, 0.9926969408988953, 0.9830794930458069, 0.9699364304542542, 0.9568173885345459, 0.9448614716529846, 0.9267538189888, 0.8994123935699463, 0.8331934213638306, 0.5955870151519775],