{"accuracy": 0.8245312571525574, "accuracy race group 0": 0.8335009217262268, "accuracy race group 1": 0.7009238004684448, "accuracy sex group 0": 0.8259783387184143, "accuracy sex group 1": 0.822667121887207, "accuracy subgroup 0": 0.8323623538017273, "accuracy subgroup 1": 0.8350434303283691, "auc": 0.7065346240997314, "auc race group 0": 0.6803285479545593, "auc race group 1": 0.7486989498138428, "auc sex group 0": 0.701239287853241, "auc sex group 1": 0.7135282158851624, "auc subgroup 0": 0.681863009929657, "auc subgroup 1": 0.6785333752632141, "aucpr": 0.9048877358436584, "fn": 253.0, "fn race group 0": 166.0, "fn race group 1": 87.0, "fn sex group 0": 116.0, "fn sex group 1": 137.0, "fn subgroup 0": 89.0, "fn subgroup 1": 77.0, "fn_th": [0.0, 0.0, 0.0, 16.0, 81.0, 253.0, 648.0, 1503.0, 3774.0, 7926.0], "fn_th race group 0": [0.0, 0.0, 0.0, 6.0, 46.0, 166.0, 480.0, 1231.0, 3404.0, 7478.0], "fn_th race group 1": [0.0, 0.0, 0.0, 10.0, 35.0, 87.0, 168.0, 272.0, 370.0, 448.0], "fn_th sex group 0": [0.0, 0.0, 0.0, 6.0, 32.0, 116.0, 317.0, 785.0, 2055.0, 4385.0], "fn_th sex group 1": [0.0, 0.0, 0.0, 10.0, 49.0, 137.0, 331.0, 718.0, 1719.0, 3541.0], "fn_th subgroup 0": [0.0, 0.0, 0.0, 0.0, 21.0, 89.0, 256.0, 682.0, 1920.0, 4218.0], "fn_th subgroup 1": [0.0, 0.0, 0.0, 6.0, 25.0, 77.0, 224.0, 549.0, 1484.0, 3260.0], "fnr": 0.024522632360458374, "fnr race group 0": 0.01685621403157711, "fnr race group 1": 0.1855010688304901, "fnr sex group 0": 0.019900497049093246, "fnr sex group 1": 0.030525846406817436, "fnr subgroup 0": 0.015724381431937218, "fnr subgroup 1": 0.018385864794254303, "fp": 1993.0, "fp race group 0": 1821.0, "fp race group 1": 172.0, "fp sex group 0": 1138.0, "fp sex group 1": 855.0, "fp subgroup 0": 1062.0, "fp subgroup 1": 759.0, "fp_th": [2483.0, 2481.0, 2443.0, 2358.0, 2172.0, 1993.0, 1744.0, 1386.0, 814.0, 154.0], "fp_th race group 0": [2086.0, 2084.0, 2070.0, 2044.0, 1948.0, 1821.0, 1642.0, 1333.0, 792.0, 154.0], "fp_th race group 1": [397.0, 397.0, 373.0, 314.0, 224.0, 172.0, 102.0, 53.0, 22.0, 0.0], "fp_th sex group 0": [1377.0, 1377.0, 1352.0, 1314.0, 1234.0, 1138.0, 1011.0, 810.0, 472.0, 96.0], "fp_th sex group 1": [1106.0, 1104.0, 1091.0, 1044.0, 938.0, 855.0, 733.0, 576.0, 342.0, 58.0], "fp_th subgroup 0": [1206.0, 1206.0, 1198.0, 1177.0, 1130.0, 1062.0, 958.0, 783.0, 460.0, 96.0], "fp_th subgroup 1": [880.0, 878.0, 872.0, 867.0, 818.0, 759.0, 684.0, 550.0, 332.0, 58.0], "fpr": 0.8026580810546875, "fpr race group 0": 0.8729625940322876, "fpr race group 1": 0.4332493841648102, "fpr sex group 0": 0.8264342546463013, "fpr sex group 1": 0.7730560302734375, "fpr subgroup 0": 0.8805969953536987, "fpr subgroup 1": 0.862500011920929, "loss": 0.43365249037742615, "precision": 0.8347018361091614, "precision race group 0": 0.8416934609413147, "precision race group 1": 0.6895306706428528, "precision sex group 0": 0.8338928818702698, "precision sex group 1": 0.8357664346694946, "precision subgroup 0": 0.8398914337158203, "precision subgroup 1": 0.8441478610038757, "precision_th": [0.8060156106948853, 0.8061415553092957, 0.8085423111915588, 0.8137293457984924, 0.8249516487121582, 0.8347018361091614, 0.8471918106079102, 0.8641176223754883, 0.8893570899963379, 0.9394891858100891], "precision_th race group 0": [0.8252052664756775, 0.8253436088562012, 0.8263131380081177, 0.8280329704284668, 0.8342127799987793, 0.8416934609413147, 0.8508628606796265, 0.8660301566123962, 0.8905472755432129, 0.9389857649803162], "precision_th race group 1": [0.5415704250335693, 0.5415704250335693, 0.5570071339607239, 0.5937904119491577, 0.6595744490623474, 0.6895306706428528, 0.7468982338905334, 0.7879999876022339, 0.8181818127632141, 1.0], "precision_th sex group 0": [0.8089092373847961, 0.8089092373847961, 0.811725378036499, 0.8158890008926392, 0.824491560459137, 0.8338928818702698, 0.845009982585907, 0.8616330623626709, 0.8888365626335144, 0.9376623630523682], "precision_th sex group 1": [0.8022881746292114, 0.8025751113891602, 0.8044452667236328, 0.8109380602836609, 0.825553297996521, 0.8357664346694946, 0.8501022458076477, 0.8674643635749817, 0.8900675177574158, 0.9422885775566101], "precision_th subgroup 0": [0.8243519067764282, 0.8243519067764282, 0.8253135085105896, 0.827848494052887, 0.833062469959259, 0.8398914337158203, 0.8494184017181396, 0.8640860915184021, 0.8904761672019958, 0.9375813007354736], "precision_th subgroup 1": [0.8263614773750305, 0.8266876935958862, 0.8276680111885071, 0.8282828330993652, 0.8357759714126587, 0.8441478610038757, 0.8528399467468262, 0.8687037229537964, 0.8906455636024475, 0.9411764740943909], "recall": 0.9754773378372192, "recall race group 0": 0.9831438064575195, "recall race group 1": 0.8144989609718323, "recall sex group 0": 0.9800994992256165, "recall sex group 1": 0.9694741368293762, "recall subgroup 0": 0.9842756390571594, "recall subgroup 1": 0.9816141128540039, "recall_th": [1.0, 1.0, 1.0, 0.9984491467475891, 0.9921488761901855, 0.9754773378372192, 0.9371910691261292, 0.8543181419372559, 0.6341959834098816, 0.2317534238100052], "recall_th race group 0": [1.0, 1.0, 1.0, 0.999390721321106, 0.9953290224075317, 0.9831438064575195, 0.9512591361999512, 0.875, 0.6543460488319397, 0.2406580001115799], "recall_th race group 1": [1.0, 1.0, 1.0, 0.9786780476570129, 0.9253731369972229, 0.8144989609718323, 0.641791045665741, 0.42004263401031494, 0.2110874205827713, 0.04477611929178238], "recall_th sex group 0": [1.0, 1.0, 1.0, 0.9989706873893738, 0.9945102334022522, 0.9800994992256165, 0.9456167221069336, 0.8653285503387451, 0.6474524140357971, 0.24772688746452332], "recall_th sex group 1": [1.0, 1.0, 1.0, 0.9977718591690063, 0.9890819787979126, 0.9694741368293762, 0.926247775554657, 0.8400177955627441, 0.6169785857200623, 0.21100713312625885], "recall_th subgroup 0": [1.0, 1.0, 1.0, 1.0, 0.9962897300720215, 0.9842756390571594, 0.9547703266143799, 0.8795052766799927, 0.6607773900032043, 0.25477030873298645], "recall_th subgroup 1": [1.0, 1.0, 1.0, 0.9985673427581787, 0.9940305352210999, 0.9816141128540039, 0.946513831615448, 0.8689111471176147, 0.6456542611122131, 0.2215854823589325], "tn": 490.0, "tn race group 0": 265.0, "tn race group 1": 225.0, "tn sex group 0": 239.0, "tn sex group 1": 251.0, "tn subgroup 0": 144.0, "tn subgroup 1": 121.0, "tn_th": [0.0, 2.0, 40.0, 125.0, 311.0, 490.0, 739.0, 1097.0, 1669.0, 2329.0], "tn_th race group 0": [0.0, 2.0, 16.0, 42.0, 138.0, 265.0, 444.0, 753.0, 1294.0, 1932.0], "tn_th race group 1": [0.0, 0.0, 24.0, 83.0, 173.0, 225.0, 295.0, 344.0, 375.0, 397.0], "tn_th sex group 0": [0.0, 0.0, 25.0, 63.0, 143.0, 239.0, 366.0, 567.0, 905.0, 1281.0], "tn_th sex group 1": [0.0, 2.0, 15.0, 62.0, 168.0, 251.0, 373.0, 530.0, 764.0, 1048.0], "tn_th subgroup 0": [0.0, 0.0, 8.0, 29.0, 76.0, 144.0, 248.0, 423.0, 746.0, 1110.0], "tn_th subgroup 1": [0.0, 2.0, 8.0, 13.0, 62.0, 121.0, 196.0, 330.0, 548.0, 822.0], "tp": 10064.0, "tp race group 0": 9682.0, "tp race group 1": 382.0, "tp sex group 0": 5713.0, "tp sex group 1": 4351.0, "tp subgroup 0": 5571.0, "tp subgroup 1": 4111.0, "tp_th": [10317.0, 10317.0, 10317.0, 10301.0, 10236.0, 10064.0, 9669.0, 8814.0, 6543.0, 2391.0], "tp_th race group 0": [9848.0, 9848.0, 9848.0, 9842.0, 9802.0, 9682.0, 9368.0, 8617.0, 6444.0, 2370.0], "tp_th race group 1": [469.0, 469.0, 469.0, 459.0, 434.0, 382.0, 301.0, 197.0, 99.0, 21.0], "tp_th sex group 0": [5829.0, 5829.0, 5829.0, 5823.0, 5797.0, 5713.0, 5512.0, 5044.0, 3774.0, 1444.0], "tp_th sex group 1": [4488.0, 4488.0, 4488.0, 4478.0, 4439.0, 4351.0, 4157.0, 3770.0, 2769.0, 947.0], "tp_th subgroup 0": [5660.0, 5660.0, 5660.0, 5660.0, 5639.0, 5571.0, 5404.0, 4978.0, 3740.0, 1442.0], "tp_th subgroup 1": [4188.0, 4188.0, 4188.0, 4182.0, 4163.0, 4111.0, 3964.0, 3639.0, 2704.0, 928.0], "global_step": 102.0}