{"accuracy": 0.8566328287124634, "accuracy race group 0": 0.8659446239471436, "accuracy race group 1": 0.7276155948638916, "accuracy sex group 0": 0.8650379776954651, "accuracy sex group 1": 0.8457272052764893, "accuracy subgroup 0": 0.8709794282913208, "accuracy subgroup 1": 0.8590776920318604, "accuracy subgroup 2": 0.7448994517326355, "accuracy subgroup 3": 0.7163147926330566, "auc": 0.8175325989723206, "auc race group 0": 0.8059020042419434, "auc race group 1": 0.8102688789367676, "auc sex group 0": 0.82270348072052, "auc sex group 1": 0.81067955493927, "auc subgroup 0": 0.8113011717796326, "auc subgroup 1": 0.7983596920967102, "auc subgroup 2": 0.8237351179122925, "auc subgroup 3": 0.7961686253547668, "aucpr": 0.9306116700172424, "fn": 13445.0, "fn race group 0": 11638.0, "fn race group 1": 1807.0, "fn sex group 0": 6788.0, "fn sex group 1": 6657.0, "fn subgroup 0": 6077.0, "fn subgroup 1": 5561.0, "fn subgroup 2": 711.0, "fn subgroup 3": 1096.0, "fn_th": [0.0, 1094.0, 3344.0, 6466.0, 9807.0, 13445.0, 18909.0, 28421.0, 57076.0, 117512.0], "fn_th race group 0": [0.0, 899.0, 2988.0, 5691.0, 8613.0, 11638.0, 16330.0, 24204.0, 50572.0, 109018.0], "fn_th race group 1": [0.0, 195.0, 356.0, 775.0, 1194.0, 1807.0, 2579.0, 4217.0, 6504.0, 8494.0], "fn_th sex group 0": [0.0, 483.0, 1674.0, 3218.0, 5047.0, 6788.0, 10000.0, 15432.0, 31978.0, 64267.0], "fn_th sex group 1": [0.0, 611.0, 1670.0, 3248.0, 4760.0, 6657.0, 8909.0, 12989.0, 25098.0, 53245.0], "fn_th subgroup 0": [0.0, 353.0, 1447.0, 2862.0, 4562.0, 6077.0, 9096.0, 13822.0, 29533.0, 61085.0], "fn_th subgroup 1": [0.0, 546.0, 1541.0, 2829.0, 4051.0, 5561.0, 7234.0, 10382.0, 21039.0, 47933.0], "fn_th subgroup 2": [0.0, 130.0, 227.0, 356.0, 485.0, 711.0, 904.0, 1610.0, 2445.0, 3182.0], "fn_th subgroup 3": [0.0, 65.0, 129.0, 419.0, 709.0, 1096.0, 1675.0, 2607.0, 4059.0, 5312.0], "fnr": 0.06539206206798553, "fnr race group 0": 0.05928529426455498, "fnr race group 1": 0.19428019225597382, "fnr sex group 0": 0.058387380093336105, "fnr sex group 1": 0.07450642436742783, "fnr subgroup 0": 0.05381924286484718, "fnr subgroup 1": 0.06668665260076523, "fnr subgroup 2": 0.21268321573734283, "fnr subgroup 3": 0.18395434319972992, "fp": 23257.0, "fp race group 0": 20370.0, "fp race group 1": 2887.0, "fp sex group 0": 12724.0, "fp sex group 1": 10533.0, "fp subgroup 0": 11697.0, "fp subgroup 1": 8673.0, "fp subgroup 2": 1027.0, "fp subgroup 3": 1860.0, "fp_th": [50394.0, 38339.0, 32267.0, 28120.0, 25542.0, 23257.0, 20753.0, 17668.0, 12557.0, 4941.0], "fp_th race group 0": [42462.0, 33331.0, 27903.0, 24333.0, 22110.0, 20370.0, 18766.0, 16449.0, 12108.0, 4813.0], "fp_th race group 1": [7932.0, 5008.0, 4364.0, 3787.0, 3432.0, 2887.0, 1987.0, 1219.0, 449.0, 128.0], "fp_th sex group 0": [28316.0, 21213.0, 17744.0, 15368.0, 13786.0, 12724.0, 11280.0, 9993.0, 7159.0, 2758.0], "fp_th sex group 1": [22078.0, 17126.0, 14523.0, 12752.0, 11756.0, 10533.0, 9473.0, 7675.0, 5398.0, 2183.0], "fp_th subgroup 0": [24846.0, 19222.0, 16043.0, 13955.0, 12567.0, 11697.0, 10606.0, 9543.0, 6998.0, 2758.0], "fp_th subgroup 1": [17616.0, 14109.0, 11860.0, 10378.0, 9543.0, 8673.0, 8160.0, 6906.0, 5110.0, 2055.0], "fp_th subgroup 2": [3470.0, 1991.0, 1701.0, 1413.0, 1219.0, 1027.0, 674.0, 450.0, 161.0, 0.0], "fp_th subgroup 3": [4462.0, 3017.0, 2663.0, 2374.0, 2213.0, 1860.0, 1313.0, 769.0, 288.0, 128.0], "fpr": 0.46150335669517517, "fpr race group 0": 0.4797230362892151, "fpr race group 1": 0.36396872997283936, "fpr sex group 0": 0.4493572413921356, "fpr sex group 1": 0.4770812690258026, "fpr subgroup 0": 0.47078001499176025, "fpr subgroup 1": 0.4923365116119385, "fpr subgroup 2": 0.29596540331840515, "fpr subgroup 3": 0.4168534278869629, "loss": 0.8859531879425049, "precision": 0.8920378088951111, "precision race group 0": 0.9006520509719849, "precision race group 1": 0.7218957543373108, "precision sex group 0": 0.8958705067634583, "precision sex group 1": 0.8870140910148621, "precision subgroup 0": 0.9013202786445618, "precision subgroup 1": 0.8997364044189453, "precision subgroup 2": 0.7193222045898438, "precision subgroup 3": 0.7232966423034668, "precision_th": [0.8031484484672546, 0.8421295285224915, 0.8624178767204285, 0.8762650489807129, 0.8846033811569214, 0.8920378088951111, 0.8999614119529724, 0.9093264937400818, 0.9220483303070068, 0.9468909502029419], "precision_th race group 0": [0.8221613764762878, 0.8542824387550354, 0.8738676309585571, 0.8867953419685364, 0.8946149349212646, 0.9006520509719849, 0.9055755734443665, 0.9127605557441711, 0.9232898950576782, 0.9477415680885315], "precision_th race group 1": [0.5397202968597412, 0.6451749801635742, 0.6721015572547913, 0.6924389004707336, 0.7025738954544067, 0.7218957543373108, 0.7718452215194702, 0.806600034236908, 0.8616759181022644, 0.863101601600647], "precision_th sex group 0": [0.8041418194770813, 0.8451470136642456, 0.8659089803695679, 0.8803189992904663, 0.8897093534469604, 0.8958705067634583, 0.9040310382843018, 0.9098259210586548, 0.9217073917388916, 0.9496246576309204], "precision_th sex group 1": [0.8018595576286316, 0.8382248878479004, 0.8578976988792419, 0.8709990978240967, 0.8779789209365845, 0.8870140910148621, 0.8946413993835449, 0.9086679220199585, 0.92249596118927, 0.9429817795753479], "precision_th subgroup 0": [0.8196441531181335, 0.8541401028633118, 0.8741834163665771, 0.8874669671058655, 0.8960717916488647, 0.9013202786445618, 0.9073104858398438, 0.9121561646461487, 0.9225713610649109, 0.9494760632514954], "precision_th subgroup 1": [0.8255945444107056, 0.8544758558273315, 0.8734380006790161, 0.8858795166015625, 0.8926329016685486, 0.8997364044189453, 0.9032211899757385, 0.9135820865631104, 0.9242525100708008, 0.9452175498008728], "precision_th subgroup 2": [0.4906795918941498, 0.6174097061157227, 0.6468756198883057, 0.6788636445999146, 0.7010056376457214, 0.7193222045898438, 0.7834885716438293, 0.7938616871833801, 0.8479697704315186, 1.0], "precision_th subgroup 3": [0.571785032749176, 0.6613916754722595, 0.6864107251167297, 0.6999873518943787, 0.703430712223053, 0.7232966423034668, 0.7653681039810181, 0.8133494853973389, 0.8683127760887146, 0.8346253037452698], "recall": 0.9346079230308533, "recall race group 0": 0.9407147169113159, "recall race group 1": 0.805719792842865, "recall sex group 0": 0.9416126012802124, "recall sex group 1": 0.925493597984314, "recall subgroup 0": 0.9461807608604431, "recall subgroup 1": 0.9333133697509766, "recall subgroup 2": 0.7873167991638184, "recall subgroup 3": 0.8160456418991089, "recall_th": [1.0, 0.9946791529655457, 0.9837358593940735, 0.968551516532898, 0.9523019790649414, 0.9346079230308533, 0.9080328345298767, 0.8617696166038513, 0.7224010825157166, 0.4284602701663971], "recall_th race group 0": [1.0, 0.9954203963279724, 0.9847787618637085, 0.971009373664856, 0.9561244249343872, 0.9407147169113159, 0.9168131351470947, 0.876702070236206, 0.7423804998397827, 0.44464990496635437], "recall_th race group 1": [1.0, 0.9790344834327698, 0.9617245197296143, 0.9166756272315979, 0.8716267347335815, 0.805719792842865, 0.7227180004119873, 0.5466079115867615, 0.30072036385536194, 0.0867648646235466], "recall_th sex group 0": [1.0, 0.9958454370498657, 0.985601007938385, 0.9723201990127563, 0.9565879106521606, 0.9416126012802124, 0.9139844179153442, 0.867260754108429, 0.7249393463134766, 0.4472036361694336], "recall_th sex group 1": [1.0, 0.9931615591049194, 0.9813090562820435, 0.9636477828025818, 0.9467251896858215, 0.925493597984314, 0.9002887606620789, 0.8546246290206909, 0.7190983295440674, 0.40407171845436096], "recall_th subgroup 0": [1.0, 0.9968737363815308, 0.9871850609779358, 0.9746534824371338, 0.9595979452133179, 0.9461807608604431, 0.9194438457489014, 0.8775893449783325, 0.7384492754936218, 0.4590178430080414], "recall_th subgroup 1": [1.0, 0.9934524297714233, 0.9815205931663513, 0.96607506275177, 0.9514210224151611, 0.9333133697509766, 0.9132509827613831, 0.8755006790161133, 0.7477035522460938, 0.4251948595046997],