{"accuracy": 0.828125, "accuracy race group 0": 0.8350930213928223, "accuracy race group 1": 0.7321016192436218, "accuracy sex group 0": 0.8305578827857971, "accuracy sex group 1": 0.8249910473823547, "accuracy subgroup 0": 0.8352752923965454, "accuracy subgroup 1": 0.8348460793495178, "auc": 0.7195512652397156, "auc race group 0": 0.6933296918869019, "auc race group 1": 0.7846132516860962, "auc sex group 0": 0.7157750129699707, "auc sex group 1": 0.7246596217155457, "auc subgroup 0": 0.6966250538825989, "auc subgroup 1": 0.6890115141868591, "aucpr": 0.9064652919769287, "fn": 311.0, "fn race group 0": 219.0, "fn race group 1": 92.0, "fn sex group 0": 146.0, "fn sex group 1": 165.0, "fn subgroup 0": 119.0, "fn subgroup 1": 100.0, "fn_th": [0.0, 0.0, 14.0, 33.0, 107.0, 311.0, 755.0, 1724.0, 3838.0, 7993.0], "fn_th race group 0": [0.0, 0.0, 2.0, 17.0, 63.0, 219.0, 596.0, 1462.0, 3460.0, 7548.0], "fn_th race group 1": [0.0, 0.0, 12.0, 16.0, 44.0, 92.0, 159.0, 262.0, 378.0, 445.0], "fn_th sex group 0": [0.0, 0.0, 6.0, 16.0, 56.0, 146.0, 392.0, 906.0, 2063.0, 4367.0], "fn_th sex group 1": [0.0, 0.0, 8.0, 17.0, 51.0, 165.0, 363.0, 818.0, 1775.0, 3626.0], "fn_th subgroup 0": [0.0, 0.0, 0.0, 9.0, 38.0, 119.0, 339.0, 808.0, 1925.0, 4202.0], "fn_th subgroup 1": [0.0, 0.0, 2.0, 8.0, 25.0, 100.0, 257.0, 654.0, 1535.0, 3346.0], "fnr": 0.030144421383738518, "fnr race group 0": 0.02223801799118519, "fnr race group 1": 0.19616204500198364, "fnr sex group 0": 0.02504717744886875, "fnr sex group 1": 0.036764707416296005, "fnr subgroup 0": 0.021024735644459724, "fnr subgroup 1": 0.023877745494246483, "fp": 1889.0, "fp race group 0": 1749.0, "fp race group 1": 140.0, "fp sex group 0": 1075.0, "fp sex group 1": 814.0, "fp subgroup 0": 1012.0, "fp subgroup 1": 737.0, "fp_th": [2483.0, 2459.0, 2390.0, 2259.0, 2076.0, 1889.0, 1639.0, 1291.0, 808.0, 153.0], "fp_th race group 0": [2086.0, 2081.0, 2057.0, 1996.0, 1876.0, 1749.0, 1556.0, 1241.0, 785.0, 153.0], "fp_th race group 1": [397.0, 378.0, 333.0, 263.0, 200.0, 140.0, 83.0, 50.0, 23.0, 0.0], "fp_th sex group 0": [1377.0, 1359.0, 1329.0, 1263.0, 1171.0, 1075.0, 940.0, 770.0, 469.0, 99.0], "fp_th sex group 1": [1106.0, 1100.0, 1061.0, 996.0, 905.0, 814.0, 699.0, 521.0, 339.0, 54.0], "fp_th subgroup 0": [1206.0, 1203.0, 1190.0, 1155.0, 1088.0, 1012.0, 902.0, 744.0, 453.0, 99.0], "fp_th subgroup 1": [880.0, 878.0, 867.0, 841.0, 788.0, 737.0, 654.0, 497.0, 332.0, 54.0], "fpr": 0.760773241519928, "fpr race group 0": 0.8384467959403992, "fpr race group 1": 0.35264483094215393, "fpr sex group 0": 0.7806826233863831, "fpr sex group 1": 0.735985517501831, "fpr subgroup 0": 0.8391376733779907, "fpr subgroup 1": 0.8374999761581421, "loss": 0.43023571372032166, "precision": 0.8411937952041626, "precision race group 0": 0.8462823033332825, "precision race group 1": 0.7292069792747498, "precision sex group 0": 0.8409292697906494, "precision sex group 1": 0.8415417671203613, "precision subgroup 0": 0.8455669283866882, "precision subgroup 1": 0.8472538590431213, "precision_th": [0.8060156106948853, 0.8075297474861145, 0.8117072582244873, 0.8198995590209961, 0.8310272097587585, 0.8411937952041626, 0.8536737561225891, 0.8693848848342896, 0.8891175985336304, 0.9382317066192627], "precision_th race group 0": [0.8252052664756775, 0.8255511522293091, 0.8271864056587219, 0.8312336206436157, 0.8391218781471252, 0.8462823033332825, 0.8560325503349304, 0.8710917234420776, 0.8905618190765381, 0.937627375125885], "precision_th race group 1": [0.5415704250335693, 0.5537189841270447, 0.5784810185432434, 0.6326815485954285, 0.6800000071525574, 0.7292069792747498, 0.7888040542602539, 0.8054474592208862, 0.7982456088066101, 1.0], "precision_th sex group 0": [0.8089092373847961, 0.8109349012374878, 0.8141778707504272, 0.8215093016624451, 0.8313652276992798, 0.8409292697906494, 0.8525952696800232, 0.8647461533546448, 0.8892561793327332, 0.9365791082382202], "precision_th sex group 1": [0.8022881746292114, 0.8031495809555054, 0.8085182905197144, 0.8178159594535828, 0.8305878043174744, 0.8415417671203613, 0.8550994992256165, 0.87568598985672, 0.888925313949585, 0.9410480260848999], "precision_th subgroup 0": [0.8243519067764282, 0.8247122168540955, 0.8262773752212524, 0.8302968144416809, 0.8378539681434631, 0.8455669283866882, 0.8550538420677185, 0.867047905921936, 0.8918337821960449, 0.9364162087440491], "precision_th subgroup 1": [0.8263614773750305, 0.8266876935958862, 0.8284187316894531, 0.8325034976005554, 0.840840220451355, 0.8472538590431213, 0.8573609590530396, 0.876705527305603, 0.8887771964073181, 0.9397321343421936], "recall": 0.9698556065559387, "recall race group 0": 0.97776198387146, "recall race group 1": 0.8038379549980164, "recall sex group 0": 0.9749528169631958, "recall sex group 1": 0.9632353186607361, "recall subgroup 0": 0.978975236415863, "recall subgroup 1": 0.976122260093689, "recall_th": [1.0, 1.0, 0.9986430406570435, 0.9968013763427734, 0.989628791809082, 0.9698556065559387, 0.9268198013305664, 0.8328971862792969, 0.6279926300048828, 0.22525927424430847], "recall_th race group 0": [1.0, 1.0, 0.9997969269752502, 0.9982737898826599, 0.9936027526855469, 0.97776198387146, 0.9394801259040833, 0.8515434861183167, 0.6486596465110779, 0.23354995250701904], "recall_th race group 1": [1.0, 1.0, 0.9744136333465576, 0.9658848643302917, 0.9061833620071411, 0.8038379549980164, 0.6609808206558228, 0.4413646161556244, 0.19402985274791718, 0.051172707229852676], "recall_th sex group 0": [1.0, 1.0, 0.9989706873893738, 0.9972550868988037, 0.9903928637504578, 0.9749528169631958, 0.9327500462532043, 0.8445702791213989, 0.646079957485199, 0.25081488490104675], "recall_th sex group 1": [1.0, 1.0, 0.9982174634933472, 0.9962121248245239, 0.9886363744735718, 0.9632353186607361, 0.9191176295280457, 0.8177362084388733, 0.6045008897781372, 0.19206774234771729], "recall_th subgroup 0": [1.0, 1.0, 1.0, 0.9984098672866821, 0.9932861924171448, 0.978975236415863, 0.9401060342788696, 0.8572438359260559, 0.6598939895629883, 0.2575971782207489], "recall_th subgroup 1": [1.0, 1.0, 0.9995224475860596, 0.9980897903442383, 0.9940305352210999, 0.976122260093689, 0.9386342167854309, 0.8438395261764526, 0.6334766149520874, 0.20105062425136566], "tn": 594.0, "tn race group 0": 337.0, "tn race group 1": 257.0, "tn sex group 0": 302.0, "tn sex group 1": 292.0, "tn subgroup 0": 194.0, "tn subgroup 1": 143.0, "tn_th": [0.0, 24.0, 93.0, 224.0, 407.0, 594.0, 844.0, 1192.0, 1675.0, 2330.0], "tn_th race group 0": [0.0, 5.0, 29.0, 90.0, 210.0, 337.0, 530.0, 845.0, 1301.0, 1933.0], "tn_th race group 1": [0.0, 19.0, 64.0, 134.0, 197.0, 257.0, 314.0, 347.0, 374.0, 397.0], "tn_th sex group 0": [0.0, 18.0, 48.0, 114.0, 206.0, 302.0, 437.0, 607.0, 908.0, 1278.0], "tn_th sex group 1": [0.0, 6.0, 45.0, 110.0, 201.0, 292.0, 407.0, 585.0, 767.0, 1052.0], "tn_th subgroup 0": [0.0, 3.0, 16.0, 51.0, 118.0, 194.0, 304.0, 462.0, 753.0, 1107.0], "tn_th subgroup 1": [0.0, 2.0, 13.0, 39.0, 92.0, 143.0, 226.0, 383.0, 548.0, 826.0], "tp": 10006.0, "tp race group 0": 9629.0, "tp race group 1": 377.0, "tp sex group 0": 5683.0, "tp sex group 1": 4323.0, "tp subgroup 0": 5541.0, "tp subgroup 1": 4088.0, "tp_th": [10317.0, 10317.0, 10303.0, 10284.0, 10210.0, 10006.0, 9562.0, 8593.0, 6479.0, 2324.0], "tp_th race group 0": [9848.0, 9848.0, 9846.0, 9831.0, 9785.0, 9629.0, 9252.0, 8386.0, 6388.0, 2300.0], "tp_th race group 1": [469.0, 469.0, 457.0, 453.0, 425.0, 377.0, 310.0, 207.0, 91.0, 24.0], "tp_th sex group 0": [5829.0, 5829.0, 5823.0, 5813.0, 5773.0, 5683.0, 5437.0, 4923.0, 3766.0, 1462.0], "tp_th sex group 1": [4488.0, 4488.0, 4480.0, 4471.0, 4437.0, 4323.0, 4125.0, 3670.0, 2713.0, 862.0], "tp_th subgroup 0": [5660.0, 5660.0, 5660.0, 5651.0, 5622.0, 5541.0, 5321.0, 4852.0, 3735.0, 1458.0], "tp_th subgroup 1": [4188.0, 4188.0, 4186.0, 4180.0, 4163.0, 4088.0, 3931.0, 3534.0, 2653.0, 842.0], "global_step": 102.0}