{
    "accuracy": {
        "mean": 0.825265622138977,
        "std": 0.0019469267379527114
    },
    "micro_avg_auc": {
        "mean": 0.7169282019138337,
        "std": 0.00424940522557427
    },
    "minority_auc": {
        "mean": 0.6919718384742737,
        "std": 0.0058401720238464875
    }
}