{
    "accuracy": {
        "mean": 0.8625425815582275,
        "std": 0.003629535325977927
    },
    "micro_avg_auc": {
        "mean": 0.8204103112220764,
        "std": 0.0026513641688779297
    },
    "minority_auc": {
        "mean": 0.8223800241947175,
        "std": 0.014501353755268623
    },
    "macro_avg_auc": {
        "mean": 0.8174257576465607,
        "std": 0.0056193075119249
    },
    "min_auc": {
        "mean": 0.7989564836025238,
        "std": 0.004812231564072265
    }
}