{"min_auc": 0.8726513981819153, "macro_avg_auc": 0.9115930944681168, "micro_avg_auc": 0.9007712006568909, "minority_auc": 0.93520188331604, "accuracy": 0.8494564294815063}